ms,type,egtC,dEgtCps,rpm,fRpm,rRpm,pumpUs,starterUs,ign,valve1,valve2,event
4628,EVENT,,, 0, 0, 0,1000,1000,0,0,0,"BOOT SD_LOG_READY"
8670,EVENT,,, 0, 0, 0,1000,1000,0,0,0,"EV:A05_ALL_OFF"
8775,EVENT,,, 0, 0, 0,1000,1000,0,0,0,"CONFIG_LOADED"
8838,DATA,34.0,0.0, 0, 0,2400,1000,1000,0,0,0,""
9338,DATA,34.0,0.0, 0, 0,33600,1000,1000,0,0,0,""
9838,DATA,34.0,0.0, 0, 0,72597,1000,1000,0,0,0,""
10338,DATA,34.0,0.0, 0, 0,139222,1000,1000,0,0,0,""
10838,DATA,34.0,-2.1, 0, 0,127206,1000,1000,0,0,0,""
11338,DATA,34.0,0.0, 0, 0,115731,1000,1000,0,0,0,""
11838,DATA,34.0,0.0, 0, 0,117007,1000,1000,0,0,0,""
12338,DATA,34.0,0.0, 0, 0,122402,1000,1000,0,0,0,""
12838,DATA,34.0,0.0, 0, 0,118199,1000,1000,0,0,0,""
12901,EVENT,34.0,0.0, 0, 0,118884,1000,1000,0,0,0,"STARTER 1200"
13370,DATA,33.0,-4.2,1668,1700,1500,1000,1115,0,0,0,""
13890,DATA,32.7,-10.4,1581,1655, 0,1000,1195,0,0,0,""
14390,DATA,32.7,-10.4,1448,1580,600,1000,1200,0,0,0,""
14890,DATA,33.0,-2.1,830,1277,1200,1000,1200,0,0,0,""
15390,DATA,33.0,0.0,961,1046,3000,1000,1200,0,0,0,""
15890,DATA,33.0,0.0,1412,1172,4200,1000,1200,0,0,0,""
16390,DATA,33.2,0.0,1710,1422,3600,1000,1200,0,0,0,""
16890,DATA,33.2,0.0,1869,1646,4200,1000,1200,0,0,0,""
17390,DATA,33.2,0.0,1936,1797,4200,1000,1200,0,0,0,""
17890,DATA,33.2,-2.1,1962,1885,4200,1000,1200,0,0,0,""
18390,DATA,33.5,0.0,1986,1937,4200,1000,1200,0,0,0,""
18890,DATA,33.2,-2.1,2037,1976,5400,1000,1200,0,0,0,""
19390,DATA,33.5,2.1,2118,2051,4200,1000,1200,0,0,0,""
19890,DATA,33.2,-2.1,2081,2070,5400,1000,1200,0,0,0,""
20390,DATA,33.5,2.1,2092,2089,3600,1000,1200,0,0,0,""
20890,DATA,33.5,0.0,2053,2075,4200,1000,1200,0,0,0,""
21390,DATA,33.2,-2.1,2036,2056,4200,1000,1200,0,0,0,""
21890,DATA,33.5,0.0,2049,2045,5399,1000,1200,0,0,0,""
22390,DATA,33.2,-2.1,2107,2084,3600,1000,1200,0,0,0,""
22890,DATA,33.5,0.0,2058,2077,4200,1000,1200,0,0,0,""
23390,DATA,33.5,0.0,2027,2055,4200,1000,1200,0,0,0,""
23890,DATA,33.2,0.0,2012,2033,4200,1000,1200,0,0,0,""
24390,DATA,33.5,0.0,2014,2022,4200,1000,1200,0,0,0,""
24890,DATA,33.5,2.1,2017,2018,5400,1000,1200,0,0,0,""
25025,EVENT,33.5,0.0,2017,2018,4200,1000,1200,0,1,0,"VALVE1 ON"
25390,DATA,33.5,0.0,2019,2018,4200,1000,1200,0,1,0,""
25890,DATA,33.5,0.0,2022,2020,4200,1000,1200,0,1,0,""
25910,EVENT,33.5,0.0,2022,2020,4200,1000,1200,0,1,1,"VALVE2 ON"
26390,DATA,33.5,2.1,2023,2022,3600,1000,1200,0,1,1,""
26890,DATA,33.5,0.0,2023,2022,4200,1000,1200,0,1,1,""
27390,DATA,33.2,0.0,2016,2021,3600,1000,1200,0,1,1,""
27890,DATA,33.5,2.1,2008,2015,4200,1000,1200,0,1,1,""
28390,DATA,33.5,0.0,2013,2013,4200,1000,1200,0,1,1,""
28890,DATA,33.5,0.0,2019,2015,3600,1000,1200,0,1,1,""
29390,DATA,33.5,0.0,2023,2019,4200,1000,1200,0,1,1,""
29890,DATA,33.5,0.0,2026,2022,4200,1000,1200,0,1,1,""
30390,DATA,33.5,0.0,2028,2025,4200,1000,1200,0,1,1,""
30890,DATA,33.5,0.0,2027,2026,4200,1000,1200,0,1,1,""
31390,DATA,33.5,0.0,2025,2026,4200,1000,1200,0,1,1,""
31437,EVENT,33.5,0.0,2025,2026,4200,1000,1200,0,1,1,"PUMP 1045"
31890,DATA,33.2,0.0,2023,2025,3733,1009,1200,0,1,1,""
32410,DATA,33.5,0.0,1836,1971,1500,1031,1200,0,1,1,""
32910,DATA,33.5,0.0,1624,1811,4223,1045,1200,0,1,1,""
33410,DATA,33.5,0.0,1826,1774,6001,1045,1200,0,1,1,""
33910,DATA,33.5,0.0,1950,1842,3600,1045,1200,0,1,1,""
34410,DATA,33.5,0.0,2003,1924,4200,1045,1200,0,1,1,""
34910,DATA,33.5,0.0,2019,1981,4200,1045,1200,0,1,1,""
35410,DATA,33.5,0.0,2021,2000,3600,1045,1200,0,1,1,""
35910,DATA,33.5,0.0,2020,2013,4200,1045,1200,0,1,1,""
36410,DATA,33.5,0.0,2021,2016,4200,1045,1200,0,1,1,""
36910,DATA,33.5,0.0,2084,2032,3600,1045,1200,0,1,1,""
37410,DATA,33.5,0.0,2079,2064,4800,1045,1200,0,1,1,""
37910,DATA,33.5,0.0,2094,2068,4201,1045,1200,0,1,1,""
38410,DATA,33.5,0.0,2078,2081,4800,1045,1200,0,1,1,""
38910,DATA,33.5,0.0,2048,2068,4201,1045,1200,0,1,1,""
39410,DATA,33.5,0.0,2034,2054,3600,1045,1200,0,1,1,""
39910,DATA,33.5,0.0,2055,2052,5400,1045,1200,0,1,1,""
40410,DATA,33.5,0.0,2035,2046,4200,1045,1200,0,1,1,""
40910,DATA,33.7,2.1,2072,2057,4200,1045,1200,0,1,1,""
41410,DATA,33.5,0.0,2043,2055,4200,1045,1200,0,1,1,""
41910,DATA,33.5,0.0,2074,2053,4200,1045,1200,0,1,1,""
42410,DATA,33.5,0.0,2051,2058,4200,1045,1200,0,1,1,""
42910,DATA,33.7,2.1,2029,2045,3600,1045,1200,0,1,1,""
43410,DATA,33.5,0.0,2022,2035,3600,1045,1200,0,1,1,""
43910,DATA,33.5,0.0,2061,2044,5400,1045,1200,0,1,1,""
44410,DATA,33.5,0.0,2069,2059,4200,1045,1200,0,1,1,""
44910,DATA,33.5,-2.1,2044,2055,4200,1045,1200,0,1,1,""
45410,DATA,33.5,0.0,2092,2061,4200,1045,1200,0,1,1,""
45910,DATA,33.5,0.0,2106,2084,4800,1045,1200,0,1,1,""
46410,DATA,33.5,0.0,2065,2082,5400,1045,1200,0,1,1,""
46910,DATA,33.5,0.0,2115,2077,4200,1045,1200,0,1,1,""
47410,DATA,33.5,0.0,2164,2130,4200,1045,1200,0,1,1,""
47910,DATA,33.5,0.0,2090,2121,4200,1045,1200,0,1,1,""
48410,DATA,33.5,-2.1,2041,2079,3600,1045,1200,0,1,1,""
48910,DATA,33.5,0.0,2030,2053,4200,1045,1200,0,1,1,""
49410,DATA,33.5,0.0,2027,2041,4200,1045,1200,0,1,1,""
49910,DATA,33.5,0.0,2025,2031,4200,1045,1200,0,1,1,""
50380,EVENT,33.7,2.1,2026,2028,4200,1045,1200,0,1,1,"PUMP 1050"
50410,DATA,33.7,0.0,2026,2028,4200,1045,1200,0,1,1,""
50910,DATA,33.5,0.0,2028,2028,4200,1046,1200,0,1,1,""
51410,DATA,33.5,0.0,2030,2029,3600,1049,1200,0,1,1,""
51910,DATA,33.5,0.0,2031,2030,4200,1050,1200,0,1,1,""
52410,DATA,33.7,2.1,2032,2031,4200,1050,1200,0,1,1,""
52910,DATA,33.5,-2.1,2034,2032,4200,1050,1200,0,1,1,""
53410,DATA,33.5,0.0,2035,2034,4200,1050,1200,0,1,1,""
53910,DATA,33.7,2.1,2037,2035,4200,1050,1200,0,1,1,""
54410,DATA,33.7,2.1,2040,2037,4200,1050,1200,0,1,1,""
54910,DATA,33.7,2.1,2040,2039,4200,1050,1200,0,1,1,""
55410,DATA,33.5,-2.1,2043,2041,4200,1050,1200,0,1,1,""
55910,DATA,33.5,-2.1,2046,2043,4200,1050,1200,0,1,1,""
56410,DATA,33.7,0.0,2047,2045,4200,1050,1200,0,1,1,""
56910,DATA,33.7,2.1,2048,2047,4200,1050,1200,0,1,1,""
57410,DATA,33.7,2.1,2049,2048,4200,1050,1200,0,1,1,""
57910,DATA,33.7,2.1,2050,2049,4200,1050,1200,0,1,1,""
58410,DATA,33.7,0.0,2051,2050,4200,1050,1200,0,1,1,""
58910,DATA,33.7,0.0,2050,2050,3600,1050,1200,0,1,1,""
59410,DATA,33.7,0.0,2050,2050,4200,1050,1200,0,1,1,""
59910,DATA,33.7,2.1,2052,2051,4200,1050,1200,0,1,1,""
60410,DATA,33.7,0.0,2056,2053,4200,1050,1200,0,1,1,""
60910,DATA,33.7,0.0,2059,2056,4200,1050,1200,0,1,1,""
61410,DATA,33.7,0.0,2059,2057,4200,1050,1200,0,1,1,""
61910,DATA,33.7,0.0,2058,2058,3600,1050,1200,0,1,1,""
62410,DATA,33.7,0.0,2057,2057,4200,1050,1200,0,1,1,""
62910,DATA,33.7,0.0,2059,2058,4200,1050,1200,0,1,1,""
63410,DATA,33.7,0.0,2060,2059,4200,1050,1200,0,1,1,""
63910,DATA,33.7,0.0,2058,2059,4200,1050,1200,0,1,1,""
64410,DATA,33.7,0.0,2057,2058,4200,1050,1200,0,1,1,""
64910,DATA,33.7,0.0,2058,2058,4200,1050,1200,0,1,1,""
65410,DATA,33.7,0.0,2059,2058,4200,1050,1200,0,1,1,""
65910,DATA,33.7,0.0,2058,2058,3600,1050,1200,0,1,1,""
66410,DATA,33.7,0.0,2056,2058,4200,1050,1200,0,1,1,""
66910,DATA,33.7,0.0,2055,2056,5400,1050,1200,0,1,1,""
67410,DATA,33.7,0.0,2057,2056,3600,1050,1200,0,1,1,""
67910,DATA,33.7,0.0,2058,2057,4200,1050,1200,0,1,1,""
68249,EVENT,33.7,0.0,2060,2058,3600,1050,1200,1,1,1,"IGN ON"
68410,DATA,33.7,0.0,2060,2058,4200,1050,1200,1,1,1,""
68910,DATA,33.5,0.0,2052,2057,3600,1050,1200,1,1,1,""
69410,DATA,33.5,0.0,2025,2045,4200,1050,1200,1,1,1,""
69910,DATA,33.7,2.1,1999,2024,4200,1050,1200,1,1,1,""
70410,DATA,33.7,0.0,1986,2005,4200,1050,1200,1,1,1,""
70910,DATA,33.7,0.0,1983,1993,4200,1050,1200,1,1,1,""
71062,EVENT,33.5,-2.1,1983,1990,3563,1050,1200,1,1,1,"STARTER 1220"
71430,DATA,33.7,0.0,1921,1976,2000,1050,1210,1,1,1,""
71805,EVENT,33.7,0.0,1778,1892,4200,1050,1217,1,1,1,"STARTER 1240"
71930,DATA,33.7,0.0,1801,1879,4178,1050,1221,1,1,1,""
72430,DATA,34.5,0.0,1707,1817,2000,1050,1234,1,1,1,""
72496,EVENT,35.0,4.2,1674,1796,4223,1050,1236,1,1,1,"STARTER 1260"
72930,DATA,35.5,0.0,1596,1727,1500,1050,1249,1,1,1,""
73228,EVENT,36.0,2.1,1619,1677,2500,1050,1256,1,1,1,"STARTER 1280"
73450,DATA,36.2,1.7,1683,1675,1500,1050,1263,1,1,1,""
73920,EVENT,37.0,0.0,1778,1712,2414,1050,1275,1,1,1,"STARTER 1300"
73950,DATA,37.0,0.0,1778,1712,2414,1050,1276,1,1,1,""
74450,DATA,38.5,2.1,1713,1731,1500,1050,1291,1,1,1,""
74950,DATA,39.2,2.1,1621,1675,5399,1050,1300,1,1,1,""
75216,EVENT,39.7,2.1,1715,1679,6000,1050,1300,0,1,1,"IGN OFF"
75450,DATA,40.0,0.0,1778,1702,6001,1050,1300,0,1,1,""
75950,DATA,40.8,2.1,1887,1787,6000,1050,1300,0,1,1,""
76450,DATA,40.8,2.1,1943,1865,6000,1050,1300,0,1,1,""
76950,DATA,40.8,0.0,2001,1927,6000,1050,1300,0,1,1,""
77450,DATA,40.8,0.0,2419,2099,5400,1050,1300,0,1,1,""
77950,DATA,40.8,0.0,2779,2422,6000,1050,1300,0,1,1,""
78450,DATA,40.5,0.0,2917,2677,6000,1050,1300,0,1,1,""
78950,DATA,40.8,0.0,2966,2831,6600,1050,1300,0,1,1,""
79450,DATA,40.8,0.0,2984,2913,6000,1050,1300,0,1,1,""
79950,DATA,40.8,0.0,2990,2955,6000,1050,1300,0,1,1,""
80450,DATA,41.0,2.1,2993,2976,6001,1050,1300,0,1,1,""
80950,DATA,41.0,0.0,2997,2987,6600,1050,1300,0,1,1,""
81450,DATA,41.2,0.0,2997,2993,6000,1050,1300,0,1,1,""
81950,DATA,41.0,0.0,2986,2991,6000,1050,1300,0,1,1,""
82450,DATA,41.0,2.1,2974,2984,6000,1050,1300,0,1,1,""
82685,EVENT,40.8,0.0,2970,2979,5939,1050,1300,1,1,1,"IGN ON"
82950,DATA,40.5,-2.1,2967,2976,6001,1050,1300,1,1,1,""
83450,DATA,40.5,0.0,2952,2966,6000,1050,1300,1,1,1,""
83950,DATA,40.8,2.1,2938,2953,6000,1050,1300,1,1,1,""
84450,DATA,40.5,0.0,2932,2942,6000,1050,1300,1,1,1,""
84950,DATA,40.5,0.0,2933,2937,5999,1050,1300,1,1,1,""
85450,DATA,40.8,2.1,2935,2935,6000,1050,1300,1,1,1,""
85777,EVENT,40.5,0.0,2936,2936,5939,1050,1300,0,1,1,"IGN OFF"
85950,DATA,40.5,0.0,2937,2936,6001,1050,1300,0,1,1,""
86450,DATA,40.8,0.0,2944,2939,6000,1050,1300,0,1,1,""
86950,DATA,40.8,0.0,2955,2946,5400,1050,1300,0,1,1,""
87450,DATA,41.0,0.0,2964,2955,6000,1050,1300,0,1,1,""
87950,DATA,41.2,0.0,2970,2962,5999,1050,1300,0,1,1,""
88450,DATA,41.5,0.0,2974,2968,5400,1050,1300,0,1,1,""
88750,EVENT,41.5,0.0,2975,2971,5939,1050,1300,1,1,1,"IGN ON"
88950,DATA,41.5,0.0,2976,2972,6001,1050,1300,1,1,1,""
89450,DATA,41.5,0.0,2971,2973,6000,1050,1300,1,1,1,""
89950,DATA,41.5,0.0,2962,2969,6000,1050,1300,1,1,1,""
90450,DATA,41.5,-2.1,2956,2963,5400,1050,1300,1,1,1,""
90950,DATA,41.7,0.0,2955,2959,5999,1050,1300,1,1,1,""
91450,DATA,41.7,0.0,2955,2957,6000,1050,1300,1,1,1,""
91870,EVENT,42.0,2.1,2956,2956,6002,1050,1300,1,1,1,"PUMP 1055"
91950,DATA,42.0,2.1,2957,2956,5399,1050,1300,1,1,1,""
92450,DATA,42.0,0.0,2960,2958,6000,1052,1300,1,1,1,""
92950,DATA,42.2,2.1,2963,2960,5400,1054,1300,1,1,1,""
93450,DATA,42.2,0.0,2962,2961,6000,1055,1300,1,1,1,""
93682,EVENT,42.5,2.1,2962,2962,6000,1055,1300,1,1,1,"STARTER 1320"
93970,DATA,42.5,1.6,2962,2962,2999,1055,1308,1,1,1,""
94470,DATA,42.2,-2.1,2740,2910,5999,1055,1317,1,1,1,""
94970,DATA,42.5,0.0,2310,2643,7201,1055,1320,1,1,1,""
95470,DATA,42.5,0.0,2664,2574,6600,1055,1320,1,1,1,""
95970,DATA,42.7,2.1,2944,2737,6000,1055,1320,1,1,1,""
96470,DATA,42.7,0.0,3053,2897,6000,1055,1320,1,1,1,""
96542,EVENT,42.7,0.0,3053,2897,6000,1055,1320,0,1,1,"IGN OFF"
96970,DATA,43.0,0.0,3093,3000,6000,1055,1320,0,1,1,""
97470,DATA,43.0,0.0,3115,3060,5999,1055,1320,0,1,1,""
97970,DATA,43.0,0.0,3128,3096,6600,1055,1320,0,1,1,""
98470,DATA,43.3,2.1,3134,3116,6601,1055,1320,0,1,1,""
98970,DATA,43.3,0.0,3137,3128,6000,1055,1320,0,1,1,""
99470,DATA,43.3,0.0,3137,3133,6000,1055,1320,0,1,1,""
99970,DATA,43.3,0.0,3137,3135,6600,1055,1320,0,1,1,""
100470,DATA,43.3,0.0,3136,3136,6000,1055,1320,0,1,1,""
100970,DATA,43.3,0.0,3135,3135,6000,1055,1320,0,1,1,""
101470,DATA,43.3,0.0,3136,3136,6000,1055,1320,0,1,1,""
101970,DATA,43.0,0.0,3136,3136,6600,1055,1320,0,1,1,""
102470,DATA,42.7,0.0,3137,3137,6000,1055,1320,0,1,1,""
102970,DATA,42.7,2.1,3138,3137,6000,1055,1320,0,1,1,""
103241,EVENT,42.5,0.0,3137,3137,6001,1055,1320,1,1,1,"IGN ON"
103470,DATA,42.5,0.0,3136,3137,6600,1055,1320,1,1,1,""
103970,DATA,42.5,0.0,3123,3132,6000,1055,1320,1,1,1,""
104470,DATA,42.2,-2.1,3109,3122,6000,1055,1320,1,1,1,""
104970,DATA,42.5,2.1,3103,3112,6601,1055,1320,1,1,1,""
105470,DATA,42.2,-2.1,3100,3106,6000,1055,1320,1,1,1,""
105970,DATA,42.2,0.0,3099,3102,6600,1055,1320,1,1,1,""
106470,DATA,42.2,0.0,3098,3100,6599,1055,1320,1,1,1,""
106970,DATA,42.2,0.0,3098,3099,6599,1055,1320,1,1,1,""
107470,DATA,42.5,0.0,3099,3099,6000,1055,1320,1,1,1,""
107970,DATA,42.5,0.0,3099,3099,6000,1055,1320,1,1,1,""
108470,DATA,42.5,0.0,3099,3099,6000,1055,1320,1,1,1,""
108970,DATA,42.5,0.0,3099,3099,6600,1055,1320,1,1,1,""
109470,DATA,42.7,0.0,3098,3098,6000,1055,1320,1,1,1,""
109970,DATA,42.7,0.0,3097,3098,5999,1055,1320,1,1,1,""
110470,DATA,42.7,0.0,3096,3097,6600,1055,1320,1,1,1,""
110970,DATA,42.5,-2.1,3095,3096,6000,1055,1320,1,1,1,""
111470,DATA,42.7,0.0,3095,3095,6600,1055,1320,1,1,1,""
111970,DATA,42.7,0.0,3094,3095,6000,1055,1320,1,1,1,""
112470,DATA,43.0,0.0,3093,3094,6001,1055,1320,1,1,1,""
112970,DATA,43.0,2.1,3092,3093,6000,1055,1320,1,1,1,""
113470,DATA,43.0,0.0,3091,3092,6000,1055,1320,1,1,1,""
113970,DATA,43.0,0.0,3089,3091,6000,1055,1320,1,1,1,""
114053,EVENT,43.0,0.0,3089,3090,6599,1055,1320,0,1,1,"IGN OFF"
114470,DATA,43.0,0.0,3088,3089,6600,1055,1320,0,1,1,""
114970,DATA,43.3,2.1,3092,3090,6000,1055,1320,0,1,1,""
115470,DATA,43.3,2.1,3097,3093,6000,1055,1320,0,1,1,""
115970,DATA,43.3,0.0,3101,3097,6601,1055,1320,0,1,1,""
116470,DATA,43.0,0.0,3105,3100,6599,1055,1320,0,1,1,""
116970,DATA,43.3,0.0,3105,3103,6000,1055,1320,0,1,1,""
117470,DATA,43.3,0.0,3104,3104,6000,1055,1320,0,1,1,""
117970,DATA,43.3,0.0,3104,3104,7201,1055,1320,0,1,1,""
118470,DATA,43.0,0.0,3102,3103,6001,1055,1320,0,1,1,""
118970,DATA,42.7,0.0,3100,3102,6000,1055,1320,0,1,1,""
119470,DATA,42.7,2.1,3097,3100,6600,1055,1320,0,1,1,""
119970,DATA,42.5,0.0,3096,3098,6000,1055,1320,0,1,1,""
120470,DATA,42.5,0.0,3094,3096,6000,1055,1320,0,1,1,""
120970,DATA,42.5,0.0,3095,3095,7200,1055,1320,0,1,1,""
121470,DATA,42.2,-2.1,3096,3096,6000,1055,1320,0,1,1,""
121970,DATA,42.2,-2.1,3095,3095,6000,1055,1320,0,1,1,""
122470,DATA,42.2,0.0,3094,3095,6001,1055,1320,0,1,1,""
122970,DATA,42.2,0.0,3093,3094,6600,1055,1320,0,1,1,""
123151,EVENT,42.0,0.0,3093,3094,6600,1055,1320,1,1,1,"IGN ON"
123470,DATA,41.7,0.0,3090,3093,6000,1055,1320,1,1,1,""
123970,DATA,41.7,0.0,3079,3087,6000,1055,1320,1,1,1,""
124470,DATA,41.7,0.0,3067,3078,6000,1055,1320,1,1,1,""
124970,DATA,41.7,0.0,3059,3069,6000,1055,1320,1,1,1,""
125470,DATA,41.7,0.0,3055,3062,6000,1055,1320,1,1,1,""
125970,DATA,41.5,-2.1,3054,3058,6000,1055,1320,1,1,1,""
126470,DATA,41.5,0.0,3056,3056,6000,1055,1320,1,1,1,""
126970,DATA,41.5,0.0,3057,3056,6000,1055,1320,1,1,1,""
127470,DATA,41.5,-2.1,3059,3057,6000,1055,1320,1,1,1,""
127970,DATA,41.7,0.0,3060,3059,6600,1055,1320,1,1,1,""
128470,DATA,42.0,2.1,3061,3060,6000,1055,1320,1,1,1,""
128970,DATA,42.0,0.0,3060,3060,6000,1055,1320,1,1,1,""
129470,DATA,42.0,0.0,3060,3060,6002,1055,1320,1,1,1,""
129970,DATA,42.2,0.0,3060,3060,6002,1055,1320,1,1,1,""
130470,DATA,42.2,0.0,3059,3060,6001,1055,1320,1,1,1,""
130970,DATA,42.2,2.1,3057,3058,6002,1055,1320,1,1,1,""
131470,DATA,42.2,0.0,3056,3057,6002,1055,1320,1,1,1,""
131970,DATA,42.2,0.0,3055,3056,6001,1055,1320,1,1,1,""
132470,DATA,42.2,2.1,3054,3055,6001,1055,1320,1,1,1,""
132936,EVENT,42.2,2.1,3053,3054,6003,1055,1320,0,1,1,"IGN OFF"
132970,DATA,42.2,2.1,3053,3054,6003,1055,1320,0,1,1,""
133470,DATA,42.5,0.0,3052,3053,6002,1055,1320,0,1,1,""
133970,DATA,42.2,0.0,3055,3053,6002,1055,1320,0,1,1,""
134470,DATA,42.5,0.0,3057,3055,6602,1055,1320,0,1,1,""
134635,EVENT,42.2,-2.1,3058,3056,6000,1055,1320,0,1,1,"STARTER 1340"
134970,DATA,42.2,-2.1,3059,3057,4803,1055,1329,0,1,1,""
135268,EVENT,42.2,-2.1,2958,3028,6599,1055,1335,0,1,1,"STARTER 1360"
135470,DATA,42.2,-1.7,2976,3012,4177,1055,1341,0,1,1,""
135970,DATA,42.2,0.0,2975,2994,4224,1055,1355,0,1,1,""
136093,EVENT,42.5,2.1,2972,2991,5399,1055,1357,0,1,1,"STARTER 1380"
136490,DATA,42.0,0.0,2963,2981,2500,1055,1369,0,1,1,""
136990,DATA,41.7,0.0,2955,2968,7201,1055,1379,0,1,1,""
137490,DATA,41.7,0.0,2952,2960,6600,1055,1380,0,1,1,""
137990,DATA,42.0,0.0,2992,2960,7200,1055,1380,0,1,1,""
138490,DATA,41.7,0.0,3324,3105,6600,1055,1380,0,1,1,""
138682,EVENT,41.7,0.0,3409,3184,7200,1055,1380,1,1,1,"IGN ON"
138990,DATA,41.5,-2.1,3491,3294,7199,1055,1380,1,1,1,""
139490,DATA,41.5,0.0,3546,3427,7199,1055,1380,1,1,1,""
139990,DATA,41.7,2.1,3555,3497,7201,1055,1380,1,1,1,""
140490,DATA,41.5,0.0,3551,3528,7201,1055,1380,1,1,1,""
140990,DATA,41.5,0.0,3547,3539,7202,1055,1380,1,1,1,""
141490,DATA,41.5,2.1,3540,3541,7203,1055,1380,1,1,1,""
141990,DATA,41.2,-2.1,3533,3538,7202,1055,1380,1,1,1,""
142490,DATA,41.5,0.0,3528,3533,7202,1055,1380,1,1,1,""
142747,EVENT,41.5,2.1,3526,3531,6600,1055,1380,1,1,1,"PUMP 1060"
142990,DATA,41.5,0.0,3524,3529,7803,1055,1380,1,1,1,""
143490,DATA,41.5,0.0,3521,3525,7202,1057,1380,1,1,1,""
143990,DATA,41.5,0.0,3516,3521,7203,1060,1380,1,1,1,""
144490,DATA,41.5,0.0,3509,3516,7203,1060,1380,1,1,1,""
144990,DATA,41.5,0.0,3501,3509,7271,1060,1380,1,1,1,""
145490,DATA,41.5,0.0,3488,3500,7203,1060,1380,1,1,1,""
145990,DATA,41.7,0.0,3483,3491,6603,1060,1380,1,1,1,""
146490,DATA,41.5,-2.1,3478,3485,6602,1060,1380,1,1,1,""
146990,DATA,41.7,0.0,3471,3479,7203,1060,1380,1,1,1,""
147490,DATA,41.7,0.0,3460,3471,7203,1060,1380,1,1,1,""
147515,EVENT,41.7,0.0,3460,3471,7203,1060,1380,0,1,1,"IGN OFF"
147990,DATA,41.7,0.0,3454,3462,6602,1060,1380,0,1,1,""
148490,DATA,41.7,0.0,3458,3459,6602,1060,1380,0,1,1,""
148990,DATA,41.7,0.0,3469,3463,6603,1060,1380,0,1,1,""
149490,DATA,42.0,0.0,3479,3470,6602,1060,1380,0,1,1,""
149990,DATA,42.0,0.0,3486,3477,7204,1060,1380,0,1,1,""
150490,DATA,42.0,2.1,3492,3484,7201,1060,1380,0,1,1,""
150990,DATA,42.0,2.1,3499,3491,7203,1060,1380,0,1,1,""
151490,DATA,41.7,-2.1,3501,3496,7202,1060,1380,0,1,1,""
151990,DATA,41.7,0.0,3501,3499,7202,1060,1380,0,1,1,""
152490,DATA,41.7,0.0,3498,3499,7202,1060,1380,0,1,1,""
152948,EVENT,41.7,0.0,3498,3499,7126,1060,1380,1,1,1,"IGN ON"
152990,DATA,41.7,0.0,3498,3499,6602,1060,1380,1,1,1,""
153490,DATA,41.5,0.0,3487,3495,6603,1060,1380,1,1,1,""
153990,DATA,41.2,0.0,3464,3482,7202,1060,1380,1,1,1,""
154490,DATA,41.0,-2.1,3440,3463,6602,1060,1380,1,1,1,""
154990,DATA,41.2,0.0,3425,3445,6602,1060,1380,1,1,1,""
155490,DATA,41.2,0.0,3419,3431,6602,1060,1380,1,1,1,""
155990,DATA,41.0,0.0,3418,3424,6604,1060,1380,1,1,1,""
156490,DATA,41.0,-2.1,3421,3422,6602,1060,1380,1,1,1,""
156990,DATA,41.2,2.1,3425,3423,7204,1060,1380,1,1,1,""
157490,DATA,41.0,0.0,3425,3424,7202,1060,1380,1,1,1,""
157990,DATA,41.2,0.0,3420,3423,7203,1060,1380,1,1,1,""
158490,DATA,41.2,0.0,3412,3418,7203,1060,1380,1,1,1,""
158836,EVENT,41.5,2.1,3407,3414,7200,1060,1380,1,1,1,"PUMP 1065"
158990,DATA,41.2,-2.0,3405,3412,6603,1060,1380,1,1,1,""
159490,DATA,41.5,0.0,3401,3407,6602,1062,1380,1,1,1,""
159990,DATA,41.5,0.0,3403,3404,6602,1064,1380,1,1,1,""
160338,EVENT,41.5,0.0,3404,3404,6599,1065,1380,1,1,1,"STARTER 1400"
160510,DATA,41.5,0.0,3404,3404,7125,1065,1385,1,1,1,""
161010,DATA,41.5,0.0,3376,3386,6601,1065,1396,1,1,1,""
161510,DATA,41.5,0.0,3375,3384,6600,1065,1400,1,1,1,""
162010,DATA,41.2,-2.1,3409,3390,7201,1065,1400,1,1,1,""
162510,DATA,41.5,0.0,3442,3414,6600,1065,1400,1,1,1,""
163010,DATA,41.5,-2.1,3465,3438,6600,1065,1400,1,1,1,""
163510,DATA,41.7,2.1,3503,3465,7200,1065,1400,1,1,1,""
164010,DATA,41.7,0.0,3543,3502,7200,1065,1400,1,1,1,""
164510,DATA,41.7,0.0,3547,3528,7199,1065,1400,1,1,1,""
164856,EVENT,41.7,0.0,3539,3535,7200,1065,1400,0,1,1,"IGN OFF"
165010,DATA,41.7,0.0,3536,3535,7200,1065,1400,0,1,1,""
165510,DATA,42.0,2.0,3523,3531,7200,1065,1400,0,1,1,""
166010,DATA,41.7,0.0,3514,3523,7200,1065,1400,0,1,1,""
166510,DATA,41.7,0.0,3512,3517,7199,1065,1400,0,1,1,""
167010,DATA,41.7,0.0,3520,3517,7201,1065,1400,0,1,1,""
167510,DATA,41.7,0.0,3526,3521,7201,1065,1400,0,1,1,""
168010,DATA,41.7,0.0,3530,3525,7199,1065,1400,0,1,1,""
168510,DATA,41.7,0.0,3527,3527,6600,1065,1400,0,1,1,""
169010,DATA,41.7,2.1,3522,3525,7200,1065,1400,0,1,1,""
169510,DATA,41.5,0.0,3522,3523,7200,1065,1400,0,1,1,""
170010,DATA,41.5,0.0,3522,3523,6600,1065,1400,0,1,1,""
170510,DATA,41.5,0.0,3519,3521,7200,1065,1400,0,1,1,""
170689,EVENT,41.5,0.0,3518,3520,6600,1065,1400,1,1,1,"IGN ON"
171010,DATA,41.0,0.0,3514,3518,6600,1065,1400,1,1,1,""
171510,DATA,41.0,0.0,3508,3513,7199,1065,1400,1,1,1,""
172010,DATA,41.0,0.0,3503,3509,7201,1065,1400,1,1,1,""
172510,DATA,41.0,0.0,3501,3505,6600,1065,1400,1,1,1,""
173010,DATA,41.0,0.0,3498,3502,7199,1065,1400,1,1,1,""
173510,DATA,41.0,0.0,3495,3499,7200,1065,1400,1,1,1,""
174010,DATA,41.0,0.0,3487,3494,7200,1065,1400,1,1,1,""
174510,DATA,41.0,0.0,3479,3487,7201,1065,1400,1,1,1,""
175010,DATA,41.0,0.0,3476,3481,7201,1065,1400,1,1,1,""
175510,DATA,41.0,0.0,3475,3478,6601,1065,1400,1,1,1,""
176010,DATA,41.0,0.0,3473,3476,6600,1065,1400,1,1,1,""
176510,DATA,41.2,2.1,3469,3473,6601,1065,1400,1,1,1,""
177010,DATA,41.2,0.0,3471,3471,7200,1065,1400,1,1,1,""
177510,DATA,41.2,0.0,3466,3470,7200,1065,1400,1,1,1,""
178010,DATA,41.2,0.0,3454,3463,6600,1065,1400,1,1,1,""
178510,DATA,41.2,0.0,3448,3456,6600,1065,1400,1,1,1,""
179010,DATA,41.5,2.1,3443,3449,7200,1065,1400,1,1,1,""
179510,DATA,41.5,2.1,3440,3444,6600,1065,1400,1,1,1,""
180010,DATA,41.2,0.0,3442,3442,6599,1065,1400,1,1,1,""
180316,EVENT,41.2,-2.1,3443,3443,7201,1065,1400,0,1,1,"IGN OFF"
180510,DATA,41.5,2.0,3444,3443,7201,1065,1400,0,1,1,""
181010,DATA,41.5,0.0,3445,3444,6600,1065,1400,0,1,1,""
181510,DATA,41.5,0.0,3450,3446,7199,1065,1400,0,1,1,""
182010,DATA,41.5,0.0,3455,3450,6600,1065,1400,0,1,1,""
182510,DATA,41.7,0.0,3464,3456,6599,1065,1400,0,1,1,""
183010,DATA,41.7,2.1,3471,3463,6601,1065,1400,0,1,1,""
183510,DATA,41.5,-2.0,3477,3470,6600,1065,1400,0,1,1,""
184010,DATA,41.5,0.0,3480,3475,6600,1065,1400,0,1,1,""
184510,DATA,41.5,2.1,3478,3477,6600,1065,1400,0,1,1,""
185010,DATA,41.2,0.0,3474,3476,7199,1065,1400,0,1,1,""
185510,DATA,41.2,0.0,3471,3474,7200,1065,1400,0,1,1,""
186010,DATA,41.2,0.0,3471,3472,7200,1065,1400,0,1,1,""
186510,DATA,41.2,2.0,3470,3471,7200,1065,1400,0,1,1,""
187010,DATA,41.2,0.0,3466,3469,6600,1065,1400,0,1,1,""
187510,DATA,41.0,0.0,3462,3466,7200,1065,1400,0,1,1,""
188010,DATA,41.0,0.0,3456,3462,6600,1065,1400,0,1,1,""
188510,DATA,41.0,0.0,3450,3456,7200,1065,1400,0,1,1,""
189010,DATA,41.0,0.0,3447,3451,6600,1065,1400,0,1,1,""
189510,DATA,41.0,2.0,3447,3449,7200,1065,1400,0,1,1,""
190010,DATA,40.8,0.0,3442,3446,7200,1065,1400,0,1,1,""
190510,DATA,40.8,0.0,3439,3443,6599,1065,1400,0,1,1,""
191010,DATA,40.8,0.0,3440,3441,7126,1065,1400,0,1,1,""
191510,DATA,40.8,0.0,3440,3440,6533,1065,1400,0,1,1,""
192010,DATA,40.8,2.1,3442,3441,7127,1065,1400,0,1,1,""
192510,DATA,40.5,-2.0,3446,3443,6533,1065,1400,0,1,1,""
193010,DATA,40.5,0.0,3447,3445,7126,1065,1400,0,1,1,""
193510,DATA,40.5,0.0,3448,3446,6534,1065,1400,0,1,1,""
194010,DATA,40.5,0.0,3447,3447,7126,1065,1400,0,1,1,""
194510,DATA,40.5,2.1,3446,3447,6533,1065,1400,0,1,1,""
194715,EVENT,40.2,-2.1,3446,3447,6601,1065,1400,0,1,1,"PUMP 1060"
195010,DATA,40.5,2.1,3447,3447,7126,1064,1400,0,1,1,""
195510,DATA,40.2,0.0,3448,3447,7125,1062,1400,0,1,1,""
196010,DATA,40.2,0.0,3459,3451,7126,1060,1400,0,1,1,""
196064,EVENT,40.2,0.0,3463,3453,6601,1060,1400,1,1,1,"IGN ON"
196510,DATA,40.0,0.0,3472,3461,7126,1060,1400,1,1,1,""
197010,DATA,39.7,-2.1,3466,3466,6532,1060,1400,1,1,1,""
197510,DATA,40.0,2.1,3456,3462,7126,1060,1400,1,1,1,""
198010,DATA,40.0,0.0,3451,3457,7127,1060,1400,1,1,1,""
198153,EVENT,39.7,-2.1,3451,3456,6602,1060,1400,1,1,1,"STARTER 1420"
198510,DATA,39.7,0.0,3420,3446,4222,1060,1410,1,1,1,""
199010,DATA,40.0,2.1,3428,3433,7201,1060,1418,1,1,1,""
199510,DATA,40.0,2.1,3439,3435,7200,1060,1420,1,1,1,""
199534,EVENT,40.0,2.1,3439,3435,7200,1060,1420,1,1,1,"STARTER 1440"
200010,DATA,39.7,0.0,3408,3429,6601,1060,1432,1,1,1,""
200510,DATA,39.7,-2.1,3421,3421,6601,1060,1440,1,1,1,""
201010,DATA,40.0,0.0,3455,3428,7200,1060,1440,1,1,1,""
201510,DATA,40.0,0.0,3532,3473,7200,1060,1440,1,1,1,""
202010,DATA,40.2,0.0,3566,3513,7200,1060,1440,1,1,1,""
202510,DATA,40.5,0.0,3589,3556,7201,1060,1440,1,1,1,""
203010,DATA,40.5,0.0,3598,3578,7200,1060,1440,1,1,1,""
203510,DATA,40.8,2.1,3602,3591,7200,1060,1440,1,1,1,""
204010,DATA,40.8,0.0,3606,3599,7200,1060,1440,1,1,1,""
204510,DATA,40.8,0.0,3605,3603,7201,1060,1440,1,1,1,""
205010,DATA,40.8,0.0,3602,3603,7201,1060,1440,1,1,1,""
205510,DATA,41.0,2.1,3601,3602,7200,1060,1440,1,1,1,""
206010,DATA,41.0,2.1,3597,3600,7200,1060,1440,1,1,1,""
206510,DATA,40.8,0.0,3594,3598,7201,1060,1440,1,1,1,""
206661,EVENT,40.8,0.0,3593,3597,6631,1060,1440,0,1,1,"IGN OFF"
207010,DATA,41.0,0.0,3592,3594,7200,1060,1440,0,1,1,""
207510,DATA,41.0,2.0,3593,3593,7199,1060,1440,0,1,1,""
208010,DATA,41.0,0.0,3591,3593,7201,1060,1440,0,1,1,""
208510,DATA,41.0,0.0,3587,3591,7200,1060,1440,0,1,1,""
209010,DATA,41.0,0.0,3583,3587,6601,1060,1440,0,1,1,""
209510,DATA,40.8,-2.1,3582,3584,7201,1060,1440,0,1,1,""
210010,DATA,41.0,0.0,3583,3584,7200,1060,1440,0,1,1,""
210510,DATA,40.8,0.0,3586,3585,7200,1060,1440,0,1,1,""
210919,EVENT,40.8,2.1,3586,3585,7200,1060,1440,1,1,1,"IGN ON"
211010,DATA,40.5,-2.1,3586,3586,6599,1060,1440,1,1,1,""
211510,DATA,40.5,0.0,3582,3584,7200,1060,1440,1,1,1,""
212010,DATA,40.5,0.0,3573,3580,7200,1060,1440,1,1,1,""
212510,DATA,40.5,0.0,3564,3573,7198,1060,1440,1,1,1,""
213011,DATA,40.5,2.1,3555,3564,7128,1060,1440,1,1,1,""
213512,DATA,40.5,0.0,3548,3556,7127,1060,1440,1,1,1,""
214013,DATA,40.5,0.0,3544,3550,7130,1060,1440,1,1,1,""
214514,DATA,40.5,0.0,3539,3545,7057,1060,1440,1,1,1,""
215015,DATA,40.5,0.0,3535,3540,7131,1060,1440,1,1,1,""
215516,DATA,40.5,0.0,3533,3537,7057,1060,1440,1,1,1,""
216017,DATA,40.8,0.0,3532,3534,7131,1060,1440,1,1,1,""
216518,DATA,40.8,0.0,3534,3534,7058,1060,1440,1,1,1,""
217019,DATA,41.0,2.1,3537,3535,6532,1060,1440,1,1,1,""
217520,DATA,41.0,0.0,3540,3537,7128,1060,1440,1,1,1,""
218021,DATA,41.0,0.0,3545,3541,7126,1060,1440,1,1,1,""
218522,DATA,41.0,0.0,3548,3544,7128,1060,1440,1,1,1,""
219023,DATA,41.0,0.0,3550,3547,6534,1060,1440,1,1,1,""
219524,DATA,41.0,0.0,3545,3547,7127,1060,1440,1,1,1,""
220025,DATA,41.2,2.1,3538,3543,7127,1060,1440,1,1,1,""
220186,EVENT,41.0,-2.1,3536,3542,6602,1060,1440,0,1,1,"IGN OFF"
220526,DATA,41.2,0.0,3531,3538,6532,1060,1440,0,1,1,""
221027,DATA,41.2,0.0,3530,3533,6534,1060,1440,0,1,1,""
221528,DATA,41.2,0.0,3535,3533,7126,1060,1440,0,1,1,""
222029,DATA,41.2,0.0,3540,3536,7127,1060,1440,0,1,1,""
222530,DATA,41.2,0.0,3543,3540,7125,1060,1440,0,1,1,""
223031,DATA,41.2,0.0,3545,3542,7126,1060,1440,0,1,1,""
223532,DATA,41.5,2.1,3546,3544,7127,1060,1440,0,1,1,""
224033,DATA,41.2,0.0,3543,3544,6533,1060,1440,0,1,1,""
224534,DATA,41.2,2.1,3539,3542,6533,1060,1440,0,1,1,""
225035,DATA,41.0,-2.1,3537,3539,7125,1060,1440,0,1,1,""
225536,DATA,41.0,0.0,3540,3539,7128,1060,1440,0,1,1,""
226037,DATA,41.0,0.0,3544,3541,7127,1060,1440,0,1,1,""
226538,DATA,41.0,0.0,3547,3544,7127,1060,1440,0,1,1,""
227039,DATA,40.8,0.0,3550,3547,7126,1060,1440,0,1,1,""
227461,EVENT,40.8,0.0,3552,3549,7199,1060,1440,1,1,1,"IGN ON"
227540,DATA,40.8,0.0,3552,3549,7126,1060,1440,1,1,1,""
228041,DATA,40.8,2.1,3552,3551,7127,1060,1440,1,1,1,""
228542,DATA,40.5,0.0,3544,3549,7127,1060,1440,1,1,1,""
229043,DATA,40.5,0.0,3529,3541,7127,1060,1440,1,1,1,""
229544,DATA,40.5,0.0,3517,3530,6533,1060,1440,1,1,1,""
230045,DATA,40.5,0.0,3506,3518,7127,1060,1440,1,1,1,""
230546,DATA,40.5,0.0,3497,3508,7128,1060,1440,1,1,1,""
231047,DATA,40.5,0.0,3494,3500,7126,1060,1440,1,1,1,""
231548,DATA,40.5,0.0,3493,3496,7128,1060,1440,1,1,1,""
232049,DATA,40.5,0.0,3492,3494,7126,1060,1440,1,1,1,""
232550,DATA,40.8,0.0,3493,3493,6534,1060,1440,1,1,1,""
233051,DATA,40.8,2.1,3490,3492,7126,1060,1440,1,1,1,""
233552,DATA,40.8,0.0,3487,3490,7129,1060,1440,1,1,1,""
234053,DATA,41.0,2.1,3484,3487,7126,1060,1440,1,1,1,""
234355,EVENT,40.8,0.0,3482,3485,7201,1000,1440,1,0,0,"PUMP OFF"
234554,DATA,41.0,2.0,3480,3484,7128,1000,1440,1,0,0,""
235055,DATA,41.0,0.0,3475,3480,7126,1000,1440,1,0,0,""
235556,DATA,41.0,0.0,3471,3476,7127,1000,1440,1,0,0,""
236057,DATA,41.0,-2.1,3467,3472,7126,1000,1440,1,0,0,""
236558,DATA,41.0,0.0,3464,3468,7128,1000,1440,1,0,0,""
237059,DATA,41.0,0.0,3460,3464,6533,1000,1440,1,0,0,""
237560,DATA,41.0,0.0,3455,3460,7127,1000,1440,1,0,0,""
238061,DATA,40.8,-2.1,3452,3456,7126,1000,1440,1,0,0,""
238181,EVENT,41.0,2.1,3452,3455,6602,1000,1440,0,0,0,"IGN OFF"
238562,DATA,41.0,2.1,3452,3454,6533,1000,1440,0,0,0,""
239063,DATA,41.0,2.1,3455,3454,7128,1000,1440,0,0,0,""
239564,DATA,40.8,-2.1,3460,3456,7125,1000,1440,0,0,0,""
240065,DATA,40.8,0.0,3464,3460,7127,1000,1440,0,0,0,""
240566,DATA,40.8,0.0,3466,3463,7128,1000,1440,0,0,0,""
241067,DATA,40.8,0.0,3466,3464,7125,1000,1440,0,0,0,""
241568,DATA,40.8,2.1,3469,3466,6533,1000,1440,0,0,0,""
242069,DATA,40.5,-2.1,3472,3469,7125,1000,1440,0,0,0,""
242570,DATA,40.5,0.0,3473,3471,6534,1000,1440,0,0,0,""
243071,DATA,40.5,0.0,3471,3471,6532,1000,1440,0,0,0,""
243572,DATA,40.2,-2.0,3468,3470,6534,1000,1440,0,0,0,""
244073,DATA,40.5,0.0,3464,3467,7127,1000,1440,0,0,0,""
244574,DATA,40.2,0.0,3461,3464,7127,1000,1440,0,0,0,""
245075,DATA,40.2,0.0,3459,3462,7127,1000,1440,0,0,0,""
245576,DATA,40.2,0.0,3458,3460,6533,1000,1440,0,0,0,""
246077,DATA,40.2,0.0,3456,3458,7127,1000,1440,0,0,0,""
246578,DATA,40.0,-2.0,3456,3457,7127,1000,1440,0,0,0,""
247079,DATA,40.0,-2.1,3456,3457,7124,1000,1440,0,0,0,""
247580,DATA,40.0,0.0,3455,3456,6533,1000,1440,0,0,0,""
248081,DATA,40.0,0.0,3453,3455,7127,1000,1440,0,0,0,""
248582,DATA,40.0,2.1,3453,3454,6533,1000,1440,0,0,0,""
249083,DATA,39.7,0.0,3451,3453,7128,1000,1440,0,0,0,""
249584,DATA,39.7,0.0,3449,3451,7129,1000,1440,0,0,0,""
250085,DATA,39.7,0.0,3451,3450,6532,1000,1440,0,0,0,""
250586,DATA,39.7,0.0,3454,3452,7127,1000,1440,0,0,0,""
251087,DATA,39.7,0.0,3456,3454,7128,1000,1440,0,0,0,""
251588,DATA,39.5,0.0,3456,3455,6533,1000,1440,0,0,0,""
252089,DATA,39.7,2.1,3454,3455,6533,1000,1440,0,0,0,""
252590,DATA,39.5,0.0,3452,3454,7128,1000,1440,0,0,0,""
253091,DATA,39.5,0.0,3448,3451,6532,1000,1440,0,0,0,""
253592,DATA,39.5,0.0,3442,3447,7127,1000,1440,0,0,0,""
254093,DATA,39.5,0.0,3437,3442,7127,1000,1440,0,0,0,""
254594,DATA,39.2,-2.1,3432,3438,6532,1000,1440,0,0,0,""
255095,DATA,39.2,0.0,3430,3434,7127,1000,1440,0,0,0,""
255596,DATA,39.2,0.0,3428,3431,7128,1000,1440,0,0,0,""
256097,DATA,39.2,0.0,3426,3429,7126,1000,1440,0,0,0,""
256598,DATA,39.2,0.0,3426,3427,6533,1000,1440,0,0,0,""
257099,DATA,39.0,-2.1,3427,3427,6531,1000,1440,0,0,0,""
257600,DATA,39.2,0.0,3427,3427,7128,1000,1440,0,0,0,""
258101,DATA,39.2,2.1,3425,3426,7127,1000,1440,0,0,0,""
258602,DATA,39.0,0.0,3423,3425,7126,1000,1440,0,0,0,""
259103,DATA,39.0,0.0,3418,3422,7126,1000,1440,0,0,0,""
259604,DATA,39.0,0.0,3415,3419,7128,1000,1440,0,0,0,""
260105,DATA,39.0,0.0,3416,3417,6532,1000,1440,0,0,0,""
260606,DATA,39.0,0.0,3419,3418,6533,1000,1440,0,0,0,""
261107,DATA,39.0,2.1,3424,3420,6533,1000,1440,0,0,0,""
261136,EVENT,38.7,-2.1,3424,3420,6533,1000,1440,0,0,0,"STARTER 1420"
261271,EVENT,39.0,2.1,3425,3421,7200,1000,1436,0,0,0,"STARTER 1400"
261431,EVENT,38.7,-1.7,3426,3422,3477,1000,1429,0,0,0,"STARTER 1380"
261551,EVENT,39.0,2.1,3426,3423,1977,1000,1423,0,0,0,"STARTER 1360"
261630,DATA,39.0,2.1,3426,3423,1500,1000,1419,0,0,0,""
261791,EVENT,38.7,-1.9,3426,3424,3035,1000,1404,0,0,0,"STARTER 1340"
262150,DATA,38.7,-1.6,3425,3424,1500,1000,1374,0,0,0,""
262163,EVENT,38.7,-1.6,3425,3424,1500,1000,1374,0,0,0,"STARTER 1300"
262631,EVENT,38.7,0.0,3381,3417,1500,1000,1332,0,0,0,"STARTER 1280"
262670,DATA,38.7,0.0,3320,3403,1483,1000,1331,0,0,0,""
263190,DATA,38.7,-2.1,3047,3274,1500,1000,1298,0,0,0,""
263391,EVENT,38.7,0.0,2709,3141,1500,1000,1289,0,0,0,"STARTER 1260"
263710,DATA,38.7,0.0,2355,2944,1500,1000,1277,0,0,0,""
263831,EVENT,38.7,0.0,2206,2834,1811,1000,1273,0,0,0,"STARTER 1240"
264230,DATA,38.7,0.0,1813,2397,1500,1000,1256,0,0,0,""
264750,DATA,38.7,0.0,1634,2055,1500,1000,1242,0,0,0,""
265250,DATA,38.7,0.0,1633,1805,4800,1000,1240,0,0,0,""
265750,DATA,38.5,0.0,1792,1769,4800,1000,1240,0,0,0,""
265796,EVENT,38.5,0.0,1857,1782,4800,1000,1240,0,0,0,"STARTER OFF"
266270,DATA,38.7,0.0,1853,1819,1500,1000,1101,0,0,0,""
266790,DATA,38.2,0.0,1647,1758,1500,1000,1006,0,0,0,""
267290,DATA,39.0,0.0,1677,1693,3600,1000,1000,0,0,0,""
267790,DATA,38.7,-2.1,1728,1709,3000,1000,1000,0,0,0,""
268290,DATA,38.7,0.0,1662,1698,3000,1000,1000,0,0,0,""
268790,DATA,39.0,2.1,1547,1628,3000,1000,1000,0,0,0,""
269290,DATA,39.0,2.1,1412,1491,2400,1000,1000,0,0,0,""
269790,DATA,38.7,0.0,1305,1372,2400,1000,1000,0,0,0,""
270290,DATA,38.7,0.0,1214,1271,2400,1000,1000,0,0,0,""
270790,DATA,38.7,0.0,1134,1184,2400,1000,1000,0,0,0,""
271290,DATA,38.7,0.0,1059,1105,1800,1000,1000,0,0,0,""
271790,DATA,38.7,0.0,990,1032,1800,1000,1000,0,0,0,""
272290,DATA,38.7,0.0,927,966,1800,1000,1000,0,0,0,""
272790,DATA,38.7,0.0,870,905,1800,1000,1000,0,0,0,""
273290,DATA,38.7,0.0,817,849,1800,1000,1000,0,0,0,""
273790,DATA,38.7,2.1,768,798,1200,1000,1000,0,0,0,""
274290,DATA,38.7,0.0,723,751,1200,1000,1000,0,0,0,""
274790,DATA,38.7,0.0,683,708,1200,1000,1000,0,0,0,""
275290,DATA,38.7,2.1,643,667,1200,1000,1000,0,0,0,""
275790,DATA,38.5,-2.1,966,808,1200,1000,1000,0,0,0,""
276290,DATA,38.5,-2.1,1083,1006,600,1000,1000,0,0,0,""
276790,DATA,38.7,2.1,1051,1050,1200,1000,1000,0,0,0,""
277290,DATA,38.5,0.0,993,1020,1200,1000,1000,0,0,0,""
277790,DATA,38.7,2.1,933,967,600,1000,1000,0,0,0,""
278290,DATA,38.5,0.0,872,908,600,1000,1000,0,0,0,""
278790,DATA,38.5,0.0,814,849,1200,1000,1000,0,0,0,""
279290,DATA,38.5,0.0,758,792,600,1000,1000,0,0,0,""
279790,DATA,38.5,0.0,703,736,600,1000,1000,0,0,0,""
280290,DATA,38.5,0.0,652,683,600,1000,1000,0,0,0,""
280790,DATA,38.5,0.0,600,631,600,1000,1000,0,0,0,""
281290,DATA,38.5,0.0,549,579,600,1000,1000,0,0,0,""
281790,DATA,38.5,0.0,500,530,600,1000,1000,0,0,0,""
282290,DATA,38.5,0.0, 0, 0, 0,1000,1000,0,0,0,""
282790,DATA,38.5,0.0, 0, 0, 0,1000,1000,0,0,0,""
283290,DATA,38.5,0.0, 0, 0,600,1000,1000,0,0,0,""
283790,DATA,38.5,0.0, 0, 0, 0,1000,1000,0,0,0,""
284290,DATA,38.5,0.0, 0, 0,600,1000,1000,0,0,0,""
284790,DATA,38.5,0.0, 0, 0, 0,1000,1000,0,0,0,""
285290,DATA,38.5,0.0, 0, 0, 0,1000,1000,0,0,0,""
285790,DATA,38.5,0.0, 0, 0, 0,1000,1000,0,0,0,""
286290,DATA,38.5,0.0, 0, 0, 0,1000,1000,0,0,0,""
286790,DATA,38.5,0.0, 0, 0, 0,1000,1000,0,0,0,""
287290,DATA,38.5,0.0,173,168, 0,1000,1000,0,0,0,""
287790,DATA,38.5,0.0, 0, 0, 0,1000,1000,0,0,0,""
288290,DATA,38.5,0.0, 0, 0, 0,1000,1000,0,0,0,""
288790,DATA,38.5,0.0, 0, 0, 0,1000,1000,0,0,0,""
289290,DATA,38.5,0.0, 0, 0, 0,1000,1000,0,0,0,""
289790,DATA,38.2,-2.1, 0, 0, 0,1000,1000,0,0,0,""
290290,DATA,38.5,0.0, 0, 0, 0,1000,1000,0,0,0,""
290790,DATA,38.5,0.0, 0, 0, 0,1000,1000,0,0,0,""
291290,DATA,38.5,0.0, 0, 0,6600,1000,1000,0,0,0,""
291790,DATA,38.5,0.0, 0, 0,1200,1000,1000,0,0,0,""
292290,DATA,38.5,0.0, 0, 0, 0,1000,1000,0,0,0,""
292790,DATA,38.5,0.0, 0, 0, 0,1000,1000,0,0,0,""
293290,DATA,38.5,0.0, 0, 0, 0,1000,1000,0,0,0,""
293790,DATA,38.2,-2.1, 0, 0, 0,1000,1000,0,0,0,""
294290,DATA,38.5,2.1, 0, 0, 0,1000,1000,0,0,0,""
294790,DATA,38.2,-2.1, 0, 0, 0,1000,1000,0,0,0,""
295290,DATA,38.5,0.0, 0, 0, 0,1000,1000,0,0,0,""
295790,DATA,38.5,0.0, 0, 0, 0,1000,1000,0,0,0,""
296290,DATA,38.5,0.0, 0, 0, 0,1000,1000,0,0,0,""
296790,DATA,38.5,2.1, 0, 0, 0,1000,1000,0,0,0,""
297290,DATA,38.2,0.0, 0, 0, 0,1000,1000,0,0,0,""
297790,DATA,38.5,2.1, 0, 0, 0,1000,1000,0,0,0,""
298290,DATA,38.5,0.0, 0, 0, 0,1000,1000,0,0,0,""
298790,DATA,38.5,2.1, 0, 0, 0,1000,1000,0,0,0,""
299290,DATA,38.2,-2.1, 0, 0, 0,1000,1000,0,0,0,""
299790,DATA,38.2,-2.1, 0, 0, 0,1000,1000,0,0,0,""
300290,DATA,38.5,2.1, 0, 0, 0,1000,1000,0,0,0,""
300790,DATA,38.2,0.0, 0, 0, 0,1000,1000,0,0,0,""
301290,DATA,38.2,0.0, 0, 0, 0,1000,1000,0,0,0,""
301790,DATA,38.2,0.0, 0, 0, 0,1000,1000,0,0,0,""
302290,DATA,38.2,0.0, 0, 0, 0,1000,1000,0,0,0,""
302790,DATA,38.2,0.0, 0, 0, 0,1000,1000,0,0,0,""
303290,DATA,38.2,0.0, 0, 0, 0,1000,1000,0,0,0,""
303790,DATA,38.2,0.0, 0, 0, 0,1000,1000,0,0,0,""
304290,DATA,38.2,0.0, 0, 0, 0,1000,1000,0,0,0,""
304790,DATA,38.2,0.0, 0, 0, 0,1000,1000,0,0,0,""
305290,DATA,38.2,0.0, 0, 0, 0,1000,1000,0,0,0,""
305790,DATA,38.2,0.0, 0, 0, 0,1000,1000,0,0,0,""
306290,DATA,38.2,0.0, 0, 0, 0,1000,1000,0,0,0,""
306790,DATA,38.2,0.0, 0, 0, 0,1000,1000,0,0,0,""
307290,DATA,38.2,0.0, 0, 0, 0,1000,1000,0,0,0,""
307790,DATA,38.2,0.0, 0, 0, 0,1000,1000,0,0,0,""
308290,DATA,38.2,0.0, 0, 0, 0,1000,1000,0,0,0,""
308790,DATA,38.2,0.0, 0, 0, 0,1000,1000,0,0,0,""
309290,DATA,38.2,0.0, 0, 0, 0,1000,1000,0,0,0,""
309790,DATA,38.2,0.0, 0, 0, 0,1000,1000,0,0,0,""
310290,DATA,38.2,0.0, 0, 0, 0,1000,1000,0,0,0,""
310790,DATA,38.2,0.0, 0, 0, 0,1000,1000,0,0,0,""
311290,DATA,38.2,0.0, 0, 0, 0,1000,1000,0,0,0,""
311790,DATA,38.2,0.0, 0, 0, 0,1000,1000,0,0,0,""
312290,DATA,38.2,0.0, 0, 0, 0,1000,1000,0,0,0,""
312790,DATA,38.2,0.0, 0, 0, 0,1000,1000,0,0,0,""
313790,DATA,38.2,0.0, 0, 0, 0,1000,1000,0,0,0,""
314290,DATA,38.2,0.0, 0, 0, 0,1000,1000,0,0,0,""
314790,DATA,38.2,0.0, 0, 0, 0,1000,1000,0,0,0,""
315290,DATA,38.2,0.0, 0, 0, 0,1000,1000,0,0,0,""
315790,DATA,38.2,0.0, 0, 0, 0,1000,1000,0,0,0,""
316290,DATA,38.2,0.0, 0, 0, 0,1000,1000,0,0,0,""
316790,DATA,38.2,0.0, 0, 0, 0,1000,1000,0,0,0,""
317290,DATA,38.2,0.0, 0, 0, 0,1000,1000,0,0,0,""
317790,DATA,38.2,0.0, 0, 0, 0,1000,1000,0,0,0,""
318290,DATA,38.2,0.0, 0, 0, 0,1000,1000,0,0,0,""
318790,DATA,38.2,0.0, 0, 0, 0,1000,1000,0,0,0,""
319290,DATA,38.2,0.0, 0, 0, 0,1000,1000,0,0,0,""
319790,DATA,38.2,0.0, 0, 0, 0,1000,1000,0,0,0,""
320290,DATA,38.2,2.1, 0, 0, 0,1000,1000,0,0,0,""
320790,DATA,38.2,0.0, 0, 0, 0,1000,1000,0,0,0,""
321290,DATA,38.0,-2.1, 0, 0, 0,1000,1000,0,0,0,""
321790,DATA,38.2,2.1, 0, 0, 0,1000,1000,0,0,0,""
322290,DATA,38.0,0.0, 0, 0, 0,1000,1000,0,0,0,""
322790,DATA,38.0,-2.1, 0, 0, 0,1000,1000,0,0,0,""
323290,DATA,38.0,0.0, 0, 0, 0,1000,1000,0,0,0,""
323790,DATA,38.2,2.1, 0, 0, 0,1000,1000,0,0,0,""
324290,DATA,38.0,-2.1, 0, 0, 0,1000,1000,0,0,0,""
324790,DATA,38.2,2.1, 0, 0, 0,1000,1000,0,0,0,""
325290,DATA,38.0,0.0, 0, 0, 0,1000,1000,0,0,0,""
325790,DATA,38.0,-2.1, 0, 0, 0,1000,1000,0,0,0,""
326290,DATA,38.2,2.1, 0, 0, 0,1000,1000,0,0,0,""
326790,DATA,38.0,-2.1, 0, 0, 0,1000,1000,0,0,0,""
327290,DATA,38.0,0.0, 0, 0, 0,1000,1000,0,0,0,""
327790,DATA,38.0,0.0, 0, 0, 0,1000,1000,0,0,0,""
328180,EVENT,38.0,-2.1, 0, 0, 0,1000,1000,0,0,0,"STARTER 1200"
328290,DATA,38.0,-2.1, 0, 0, 0,1000,1023,0,0,0,""
328810,DATA,37.0,-2.1,2238,2441,500,1000,1145,0,0,0,""
329310,DATA,37.5,2.1,1483,2038,603,1000,1200,0,0,0,""
329810,DATA,37.2,0.0,1590,1769,1800,1000,1200,0,0,0,""
330310,DATA,37.2,-2.1,1616,1686,2400,1000,1200,0,0,0,""
330810,DATA,37.0,0.0,1849,1753,2400,1000,1200,0,0,0,""
331310,DATA,37.0,-2.1,1891,1812,3000,1000,1200,0,0,0,""
331810,DATA,37.2,0.0,2038,1917,4200,1000,1200,0,0,0,""
332310,DATA,37.5,0.0,2223,2051,3600,1000,1200,0,0,0,""
332810,DATA,37.5,0.0,2431,2223,3600,1000,1200,0,0,0,""
333310,DATA,37.5,0.0,2637,2415,4200,1000,1200,0,0,0,""
333810,DATA,37.5,0.0,2792,2572,4200,1000,1200,0,0,0,""
334310,DATA,37.5,0.0,3000,2796,4200,1000,1200,0,0,0,""
334810,DATA,37.5,0.0,3301,2996,4200,1000,1200,0,0,0,""
335310,DATA,37.5,2.1,3705,3279,4200,1000,1200,0,0,0,""
335810,DATA,37.5,0.0,3946,3615,4200,1000,1200,0,0,0,""
336310,DATA,37.2,-2.1,4036,3864,4200,1000,1200,0,0,0,""
336810,DATA,37.5,0.0,4052,3952,4200,1000,1200,0,0,0,""
337310,DATA,37.2,0.0,4060,4018,4200,1000,1200,0,0,0,""
337810,DATA,37.2,-2.1,4061,4038,3600,1000,1200,0,0,0,""
338310,DATA,37.5,0.0,4061,4052,4200,1000,1200,0,0,0,""
338810,DATA,37.5,0.0,4064,4057,4200,1000,1200,0,0,0,""
339310,DATA,37.5,2.1,4077,4067,4200,1000,1200,0,0,0,""
339810,DATA,37.2,-2.1,4081,4074,4200,1000,1200,0,0,0,""
340310,DATA,37.2,0.0,4083,4079,4200,1000,1200,0,0,0,""
340810,DATA,37.5,2.1,4085,4082,4200,1000,1200,0,0,0,""
341310,DATA,37.5,2.1,4088,4085,4200,1000,1200,0,0,0,""
341810,DATA,37.2,0.0,4090,4087,4200,1000,1200,0,0,0,""
342310,DATA,37.2,0.0,4093,4090,4200,1000,1200,0,0,0,""
342810,DATA,37.2,0.0,4091,4091,4200,1000,1200,0,0,0,""
343310,DATA,37.2,0.0,4089,4090,3600,1000,1200,0,0,0,""
343810,DATA,37.2,0.0,4089,4089,4200,1000,1200,0,0,0,""
344310,DATA,37.2,0.0,4084,4088,4200,1000,1200,0,0,0,""
344810,DATA,37.2,0.0,4079,4083,4200,1000,1200,0,0,0,""
345310,DATA,37.2,0.0,4078,4081,4200,1000,1200,0,0,0,""
345810,DATA,37.2,0.0,4079,4080,4200,1000,1200,0,0,0,""
346310,DATA,37.2,0.0,4081,4080,4200,1000,1200,0,0,0,""
346810,DATA,37.2,0.0,4084,4082,4200,1000,1200,0,0,0,""
347310,DATA,37.2,0.0,4082,4082,4200,1000,1200,0,0,0,""
347810,DATA,37.2,2.1,4085,4083,3600,1000,1200,0,0,0,""
348310,DATA,37.2,0.0,4087,4085,3600,1000,1200,0,0,0,""
348810,DATA,37.0,-2.1,4081,4084,4200,1000,1200,0,0,0,""
349310,DATA,37.0,0.0,4077,4081,4200,1000,1200,0,0,0,""
349810,DATA,37.0,0.0,4078,4079,4200,1000,1200,0,0,0,""
350310,DATA,37.0,0.0,4075,4077,4200,1000,1200,0,0,0,""
350810,DATA,37.0,0.0,4071,4074,4200,1000,1200,0,0,0,""
351310,DATA,37.0,0.0,4073,4073,4200,1000,1200,0,0,0,""
351343,EVENT,37.0,0.0,4072,4073,3600,1000,1200,0,1,0,"VALVE1 ON"
351810,DATA,37.0,0.0,4066,4071,4200,1000,1200,0,1,0,""
352310,DATA,37.0,0.0,4061,4065,3601,1000,1200,0,1,0,""
352408,EVENT,37.0,0.0,4063,4065,4199,1000,1200,0,1,1,"VALVE2 ON"
352810,DATA,37.0,0.0,4074,4068,4200,1000,1200,0,1,1,""
353310,DATA,37.2,2.1,4085,4076,4201,1000,1200,0,1,1,""
353810,DATA,37.0,0.0,4088,4082,4201,1000,1200,0,1,1,""
354310,DATA,37.0,0.0,4090,4087,4200,1000,1200,0,1,1,""
354810,DATA,37.0,0.0,4089,4088,4200,1000,1200,0,1,1,""
355310,DATA,37.0,0.0,4088,4088,4200,1000,1200,0,1,1,""
355810,DATA,37.0,0.0,4090,4088,3600,1000,1200,0,1,1,""
356310,DATA,37.0,0.0,4091,4090,4200,1000,1200,0,1,1,""
356810,DATA,37.0,0.0,4090,4090,4200,1000,1200,0,1,1,""
357310,DATA,37.0,0.0,4094,4092,4200,1000,1200,0,1,1,""
357810,DATA,37.0,-2.1,4091,4092,4200,1000,1200,0,1,1,""
358310,DATA,37.0,0.0,4090,4091,4200,1000,1200,0,1,1,""
358810,DATA,37.0,0.0,4094,4092,3600,1000,1200,0,1,1,""
359310,DATA,37.0,0.0,4095,4093,4200,1000,1200,0,1,1,""
359543,EVENT,37.0,0.0,4094,4094,4200,1000,1200,1,1,1,"IGN ON"
359810,DATA,37.0,0.0,4091,4093,4200,1000,1200,1,1,1,""
360310,DATA,37.0,0.0,4063,4082,3600,1000,1200,1,1,1,""
360810,DATA,36.7,0.0,4033,4060,4200,1000,1200,1,1,1,""
361088,EVENT,36.7,0.0,4022,4046,4159,1000,1200,1,1,1,"PUMP 1045"
361310,DATA,37.0,0.0,4016,4038,3601,1003,1200,1,1,1,""
361810,DATA,36.7,0.0,3991,4020,1667,1019,1200,1,1,1,""
362330,DATA,36.7,0.0,3872,3967,1500,1040,1200,1,1,1,""
362830,DATA,36.7,0.0,3685,3863,3600,1045,1200,1,1,1,""
363330,DATA,36.7,0.0,3402,3633,4200,1045,1200,1,1,1,""
363830,DATA,36.7,0.0,3203,3430,4200,1045,1200,1,1,1,""
364330,DATA,36.7,0.0,3034,3240,4200,1045,1200,1,1,1,""
364495,EVENT,37.0,2.1,3004,3205,3600,1045,1200,1,1,1,"PUMP 1050"
364830,DATA,37.0,2.1,2890,3071,4200,1046,1200,1,1,1,""
365330,DATA,37.0,0.0,2564,2871,4200,1048,1200,1,1,1,""
365830,DATA,37.2,2.1,2211,2559,4200,1050,1200,1,1,1,""
366330,DATA,37.7,0.0,2086,2349,4200,1050,1200,1,1,1,""
366830,DATA,38.7,2.1,2028,2157,4200,1050,1200,1,1,1,""
367330,DATA,39.7,2.1,2020,2092,4200,1050,1200,1,1,1,""
367830,DATA,40.5,0.0,2015,2051,3600,1050,1200,1,1,1,""
368061,EVENT,41.0,2.1,2014,2037,3600,1050,1200,0,1,1,"IGN OFF"
368330,DATA,41.5,2.1,2015,2028,4200,1050,1200,0,1,1,""
368830,DATA,42.2,2.1,2022,2023,3600,1050,1200,0,1,1,""
369330,DATA,42.7,2.1,2029,2025,4200,1050,1200,0,1,1,""
369830,DATA,43.3,2.1,2031,2028,3600,1050,1200,0,1,1,""
370330,DATA,43.5,0.0,2035,2031,4199,1050,1200,0,1,1,""
370830,DATA,44.0,0.0,2040,2035,4200,1050,1200,0,1,1,""
371330,DATA,44.5,2.1,2039,2037,4200,1050,1200,0,1,1,""
371830,DATA,45.0,2.1,2039,2038,4200,1050,1200,0,1,1,""
372330,DATA,45.2,0.0,2039,2039,4200,1050,1200,0,1,1,""
372830,DATA,45.5,0.0,2040,2039,3600,1050,1200,0,1,1,""
373330,DATA,46.0,2.1,2041,2040,4200,1050,1200,0,1,1,""
373830,DATA,46.0,0.0,2040,2040,3600,1050,1200,0,1,1,""
374330,DATA,46.2,0.0,2040,2040,4200,1050,1200,0,1,1,""
374830,DATA,46.5,0.0,2039,2040,4200,1050,1200,0,1,1,""
375330,DATA,46.5,0.0,2040,2040,4200,1050,1200,0,1,1,""
375830,DATA,46.7,0.0,2040,2040,4200,1050,1200,0,1,1,""
376330,DATA,47.0,0.0,2039,2040,4200,1050,1200,0,1,1,""
376830,DATA,47.0,0.0,2039,2039,3601,1050,1200,0,1,1,""
377330,DATA,47.0,-2.1,2040,2039,3601,1050,1200,0,1,1,""
377830,DATA,47.0,0.0,2039,2039,3602,1050,1200,0,1,1,""
378330,DATA,47.0,0.0,2038,2039,4203,1050,1200,0,1,1,""
378830,DATA,47.0,0.0,2037,2038,4201,1050,1200,0,1,1,""
379330,DATA,47.0,0.0,2036,2037,4201,1050,1200,0,1,1,""
379830,DATA,47.0,0.0,2038,2037,4201,1050,1200,0,1,1,""
380330,DATA,47.0,0.0,2039,2038,4201,1050,1200,0,1,1,""
380830,DATA,47.0,-2.1,2039,2038,4201,1050,1200,0,1,1,""
381330,DATA,47.2,0.0,2041,2039,4201,1050,1200,0,1,1,""
381830,DATA,47.7,2.1,2041,2040,4201,1050,1200,0,1,1,""
382330,DATA,47.7,0.0,2040,2040,4202,1050,1200,0,1,1,""
382830,DATA,48.0,0.0,2037,2039,4201,1050,1200,0,1,1,""
383330,DATA,48.3,0.0,2028,2035,4202,1050,1200,0,1,1,""
383830,DATA,48.3,0.0,2018,2027,4201,1050,1200,0,1,1,""
384330,DATA,48.5,0.0,2012,2020,4201,1050,1200,0,1,1,""
384830,DATA,48.7,2.1,2008,2014,4241,1050,1200,0,1,1,""
385330,DATA,49.0,2.1,2007,2010,4201,1050,1200,0,1,1,""
385830,DATA,49.0,0.0,2005,2008,4201,1050,1200,0,1,1,""
385980,EVENT,49.2,2.1,2005,2007,4200,1050,1200,0,1,1,"STARTER 1220"
386350,DATA,49.2,0.0,1999,2005,2222,1050,1210,0,1,1,""
386850,DATA,49.5,0.0,1873,1938,4199,1050,1219,0,1,1,""
387350,DATA,49.7,0.0,2005,1950,4200,1050,1220,0,1,1,""
387850,DATA,50.0,0.0,2108,2020,4200,1050,1220,0,1,1,""
388350,DATA,50.2,0.0,2170,2093,4200,1050,1220,0,1,1,""
388850,DATA,50.5,0.0,2202,2149,4200,1050,1220,0,1,1,""
389350,DATA,50.8,0.0,2218,2185,4200,1050,1220,0,1,1,""
389850,DATA,51.0,0.0,2225,2206,4200,1050,1220,0,1,1,""
390350,DATA,51.2,2.1,2228,2218,4801,1050,1220,0,1,1,""
390850,DATA,51.5,2.1,2230,2224,4799,1050,1220,0,1,1,""
391327,EVENT,51.5,0.0,2231,2228,4200,1050,1220,0,1,1,"STARTER 1240"
391350,DATA,51.7,2.1,2231,2228,4200,1050,1221,0,1,1,""
391850,DATA,51.7,0.0,2199,2222,4222,1050,1233,0,1,1,""
392350,DATA,52.0,0.0,2019,2159,4801,1050,1240,0,1,1,""
392850,DATA,52.2,0.0,1734,1967,4800,1050,1240,0,1,1,""
393350,DATA,52.2,0.0,1627,1793,4800,1050,1240,0,1,1,""
393850,DATA,52.5,0.0,1598,1688,4800,1050,1240,0,1,1,""
394350,DATA,52.7,2.1,1595,1636,4800,1050,1240,0,1,1,""
394850,DATA,52.7,0.0,1680,1636,4800,1050,1240,0,1,1,""
395222,EVENT,53.0,0.0,1762,1676,4200,1050,1240,0,1,1,"STARTER 1260"
395350,DATA,53.0,0.0,1846,1715,4800,1050,1244,0,1,1,""
395850,DATA,53.0,0.0,1793,1775,4201,1050,1255,0,1,1,""
396350,DATA,53.0,0.0,1605,1700,4801,1050,1260,0,1,1,""
396850,DATA,53.3,0.0,1617,1656,5399,1050,1260,0,1,1,""
397350,DATA,53.5,0.0,1660,1651,4800,1050,1260,0,1,1,""
397850,DATA,53.7,2.1,1679,1663,4800,1050,1260,0,1,1,""
398350,DATA,53.7,0.0,1722,1681,5400,1050,1260,0,1,1,""
398850,DATA,54.0,2.1,1720,1705,4800,1050,1260,0,1,1,""
399139,EVENT,54.0,0.0,1878,1741,4800,1050,1260,0,1,1,"STARTER 1280"
399350,DATA,54.0,0.0,2068,1820,3983,1050,1266,0,1,1,""
399850,DATA,54.0,0.0,1983,1941,5400,1050,1276,0,1,1,""
400350,DATA,54.2,0.0,1829,1903,5400,1050,1280,0,1,1,""
400850,DATA,54.2,0.0,1780,1841,5400,1050,1280,0,1,1,""
401350,DATA,54.5,0.0,1776,1805,5401,1050,1280,0,1,1,""
401850,DATA,54.5,0.0,1852,1807,5400,1050,1280,0,1,1,""
402350,DATA,54.7,0.0,2130,1909,5400,1050,1280,0,1,1,""
402850,DATA,54.7,0.0,2482,2173,5400,1050,1280,0,1,1,""
403207,EVENT,55.0,0.0,2584,2322,5399,1050,1280,0,1,1,"STARTER 1300"
403350,DATA,55.0,0.0,2624,2403,5400,1050,1284,0,1,1,""
403850,DATA,55.2,2.1,2379,2451,5399,1050,1295,0,1,1,""
404350,DATA,55.2,0.0,2200,2309,5400,1050,1300,0,1,1,""
404850,DATA,55.2,0.0,2388,2334,5400,1050,1300,0,1,1,""
405350,DATA,55.2,0.0,2589,2435,6000,1050,1300,0,1,1,""
405850,DATA,55.5,2.1,2725,2576,5401,1050,1300,0,1,1,""
406350,DATA,55.8,2.1,2780,2681,5400,1050,1300,0,1,1,""
406850,DATA,55.8,2.1,2804,2746,5400,1050,1300,0,1,1,""
407268,EVENT,55.8,0.0,2812,2776,6001,1050,1300,0,1,1,"STARTER 1320"
407350,DATA,55.8,0.0,2813,2782,5399,1050,1303,0,1,1,""
407850,DATA,55.8,0.0,2706,2763,5428,1050,1314,0,1,1,""
408350,DATA,56.0,2.1,2677,2709,5399,1050,1320,0,1,1,""
408850,DATA,56.0,2.1,2767,2726,6000,1050,1320,0,1,1,""
409350,DATA,56.0,0.0,2807,2765,6000,1050,1320,0,1,1,""
409850,DATA,56.0,0.0,2821,2794,6000,1050,1320,0,1,1,""
410350,DATA,56.0,0.0,2828,2812,5400,1050,1320,0,1,1,""
410825,EVENT,56.0,-2.1,2832,2822,5399,1050,1320,0,1,1,"STARTER 1340"
410850,DATA,56.0,-2.1,2832,2822,5399,1050,1321,0,1,1,""
411350,DATA,56.0,-2.1,2810,2822,4802,1050,1333,0,1,1,""
411850,DATA,56.0,0.0,2721,2771,6002,1050,1340,0,1,1,""
412350,DATA,56.2,0.0,2794,2770,6001,1050,1340,0,1,1,""
412850,DATA,56.2,0.0,2838,2801,5402,1050,1340,0,1,1,""
413350,DATA,56.2,0.0,2863,2831,5401,1050,1340,0,1,1,""
413850,DATA,56.2,0.0,2880,2856,6002,1050,1340,0,1,1,""
414275,EVENT,56.2,0.0,2890,2871,5938,1050,1340,0,1,1,"STARTER 1360"
414350,DATA,56.2,0.0,2893,2874,5401,1050,1342,0,1,1,""
414850,DATA,56.5,2.1,2916,2896,6001,1050,1354,0,1,1,""
415350,DATA,56.5,2.1,2926,2910,6000,1050,1360,0,1,1,""
415850,DATA,56.5,2.1,2945,2926,6000,1050,1360,0,1,1,""
416350,DATA,56.5,0.0,2963,2941,5999,1050,1360,0,1,1,""
416850,DATA,56.5,0.0,2991,2966,6000,1050,1360,0,1,1,""
417350,DATA,56.5,2.1,3006,2983,6000,1050,1360,0,1,1,""
417850,DATA,56.2,0.0,3024,3005,6000,1050,1360,0,1,1,""
418350,DATA,56.2,-2.1,3035,3020,6000,1050,1360,0,1,1,""
418850,DATA,56.2,-2.1,3049,3033,6000,1050,1360,0,1,1,""
419350,DATA,56.2,0.0,3061,3044,6600,1050,1360,0,1,1,""
419850,DATA,56.2,0.0,3073,3058,6000,1050,1360,0,1,1,""
420350,DATA,56.0,-2.1,3085,3073,6000,1050,1360,0,1,1,""
420850,DATA,56.2,0.0,3094,3083,6601,1050,1360,0,1,1,""
421350,DATA,56.2,0.0,3099,3090,6000,1050,1360,0,1,1,""
421850,DATA,56.2,2.1,3104,3098,6000,1050,1360,0,1,1,""
422350,DATA,56.0,0.0,3107,3102,6000,1050,1360,0,1,1,""
422850,DATA,56.0,0.0,3112,3107,6601,1050,1360,0,1,1,""
423350,DATA,56.0,0.0,3120,3113,6000,1050,1360,0,1,1,""
423850,DATA,56.0,2.0,3128,3120,6000,1050,1360,0,1,1,""
424350,DATA,55.8,0.0,3132,3126,6000,1050,1360,0,1,1,""
424850,DATA,55.8,-2.1,3134,3130,6599,1050,1360,0,1,1,""
425350,DATA,55.8,0.0,3132,3131,6000,1050,1360,0,1,1,""
425587,EVENT,55.8,0.0,3131,3131,6600,1050,1360,0,1,1,"STARTER 1380"
425870,DATA,55.8,0.0,3130,3131,5332,1050,1368,0,1,1,""
426370,DATA,55.5,-2.1,3126,3129,6601,1050,1377,0,1,1,""
426870,DATA,55.5,0.0,3132,3129,6000,1050,1380,0,1,1,""
427370,DATA,55.5,0.0,3143,3135,6599,1050,1380,0,1,1,""
427870,DATA,55.5,0.0,3153,3143,6000,1050,1380,0,1,1,""
427939,EVENT,55.5,0.0,3155,3145,6599,1050,1380,0,1,1,"PUMP 1055"
428370,DATA,55.5,0.0,3165,3153,6000,1051,1380,0,1,1,""
428870,DATA,55.5,2.1,3177,3164,6000,1053,1380,0,1,1,""
429370,DATA,55.2,0.0,3188,3176,6600,1055,1380,0,1,1,""
429870,DATA,55.2,0.0,3194,3185,6600,1055,1380,0,1,1,""
430370,DATA,55.2,0.0,3202,3193,6000,1055,1380,0,1,1,""
430870,DATA,55.2,0.0,3209,3201,6600,1055,1380,0,1,1,""
431370,DATA,55.2,2.1,3218,3209,6601,1055,1380,0,1,1,""
431870,DATA,55.0,0.0,3228,3217,6600,1055,1380,0,1,1,""
432370,DATA,55.0,0.0,3237,3227,6600,1055,1380,0,1,1,""
432870,DATA,55.0,0.0,3246,3236,6600,1055,1380,0,1,1,""
433370,DATA,54.7,0.0,3250,3243,6599,1055,1380,0,1,1,""
433870,DATA,54.7,0.0,3249,3247,6601,1055,1380,0,1,1,""
434370,DATA,54.5,0.0,3243,3246,6600,1055,1380,0,1,1,""
434870,DATA,54.5,0.0,3239,3243,6600,1055,1380,0,1,1,""
435370,DATA,54.2,-2.0,3237,3240,6600,1055,1380,0,1,1,""
435870,DATA,54.2,0.0,3237,3238,6599,1055,1380,0,1,1,""
436370,DATA,54.0,-2.1,3239,3238,6600,1055,1380,0,1,1,""
436870,DATA,54.2,0.0,3245,3241,6600,1055,1380,0,1,1,""
437370,DATA,54.0,0.0,3248,3244,6601,1055,1380,0,1,1,""
437870,DATA,54.0,0.0,3249,3247,6000,1055,1380,0,1,1,""
438370,DATA,54.0,0.0,3250,3249,6599,1055,1380,0,1,1,""
438870,DATA,53.7,0.0,3250,3249,6601,1055,1380,0,1,1,""
439370,DATA,53.7,0.0,3252,3250,6599,1055,1380,0,1,1,""
439870,DATA,53.7,0.0,3255,3252,6599,1055,1380,0,1,1,""
440370,DATA,53.5,0.0,3254,3254,6532,1055,1380,0,1,1,""
440870,DATA,53.5,0.0,3252,3253,6532,1055,1380,0,1,1,""
441370,DATA,53.3,0.0,3248,3251,6531,1055,1380,0,1,1,""
441870,DATA,53.3,0.0,3244,3248,6532,1055,1380,0,1,1,""
442370,DATA,53.0,0.0,3244,3246,6533,1055,1380,0,1,1,""
442870,DATA,52.7,0.0,3245,3245,6533,1055,1380,0,1,1,""
443370,DATA,52.5,0.0,3247,3246,6533,1055,1380,0,1,1,""
443870,DATA,52.2,0.0,3249,3247,6532,1055,1380,0,1,1,""
444370,DATA,52.0,0.0,3252,3250,6533,1055,1380,0,1,1,""
444454,EVENT,51.7,-2.1,3253,3250,6602,1055,1380,0,1,1,"STARTER OFF"
444890,DATA,51.7,0.0,2986,3200,1500,1055,1174,0,1,1,""
445410,DATA,51.7,0.0,2104,2737,2000,1055,1017,0,1,1,""
445910,DATA,51.7,-2.1,1841,2249,4800,1055,1000,0,1,1,""
446130,EVENT,51.5,-2.1,1960,2161,4801,1055,1000,0,1,1,"STARTER 1200"
446410,DATA,51.5,0.0,1997,2118,1500,1055,1075,0,1,1,""
446930,DATA,51.2,0.0,1777,1990,1500,1055,1173,0,1,1,""
447430,DATA,51.0,0.0,1624,1803,4200,1055,1200,0,1,1,""
447930,DATA,51.0,2.1,1795,1765,3600,1055,1200,0,1,1,""
448207,EVENT,50.8,0.0,1878,1800,3601,1055,1200,0,0,1,"VALVE1 OFF"
448430,DATA,50.8,0.0,1916,1830,4200,1055,1200,0,0,1,""
448930,DATA,50.8,0.0,1973,1901,4200,1055,1200,0,0,1,""
449337,EVENT,50.5,-2.1,1996,1943,4200,1055,1200,0,0,0,"VALVE2 OFF"
449430,DATA,50.5,0.0,1999,1951,4200,1000,1200,0,0,0,""
449930,DATA,50.2,0.0,2010,1982,3600,1000,1200,0,0,0,""
450430,DATA,50.2,0.0,2016,2000,4200,1000,1200,0,0,0,""
450930,DATA,50.0,0.0,2019,2010,4200,1000,1200,0,0,0,""
451430,DATA,50.0,0.0,2019,2015,4200,1000,1200,0,0,0,""
451930,DATA,50.0,2.1,2020,2017,4200,1000,1200,0,0,0,""
452430,DATA,49.7,0.0,2021,2019,4200,1000,1200,0,0,0,""
452930,DATA,49.5,0.0,2019,2019,4200,1000,1200,0,0,0,""
453430,DATA,49.5,0.0,2019,2019,4200,1000,1200,0,0,0,""
453930,DATA,49.2,0.0,2021,2020,4200,1000,1200,0,0,0,""
454430,DATA,49.2,0.0,2018,2020,4200,1000,1200,0,0,0,""
454930,DATA,49.0,0.0,2019,2019,4200,1000,1200,0,0,0,""
455430,DATA,49.0,0.0,2019,2019,3600,1000,1200,0,0,0,""
455930,DATA,48.7,0.0,2017,2018,4200,1000,1200,0,0,0,""
456430,DATA,48.7,0.0,2016,2017,4199,1000,1200,0,0,0,""
456930,DATA,48.7,0.0,2017,2017,3600,1000,1200,0,0,0,""
457430,DATA,48.3,-2.0,2014,2016,4200,1000,1200,0,0,0,""
457930,DATA,48.5,2.1,2013,2014,3600,1000,1200,0,0,0,""
458430,DATA,48.3,0.0,2012,2013,4200,1000,1200,0,0,0,""
458930,DATA,48.0,0.0,2009,2011,3600,1000,1200,0,0,0,""
459430,DATA,48.0,0.0,2010,2010,4200,1000,1200,0,0,0,""
459640,EVENT,48.0,0.0,2010,2010,3600,1000,1200,0,1,0,"VALVE1 ON"
459930,DATA,48.0,0.0,2009,2010,3600,1000,1200,0,1,0,""
460430,DATA,47.7,0.0,2006,2008,4200,1000,1200,0,1,0,""
460930,DATA,47.7,0.0,2004,2006,4200,1000,1200,0,1,0,""
460978,EVENT,47.7,0.0,2003,2006,4200,1000,1200,0,1,1,"VALVE2 ON"
461431,DATA,47.5,0.0,1998,2003,3600,1000,1200,0,1,1,""
461932,DATA,47.5,0.0,1997,2000,4200,1000,1200,0,1,1,""
462433,DATA,47.2,0.0,1996,1998,4200,1000,1200,0,1,1,""
462934,DATA,47.2,0.0,1994,1996,4200,1000,1200,0,1,1,""
463435,DATA,47.0,0.0,1995,1995,3600,1000,1200,0,1,1,""
463936,DATA,47.0,0.0,1994,1995,3600,1000,1200,0,1,1,""
464437,DATA,46.7,0.0,1992,1994,4200,1000,1200,0,1,1,""
464938,DATA,46.7,0.0,1993,1993,4200,1000,1200,0,1,1,""
465439,DATA,46.5,-2.1,1992,1993,4200,1000,1200,0,1,1,""
465940,DATA,46.5,0.0,1990,1992,3600,1000,1200,0,1,1,""
466139,EVENT,46.5,0.0,1991,1991,4200,1000,1200,0,1,1,"PUMP 1050"
466441,DATA,46.2,0.0,1991,1991,3600,1005,1200,0,1,1,""
466970,DATA,46.2,0.0,1839,1952,1363,1028,1200,0,1,1,""
467490,DATA,46.2,0.0,1657,1836,1500,1048,1200,0,1,1,""
467990,DATA,46.2,0.0,1677,1723,4200,1050,1200,0,1,1,""
468490,DATA,46.0,0.0,1867,1772,4200,1050,1200,0,1,1,""
468990,DATA,46.0,0.0,1949,1859,3600,1050,1200,0,1,1,""
469062,EVENT,46.0,0.0,1958,1873,4199,1050,1200,1,1,1,"IGN ON"
469490,DATA,46.0,0.0,1976,1921,3600,1050,1200,1,1,1,""
469990,DATA,45.8,-2.1,1970,1950,4200,1050,1200,1,1,1,""
470490,DATA,45.8,0.0,1960,1957,4200,1050,1200,1,1,1,""
470990,DATA,45.8,0.0,1951,1955,4200,1050,1200,1,1,1,""
471490,DATA,45.5,-2.1,1944,1950,3600,1050,1200,1,1,1,""
471990,DATA,45.5,0.0,1942,1946,4200,1050,1200,1,1,1,""
472490,DATA,45.2,-2.1,1939,1942,4201,1050,1200,1,1,1,""
472990,DATA,45.2,0.0,1938,1940,3600,1050,1200,1,1,1,""
473490,DATA,45.2,0.0,1942,1940,4200,1050,1200,1,1,1,""
473990,DATA,45.2,2.1,1942,1941,4200,1050,1200,1,1,1,""
474490,DATA,45.2,0.0,1943,1942,3600,1050,1200,1,1,1,""
474990,DATA,45.0,0.0,1943,1943,4200,1050,1200,1,1,1,""
475490,DATA,45.0,0.0,1942,1943,3600,1050,1200,1,1,1,""
475990,DATA,45.0,0.0,1943,1943,3600,1050,1200,1,1,1,""
476490,DATA,45.0,0.0,1942,1942,4200,1050,1200,1,1,1,""
476990,DATA,46.0,0.0,1941,1942,3600,1050,1200,1,1,1,""
477490,DATA,47.2,2.1,1945,1943,4201,1050,1200,1,1,1,""
477990,DATA,48.5,2.1,1945,1944,3600,1050,1200,1,1,1,""
478429,EVENT,49.5,0.0,1945,1945,3600,1050,1200,0,1,1,"IGN OFF"
478490,DATA,49.5,0.0,1946,1945,4185,1050,1200,0,1,1,""
478990,DATA,50.8,0.0,1948,1946,4200,1050,1200,0,1,1,""
479490,DATA,52.5,3.9,1955,1950,4200,1050,1200,0,1,1,""
479990,DATA,54.0,4.2,1965,1957,4200,1050,1200,0,1,1,""
480490,DATA,55.2,2.1,1972,1964,4200,1050,1200,0,1,1,""
480990,DATA,56.5,2.1,1977,1970,4200,1050,1200,0,1,1,""
481490,DATA,57.2,2.1,1983,1976,4200,1050,1200,0,1,1,""
481991,DATA,58.0,2.1,1987,1982,4200,1050,1200,0,1,1,""
482492,DATA,58.5,2.0,1991,1986,4201,1050,1200,0,1,1,""
482993,DATA,58.7,2.1,1997,1991,4200,1050,1200,0,1,1,""
483494,DATA,58.7,0.0,1998,1995,4200,1050,1200,0,1,1,""
483995,DATA,59.0,0.0,1999,1997,4200,1050,1200,0,1,1,""
484496,DATA,59.0,0.0,1999,1998,3600,1050,1200,0,1,1,""
484997,DATA,59.0,0.0,1992,1996,3600,1050,1200,0,1,1,""
485498,DATA,59.0,0.0,1986,1991,4200,1050,1200,0,1,1,""
485999,DATA,59.0,0.0,1980,1986,3600,1050,1200,0,1,1,""
486500,DATA,59.0,0.0,1974,1980,3600,1050,1200,0,1,1,""
487001,DATA,58.7,0.0,1978,1978,3601,1050,1200,0,1,1,""
487502,DATA,59.0,2.1,1986,1981,4200,1050,1200,0,1,1,""
488003,DATA,58.7,0.0,1989,1985,4200,1050,1200,0,1,1,""
488504,DATA,59.0,2.0,1990,1987,4200,1050,1200,0,1,1,""
489005,DATA,59.0,0.0,1992,1989,4200,1050,1200,0,1,1,""
489506,DATA,59.0,0.0,1994,1992,3600,1050,1200,0,1,1,""
490007,DATA,59.5,0.0,1992,1992,4200,1050,1200,0,1,1,""
490508,DATA,59.7,0.0,1992,1992,4200,1050,1200,0,1,1,""
491009,DATA,60.0,0.0,1994,1992,4201,1050,1200,0,1,1,""
491510,DATA,60.0,0.0,1993,1993,3600,1050,1200,0,1,1,""
492011,DATA,60.2,0.0,1991,1992,3600,1050,1200,0,1,1,""
492512,DATA,60.2,0.0,1993,1992,4200,1050,1200,0,1,1,""
493013,DATA,60.5,0.0,1991,1992,4199,1050,1200,0,1,1,""
493514,DATA,60.8,0.0,1990,1991,4200,1050,1200,0,1,1,""
494015,DATA,60.8,0.0,1994,1992,3600,1050,1200,0,1,1,""
494516,DATA,61.0,2.0,1997,1995,4200,1050,1200,0,1,1,""
495017,DATA,60.8,-2.1,1996,1995,4200,1050,1200,0,1,1,""
495518,DATA,61.0,0.0,1996,1995,4200,1050,1200,0,1,1,""
496019,DATA,61.0,0.0,1996,1996,3600,1050,1200,0,1,1,""
496520,DATA,61.2,0.0,1995,1996,4200,1050,1200,0,1,1,""
497021,DATA,61.2,0.0,1996,1996,4201,1050,1200,0,1,1,""
497522,DATA,61.2,0.0,1999,1997,3600,1050,1200,0,1,1,""
498023,DATA,61.5,2.1,1997,1998,3600,1050,1200,0,1,1,""
498524,DATA,61.5,0.0,1995,1997,4201,1050,1200,0,1,1,""
499025,DATA,61.5,0.0,1996,1996,4200,1050,1200,0,1,1,""
499526,DATA,61.5,0.0,1993,1995,4200,1050,1200,0,1,1,""
500027,DATA,61.5,0.0,1988,1992,3600,1050,1200,0,1,1,""
500528,DATA,61.7,0.0,1989,1990,3600,1050,1200,0,1,1,""
501029,DATA,61.7,0.0,1991,1990,4200,1050,1200,0,1,1,""
501530,DATA,61.7,2.1,1989,1990,3599,1050,1200,0,1,1,""
502031,DATA,61.7,-2.1,1990,1990,4155,1050,1200,0,1,1,""
502532,DATA,61.7,0.0,1992,1991,4158,1050,1200,0,1,1,""
503033,DATA,61.7,0.0,1992,1992,4157,1050,1200,0,1,1,""
503534,DATA,62.0,2.0,1991,1991,3563,1050,1200,0,1,1,""
504035,DATA,61.7,-2.1,1990,1991,4156,1050,1200,0,1,1,""
504536,DATA,62.0,0.0,1988,1990,4160,1050,1200,0,1,1,""
505037,DATA,62.0,0.0,1987,1988,4116,1050,1200,0,1,1,""
505538,DATA,62.0,0.0,1988,1988,4157,1050,1200,0,1,1,""
506039,DATA,62.0,0.0,1988,1988,3565,1050,1200,0,1,1,""
506540,DATA,62.2,2.0,1987,1988,4117,1050,1200,0,1,1,""
507041,DATA,62.2,0.0,1988,1988,4159,1050,1200,0,1,1,""
507542,DATA,62.2,2.1,1985,1987,4117,1050,1200,0,1,1,""
508043,DATA,62.2,0.0,1979,1983,4157,1050,1200,0,1,1,""
508544,DATA,62.2,0.0,1976,1980,4157,1050,1200,0,1,1,""
509045,DATA,62.2,-2.1,1974,1977,4156,1050,1200,0,1,1,""
509546,DATA,62.5,2.0,1972,1974,4158,1050,1200,0,1,1,""
510047,DATA,62.5,0.0,1974,1974,4159,1050,1200,0,1,1,""
510548,DATA,62.5,0.0,1972,1973,3529,1050,1200,0,1,1,""
511049,DATA,62.5,2.1,1971,1972,3565,1050,1200,0,1,1,""
511550,DATA,62.5,0.0,1971,1972,3529,1050,1200,0,1,1,""
512051,DATA,62.5,0.0,1970,1971,3565,1050,1200,0,1,1,""
512552,DATA,62.5,0.0,1970,1970,4117,1050,1200,0,1,1,""
513053,DATA,62.5,0.0,1970,1970,4157,1050,1200,0,1,1,""
513554,DATA,62.7,2.1,1970,1970,4158,1050,1200,0,1,1,""
514055,DATA,62.5,-2.1,1968,1969,4156,1050,1200,0,1,1,""
514556,DATA,62.7,0.0,1963,1967,3565,1050,1200,0,1,1,""
515057,DATA,62.7,0.0,1958,1963,4116,1050,1200,0,1,1,""
515558,DATA,62.7,0.0,1956,1959,4158,1050,1200,0,1,1,""
516059,DATA,62.7,0.0,1956,1957,3565,1050,1200,0,1,1,""
516560,DATA,62.7,0.0,1961,1958,4116,1050,1200,0,1,1,""
517061,DATA,63.0,2.1,1964,1961,4157,1050,1200,0,1,1,""
517562,DATA,62.7,0.0,1963,1963,4158,1050,1200,0,1,1,""
518063,DATA,62.7,0.0,1958,1961,3564,1050,1200,0,1,1,""
518564,DATA,63.0,2.0,1958,1959,3563,1050,1200,0,1,1,""
519065,DATA,63.0,0.0,1967,1962,4157,1050,1200,0,1,1,""
519566,DATA,63.0,0.0,1977,1968,3563,1050,1200,0,1,1,""
520067,DATA,63.0,0.0,1987,1977,4157,1050,1200,0,1,1,""
520568,DATA,63.0,0.0,1992,1984,4157,1050,1200,0,1,1,""
521069,DATA,63.0,0.0,1993,1989,4158,1050,1200,0,1,1,""
521570,DATA,63.3,2.0,1995,1992,4157,1050,1200,0,1,1,""
522071,DATA,63.0,0.0,1997,1995,4157,1050,1200,0,1,1,""
522572,DATA,63.0,0.0,1995,1995,4157,1050,1200,0,1,1,""
523073,DATA,63.3,2.1,1993,1994,3563,1050,1200,0,1,1,""
523574,DATA,63.3,0.0,1993,1994,4160,1050,1200,0,1,1,""
524075,DATA,63.3,2.1,1993,1993,4117,1050,1200,0,1,1,""
524576,DATA,63.3,0.0,1994,1993,3564,1050,1200,0,1,1,""
525077,DATA,63.3,0.0,1997,1995,4159,1050,1200,0,1,1,""
525578,DATA,63.3,0.0,1998,1997,4117,1050,1200,0,1,1,""
526079,DATA,63.3,0.0,1997,1997,3563,1050,1200,0,1,1,""
526580,DATA,63.3,0.0,1998,1997,4160,1050,1200,0,1,1,""
527081,DATA,63.5,0.0,1999,1998,4116,1050,1200,0,1,1,""
527582,DATA,63.5,0.0,2003,2000,4158,1050,1200,0,1,1,""
528083,DATA,63.5,0.0,2001,2001,4157,1050,1200,0,1,1,""
528584,DATA,63.5,0.0,1999,2000,3566,1050,1200,0,1,1,""
529085,DATA,63.5,0.0,1998,2000,4116,1050,1200,0,1,1,""
529586,DATA,63.5,0.0,1998,1998,4157,1050,1200,0,1,1,""
530087,DATA,63.5,0.0,2000,1999,4159,1050,1200,0,1,1,""
530588,DATA,63.5,0.0,2000,2000,4117,1050,1200,0,1,1,""
531089,DATA,63.5,0.0,1997,1999,3564,1050,1200,0,1,1,""
531590,DATA,63.7,2.1,1993,1996,4160,1050,1200,0,1,1,""
532091,DATA,63.7,0.0,1992,1994,4116,1050,1200,0,1,1,""
532592,DATA,63.5,0.0,1992,1993,4157,1050,1200,0,1,1,""
533093,DATA,63.5,0.0,1991,1992,3563,1050,1200,0,1,1,""
533594,DATA,63.7,0.0,1991,1991,4157,1050,1200,0,1,1,""
534095,DATA,63.7,2.1,1991,1991,4159,1050,1200,0,1,1,""
534596,DATA,63.7,0.0,1992,1991,4117,1050,1200,0,1,1,""
535097,DATA,63.7,0.0,1991,1991,3563,1050,1200,0,1,1,""
535598,DATA,63.7,0.0,1992,1991,4160,1050,1200,0,1,1,""
536099,DATA,63.7,0.0,1994,1993,4116,1050,1200,0,1,1,""
536600,DATA,64.0,2.0,1993,1993,4157,1050,1200,0,1,1,""
537101,DATA,63.7,0.0,1984,1990,4157,1050,1200,0,1,1,""
537602,DATA,64.0,2.1,1972,1982,4157,1050,1200,0,1,1,""
538103,DATA,64.0,0.0,1973,1976,4157,1050,1200,0,1,1,""
538493,EVENT,64.0,0.0,1978,1976,4200,1050,1200,0,1,1,"STARTER 1220"
538610,DATA,64.0,0.0,1980,1977,4157,1050,1204,0,1,1,""
539110,DATA,64.0,0.0,1832,1941,3601,1050,1215,0,1,1,""
539610,DATA,64.2,0.0,1924,1895,4200,1050,1220,0,1,1,""
540110,DATA,64.0,-2.1,2043,1958,4200,1050,1220,0,1,1,""
540610,DATA,64.2,0.0,2109,2031,4200,1050,1220,0,1,1,""
541110,DATA,64.2,0.0,2142,2088,4200,1050,1220,0,1,1,""
541610,DATA,64.2,0.0,2158,2124,4199,1050,1220,0,1,1,""
541973,EVENT,64.2,0.0,2163,2139,4800,1050,1220,0,1,1,"STARTER 1240"
542111,DATA,64.2,0.0,2165,2146,4157,1050,1224,0,1,1,""
542612,DATA,64.2,0.0,2055,2126,4800,1050,1235,0,1,1,""
543113,DATA,64.2,0.0,2114,2101,4800,1050,1240,0,1,1,""
543614,DATA,64.2,0.0,2206,2144,4800,1050,1240,0,1,1,""
544115,DATA,64.2,0.0,2260,2200,4800,1050,1240,0,1,1,""
544533,EVENT,64.2,0.0,2292,2246,4200,1050,1240,0,1,1,"STARTER 1260"
544616,DATA,64.2,0.0,2292,2246,4200,1050,1243,0,1,1,""
545117,DATA,64.5,0.0,2215,2252,4801,1050,1254,0,1,1,""
545618,DATA,64.5,0.0,2148,2204,4800,1050,1260,0,1,1,""
546119,DATA,64.2,-2.1,2126,2164,4800,1050,1260,0,1,1,""
546620,DATA,64.5,0.0,2118,2139,4799,1050,1260,0,1,1,""
547121,DATA,64.5,0.0,2116,2127,4801,1050,1260,0,1,1,""
547622,DATA,64.5,0.0,2149,2126,5400,1050,1260,0,1,1,""
548123,DATA,64.5,0.0,2326,2207,4799,1050,1260,0,1,1,""
548233,EVENT,64.5,0.0,2351,2229,5400,1050,1260,0,1,1,"STARTER 1280"
548630,DATA,64.7,2.1,2373,2301,3619,1050,1271,0,1,1,""
549130,DATA,64.7,0.0,2274,2303,5399,1050,1279,0,1,1,""
549630,DATA,64.7,0.0,2226,2267,4800,1050,1280,0,1,1,""
550130,DATA,64.5,-2.1,2208,2237,5401,1050,1280,0,1,1,""
550630,DATA,64.7,0.0,2164,2208,5400,1050,1280,0,1,1,""
551058,EVENT,64.7,0.0,2335,2238,5400,1050,1280,0,1,1,"STARTER 1300"
551130,DATA,64.7,0.0,2380,2259,4799,1050,1282,0,1,1,""
551630,DATA,64.7,0.0,2361,2336,5398,1050,1294,0,1,1,""
552131,DATA,64.7,0.0,2370,2332,5345,1050,1300,0,1,1,""
552632,DATA,64.7,0.0,2500,2403,5345,1050,1300,0,1,1,""
553133,DATA,64.7,0.0,2611,2501,5345,1050,1300,0,1,1,""
553634,DATA,64.7,0.0,2664,2583,5346,1050,1300,0,1,1,""
554135,DATA,64.7,0.0,2692,2639,5345,1050,1300,0,1,1,""
554636,DATA,64.7,0.0,2711,2676,5346,1050,1300,0,1,1,""
555137,DATA,64.7,0.0,2725,2701,5345,1050,1300,0,1,1,""
555396,EVENT,64.7,0.0,2729,2708,5400,1050,1300,0,1,1,"STARTER 1320"
555650,DATA,64.7,-2.1,2731,2715,5401,1050,1307,0,1,1,""
556150,DATA,65.0,2.1,2720,2720,5399,1050,1317,0,1,1,""
556650,DATA,65.0,0.0,2702,2706,5400,1050,1320,0,1,1,""
557150,DATA,65.0,0.0,2729,2715,5400,1050,1320,0,1,1,""
557650,DATA,65.0,0.0,2741,2728,6000,1050,1320,0,1,1,""
558150,DATA,65.0,0.0,2745,2737,5400,1050,1320,0,1,1,""
558650,DATA,65.0,0.0,2747,2742,5400,1050,1320,0,1,1,""
559033,EVENT,65.0,0.0,2750,2745,5400,1050,1320,0,1,1,"STARTER 1340"
559150,DATA,65.0,0.0,2751,2746,5399,1050,1324,0,1,1,""
559650,DATA,65.0,0.0,2743,2747,5426,1050,1335,0,1,1,""
560150,DATA,65.0,0.0,2747,2744,5400,1050,1340,0,1,1,""
560650,DATA,65.0,0.0,2767,2753,5999,1050,1340,0,1,1,""
561150,DATA,65.0,0.0,2785,2767,5400,1050,1340,0,1,1,""
561650,DATA,65.0,0.0,2801,2783,5400,1050,1340,0,1,1,""
562150,DATA,65.0,0.0,2813,2798,5400,1050,1340,0,1,1,""
562276,EVENT,65.0,0.0,2817,2803,5402,1050,1340,0,1,1,"STARTER 1360"
562650,DATA,65.0,0.0,2809,2807,1500,1050,1350,0,1,1,""
563150,DATA,64.7,-2.1,2982,2881,5400,1050,1359,0,1,1,""
563650,DATA,65.0,0.0,2915,2911,5999,1050,1360,0,1,1,""
564150,DATA,64.7,-2.1,2893,2904,5400,1050,1360,0,1,1,""
564650,DATA,65.0,0.0,2898,2899,6000,1050,1360,0,1,1,""
565150,DATA,65.0,2.1,2913,2904,5400,1050,1360,0,1,1,""
565650,DATA,65.0,0.0,2926,2914,6000,1050,1360,0,1,1,""
565665,EVENT,65.0,0.0,2926,2914,6000,1050,1360,0,1,1,"STARTER 1380"
566150,DATA,65.0,0.0,2939,2921,3000,1050,1373,0,1,1,""
566650,DATA,65.0,0.0,2987,2953,5999,1050,1380,0,1,1,""
567150,DATA,64.7,-2.1,2986,2971,6000,1050,1380,0,1,1,""
567650,DATA,65.0,0.0,2997,2983,6000,1050,1380,0,1,1,""
568150,DATA,64.7,-2.1,3017,2998,6001,1050,1380,0,1,1,""
568650,DATA,65.0,2.1,3038,3016,6000,1050,1380,0,1,1,""
569150,DATA,65.0,2.1,3054,3034,6001,1050,1380,0,1,1,""
569650,DATA,64.7,-2.1,3070,3051,6600,1050,1380,0,1,1,""
570150,DATA,64.7,0.0,3084,3067,6000,1050,1380,0,1,1,""
570444,EVENT,64.7,0.0,3090,3075,6000,1050,1380,0,1,1,"STARTER 1400"
570650,DATA,64.7,0.0,3094,3080,5373,1050,1386,0,1,1,""
571150,DATA,64.7,0.0,3065,3075,6000,1050,1396,0,1,1,""
571650,DATA,64.7,0.0,3071,3065,6000,1050,1400,0,1,1,""
572150,DATA,64.7,0.0,3124,3089,6600,1050,1400,0,1,1,""
572650,DATA,64.7,0.0,3156,3121,6601,1050,1400,0,1,1,""
573150,DATA,64.5,-2.1,3176,3148,6600,1050,1400,0,1,1,""
573650,DATA,64.7,2.1,3194,3170,6600,1050,1400,0,1,1,""
574111,EVENT,64.5,-2.1,3209,3189,6599,1050,1400,0,1,1,"STARTER 1420"
574150,DATA,64.5,-2.1,3209,3189,6599,1050,1401,0,1,1,""
574650,DATA,64.5,0.0,3223,3202,6599,1050,1414,0,1,1,""
575150,DATA,64.5,0.0,3186,3196,6000,1050,1420,0,1,1,""
575650,DATA,64.5,0.0,3234,3209,6600,1050,1420,0,1,1,""
576150,DATA,64.5,0.0,3269,3236,6600,1050,1420,0,1,1,""
576650,DATA,64.5,2.1,3294,3264,6600,1050,1420,0,1,1,""
577150,DATA,64.2,0.0,3314,3288,7200,1050,1420,0,1,1,""
577650,DATA,64.2,0.0,3331,3309,6600,1050,1420,0,1,1,""
578150,DATA,64.2,0.0,3347,3327,6600,1050,1420,0,1,1,""
578352,EVENT,64.2,0.0,3352,3334,7200,1050,1420,0,1,1,"STARTER 1440"
578670,DATA,64.2,2.1,3353,3342,4178,1050,1429,0,1,1,""
579170,DATA,64.0,0.0,3263,3327,6600,1050,1438,0,1,1,""
579670,DATA,63.7,0.0,3302,3297,7200,1050,1440,0,1,1,""
580170,DATA,63.7,0.0,3381,3330,7200,1050,1440,0,1,1,""
580670,DATA,63.7,0.0,3427,3376,7199,1050,1440,0,1,1,""
581170,DATA,63.5,-2.1,3459,3417,6600,1050,1440,0,1,1,""
581670,DATA,63.5,0.0,3482,3449,7201,1050,1440,0,1,1,""
582170,DATA,63.5,0.0,3503,3475,6600,1050,1440,0,1,1,""
582670,DATA,63.5,0.0,3521,3497,6600,1050,1440,0,1,1,""
582741,EVENT,63.5,0.0,3524,3501,7800,1050,1440,0,1,1,"STARTER 1460"
583170,DATA,63.3,-2.1,3471,3499,2000,1050,1451,0,1,1,""
583670,DATA,63.3,0.0,3431,3465,7201,1050,1459,0,1,1,""
584170,DATA,63.3,0.0,3502,3467,7200,1050,1460,0,1,1,""
584670,DATA,63.0,0.0,3582,3518,7200,1050,1460,0,1,1,""
585170,DATA,63.0,0.0,3625,3570,7201,1050,1460,0,1,1,""
585670,DATA,62.7,0.0,3654,3612,7199,1050,1460,0,1,1,""
586170,DATA,63.0,2.1,3674,3643,7201,1050,1460,0,1,1,""
586670,DATA,62.7,0.0,3690,3666,7800,1050,1460,0,1,1,""
587170,DATA,62.5,0.0,3707,3686,7801,1050,1460,0,1,1,""
587670,DATA,62.5,0.0,3716,3701,7801,1050,1460,0,1,1,""
588170,DATA,62.0,-2.1,3727,3713,7200,1050,1460,0,1,1,""
588369,EVENT,62.0,0.0,3747,3721,7719,1050,1460,0,1,1,"STARTER 1480"
588690,DATA,62.0,0.0,3767,3740,5499,1050,1469,0,1,1,""
589190,DATA,61.7,0.0,3716,3734,8401,1050,1478,0,1,1,""
589690,DATA,61.7,0.0,3695,3716,8399,1050,1480,0,1,1,""
590190,DATA,61.7,0.0,3779,3722,8401,1050,1480,0,1,1,""
590690,DATA,61.5,0.0,3963,3825,8400,1050,1480,0,1,1,""
591190,DATA,61.5,0.0,4062,3942,8401,1050,1480,0,1,1,""
591690,DATA,61.2,0.0,4091,4018,8400,1050,1480,0,1,1,""
592190,DATA,61.0,0.0,4059,4049,8401,1050,1480,0,1,1,""
592690,DATA,60.8,0.0,4061,4052,8401,1050,1480,0,1,1,""
593190,DATA,61.0,4.2,4081,4066,7800,1050,1480,0,1,1,""
593690,DATA,60.2,-2.1,4086,4075,7801,1050,1480,0,1,1,""
594190,DATA,60.2,0.0,4097,4085,8400,1050,1480,0,1,1,""
594690,DATA,60.0,0.0,4110,4097,7801,1050,1480,0,1,1,""
595190,DATA,60.0,0.0,4114,4106,8999,1050,1480,0,1,1,""
595690,DATA,59.5,-2.1,4116,4111,9001,1050,1480,0,1,1,""
596190,DATA,59.5,0.0,4118,4115,8400,1050,1480,0,1,1,""
596690,DATA,59.0,-2.1,4115,4115,8400,1050,1480,0,1,1,""
597190,DATA,58.7,0.0,4112,4114,8401,1050,1480,0,1,1,""
597690,DATA,58.0,-2.1,4107,4111,8399,1050,1480,0,1,1,""
598190,DATA,57.7,-4.2,4103,4107,8401,1050,1480,0,1,1,""
598690,DATA,57.5,-2.1,4105,4105,7800,1050,1480,0,1,1,""
599190,DATA,57.2,-2.1,4107,4106,8400,1050,1480,0,1,1,""
599690,DATA,57.0,0.0,4105,4106,7800,1050,1480,0,1,1,""
599783,EVENT,57.0,0.0,4105,4106,8399,1050,1480,1,1,1,"IGN ON"
600190,DATA,56.7,0.0,4103,4105,8401,1050,1480,1,1,1,""
600690,DATA,56.5,-2.1,4088,4099,7799,1050,1480,1,1,1,""
601190,DATA,56.2,0.0,4075,4088,7800,1050,1480,1,1,1,""
601690,DATA,55.8,-2.1,4065,4077,8401,1050,1480,1,1,1,""
602190,DATA,55.8,0.0,4057,4067,7799,1050,1480,1,1,1,""
602690,DATA,55.5,0.0,4049,4059,8400,1050,1480,1,1,1,""
603190,DATA,55.2,0.0,4035,4048,8401,1050,1480,1,1,1,""
603690,DATA,54.7,0.0,4024,4037,8401,1050,1480,1,1,1,""
604190,DATA,54.5,-2.1,4018,4027,8400,1050,1480,1,1,1,""
604690,DATA,54.2,-2.1,4018,4022,8400,1050,1480,1,1,1,""
605190,DATA,54.0,0.0,4024,4022,8400,1050,1480,1,1,1,""
605511,EVENT,54.0,0.0,4028,4024,7800,1050,1480,0,1,1,"IGN OFF"
605690,DATA,53.7,-2.1,4030,4025,7802,1050,1480,0,1,1,""
606190,DATA,53.5,0.0,4038,4031,7800,1050,1480,0,1,1,""
606628,EVENT,53.3,0.0,4047,4037,8400,1050,1480,1,1,1,"IGN ON"
606690,DATA,53.3,0.0,4049,4039,7799,1050,1480,1,1,1,""
607190,DATA,53.0,0.0,4052,4046,8400,1050,1480,1,1,1,""
607690,DATA,53.0,0.0,4046,4047,8401,1050,1480,1,1,1,""
608190,DATA,52.5,0.0,4033,4042,7800,1050,1480,1,1,1,""
608326,EVENT,52.5,0.0,4031,4040,7799,1050,1480,1,1,1,"PUMP 1055"
608690,DATA,52.2,-2.1,4025,4034,7799,1051,1480,1,1,1,""
609190,DATA,52.2,0.0,4020,4027,7801,1053,1480,1,1,1,""
609690,DATA,52.0,0.0,4014,4021,8400,1055,1480,1,1,1,""
610190,DATA,51.7,0.0,4006,4014,8400,1055,1480,1,1,1,""
610690,DATA,51.5,0.0,4000,4007,7801,1055,1480,1,1,1,""
611190,DATA,51.2,0.0,3998,4002,8400,1055,1480,1,1,1,""
611690,DATA,51.0,-2.1,3996,3999,7800,1055,1480,1,1,1,""
612190,DATA,51.0,0.0,3995,3997,8400,1055,1480,1,1,1,""
612690,DATA,50.8,0.0,3992,3995,7800,1055,1480,1,1,1,""
613190,DATA,50.5,0.0,3992,3993,8401,1055,1480,1,1,1,""
613493,EVENT,50.5,2.1,3994,3993,7804,1055,1480,0,1,1,"IGN OFF"
613690,DATA,50.2,0.0,3995,3994,7802,1055,1480,0,1,1,""
614190,DATA,50.0,0.0,3997,3995,7800,1055,1480,0,1,1,""
614690,DATA,49.7,0.0,4001,3997,7800,1055,1480,0,1,1,""
614900,EVENT,49.5,-2.1,4003,3999,7721,1055,1480,0,1,1,"PUMP 1060"
615190,DATA,49.5,0.0,4006,4001,7800,1055,1480,0,1,1,""
615690,DATA,49.5,0.0,4009,4005,7799,1058,1480,0,1,1,""
616190,DATA,49.2,0.0,4006,4007,7801,1060,1480,0,1,1,""
616690,DATA,49.0,0.0,3999,4003,8399,1060,1480,0,1,1,""
616957,EVENT,48.7,-2.1,3995,4001,8403,1060,1480,1,1,1,"IGN ON"
617190,DATA,48.7,0.0,3994,3999,7800,1060,1480,1,1,1,""
617690,DATA,48.7,0.0,3989,3994,7800,1060,1480,1,1,1,""
618190,DATA,48.5,0.0,3985,3990,7801,1060,1480,1,1,1,""
618690,DATA,48.3,0.0,3982,3986,8401,1060,1480,1,1,1,""
619190,DATA,48.0,-2.1,3977,3982,7799,1060,1480,1,1,1,""
619690,DATA,48.0,0.0,3975,3978,7799,1060,1480,1,1,1,""
620190,DATA,48.0,0.0,3973,3976,8400,1060,1480,1,1,1,""
620690,DATA,47.7,0.0,3971,3974,7800,1060,1480,1,1,1,""
621190,DATA,47.5,0.0,3968,3971,7800,1060,1480,1,1,1,""
621690,DATA,47.5,0.0,3967,3969,8401,1060,1480,1,1,1,""
622080,EVENT,47.2,0.0,3965,3967,7799,1060,1480,1,1,1,"STARTER 1460"
622210,DATA,47.2,0.0,3963,3967,8998,1060,1476,1,1,1,""
622251,EVENT,47.2,0.0,3963,3967,8998,1060,1475,1,1,1,"STARTER 1440"
622451,EVENT,47.2,0.0,3970,3967,2755,1060,1466,1,1,1,"STARTER 1420"
622730,DATA,47.2,2.1,3974,3969,2000,1060,1449,1,1,1,""
622771,EVENT,47.0,-1.6,3930,3963,1495,1060,1445,1,1,1,"STARTER 1380"
622903,EVENT,47.0,-1.6,3868,3949,2007,1060,1437,1,1,1,"STARTER 1360"
623091,EVENT,47.0,0.0,3803,3927,2500,1060,1419,1,1,1,"STARTER 1340"
623250,DATA,47.0,0.0,3685,3867,2024,1060,1404,1,1,1,""
623291,EVENT,47.0,0.0,3685,3867,2024,1060,1399,1,1,1,"STARTER 1320"
623770,DATA,47.0,0.0,3381,3680,1500,1060,1353,1,1,1,""
624290,DATA,46.7,0.0,3105,3450,1500,1060,1322,1,1,1,""
624790,DATA,46.5,-2.1,2904,3171,6000,1060,1320,1,1,1,""
625290,DATA,46.5,0.0,2921,3029,5400,1060,1320,1,1,1,""
625790,DATA,46.2,0.0,2909,2966,6000,1060,1320,1,1,1,""
626290,DATA,46.2,0.0,2890,2927,6000,1060,1320,1,1,1,""
626790,DATA,46.2,0.0,2875,2901,5400,1060,1320,1,1,1,""
627290,DATA,46.2,0.0,2868,2884,5401,1060,1320,1,1,1,""
627790,DATA,46.0,0.0,2862,2872,6000,1060,1320,1,1,1,""
628290,DATA,46.0,0.0,2860,2866,5401,1060,1320,1,1,1,""
628790,DATA,46.0,0.0,2857,2861,6000,1060,1320,1,1,1,""
628931,EVENT,46.0,0.0,2856,2860,6001,1060,1320,1,1,1,"STARTER 1300"
629111,EVENT,45.8,-1.8,2856,2859,5399,1060,1315,1,1,1,"STARTER 1280"
629271,EVENT,45.8,0.0,2779,2840,2024,1060,1308,1,1,1,"STARTER 1260"
629310,DATA,45.8,0.0,2779,2840,2024,1060,1307,1,1,1,""
629483,EVENT,45.8,0.0,2772,2830,2000,1060,1296,1,1,1,"STARTER 1240"
629830,DATA,45.8,0.0,2584,2759,1500,1060,1271,1,1,1,""
630350,DATA,45.8,0.0,2328,2560,1500,1060,1246,1,1,1,""
630850,DATA,45.5,0.0,2190,2373,4800,1060,1240,1,1,1,""
631350,DATA,45.5,0.0,2241,2290,4200,1060,1240,1,1,1,""
631850,DATA,45.2,0.0,2252,2268,4800,1060,1240,1,1,1,""
631972,EVENT,45.2,0.0,2251,2266,4200,1000,1240,1,0,0,"PUMP OFF"
632350,DATA,45.2,0.0,2244,2257,4200,1000,1240,1,0,0,""
632850,DATA,45.2,0.0,2235,2246,4200,1000,1240,1,0,0,""
633350,DATA,45.2,0.0,2230,2238,4201,1000,1240,1,0,0,""
633595,EVENT,45.2,2.0,2228,2235,4201,1000,1240,0,0,0,"IGN OFF"
633850,DATA,45.0,-2.1,2226,2232,4200,1000,1240,0,0,0,""
634350,DATA,44.7,-2.1,2225,2228,4200,1000,1240,0,0,0,""
634850,DATA,44.7,0.0,2227,2227,4201,1000,1240,0,0,0,""
635350,DATA,44.7,0.0,2228,2228,4800,1000,1240,0,0,0,""
635850,DATA,44.5,-2.1,2229,2228,4801,1000,1240,0,0,0,""
636350,DATA,44.5,0.0,2227,2228,4200,1000,1240,0,0,0,""
636850,DATA,44.5,0.0,2226,2227,4200,1000,1240,0,0,0,""
637350,DATA,44.5,0.0,2226,2226,4200,1000,1240,0,0,0,""
637850,DATA,44.5,0.0,2227,2227,4800,1000,1240,0,0,0,""
638350,DATA,44.2,0.0,2228,2227,4800,1000,1240,0,0,0,""
638850,DATA,44.2,0.0,2228,2227,4200,1000,1240,0,0,0,""
639350,DATA,44.2,0.0,2225,2227,4200,1000,1240,0,0,0,""
639603,EVENT,44.0,0.0,2223,2226,4704,1000,1240,0,0,0,"STARTER 1260"
639776,EVENT,44.0,0.0,2223,2225,4801,1000,1245,0,0,0,"STARTER 1280"
639850,DATA,44.0,0.0,2223,2225,4801,1000,1247,0,0,0,""
640011,EVENT,44.0,0.0,2159,2209,1506,1000,1255,0,0,0,"STARTER 1300"
640370,DATA,44.0,0.0,2152,2187,1500,1000,1275,0,0,0,""
640890,DATA,44.0,0.0,2166,2175,1500,1000,1296,0,0,0,""
641390,DATA,44.0,0.0,2452,2259,4800,1000,1300,0,0,0,""
641890,DATA,44.0,2.1,2696,2465,5399,1000,1300,0,0,0,""
642390,DATA,43.7,0.0,2785,2631,5401,1000,1300,0,0,0,""
642890,DATA,43.7,0.0,2718,2693,5400,1000,1300,0,0,0,""
643390,DATA,43.5,-2.1,2682,2692,5400,1000,1300,0,0,0,""
643890,DATA,43.3,-2.1,2679,2685,5400,1000,1300,0,0,0,""
644147,EVENT,43.3,0.0,2681,2684,5400,1000,1300,0,1,0,"VALVE1 ON"
644390,DATA,43.3,0.0,2685,2684,5400,1000,1300,0,1,0,""
644890,DATA,43.3,0.0,2687,2686,5400,1000,1300,0,1,0,""
645055,EVENT,43.3,0.0,2686,2686,5401,1000,1300,0,1,1,"VALVE2 ON"
645390,DATA,43.3,0.0,2683,2685,5400,1000,1300,0,1,1,""
645890,DATA,43.3,2.1,2682,2683,5399,1000,1300,0,1,1,""
646165,EVENT,43.3,0.0,2681,2683,5400,1000,1300,0,1,1,"PUMP 1050"
646390,DATA,43.3,0.0,2681,2682,5405,1003,1300,0,1,1,""
646910,DATA,43.0,0.0,2688,2683,1500,1023,1300,0,1,1,""
647430,DATA,43.0,0.0,2704,2692,1500,1046,1300,0,1,1,""
647685,EVENT,43.0,0.0,2708,2696,4224,1050,1300,1,1,1,"IGN ON"
647930,DATA,43.0,0.0,2704,2700,5400,1050,1300,1,1,1,""
648430,DATA,43.0,0.0,2641,2667,5400,1050,1300,1,1,1,""
648930,DATA,43.0,0.0,2666,2662,5400,1050,1300,1,1,1,""
649430,DATA,42.7,0.0,2678,2669,5400,1050,1300,1,1,1,""
649930,DATA,42.7,2.1,2684,2676,5399,1050,1300,1,1,1,""
650430,DATA,42.5,-2.1,2687,2682,5399,1050,1300,1,1,1,""
650930,DATA,42.5,0.0,2688,2685,5400,1050,1300,1,1,1,""
651430,DATA,42.2,-2.1,2687,2686,5400,1050,1300,1,1,1,""
651930,DATA,42.5,0.0,2687,2687,5400,1050,1300,1,1,1,""
652430,DATA,42.2,-2.1,2684,2686,5401,1050,1300,1,1,1,""
652930,DATA,42.2,0.0,2687,2686,5400,1050,1300,1,1,1,""
653430,DATA,42.2,0.0,2688,2687,5400,1050,1300,1,1,1,""
653774,EVENT,42.2,0.0,2686,2687,5400,1050,1300,0,1,1,"IGN OFF"
653930,DATA,42.0,-2.1,2685,2686,6001,1050,1300,0,1,1,""
654384,EVENT,42.2,2.1,2685,2686,6001,1050,1300,1,1,1,"IGN ON"
654430,DATA,42.2,2.1,2685,2686,5399,1050,1300,1,1,1,""
654930,DATA,42.2,0.0,2682,2684,5400,1050,1300,1,1,1,""
655430,DATA,42.0,0.0,2679,2682,5400,1050,1300,1,1,1,""
655930,DATA,42.0,0.0,2680,2681,5400,1050,1300,1,1,1,""
656430,DATA,42.0,2.1,2683,2681,5400,1050,1300,1,1,1,""
656930,DATA,41.7,0.0,2687,2684,5399,1050,1300,1,1,1,""
657430,DATA,41.7,0.0,2687,2686,5400,1050,1300,1,1,1,""
657930,DATA,41.7,0.0,2686,2686,5400,1050,1300,1,1,1,""
658430,DATA,41.7,2.1,2685,2685,5400,1050,1300,1,1,1,""
658930,DATA,41.5,0.0,2685,2685,5400,1050,1300,1,1,1,""
659430,DATA,41.5,0.0,2685,2685,5400,1050,1300,1,1,1,""
659900,EVENT,41.5,0.0,2682,2684,5400,1050,1300,0,1,1,"IGN OFF"
659930,DATA,41.5,0.0,2682,2684,5399,1050,1300,0,1,1,""
660205,EVENT,41.5,2.1,2682,2683,5400,1050,1300,1,1,1,"IGN ON"
660430,DATA,41.2,-2.1,2682,2683,5400,1050,1300,1,1,1,""
660930,DATA,41.5,2.1,2679,2682,5400,1050,1300,1,1,1,""
661430,DATA,41.2,0.0,2673,2678,5400,1050,1300,1,1,1,""
661930,DATA,41.2,0.0,2670,2674,5400,1050,1300,1,1,1,""
662430,DATA,41.2,0.0,2673,2673,5400,1050,1300,1,1,1,""
662930,DATA,41.2,0.0,2678,2675,5400,1050,1300,1,1,1,""
663430,DATA,41.0,-2.1,2681,2678,5400,1050,1300,1,1,1,""
663930,DATA,41.0,0.0,2678,2679,5400,1050,1300,1,1,1,""
664430,DATA,41.0,0.0,2676,2677,5400,1050,1300,1,1,1,""
664930,DATA,41.0,0.0,2674,2676,4800,1050,1300,1,1,1,""
665430,DATA,40.8,0.0,2672,2674,5400,1050,1300,1,1,1,""
665930,DATA,40.8,0.0,2676,2674,5399,1050,1300,1,1,1,""
666430,DATA,40.8,0.0,2679,2676,5400,1050,1300,1,1,1,""
666930,DATA,40.8,0.0,2682,2679,5400,1050,1300,1,1,1,""
667430,DATA,40.8,2.1,2683,2681,5400,1050,1300,1,1,1,""
667930,DATA,40.8,0.0,2681,2681,4800,1050,1300,1,1,1,""
668430,DATA,40.5,-2.1,2682,2682,5401,1050,1300,1,1,1,""
668930,DATA,40.5,0.0,2684,2683,5400,1050,1300,1,1,1,""
669430,DATA,40.2,-2.1,2684,2684,5400,1050,1300,1,1,1,""
669930,DATA,40.5,0.0,2686,2685,4799,1050,1300,1,1,1,""
670430,DATA,40.2,0.0,2688,2686,5401,1050,1300,1,1,1,""
670930,DATA,40.2,0.0,2689,2687,5401,1050,1300,1,1,1,""
671430,DATA,40.2,0.0,2689,2688,5401,1050,1300,1,1,1,""
671930,DATA,40.2,0.0,2688,2689,5399,1050,1300,1,1,1,""
672086,EVENT,40.2,0.0,2688,2688,5400,1050,1300,0,1,1,"IGN OFF"
672430,DATA,40.2,0.0,2687,2688,4800,1050,1300,0,1,1,""
672930,DATA,40.0,-2.1,2686,2687,5400,1050,1300,0,1,1,""
673372,EVENT,40.0,-2.1,2683,2685,5400,1050,1300,1,1,1,"IGN ON"
673430,DATA,40.0,-2.1,2682,2685,5399,1050,1300,1,1,1,""
673930,DATA,40.0,-2.1,2679,2682,4800,1050,1300,1,1,1,""
674430,DATA,40.0,0.0,2679,2680,5400,1050,1300,1,1,1,""
674930,DATA,40.0,0.0,2680,2680,5400,1050,1300,1,1,1,""
675430,DATA,39.7,-2.1,2680,2680,5400,1050,1300,1,1,1,""
675930,DATA,40.0,0.0,2680,2680,5400,1050,1300,1,1,1,""
676430,DATA,40.0,2.1,2680,2680,5401,1050,1300,1,1,1,""
676930,DATA,39.7,0.0,2680,2680,4800,1050,1300,1,1,1,""
677430,DATA,39.7,0.0,2679,2679,5400,1050,1300,1,1,1,""
677930,DATA,39.7,0.0,2681,2680,5400,1050,1300,1,1,1,""
678430,DATA,39.5,-2.1,2682,2681,5400,1050,1300,1,1,1,""
678930,DATA,39.5,-2.1,2683,2682,5400,1050,1300,1,1,1,""
679430,DATA,39.5,0.0,2682,2682,5400,1050,1300,1,1,1,""
679930,DATA,39.5,0.0,2681,2682,5400,1050,1300,1,1,1,""
680430,DATA,39.5,0.0,2680,2681,5400,1050,1300,1,1,1,""
680930,DATA,39.5,0.0,2679,2680,5400,1050,1300,1,1,1,""
681430,DATA,39.5,0.0,2678,2679,5400,1050,1300,1,1,1,""
681930,DATA,39.5,0.0,2678,2678,5399,1050,1300,1,1,1,""
682430,DATA,39.2,-2.1,2680,2679,5400,1050,1300,1,1,1,""
682930,DATA,39.2,0.0,2679,2679,5399,1050,1300,1,1,1,""
683430,DATA,39.2,0.0,2678,2679,5399,1050,1300,1,1,1,""
683585,EVENT,39.2,0.0,2678,2679,5400,1000,1300,0,0,0,"EV:A03_ESTOP"
683930,DATA,39.2,0.0,2677,2678,5400,1000,1300,0,0,0,""
684430,DATA,39.2,0.0,2676,2677,5400,1000,1300,0,0,0,""
684930,DATA,39.2,0.0,2676,2676,5400,1000,1300,0,0,0,""
685430,DATA,39.2,2.1,2676,2676,5400,1000,1300,0,0,0,""
685930,DATA,39.0,-2.1,2675,2676,5400,1000,1300,0,0,0,""
686430,DATA,39.0,0.0,2675,2675,5400,1000,1300,0,0,0,""
686930,DATA,39.0,-2.1,2675,2675,5400,1000,1300,0,0,0,""
687430,DATA,39.0,-2.1,2675,2675,5400,1000,1300,0,0,0,""
687930,DATA,39.0,0.0,2674,2675,5400,1000,1300,0,0,0,""
688430,DATA,39.0,0.0,2675,2674,5401,1000,1300,0,0,0,""
688930,DATA,39.0,0.0,2678,2676,5400,1000,1300,0,0,0,""
689430,DATA,39.0,0.0,2679,2678,5400,1000,1300,0,0,0,""
689930,DATA,39.0,0.0,2679,2678,5400,1000,1300,0,0,0,""
690430,DATA,39.0,0.0,2679,2679,5400,1000,1300,0,0,0,""
690930,DATA,39.0,2.1,2677,2678,5400,1000,1300,0,0,0,""
691430,DATA,38.7,0.0,2674,2676,5400,1000,1300,0,0,0,""
691930,DATA,38.7,0.0,2673,2675,5400,1000,1300,0,0,0,""
692430,DATA,38.7,0.0,2674,2674,5400,1000,1300,0,0,0,""
692930,DATA,38.7,0.0,2673,2674,5399,1000,1300,0,0,0,""
693430,DATA,38.7,0.0,2674,2674,5400,1000,1300,0,0,0,""
693930,DATA,38.7,0.0,2674,2674,5400,1000,1300,0,0,0,""
694430,DATA,38.5,-2.1,2673,2673,5400,1000,1300,0,0,0,""
694930,DATA,38.5,-2.1,2673,2673,5401,1000,1300,0,0,0,""
695430,DATA,38.5,-2.1,2675,2674,5400,1000,1300,0,0,0,""
695930,DATA,38.5,0.0,2677,2675,5399,1000,1300,0,0,0,""
696430,DATA,38.5,0.0,2679,2677,4800,1000,1300,0,0,0,""
696930,DATA,38.5,0.0,2678,2678,5401,1000,1300,0,0,0,""
697430,DATA,38.5,0.0,2677,2678,5400,1000,1300,0,0,0,""
697930,DATA,38.5,0.0,2675,2677,4799,1000,1300,0,0,0,""
698106,EVENT,38.5,0.0,2674,2676,5400,1000,1300,0,1,0,"VALVE1 ON"
698430,DATA,38.5,0.0,2671,2674,5400,1000,1300,0,1,0,""
698930,DATA,38.2,0.0,2671,2672,5400,1000,1300,0,1,0,""
699430,DATA,38.2,0.0,2672,2672,5400,1000,1300,0,1,0,""
699930,DATA,38.2,0.0,2671,2672,5400,1000,1300,0,1,0,""
700430,DATA,38.2,0.0,2671,2671,5400,1000,1300,0,1,0,""
700482,EVENT,38.2,0.0,2671,2671,5400,1000,1300,0,1,1,"VALVE2 ON"
700930,DATA,38.2,0.0,2670,2671,5401,1000,1300,0,1,1,""
701430,DATA,38.2,0.0,2671,2671,5402,1000,1300,0,1,1,""
701930,DATA,38.2,0.0,2671,2671,4802,1000,1300,0,1,1,""
702430,DATA,38.0,-2.1,2671,2671,5402,1000,1300,0,1,1,""
702906,EVENT,38.2,0.0,2671,2671,5401,1000,1300,1,1,1,"IGN ON"
702930,DATA,38.2,0.0,2671,2671,5401,1000,1300,1,1,1,""
703430,DATA,38.2,0.0,2670,2671,5403,1000,1300,1,1,1,""
703930,DATA,38.2,0.0,2670,2670,5402,1000,1300,1,1,1,""
704210,EVENT,38.2,2.1,2670,2670,5400,1000,1300,1,1,1,"PUMP 1050"
704430,DATA,38.2,2.1,2671,2670,4802,1003,1300,1,1,1,""
704930,DATA,38.0,0.0,2641,2661,1500,1022,1300,1,1,1,""
705450,DATA,38.2,1.7,2649,2654,1667,1045,1300,1,1,1,""
705950,DATA,38.0,0.0,2635,2652,5400,1050,1300,1,1,1,""
706450,DATA,38.0,0.0,2637,2640,5400,1050,1300,1,1,1,""
706950,DATA,38.0,0.0,2654,2645,4799,1050,1300,1,1,1,""
707450,DATA,38.0,0.0,2663,2654,5400,1050,1300,1,1,1,""
707950,DATA,38.0,0.0,2667,2660,5400,1050,1300,1,1,1,""
708450,DATA,38.0,0.0,2668,2664,5400,1050,1300,1,1,1,""
708950,DATA,38.0,0.0,2668,2666,5401,1050,1300,1,1,1,""
709450,DATA,38.0,0.0,2666,2667,5400,1050,1300,1,1,1,""
709950,DATA,38.0,0.0,2667,2667,5400,1050,1300,1,1,1,""
710450,DATA,37.7,0.0,2665,2666,5400,1050,1300,1,1,1,""
710950,DATA,37.7,0.0,2665,2665,5400,1050,1300,1,1,1,""
711450,DATA,38.0,2.1,2666,2665,4800,1050,1300,1,1,1,""
711950,DATA,37.7,0.0,2666,2666,5401,1050,1300,1,1,1,""
712450,DATA,37.7,0.0,2666,2666,5400,1050,1300,1,1,1,""
712950,DATA,37.7,0.0,2666,2666,5400,1050,1300,1,1,1,""
713450,DATA,37.7,0.0,2667,2666,5401,1050,1300,1,1,1,""
713950,DATA,37.7,0.0,2667,2667,5400,1050,1300,1,1,1,""
714450,DATA,37.7,0.0,2667,2667,5400,1050,1300,1,1,1,""
714950,DATA,37.7,2.1,2666,2666,4800,1050,1300,1,1,1,""
715450,DATA,37.5,-2.1,2665,2666,5400,1050,1300,1,1,1,""
715950,DATA,37.7,0.0,2663,2664,5401,1050,1300,1,1,1,""
716450,DATA,37.5,-2.1,2661,2663,5400,1050,1300,1,1,1,""
716950,DATA,37.7,0.0,2662,2662,5399,1050,1300,1,1,1,""
717450,DATA,37.5,0.0,2661,2662,5401,1050,1300,1,1,1,""
717950,DATA,37.5,0.0,2658,2660,5400,1050,1300,1,1,1,""
718450,DATA,37.5,2.1,2658,2659,5400,1050,1300,1,1,1,""
718950,DATA,37.5,0.0,2662,2660,5400,1050,1300,1,1,1,""
719450,DATA,37.5,0.0,2662,2661,5399,1050,1300,1,1,1,""
719950,DATA,37.5,0.0,2661,2661,5399,1050,1300,1,1,1,""
720053,EVENT,37.5,0.0,2661,2661,5400,1050,1300,0,1,1,"IGN OFF"
720450,DATA,37.5,0.0,2660,2661,5400,1050,1300,0,1,1,""
720950,DATA,37.2,0.0,2659,2660,5400,1050,1300,0,1,1,""
720970,EVENT,37.2,0.0,2659,2660,5400,1000,1300,0,0,0,"PUMP OFF"
721950,DATA,37.2,0.0,2660,2659,5401,1000,1300,0,0,0,""
722450,DATA,37.2,-2.1,2659,2659,5400,1000,1300,0,0,0,""
722950,DATA,37.2,0.0,2658,2659,5400,1000,1300,0,0,0,""
723450,DATA,37.2,0.0,2657,2658,5400,1000,1300,0,0,0,""
723950,DATA,37.2,0.0,2657,2658,4800,1000,1300,0,0,0,""
724450,DATA,37.2,0.0,2658,2658,5400,1000,1300,0,0,0,""
724950,DATA,37.2,0.0,2658,2658,5399,1000,1300,0,0,0,""
725450,DATA,37.2,0.0,2657,2658,5399,1000,1300,0,0,0,""
725950,DATA,37.2,0.0,2658,2657,5400,1000,1300,0,0,0,""
726450,DATA,37.2,0.0,2659,2658,5400,1000,1300,0,0,0,""
726950,DATA,37.2,2.1,2660,2659,5400,1000,1300,0,0,0,""
727450,DATA,37.2,0.0,2659,2659,5400,1000,1300,0,0,0,""
727950,DATA,37.2,0.0,2656,2658,5400,1000,1300,0,0,0,""
728450,DATA,37.2,0.0,2655,2657,5400,1000,1300,0,0,0,""
728950,DATA,37.0,0.0,2656,2656,5400,1000,1300,0,0,0,""
729450,DATA,37.0,-2.1,2656,2656,5402,1000,1300,0,0,0,""
729950,DATA,37.0,0.0,2655,2655,5402,1000,1300,0,0,0,""
730450,DATA,37.0,0.0,2656,2655,5401,1000,1300,0,0,0,""
730950,DATA,37.0,-2.1,2655,2655,5402,1000,1300,0,0,0,""
731450,DATA,37.0,0.0,2652,2654,5401,1000,1300,0,0,0,""
731950,DATA,37.0,0.0,2649,2652,5402,1000,1300,0,0,0,""
732450,DATA,37.0,0.0,2648,2650,5401,1000,1300,0,0,0,""
732950,DATA,37.0,0.0,2649,2649,4802,1000,1300,0,0,0,""
733450,DATA,37.0,0.0,2649,2649,5402,1000,1300,0,0,0,""
733950,DATA,37.0,0.0,2650,2649,5402,1000,1300,0,0,0,""
734450,DATA,36.7,-2.1,2651,2650,5401,1000,1300,0,0,0,""
734950,DATA,36.7,0.0,2652,2651,5403,1000,1300,0,0,0,""
735450,DATA,36.7,-2.1,2651,2651,5402,1000,1300,0,0,0,""
735950,DATA,36.7,-2.1,2648,2650,5402,1000,1300,0,0,0,""
736450,DATA,36.7,-2.1,2646,2648,6002,1000,1300,0,0,0,""
736950,DATA,36.7,0.0,2644,2646,5401,1000,1300,0,0,0,""
737450,DATA,36.7,0.0,2642,2644,4802,1000,1300,0,0,0,""
737950,DATA,36.7,0.0,2642,2643,5401,1000,1300,0,0,0,""
738450,DATA,36.7,0.0,2643,2643,5402,1000,1300,0,0,0,""
738950,DATA,36.7,0.0,2643,2643,5402,1000,1300,0,0,0,""
739450,DATA,36.7,0.0,2643,2643,5402,1000,1300,0,0,0,""
739950,DATA,36.7,0.0,2643,2643,5401,1000,1300,0,0,0,""
740450,DATA,36.7,0.0,2641,2642,5401,1000,1300,0,0,0,""
740950,DATA,36.7,0.0,2706,2657,6003,1000,1300,0,0,0,""
741450,DATA,36.7,0.0,2682,2678,6002,1000,1300,0,0,0,""
741950,DATA,36.7,0.0,2655,2669,4801,1000,1300,0,0,0,""
742450,DATA,36.7,0.0,2647,2658,4801,1000,1300,0,0,0,""
742950,DATA,36.7,0.0,2646,2652,5402,1000,1300,0,0,0,""
743450,DATA,36.7,0.0,2647,2649,5401,1000,1300,0,0,0,""
743950,DATA,36.7,2.1,2649,2649,5403,1000,1300,0,0,0,""
744450,DATA,36.5,0.0,2650,2649,4803,1000,1300,0,0,0,""
744950,DATA,36.5,-2.0,2648,2649,5402,1000,1300,0,0,0,""
745450,DATA,36.7,0.0,2647,2648,5402,1000,1300,0,0,0,""
745950,DATA,36.7,2.1,2644,2646,5402,1000,1300,0,0,0,""
746450,DATA,36.5,-2.1,2643,2644,5402,1000,1300,0,0,0,""
746950,DATA,36.7,0.0,2642,2643,5402,1000,1300,0,0,0,""
747450,DATA,36.5,-2.1,2642,2643,5402,1000,1300,0,0,0,""
747950,DATA,36.5,0.0,2620,2635,5402,1000,1300,0,0,0,""
748450,DATA,36.5,0.0,2618,2625,4803,1000,1300,0,0,0,""
748950,DATA,36.5,-2.1,2627,2624,4801,1000,1300,0,0,0,""
749450,DATA,36.5,0.0,2635,2629,4803,1000,1300,0,0,0,""
749950,DATA,36.7,2.1,2640,2634,5938,1000,1300,0,0,0,""
750450,DATA,36.5,0.0,2642,2638,5345,1000,1300,0,0,0,""
750950,DATA,36.5,0.0,2642,2640,5344,1000,1300,0,0,0,""
751450,DATA,36.5,0.0,2643,2642,5345,1000,1300,0,0,0,""
751950,DATA,36.5,0.0,2643,2643,5346,1000,1300,0,0,0,""
752450,DATA,36.5,0.0,2643,2643,4751,1000,1300,0,0,0,""
752950,DATA,36.5,0.0,2643,2643,5344,1000,1300,0,0,0,""
753450,DATA,36.5,0.0,2642,2643,5346,1000,1300,0,0,0,""
753950,DATA,36.5,0.0,2640,2642,5345,1000,1300,0,0,0,""
754450,DATA,36.5,0.0,2639,2640,5344,1000,1300,0,0,0,""
754950,DATA,36.5,0.0,2639,2640,5346,1000,1300,0,0,0,""
755450,DATA,36.5,0.0,2639,2639,5345,1000,1300,0,0,0,""
755950,DATA,36.5,0.0,2639,2639,5345,1000,1300,0,0,0,""
756450,DATA,36.5,0.0,2639,2639,5345,1000,1300,0,0,0,""
756950,DATA,36.2,-2.0,2640,2640,5344,1000,1300,0,0,0,""
757450,DATA,36.2,0.0,2639,2640,5345,1000,1300,0,0,0,""
757950,DATA,36.2,-2.1,2638,2639,5346,1000,1300,0,0,0,""
758450,DATA,36.5,0.0,2637,2638,5345,1000,1300,0,0,0,""
758950,DATA,36.5,0.0,2637,2637,4752,1000,1300,0,0,0,""
759450,DATA,36.5,2.1,2636,2637,4750,1000,1300,0,0,0,""
759950,DATA,36.5,0.0,2634,2636,4752,1000,1300,0,0,0,""
760450,DATA,36.5,0.0,2634,2635,5345,1000,1300,0,0,0,""
760950,DATA,36.2,0.0,2634,2634,5346,1000,1300,0,0,0,""
761450,DATA,36.2,0.0,2634,2634,5345,1000,1300,0,0,0,""
761950,DATA,36.5,0.0,2634,2634,5345,1000,1300,0,0,0,""
762450,DATA,36.5,2.1,2633,2634,5345,1000,1300,0,0,0,""
762950,DATA,36.2,0.0,2632,2633,5345,1000,1300,0,0,0,""
762954,EVENT,36.2,0.0,2632,2633,5345,1000,1300,1,0,0,"IGN ON"
763450,DATA,36.2,-2.1,2632,2632,5344,1000,1300,1,0,0,""
763950,DATA,36.2,-2.1,2633,2632,5345,1000,1300,1,0,0,""
764450,DATA,36.2,-2.1,2632,2632,5345,1000,1300,1,0,0,""
764950,DATA,36.2,0.0,2631,2632,5345,1000,1300,1,0,0,""
765450,DATA,36.2,0.0,2630,2631,5345,1000,1300,1,0,0,""
765950,DATA,36.2,0.0,2629,2630,5344,1000,1300,1,0,0,""
766450,DATA,36.2,0.0,2629,2630,5345,1000,1300,1,0,0,""
766950,DATA,36.2,-2.1,2629,2629,5344,1000,1300,1,0,0,""
767450,DATA,36.2,0.0,2627,2628,4751,1000,1300,1,0,0,""
767950,DATA,36.2,0.0,2626,2627,5345,1000,1300,1,0,0,""
768450,DATA,36.2,0.0,2624,2626,5345,1000,1300,1,0,0,""
768950,DATA,36.2,0.0,2622,2624,5345,1000,1300,1,0,0,""
769450,DATA,36.2,0.0,2620,2622,5344,1000,1300,1,0,0,""
769950,DATA,36.2,2.1,2620,2621,4751,1000,1300,1,0,0,""
770450,DATA,36.2,0.0,2621,2621,5345,1000,1300,1,0,0,""
770950,DATA,36.2,0.0,2623,2622,5345,1000,1300,1,0,0,""
771450,DATA,36.2,0.0,2626,2624,5345,1000,1300,1,0,0,""
771950,DATA,36.2,0.0,2626,2625,5345,1000,1300,1,0,0,""
772450,DATA,36.2,2.1,2623,2624,5345,1000,1300,1,0,0,""
772950,DATA,36.2,0.0,2621,2623,5346,1000,1300,1,0,0,""
773450,DATA,36.0,-2.1,2621,2622,5344,1000,1300,1,0,0,""
773950,DATA,36.2,0.0,2622,2622,5345,1000,1300,1,0,0,""
774450,DATA,36.2,2.1,2621,2622,5344,1000,1300,1,0,0,""
774950,DATA,36.2,0.0,2620,2621,4751,1000,1300,1,0,0,""
775450,DATA,36.0,-2.1,2618,2620,5343,1000,1300,1,0,0,""
775950,DATA,36.2,0.0,2617,2619,5345,1000,1300,1,0,0,""
776450,DATA,36.0,-2.1,2617,2618,4750,1000,1300,1,0,0,""
776950,DATA,36.2,2.1,2618,2618,5344,1000,1300,1,0,0,""
777450,DATA,36.2,2.1,2619,2618,5344,1000,1300,1,0,0,""
777813,EVENT,36.0,0.0,2619,2619,5400,1000,1300,0,0,0,"IGN OFF"
777950,DATA,36.2,2.0,2619,2619,5344,1000,1300,0,0,0,""
778450,DATA,36.2,2.1,2619,2619,4751,1000,1300,0,0,0,""
778950,DATA,36.0,0.0,2617,2618,5346,1000,1300,0,0,0,""
779450,DATA,36.2,0.0,2617,2618,5345,1000,1300,0,0,0,""
779950,DATA,36.0,0.0,2617,2617,4751,1000,1300,0,0,0,""
780450,DATA,36.0,0.0,2616,2617,5344,1000,1300,0,0,0,""
780950,DATA,36.0,-2.0,2615,2616,5345,1000,1300,0,0,0,""
781450,DATA,36.0,0.0,2615,2616,4751,1000,1300,0,0,0,""
781811,EVENT,36.0,0.0,2615,2615,5400,1000,1300,0,0,0,"STARTER OFF"
781970,DATA,36.0,0.0,2574,2609,1866,1000,1238,0,0,0,""
782490,DATA,36.0,0.0,2169,2474,1500,1000,1067,0,0,0,""
782990,DATA,36.2,2.1,1746,2134,4200,1000,1000,0,0,0,""
783490,DATA,36.2,0.0,1821,1941,3600,1000,1000,0,0,0,""
783990,DATA,36.2,0.0,1814,1877,3000,1000,1000,0,0,0,""
784490,DATA,36.2,0.0,1713,1807,3000,1000,1000,0,0,0,""
784990,DATA,36.2,0.0,1558,1664,3000,1000,1000,0,0,0,""
785490,DATA,36.2,0.0,1420,1506,2400,1000,1000,0,0,0,""
785990,DATA,36.2,0.0,1308,1379,2400,1000,1000,0,0,0,""
786490,DATA,36.2,0.0,1210,1271,2400,1000,1000,0,0,0,""
786990,DATA,36.2,0.0,1118,1174,1782,1000,1000,0,0,0,""
787490,DATA,36.2,0.0,1036,1086,1765,1000,1000,0,0,0,""
787990,DATA,36.2,0.0,963,1008,1765,1000,1000,0,0,0,""
788490,DATA,36.2,0.0,895,937,1782,1000,1000,0,0,0,""
788990,DATA,36.2,0.0,832,871,1782,1000,1000,0,0,0,""
789490,DATA,36.2,0.0,774,810,1188,1000,1000,0,0,0,""
789990,DATA,36.2,0.0,721,753,1782,1000,1000,0,0,0,""
790490,DATA,36.2,0.0,667,699,1188,1000,1000,0,0,0,""
790990,DATA,36.2,0.0,901,767,1188,1000,1000,0,0,0,""
791490,DATA,36.2,0.0,1063,975,1188,1000,1000,0,0,0,""
791990,DATA,36.2,0.0,1025,1026,1188,1000,1000,0,0,0,""
792490,DATA,36.2,0.0,948,984,1188,1000,1000,0,0,0,""
792990,DATA,36.2,0.0,869,914,594,1000,1000,0,0,0,""
793490,DATA,36.2,0.0,793,838,1188,1000,1000,0,0,0,""
793990,DATA,36.2,0.0,720,764,594,1000,1000,0,0,0,""
794490,DATA,36.2,0.0,654,695,594,1000,1000,0,0,0,""
794990,DATA,36.2,0.0,585,627,594,1000,1000,0,0,0,""
795490,DATA,36.2,0.0,526,563, 0,1000,1000,0,0,0,""
795990,DATA,36.2,0.0,464,501,594,1000,1000,0,0,0,""
796490,DATA,36.2,0.0, 0, 0,594,1000,1000,0,0,0,""
796991,DATA,36.2,0.0, 0, 0,594,1000,1000,0,0,0,""
797492,DATA,36.2,0.0, 0, 0, 0,1000,1000,0,0,0,""
797993,DATA,36.2,0.0, 0, 0, 0,1000,1000,0,0,0,""
798494,DATA,36.2,0.0, 0, 0,133102,1000,1000,0,0,0,""
798995,DATA,36.2,0.0, 0, 0,1177,1000,1000,0,0,0,""
799496,DATA,36.2,0.0, 0, 0,588,1000,1000,0,0,0,""
799997,DATA,36.2,0.0, 0, 0, 0,1000,1000,0,0,0,""
800498,DATA,36.2,0.0, 0, 0, 0,1000,1000,0,0,0,""
800999,DATA,36.2,0.0,106,145, 0,1000,1000,0,0,0,""
801500,DATA,36.2,0.0, 0, 0, 0,1000,1000,0,0,0,""
802001,DATA,36.2,0.0, 0, 0, 0,1000,1000,0,0,0,""
802502,DATA,36.2,0.0, 0, 0, 0,1000,1000,0,0,0,""
803003,DATA,36.2,0.0, 0, 0, 0,1000,1000,0,0,0,""
803504,DATA,36.2,0.0, 0, 0, 0,1000,1000,0,0,0,""
804005,DATA,36.2,0.0, 0, 0, 0,1000,1000,0,0,0,""
804506,DATA,36.2,0.0, 0, 0, 0,1000,1000,0,0,0,""
805007,DATA,36.2,0.0, 0, 0, 0,1000,1000,0,0,0,""
805508,DATA,36.2,0.0, 0, 0, 0,1000,1000,0,0,0,""
806009,DATA,36.2,0.0, 0, 0, 0,1000,1000,0,0,0,""
806510,DATA,36.2,0.0, 0, 0, 0,1000,1000,0,0,0,""
807011,DATA,36.2,0.0, 0, 0, 0,1000,1000,0,0,0,""
807512,DATA,36.2,0.0, 0, 0,5939,1000,1000,0,0,0,""
808013,DATA,36.2,0.0, 0, 0, 0,1000,1000,0,0,0,""
808514,DATA,36.2,0.0, 0, 0, 0,1000,1000,0,0,0,""
809015,DATA,36.2,0.0, 0, 0, 0,1000,1000,0,0,0,""
809516,DATA,36.2,0.0, 0, 0, 0,1000,1000,0,0,0,""
810017,DATA,36.2,0.0, 0, 0, 0,1000,1000,0,0,0,""
810518,DATA,36.2,0.0, 0, 0, 0,1000,1000,0,0,0,""
811019,DATA,36.2,0.0, 0, 0, 0,1000,1000,0,0,0,""
811520,DATA,36.2,0.0, 0, 0, 0,1000,1000,0,0,0,""
812021,DATA,36.2,0.0, 0, 0, 0,1000,1000,0,0,0,""
812522,DATA,36.2,0.0, 0, 0,14846,1000,1000,0,0,0,""
813023,DATA,36.2,0.0, 0, 0, 0,1000,1000,0,0,0,""
813524,DATA,36.2,0.0, 0, 0, 0,1000,1000,0,0,0,""
814025,DATA,36.2,-2.0, 0, 0, 0,1000,1000,0,0,0,""
814526,DATA,36.2,0.0, 0, 0, 0,1000,1000,0,0,0,""
815027,DATA,36.2,0.0, 0, 0, 0,1000,1000,0,0,0,""
815528,DATA,36.2,0.0, 0, 0, 0,1000,1000,0,0,0,""
816029,DATA,36.2,0.0, 0, 0,16630,1000,1000,0,0,0,""
816530,DATA,36.2,0.0, 0, 0, 0,1000,1000,0,0,0,""
817031,DATA,36.2,0.0, 0, 0, 0,1000,1000,0,0,0,""
817532,DATA,36.2,0.0, 0, 0, 0,1000,1000,0,0,0,""
818033,DATA,36.2,0.0, 0, 0, 0,1000,1000,0,0,0,""
818534,DATA,36.2,0.0, 0, 0, 0,1000,1000,0,0,0,""
819035,DATA,36.2,-2.1, 0, 0, 0,1000,1000,0,0,0,""
819536,DATA,36.2,0.0, 0, 0, 0,1000,1000,0,0,0,""
820037,DATA,36.2,0.0, 0, 0, 0,1000,1000,0,0,0,""
820538,DATA,36.2,0.0, 0, 0, 0,1000,1000,0,0,0,""
821039,DATA,36.2,0.0, 0, 0, 0,1000,1000,0,0,0,""
821540,DATA,36.2,0.0, 0, 0, 0,1000,1000,0,0,0,""
822041,DATA,36.2,0.0, 0, 0, 0,1000,1000,0,0,0,""
822542,DATA,36.2,0.0, 0, 0, 0,1000,1000,0,0,0,""
823043,DATA,36.2,-2.0, 0, 0,9502,1000,1000,0,0,0,""
823544,DATA,36.2,0.0, 0, 0, 0,1000,1000,0,0,0,""
824045,DATA,36.2,0.0, 0, 0, 0,1000,1000,0,0,0,""
824546,DATA,36.2,0.0, 0, 0,35654,1000,1000,0,0,0,""
825047,DATA,36.2,0.0, 0, 0, 0,1000,1000,0,0,0,""
825548,DATA,36.2,0.0, 0, 0, 0,1000,1000,0,0,0,""
826049,DATA,36.2,0.0, 0, 0, 0,1000,1000,0,0,0,""
826550,DATA,36.2,0.0, 0, 0, 0,1000,1000,0,0,0,""
827051,DATA,36.2,0.0, 0, 0, 0,1000,1000,0,0,0,""
827552,DATA,36.2,-2.1, 0, 0, 0,1000,1000,0,0,0,""
828053,DATA,36.2,0.0, 0, 0, 0,1000,1000,0,0,0,""
828554,DATA,36.2,0.0, 0, 0, 0,1000,1000,0,0,0,""
829055,DATA,36.2,0.0, 0, 0, 0,1000,1000,0,0,0,""
829556,DATA,36.2,0.0, 0, 0, 0,1000,1000,0,0,0,""
830057,DATA,36.2,0.0, 0, 0, 0,1000,1000,0,0,0,""
830558,DATA,36.2,0.0, 0, 0, 0,1000,1000,0,0,0,""
831059,DATA,36.2,0.0, 0, 0, 0,1000,1000,0,0,0,""
831560,DATA,36.2,0.0, 0, 0, 0,1000,1000,0,0,0,""
832061,DATA,36.2,0.0, 0, 0, 0,1000,1000,0,0,0,""
832562,DATA,36.2,0.0, 0, 0, 0,1000,1000,0,0,0,""
833063,DATA,36.2,0.0, 0, 0, 0,1000,1000,0,0,0,""
833564,DATA,36.2,0.0, 0, 0, 0,1000,1000,0,0,0,""
834065,DATA,36.2,0.0, 0, 0, 0,1000,1000,0,0,0,""
834566,DATA,36.2,0.0, 0, 0, 0,1000,1000,0,0,0,""
835067,DATA,36.2,0.0, 0, 0, 0,1000,1000,0,0,0,""
835568,DATA,36.2,0.0, 0, 0, 0,1000,1000,0,0,0,""
836069,DATA,36.2,0.0, 0, 0, 0,1000,1000,0,0,0,""
836570,DATA,36.2,0.0, 0, 0, 0,1000,1000,0,0,0,""
837071,DATA,36.2,0.0, 0, 0, 0,1000,1000,0,0,0,""
837572,DATA,36.2,0.0, 0, 0, 0,1000,1000,0,0,0,""
838073,DATA,36.2,0.0, 0, 0, 0,1000,1000,0,0,0,""
838574,DATA,36.2,0.0, 0, 0, 0,1000,1000,0,0,0,""
839075,DATA,36.2,0.0, 0, 0, 0,1000,1000,0,0,0,""
839576,DATA,36.2,0.0, 0, 0, 0,1000,1000,0,0,0,""
840077,DATA,36.2,0.0, 0, 0, 0,1000,1000,0,0,0,""
840578,DATA,36.2,0.0, 0, 0, 0,1000,1000,0,0,0,""
841079,DATA,36.2,0.0, 0, 0, 0,1000,1000,0,0,0,""
841580,DATA,36.2,0.0, 0, 0, 0,1000,1000,0,0,0,""
842081,DATA,36.2,0.0, 0, 0, 0,1000,1000,0,0,0,""
842582,DATA,36.2,0.0, 0, 0, 0,1000,1000,0,0,0,""
843083,DATA,36.2,0.0, 0, 0, 0,1000,1000,0,0,0,""
843584,DATA,36.2,0.0, 0, 0, 0,1000,1000,0,0,0,""
844085,DATA,36.2,0.0, 0, 0, 0,1000,1000,0,0,0,""
844586,DATA,36.2,0.0, 0, 0, 0,1000,1000,0,0,0,""
845087,DATA,36.2,0.0, 0, 0, 0,1000,1000,0,0,0,""
845588,DATA,36.2,0.0, 0, 0, 0,1000,1000,0,0,0,""
846089,DATA,36.2,0.0, 0, 0, 0,1000,1000,0,0,0,""
846590,DATA,36.2,0.0, 0, 0,594,1000,1000,0,0,0,""
847091,DATA,36.2,0.0, 0, 0, 0,1000,1000,0,0,0,""
847592,DATA,36.2,0.0, 0, 0, 0,1000,1000,0,0,0,""
848093,DATA,36.2,0.0, 0, 0,1764,1000,1000,0,0,0,""
848594,DATA,36.2,0.0, 0, 0, 0,1000,1000,0,0,0,""
849095,DATA,36.2,0.0, 0, 0, 0,1000,1000,0,0,0,""
849596,DATA,36.2,0.0, 0, 0, 0,1000,1000,0,0,0,""
850097,DATA,36.2,0.0, 0, 0, 0,1000,1000,0,0,0,""
850598,DATA,36.2,0.0, 0, 0, 0,1000,1000,0,0,0,""
851099,DATA,36.2,0.0, 0, 0, 0,1000,1000,0,0,0,""
851600,DATA,36.5,2.1, 0, 0, 0,1000,1000,0,0,0,""
852101,DATA,36.2,0.0, 0, 0, 0,1000,1000,0,0,0,""
852602,DATA,36.2,0.0, 0, 0, 0,1000,1000,0,0,0,""
853103,DATA,36.2,0.0, 0, 0, 0,1000,1000,0,0,0,""
853604,DATA,36.2,0.0, 0, 0, 0,1000,1000,0,0,0,""
854105,DATA,36.2,0.0, 0, 0,594,1000,1000,0,0,0,""
854606,DATA,36.2,0.0, 0, 0, 0,1000,1000,0,0,0,""
855107,DATA,36.2,0.0, 0, 0, 0,1000,1000,0,0,0,""
855608,DATA,36.2,0.0, 0, 0, 0,1000,1000,0,0,0,""
856109,DATA,36.2,0.0, 0, 0, 0,1000,1000,0,0,0,""
856610,DATA,36.2,0.0, 0, 0, 0,1000,1000,0,0,0,""
857111,DATA,36.2,0.0, 0, 0, 0,1000,1000,0,0,0,""
857612,DATA,36.2,0.0, 0, 0, 0,1000,1000,0,0,0,""
858113,DATA,36.2,0.0, 0, 0, 0,1000,1000,0,0,0,""
858614,DATA,36.2,0.0, 0, 0, 0,1000,1000,0,0,0,""
859115,DATA,36.2,0.0, 0, 0, 0,1000,1000,0,0,0,""
859616,DATA,36.2,0.0, 0, 0, 0,1000,1000,0,0,0,""
860117,DATA,36.2,0.0, 0, 0, 0,1000,1000,0,0,0,""
860618,DATA,36.2,0.0, 0, 0, 0,1000,1000,0,0,0,""
861119,DATA,36.2,0.0, 0, 0, 0,1000,1000,0,0,0,""
861620,DATA,36.2,0.0, 0, 0, 0,1000,1000,0,0,0,""
862121,DATA,36.2,0.0, 0, 0, 0,1000,1000,0,0,0,""
862622,DATA,36.2,0.0, 0, 0, 0,1000,1000,0,0,0,""
863123,DATA,36.2,0.0, 0, 0, 0,1000,1000,0,0,0,""
863624,DATA,36.2,0.0, 0, 0, 0,1000,1000,0,0,0,""
864125,DATA,36.2,0.0, 0, 0, 0,1000,1000,0,0,0,""
864626,DATA,36.2,0.0, 0, 0, 0,1000,1000,0,0,0,""
865127,DATA,36.2,0.0, 0, 0, 0,1000,1000,0,0,0,""
865628,DATA,36.2,0.0, 0, 0, 0,1000,1000,0,0,0,""
866129,DATA,36.2,0.0, 0, 0, 0,1000,1000,0,0,0,""
866630,DATA,36.2,0.0, 0, 0, 0,1000,1000,0,0,0,""
867131,DATA,36.2,0.0, 0, 0, 0,1000,1000,0,0,0,""
867632,DATA,36.2,0.0, 0, 0, 0,1000,1000,0,0,0,""
868133,DATA,36.2,0.0, 0, 0, 0,1000,1000,0,0,0,""
868634,DATA,36.2,0.0, 0, 0, 0,1000,1000,0,0,0,""
869135,DATA,36.2,0.0, 0, 0, 0,1000,1000,0,0,0,""
869636,DATA,36.2,0.0, 0, 0, 0,1000,1000,0,0,0,""
870137,DATA,36.2,0.0, 0, 0, 0,1000,1000,0,0,0,""
870638,DATA,36.2,0.0, 0, 0, 0,1000,1000,0,0,0,""
871139,DATA,36.2,0.0, 0, 0, 0,1000,1000,0,0,0,""
871640,DATA,36.2,0.0, 0, 0, 0,1000,1000,0,0,0,""
872141,DATA,36.2,0.0, 0, 0, 0,1000,1000,0,0,0,""
872642,DATA,36.2,0.0, 0, 0, 0,1000,1000,0,0,0,""
873143,DATA,36.2,0.0, 0, 0, 0,1000,1000,0,0,0,""
873644,DATA,36.2,0.0, 0, 0, 0,1000,1000,0,0,0,""
874145,DATA,36.2,0.0, 0, 0, 0,1000,1000,0,0,0,""
874646,DATA,36.2,0.0, 0, 0, 0,1000,1000,0,0,0,""
875147,DATA,36.2,0.0, 0, 0, 0,1000,1000,0,0,0,""
875648,DATA,36.2,0.0, 0, 0, 0,1000,1000,0,0,0,""
876149,DATA,36.2,0.0, 0, 0, 0,1000,1000,0,0,0,""
876650,DATA,36.2,0.0, 0, 0, 0,1000,1000,0,0,0,""
877151,DATA,36.2,0.0, 0, 0, 0,1000,1000,0,0,0,""
877652,DATA,36.2,0.0, 0, 0, 0,1000,1000,0,0,0,""
878153,DATA,36.2,0.0, 0, 0, 0,1000,1000,0,0,0,""
878654,DATA,36.2,0.0, 0, 0, 0,1000,1000,0,0,0,""
879155,DATA,36.2,0.0, 0, 0, 0,1000,1000,0,0,0,""
879656,DATA,36.2,0.0, 0, 0, 0,1000,1000,0,0,0,""
880157,DATA,36.2,0.0, 0, 0, 0,1000,1000,0,0,0,""
880658,DATA,36.2,0.0, 0, 0, 0,1000,1000,0,0,0,""
881159,DATA,36.2,0.0, 0, 0, 0,1000,1000,0,0,0,""
881660,DATA,36.2,0.0, 0, 0, 0,1000,1000,0,0,0,""
882161,DATA,36.2,0.0, 0, 0, 0,1000,1000,0,0,0,""
882662,DATA,36.2,0.0, 0, 0, 0,1000,1000,0,0,0,""
883163,DATA,36.2,0.0, 0, 0, 0,1000,1000,0,0,0,""
883664,DATA,36.2,0.0, 0, 0, 0,1000,1000,0,0,0,""
884165,DATA,36.2,0.0, 0, 0, 0,1000,1000,0,0,0,""
884666,DATA,36.2,2.1, 0, 0, 0,1000,1000,0,0,0,""
885167,DATA,36.2,0.0, 0, 0, 0,1000,1000,0,0,0,""
885668,DATA,36.2,0.0, 0, 0, 0,1000,1000,0,0,0,""
886169,DATA,36.2,0.0, 0, 0, 0,1000,1000,0,0,0,""
886670,DATA,36.2,0.0, 0, 0, 0,1000,1000,0,0,0,""
887171,DATA,36.2,0.0, 0, 0, 0,1000,1000,0,0,0,""
887672,DATA,36.2,0.0, 0, 0, 0,1000,1000,0,0,0,""
888173,DATA,36.2,0.0, 0, 0, 0,1000,1000,0,0,0,""
888674,DATA,36.2,0.0, 0, 0, 0,1000,1000,0,0,0,""
889175,DATA,36.2,0.0, 0, 0, 0,1000,1000,0,0,0,""
889676,DATA,36.2,0.0, 0, 0, 0,1000,1000,0,0,0,""
890177,DATA,36.2,0.0, 0, 0, 0,1000,1000,0,0,0,""
890678,DATA,36.2,0.0, 0, 0, 0,1000,1000,0,0,0,""
891179,DATA,36.2,0.0, 0, 0, 0,1000,1000,0,0,0,""
891680,DATA,36.2,0.0, 0, 0, 0,1000,1000,0,0,0,""
892181,DATA,36.2,0.0, 0, 0, 0,1000,1000,0,0,0,""
892682,DATA,36.2,0.0, 0, 0, 0,1000,1000,0,0,0,""
893183,DATA,36.2,0.0, 0, 0, 0,1000,1000,0,0,0,""
893684,DATA,36.2,0.0, 0, 0, 0,1000,1000,0,0,0,""
894185,DATA,36.2,0.0, 0, 0, 0,1000,1000,0,0,0,""
894686,DATA,36.2,0.0, 0, 0, 0,1000,1000,0,0,0,""
895187,DATA,36.2,0.0, 0, 0, 0,1000,1000,0,0,0,""
895688,DATA,36.2,0.0, 0, 0, 0,1000,1000,0,0,0,""
896189,DATA,36.2,0.0, 0, 0, 0,1000,1000,0,0,0,""
896690,DATA,36.2,0.0, 0, 0, 0,1000,1000,0,0,0,""
897191,DATA,36.2,0.0, 0, 0,42784,1000,1000,0,0,0,""
897692,DATA,36.2,0.0, 0, 0,7648,1000,1000,0,0,0,""
898193,DATA,36.2,0.0, 0, 0, 0,1000,1000,0,0,0,""
898694,DATA,36.2,0.0, 0, 0, 0,1000,1000,0,0,0,""
899195,DATA,36.2,0.0, 0, 0, 0,1000,1000,0,0,0,""
899696,DATA,36.2,0.0, 0, 0, 0,1000,1000,0,0,0,""
900197,DATA,36.2,0.0, 0, 0, 0,1000,1000,0,0,0,""
900698,DATA,36.2,0.0, 0, 0, 0,1000,1000,0,0,0,""
901199,DATA,36.2,0.0, 0, 0, 0,1000,1000,0,0,0,""
901700,DATA,36.2,0.0, 0, 0, 0,1000,1000,0,0,0,""
902201,DATA,36.2,0.0, 0, 0, 0,1000,1000,0,0,0,""
902702,DATA,36.2,0.0, 0, 0, 0,1000,1000,0,0,0,""
903203,DATA,36.2,0.0, 0, 0, 0,1000,1000,0,0,0,""
903704,DATA,36.2,0.0, 0, 0, 0,1000,1000,0,0,0,""
904205,DATA,36.2,0.0, 0, 0, 0,1000,1000,0,0,0,""
904706,DATA,36.2,0.0, 0, 0, 0,1000,1000,0,0,0,""
905207,DATA,36.2,0.0, 0, 0, 0,1000,1000,0,0,0,""
905708,DATA,36.2,0.0, 0, 0, 0,1000,1000,0,0,0,""
906209,DATA,36.2,0.0, 0, 0, 0,1000,1000,0,0,0,""
906710,DATA,36.2,0.0, 0, 0, 0,1000,1000,0,0,0,""
907211,DATA,36.2,0.0, 0, 0, 0,1000,1000,0,0,0,""
907712,DATA,36.2,0.0, 0, 0, 0,1000,1000,0,0,0,""
908213,DATA,36.2,0.0, 0, 0, 0,1000,1000,0,0,0,""
908714,DATA,36.2,0.0, 0, 0, 0,1000,1000,0,0,0,""
909215,DATA,36.2,0.0, 0, 0, 0,1000,1000,0,0,0,""
909716,DATA,36.2,0.0, 0, 0, 0,1000,1000,0,0,0,""
910217,DATA,36.2,0.0, 0, 0, 0,1000,1000,0,0,0,""
910718,DATA,36.2,0.0, 0, 0,17053,1000,1000,0,0,0,""
911219,DATA,36.2,0.0, 0, 0, 0,1000,1000,0,0,0,""
911720,DATA,36.2,0.0, 0, 0, 0,1000,1000,0,0,0,""
912221,DATA,36.2,0.0, 0, 0, 0,1000,1000,0,0,0,""
912722,DATA,36.2,0.0, 0, 0, 0,1000,1000,0,0,0,""
913223,DATA,36.2,0.0, 0, 0, 0,1000,1000,0,0,0,""
913724,DATA,36.2,0.0, 0, 0, 0,1000,1000,0,0,0,""
914225,DATA,36.2,0.0, 0, 0, 0,1000,1000,0,0,0,""
914726,DATA,36.2,0.0, 0, 0, 0,1000,1000,0,0,0,""
915227,DATA,36.2,0.0, 0, 0, 0,1000,1000,0,0,0,""
915728,DATA,36.2,0.0, 0, 0, 0,1000,1000,0,0,0,""
916229,DATA,36.2,0.0, 0, 0, 0,1000,1000,0,0,0,""
916730,DATA,36.2,0.0, 0, 0, 0,1000,1000,0,0,0,""
917231,DATA,36.2,0.0, 0, 0, 0,1000,1000,0,0,0,""
917732,DATA,36.2,0.0, 0, 0, 0,1000,1000,0,0,0,""
918233,DATA,36.2,0.0, 0, 0, 0,1000,1000,0,0,0,""
918734,DATA,36.2,0.0, 0, 0, 0,1000,1000,0,0,0,""
919235,DATA,36.2,0.0, 0, 0, 0,1000,1000,0,0,0,""
919736,DATA,36.2,0.0, 0, 0, 0,1000,1000,0,0,0,""
920237,DATA,36.2,0.0, 0, 0, 0,1000,1000,0,0,0,""
920738,DATA,36.2,0.0, 0, 0, 0,1000,1000,0,0,0,""
921239,DATA,36.2,0.0, 0, 0, 0,1000,1000,0,0,0,""
921740,DATA,36.2,0.0, 0, 0, 0,1000,1000,0,0,0,""
922241,DATA,36.2,0.0, 0, 0, 0,1000,1000,0,0,0,""
922742,DATA,36.2,0.0, 0, 0, 0,1000,1000,0,0,0,""
923243,DATA,36.2,0.0, 0, 0, 0,1000,1000,0,0,0,""
923744,DATA,36.2,0.0, 0, 0, 0,1000,1000,0,0,0,""
924245,DATA,36.2,0.0, 0, 0, 0,1000,1000,0,0,0,""
924746,DATA,36.2,0.0, 0, 0, 0,1000,1000,0,0,0,""
924996,EVENT,36.2,0.0, 0, 0, 0,1000,1000,0,1,0,"VALVE1 ON"
925247,DATA,36.2,0.0, 0, 0, 0,1000,1000,0,1,0,""
925612,EVENT,36.2,0.0, 0, 0, 0,1000,1000,0,0,0,"VALVE1 OFF"
925748,DATA,36.2,0.0, 0, 0, 0,1000,1000,0,0,0,""
926249,DATA,36.2,0.0, 0, 0, 0,1000,1000,0,0,0,""
926750,DATA,36.2,0.0, 0, 0, 0,1000,1000,0,0,0,""
927162,EVENT,36.2,0.0, 0, 0, 0,1000,1000,0,0,1,"VALVE2 ON"
927251,DATA,36.2,0.0,166,166, 0,1000,1000,0,0,1,""
927752,DATA,36.2,0.0,166,166, 0,1000,1000,0,0,1,""
927842,EVENT,36.2,0.0,166,166, 0,1000,1000,0,0,0,"VALVE2 OFF"
928253,DATA,36.2,0.0,62,114, 0,1000,1000,0,0,0,""
928754,DATA,36.2,0.0, 0, 0, 0,1000,1000,0,0,0,""
928842,EVENT,36.2,0.0, 0, 0, 0,1000,1000,0,1,0,"VALVE1 ON"
929255,DATA,36.2,0.0, 0, 0, 0,1000,1000,0,1,0,""
929438,EVENT,36.2,0.0, 0, 0, 0,1000,1000,0,0,0,"VALVE1 OFF"
929756,DATA,36.2,0.0, 0, 0, 0,1000,1000,0,0,0,""
930175,EVENT,36.2,0.0, 0, 0, 0,1000,1000,0,1,0,"VALVE1 ON"
930257,DATA,36.2,0.0, 0, 0, 0,1000,1000,0,1,0,""
930758,DATA,36.2,0.0, 0, 0, 0,1000,1000,0,1,0,""
930866,EVENT,36.2,0.0, 0, 0, 0,1000,1000,0,0,0,"VALVE1 OFF"
931259,DATA,36.2,0.0, 0, 0, 0,1000,1000,0,0,0,""
931760,DATA,36.2,0.0, 0, 0, 0,1000,1000,0,0,0,""
932261,DATA,36.2,0.0, 0, 0, 0,1000,1000,0,0,0,""
932762,DATA,36.2,0.0, 0, 0, 0,1000,1000,0,0,0,""
933263,DATA,36.2,0.0, 0, 0, 0,1000,1000,0,0,0,""
933764,DATA,36.2,0.0, 0, 0, 0,1000,1000,0,0,0,""
934265,DATA,36.2,0.0, 0, 0, 0,1000,1000,0,0,0,""
934766,DATA,36.2,0.0, 0, 0, 0,1000,1000,0,0,0,""
935267,DATA,36.2,0.0, 0, 0,1782,1000,1000,0,0,0,""
935768,DATA,36.2,0.0, 0, 0,1177,1000,1000,0,0,0,""
936269,DATA,36.2,0.0, 0, 0, 0,1000,1000,0,0,0,""
936770,DATA,36.2,0.0, 0, 0, 0,1000,1000,0,0,0,""
937271,DATA,36.2,0.0, 0, 0, 0,1000,1000,0,0,0,""
937772,DATA,36.2,0.0, 0, 0, 0,1000,1000,0,0,0,""
938273,DATA,36.2,0.0, 0, 0, 0,1000,1000,0,0,0,""
938774,DATA,36.2,0.0, 0, 0, 0,1000,1000,0,0,0,""
939275,DATA,36.2,0.0, 0, 0, 0,1000,1000,0,0,0,""
939776,DATA,36.2,0.0, 0, 0,594,1000,1000,0,0,0,""
940277,DATA,36.2,0.0, 0, 0,1188,1000,1000,0,0,0,""
940778,DATA,36.2,0.0, 0, 0, 0,1000,1000,0,0,0,""
941279,DATA,36.2,0.0, 0, 0, 0,1000,1000,0,0,0,""
941780,DATA,36.2,0.0, 0, 0,594,1000,1000,0,0,0,""
942281,DATA,36.2,0.0, 0, 0, 0,1000,1000,0,0,0,""
942782,DATA,36.2,0.0, 0, 0, 0,1000,1000,0,0,0,""
943283,DATA,36.2,0.0, 0, 0, 0,1000,1000,0,0,0,""
943784,DATA,36.2,0.0, 0, 0,594,1000,1000,0,0,0,""
944285,DATA,36.2,0.0, 0, 0, 0,1000,1000,0,0,0,""
944786,DATA,36.2,0.0, 0, 0, 0,1000,1000,0,0,0,""
945287,DATA,36.2,0.0, 0, 0, 0,1000,1000,0,0,0,""
945788,DATA,36.2,0.0, 0, 0,42356,1000,1000,0,0,0,""
946289,DATA,36.2,0.0, 0, 0,5293,1000,1000,0,0,0,""
946790,DATA,36.2,0.0, 0, 0, 0,1000,1000,0,0,0,""
947291,DATA,36.2,0.0, 0, 0,25549,1000,1000,0,0,0,""
947792,DATA,36.2,0.0, 0, 0,42913,1000,1000,0,0,0,""
948293,DATA,36.2,0.0, 0, 0, 0,1000,1000,0,0,0,""
948794,DATA,36.2,0.0, 0, 0, 0,1000,1000,0,0,0,""
949295,DATA,36.2,0.0, 0, 0, 0,1000,1000,0,0,0,""
949796,DATA,36.2,0.0, 0, 0, 0,1000,1000,0,0,0,""
950297,DATA,36.2,0.0, 0, 0, 0,1000,1000,0,0,0,""
950798,DATA,36.2,0.0, 0, 0, 0,1000,1000,0,0,0,""
951299,DATA,36.2,0.0, 0, 0, 0,1000,1000,0,0,0,""
951800,DATA,36.2,0.0, 0, 0,594,1000,1000,0,0,0,""
952301,DATA,36.2,0.0, 0, 0,594,1000,1000,0,0,0,""
952802,DATA,36.2,0.0, 0, 0,594,1000,1000,0,0,0,""
953303,DATA,36.2,0.0, 0, 0,594,1000,1000,0,0,0,""
953804,DATA,36.2,0.0, 0, 0,594,1000,1000,0,0,0,""
954147,EVENT,36.2,0.0, 0, 0, 0,1000,1000,0,0,0,"EV:A03_ESTOP"
954271,EVENT,36.2,0.0, 0, 0, 0,1000,1000,0,0,0,"EV:A03_ESTOP"
954305,DATA,36.2,0.0, 0, 0,594,1000,1000,0,0,0,""
954525,EVENT,36.2,0.0, 0, 0,600,1000,1000,0,0,0,"EV:A03_ESTOP"
954806,DATA,36.2,0.0, 0, 0,594,1000,1000,0,0,0,""
955307,DATA,36.2,0.0, 0, 0,594,1000,1000,0,0,0,""
955808,DATA,36.2,0.0, 0, 0,594,1000,1000,0,0,0,""
956309,DATA,36.2,0.0, 0, 0,594,1000,1000,0,0,0,""
956810,DATA,36.2,0.0, 0, 0,594,1000,1000,0,0,0,""
957311,DATA,36.2,0.0, 0, 0,594,1000,1000,0,0,0,""
957812,DATA,36.2,0.0, 0, 0,594,1000,1000,0,0,0,""
958313,DATA,36.2,0.0, 0, 0,594,1000,1000,0,0,0,""
958814,DATA,36.2,0.0, 0, 0,594,1000,1000,0,0,0,""
959315,DATA,36.2,0.0, 0, 0,594,1000,1000,0,0,0,""
959816,DATA,36.2,0.0, 0, 0,594,1000,1000,0,0,0,""
960317,DATA,36.2,0.0, 0, 0,594,1000,1000,0,0,0,""
960818,DATA,36.2,0.0, 0, 0,594,1000,1000,0,0,0,""
961319,DATA,36.2,0.0, 0, 0,594,1000,1000,0,0,0,""
961820,DATA,36.2,0.0, 0, 0,594,1000,1000,0,0,0,""
962321,DATA,36.2,0.0, 0, 0,594,1000,1000,0,0,0,""
962822,DATA,36.2,0.0, 0, 0,594,1000,1000,0,0,0,""
963323,DATA,36.2,0.0, 0, 0,594,1000,1000,0,0,0,""
963824,DATA,36.2,0.0, 0, 0,594,1000,1000,0,0,0,""
964325,DATA,36.2,0.0, 0, 0,594,1000,1000,0,0,0,""
964826,DATA,36.2,0.0, 0, 0,594,1000,1000,0,0,0,""
965327,DATA,36.2,0.0, 0, 0,594,1000,1000,0,0,0,""
965828,DATA,36.2,0.0, 0, 0,594,1000,1000,0,0,0,""
966329,DATA,36.2,0.0, 0, 0,594,1000,1000,0,0,0,""
966830,DATA,36.2,0.0, 0, 0,594,1000,1000,0,0,0,""
967331,DATA,36.2,0.0, 0, 0,594,1000,1000,0,0,0,""
967832,DATA,36.2,0.0, 0, 0,594,1000,1000,0,0,0,""
968333,DATA,36.2,0.0, 0, 0,594,1000,1000,0,0,0,""
968834,DATA,36.2,0.0, 0, 0,594,1000,1000,0,0,0,""
969335,DATA,36.2,0.0, 0, 0,594,1000,1000,0,0,0,""
969836,DATA,36.2,0.0, 0, 0,594,1000,1000,0,0,0,""
970337,DATA,36.2,0.0, 0, 0,594,1000,1000,0,0,0,""
970838,DATA,36.2,0.0, 0, 0,594,1000,1000,0,0,0,""
971339,DATA,36.2,0.0, 0, 0,594,1000,1000,0,0,0,""
971840,DATA,36.2,0.0, 0, 0,594,1000,1000,0,0,0,""
972341,DATA,36.2,0.0, 0, 0,594,1000,1000,0,0,0,""
972842,DATA,36.2,0.0, 0, 0,594,1000,1000,0,0,0,""
973343,DATA,36.2,0.0, 0, 0,594,1000,1000,0,0,0,""
973844,DATA,36.2,0.0, 0, 0,594,1000,1000,0,0,0,""
974345,DATA,36.2,0.0, 0, 0,594,1000,1000,0,0,0,""
974846,DATA,36.2,0.0, 0, 0,594,1000,1000,0,0,0,""
975347,DATA,36.2,0.0, 0, 0,594,1000,1000,0,0,0,""
975848,DATA,36.2,0.0, 0, 0,594,1000,1000,0,0,0,""
976349,DATA,36.2,0.0, 0, 0,594,1000,1000,0,0,0,""
976850,DATA,36.2,0.0, 0, 0,594,1000,1000,0,0,0,""
977351,DATA,36.2,0.0, 0, 0,594,1000,1000,0,0,0,""
977852,DATA,36.2,0.0, 0, 0,594,1000,1000,0,0,0,""
978353,DATA,36.2,0.0, 0, 0,594,1000,1000,0,0,0,""
978854,DATA,36.2,0.0, 0, 0,594,1000,1000,0,0,0,""
979355,DATA,36.2,0.0, 0, 0,594,1000,1000,0,0,0,""
979856,DATA,36.2,0.0, 0, 0,594,1000,1000,0,0,0,""
980357,DATA,36.2,0.0, 0, 0,594,1000,1000,0,0,0,""
980858,DATA,36.2,0.0, 0, 0,594,1000,1000,0,0,0,""
981359,DATA,36.2,0.0, 0, 0,594,1000,1000,0,0,0,""
981860,DATA,36.2,0.0, 0, 0,594,1000,1000,0,0,0,""
982361,DATA,36.2,0.0, 0, 0,594,1000,1000,0,0,0,""
982862,DATA,36.2,0.0, 0, 0,594,1000,1000,0,0,0,""
983363,DATA,36.2,0.0, 0, 0,594,1000,1000,0,0,0,""
983864,DATA,36.2,0.0, 0, 0,594,1000,1000,0,0,0,""
984365,DATA,36.2,0.0, 0, 0,594,1000,1000,0,0,0,""
984866,DATA,36.2,0.0, 0, 0,594,1000,1000,0,0,0,""
985367,DATA,36.2,0.0, 0, 0,594,1000,1000,0,0,0,""
985868,DATA,36.2,0.0, 0, 0,594,1000,1000,0,0,0,""
986369,DATA,36.2,0.0, 0, 0,594,1000,1000,0,0,0,""
986870,DATA,36.2,0.0, 0, 0,594,1000,1000,0,0,0,""
987371,DATA,36.2,0.0, 0, 0,594,1000,1000,0,0,0,""
987872,DATA,36.2,0.0, 0, 0,594,1000,1000,0,0,0,""
988373,DATA,36.2,0.0, 0, 0,594,1000,1000,0,0,0,""
988874,DATA,36.2,0.0, 0, 0,594,1000,1000,0,0,0,""
989375,DATA,36.2,0.0, 0, 0,594,1000,1000,0,0,0,""
989876,DATA,36.2,0.0, 0, 0,594,1000,1000,0,0,0,""
990377,DATA,36.2,0.0, 0, 0,594,1000,1000,0,0,0,""
990878,DATA,36.2,0.0, 0, 0,594,1000,1000,0,0,0,""
991379,DATA,36.2,0.0, 0, 0,594,1000,1000,0,0,0,""
991880,DATA,36.2,0.0, 0, 0,594,1000,1000,0,0,0,""
992381,DATA,36.2,0.0, 0, 0,594,1000,1000,0,0,0,""
992882,DATA,36.2,0.0, 0, 0,594,1000,1000,0,0,0,""
993383,DATA,36.2,0.0, 0, 0,594,1000,1000,0,0,0,""
993884,DATA,36.2,0.0, 0, 0,594,1000,1000,0,0,0,""
994385,DATA,36.2,0.0, 0, 0,594,1000,1000,0,0,0,""
994886,DATA,36.2,0.0, 0, 0,594,1000,1000,0,0,0,""
995387,DATA,36.2,0.0, 0, 0,594,1000,1000,0,0,0,""
995888,DATA,36.2,0.0, 0, 0,594,1000,1000,0,0,0,""
996389,DATA,36.2,0.0, 0, 0,594,1000,1000,0,0,0,""
996890,DATA,36.2,0.0, 0, 0,594,1000,1000,0,0,0,""
997391,DATA,36.2,0.0, 0, 0,594,1000,1000,0,0,0,""
997892,DATA,36.2,0.0, 0, 0,594,1000,1000,0,0,0,""
998393,DATA,36.2,0.0, 0, 0,594,1000,1000,0,0,0,""
998894,DATA,36.2,0.0, 0, 0,594,1000,1000,0,0,0,""
999395,DATA,36.2,0.0, 0, 0,594,1000,1000,0,0,0,""
999896,DATA,36.2,0.0, 0, 0,594,1000,1000,0,0,0,""
1000397,DATA,36.2,0.0, 0, 0,594,1000,1000,0,0,0,""
1000898,DATA,36.2,0.0, 0, 0,594,1000,1000,0,0,0,""
1001399,DATA,36.2,0.0, 0, 0,594,1000,1000,0,0,0,""
1001900,DATA,36.2,0.0, 0, 0,594,1000,1000,0,0,0,""
1002401,DATA,36.2,0.0, 0, 0,594,1000,1000,0,0,0,""
1002902,DATA,36.2,0.0, 0, 0,594,1000,1000,0,0,0,""
1003403,DATA,36.2,0.0, 0, 0,594,1000,1000,0,0,0,""
1003904,DATA,36.2,0.0, 0, 0,594,1000,1000,0,0,0,""
1004405,DATA,36.2,0.0, 0, 0,594,1000,1000,0,0,0,""
1004906,DATA,36.2,0.0, 0, 0,594,1000,1000,0,0,0,""
1005407,DATA,36.2,0.0, 0, 0,594,1000,1000,0,0,0,""
1005908,DATA,36.2,0.0, 0, 0,594,1000,1000,0,0,0,""
1006409,DATA,36.2,0.0, 0, 0,594,1000,1000,0,0,0,""
1006910,DATA,36.2,0.0, 0, 0,594,1000,1000,0,0,0,""
1007411,DATA,36.2,0.0, 0, 0,594,1000,1000,0,0,0,""
1007912,DATA,36.0,-2.1, 0, 0,594,1000,1000,0,0,0,""
1008413,DATA,36.2,0.0, 0, 0,594,1000,1000,0,0,0,""
1008914,DATA,36.2,0.0, 0, 0,594,1000,1000,0,0,0,""
1009415,DATA,36.2,0.0, 0, 0,594,1000,1000,0,0,0,""
1009916,DATA,36.2,0.0, 0, 0,594,1000,1000,0,0,0,""
1010417,DATA,36.2,0.0, 0, 0,594,1000,1000,0,0,0,""
1010918,DATA,36.2,0.0, 0, 0,594,1000,1000,0,0,0,""
1011419,DATA,36.2,0.0, 0, 0,594,1000,1000,0,0,0,""
1011920,DATA,36.2,0.0, 0, 0,594,1000,1000,0,0,0,""
1012421,DATA,36.2,0.0, 0, 0,594,1000,1000,0,0,0,""
1012922,DATA,36.2,0.0, 0, 0,594,1000,1000,0,0,0,""
1013423,DATA,36.2,0.0, 0, 0,594,1000,1000,0,0,0,""
1013924,DATA,36.2,0.0, 0, 0,594,1000,1000,0,0,0,""
1014425,DATA,36.2,0.0, 0, 0,594,1000,1000,0,0,0,""
1014926,DATA,36.2,0.0, 0, 0,594,1000,1000,0,0,0,""
1015427,DATA,36.2,0.0, 0, 0,1188,1000,1000,0,0,0,""
1015928,DATA,36.2,0.0, 0, 0,588,1000,1000,0,0,0,""
1016429,DATA,36.2,0.0, 0, 0,1188,1000,1000,0,0,0,""
1016930,DATA,36.2,0.0, 0, 0,594,1000,1000,0,0,0,""
1017431,DATA,36.2,0.0, 0, 0,594,1000,1000,0,0,0,""
1017932,DATA,36.2,0.0, 0, 0,594,1000,1000,0,0,0,""
1018433,DATA,36.2,0.0, 0, 0,594,1000,1000,0,0,0,""
1018934,DATA,36.2,0.0, 0, 0,1188,1000,1000,0,0,0,""
1019435,DATA,36.2,0.0, 0, 0,594,1000,1000,0,0,0,""
1019936,DATA,36.2,0.0, 0, 0,588,1000,1000,0,0,0,""
1020437,DATA,36.2,0.0, 0, 0,594,1000,1000,0,0,0,""
1020938,DATA,36.2,0.0, 0, 0,594,1000,1000,0,0,0,""
1021439,DATA,36.2,0.0, 0, 0,594,1000,1000,0,0,0,""
1021940,DATA,36.2,0.0, 0, 0,594,1000,1000,0,0,0,""
