ms,type,egtC,dEgtCps,rpm,fRpm,rRpm,pumpUs,starterUs,ign,valve1,valve2,event
4005,EVENT,,, 0, 0, 0,1000,1000,0,0,0,"BOOT SD_LOG_READY"
8046,EVENT,,, 0, 0, 0,1000,1000,0,0,0,"EV:A05_ALL_OFF"
8144,EVENT,,, 0, 0, 0,1000,1000,0,0,0,"CONFIG_LOADED"
8233,DATA,42.7,0.0, 0, 0, 0,1000,1000,0,0,0,""
8733,DATA,42.7,0.0, 0, 0, 0,1000,1000,0,0,0,""
9233,DATA,42.7,0.0, 0, 0, 0,1000,1000,0,0,0,""
9733,DATA,42.7,0.0, 0, 0, 0,1000,1000,0,0,0,""
10233,DATA,42.7,0.0, 0, 0, 0,1000,1000,0,0,0,""
10733,DATA,42.7,2.1, 0, 0, 0,1000,1000,0,0,0,""
11233,DATA,42.7,2.1, 0, 0, 0,1000,1000,0,0,0,""
11733,DATA,42.7,0.0, 0, 0, 0,1000,1000,0,0,0,""
12233,DATA,42.7,0.0, 0, 0, 0,1000,1000,0,0,0,""
12733,DATA,42.5,-2.1, 0, 0, 0,1000,1000,0,0,0,""
13233,DATA,42.7,0.0, 0, 0, 0,1000,1000,0,0,0,""
13606,EVENT,42.7,0.0, 0, 0, 0,1000,1000,0,0,0,"STARTER 1200"
13767,DATA,42.7,0.0, 0, 0, 0,1000,1039,0,0,0,""
14287,DATA,41.7,0.0, 0, 0, 0,1000,1154,0,0,0,""
14787,DATA,42.2,-2.1,422,487, 0,1000,1200,0,0,0,""
15287,DATA,42.2,0.0,241,395, 0,1000,1200,0,0,0,""
15787,DATA,42.5,0.0,173,299, 0,1000,1200,0,0,0,""
16287,DATA,42.2,-2.1,148,231, 0,1000,1200,0,0,0,""
16643,EVENT,42.2,0.0,139,195, 0,1000,1200,0,0,0,"STARTER OFF"
16787,DATA,42.2,0.0,138,188, 0,1000,1166,0,0,0,""
17307,DATA,41.7,-4.2,146,170, 0,1000,1049,0,0,0,""
17807,DATA,42.5,-2.1, 0, 0,601,1000,1000,0,0,0,""
18307,DATA,42.7,0.0, 0, 0,64798,1000,1000,0,0,0,""
18807,DATA,42.7,0.0, 0, 0, 0,1000,1000,0,0,0,""
19307,DATA,42.5,0.0, 0, 0, 0,1000,1000,0,0,0,""
19807,DATA,42.5,-2.1, 0, 0,176386,1000,1000,0,0,0,""
20307,DATA,42.5,-2.1, 0, 0, 0,1000,1000,0,0,0,""
20807,DATA,42.7,2.1, 0, 0, 0,1000,1000,0,0,0,""
21307,DATA,42.5,0.0, 0, 0, 0,1000,1000,0,0,0,""
21807,DATA,42.5,0.0, 0, 0,600,1000,1000,0,0,0,""
22307,DATA,42.5,0.0, 0, 0, 0,1000,1000,0,0,0,""
22807,DATA,42.5,0.0, 0, 0, 0,1000,1000,0,0,0,""
23307,DATA,42.5,0.0, 0, 0,4200,1000,1000,0,0,0,""
23807,DATA,42.5,0.0, 0, 0,9000,1000,1000,0,0,0,""
24307,DATA,42.5,0.0, 0, 0,15601,1000,1000,0,0,0,""
24807,DATA,42.5,0.0, 0, 0, 0,1000,1000,0,0,0,""
25307,DATA,42.5,-2.1, 0, 0,33599,1000,1000,0,0,0,""
25807,DATA,42.5,-2.1, 0, 0, 0,1000,1000,0,0,0,""
26307,DATA,42.5,-2.1, 0, 0, 0,1000,1000,0,0,0,""
26807,DATA,42.5,0.0, 0, 0,28802,1000,1000,0,0,0,""
27307,DATA,42.5,0.0, 0, 0,33600,1000,1000,0,0,0,""
27807,DATA,42.5,0.0, 0, 0,10200,1000,1000,0,0,0,""
28307,DATA,42.5,0.0, 0, 0,52199,1000,1000,0,0,0,""
28807,DATA,42.5,0.0, 0, 0,35999,1000,1000,0,0,0,""
29307,DATA,42.7,2.1, 0, 0,14399,1000,1000,0,0,0,""
29807,DATA,42.5,0.0, 0, 0,14399,1000,1000,0,0,0,""
30307,DATA,42.5,0.0, 0, 0, 0,1000,1000,0,0,0,""
30807,DATA,42.5,0.0, 0, 0,12000,1000,1000,0,0,0,""
31307,DATA,42.5,0.0, 0, 0,20400,1000,1000,0,0,0,""
31807,DATA,42.5,0.0, 0, 0, 0,1000,1000,0,0,0,""
32307,DATA,42.5,0.0, 0, 0, 0,1000,1000,0,0,0,""
32807,DATA,42.5,0.0, 0, 0, 0,1000,1000,0,0,0,""
33307,DATA,42.5,0.0, 0, 0, 0,1000,1000,0,0,0,""
33807,DATA,42.5,0.0, 0, 0, 0,1000,1000,0,0,0,""
34307,DATA,42.5,0.0, 0, 0, 0,1000,1000,0,0,0,""
34807,DATA,42.5,0.0, 0, 0,3600,1000,1000,0,0,0,""
35307,DATA,42.5,0.0, 0, 0, 0,1000,1000,0,0,0,""
35807,DATA,42.5,0.0, 0, 0, 0,1000,1000,0,0,0,""
36307,DATA,42.5,0.0, 0, 0, 0,1000,1000,0,0,0,""
36807,DATA,42.5,0.0, 0, 0,53406,1000,1000,0,0,0,""
37307,DATA,42.5,0.0, 0, 0,7200,1000,1000,0,0,0,""
37807,DATA,42.5,0.0, 0, 0,3000,1000,1000,0,0,0,""
38307,DATA,42.5,0.0, 0, 0,14400,1000,1000,0,0,0,""
38807,DATA,42.5,0.0, 0, 0, 0,1000,1000,0,0,0,""
39307,DATA,42.5,0.0, 0, 0, 0,1000,1000,0,0,0,""
39807,DATA,42.5,0.0, 0, 0, 0,1000,1000,0,0,0,""
40307,DATA,42.5,0.0, 0, 0,600,1000,1000,0,0,0,""
40807,DATA,42.5,0.0, 0, 0, 0,1000,1000,0,0,0,""
41307,DATA,42.5,0.0, 0, 0, 0,1000,1000,0,0,0,""
41807,DATA,42.5,0.0, 0, 0, 0,1000,1000,0,0,0,""
42307,DATA,42.5,0.0, 0, 0, 0,1000,1000,0,0,0,""
42807,DATA,42.5,0.0, 0, 0, 0,1000,1000,0,0,0,""
43307,DATA,42.5,0.0, 0, 0, 0,1000,1000,0,0,0,""
43807,DATA,42.5,0.0, 0, 0, 0,1000,1000,0,0,0,""
44307,DATA,42.5,0.0, 0, 0, 0,1000,1000,0,0,0,""
44807,DATA,42.5,0.0, 0, 0,22201,1000,1000,0,0,0,""
45307,DATA,42.5,0.0, 0, 0,178207,1000,1000,0,0,0,""
45807,DATA,42.5,0.0, 0, 0,101994,1000,1000,0,0,0,""
46307,DATA,42.5,0.0, 0, 0,51006,1000,1000,0,0,0,""
46807,DATA,42.5,0.0, 0, 0,118802,1000,1000,0,0,0,""
47307,DATA,42.5,0.0, 0, 0, 0,1000,1000,0,0,0,""
47807,DATA,42.5,0.0, 0, 0, 0,1000,1000,0,0,0,""
48307,DATA,42.5,0.0, 0, 0, 0,1000,1000,0,0,0,""
48807,DATA,42.5,0.0, 0, 0, 0,1000,1000,0,0,0,""
49307,DATA,42.5,0.0, 0, 0,1800,1000,1000,0,0,0,""
49807,DATA,42.5,0.0, 0, 0, 0,1000,1000,0,0,0,""
50307,DATA,42.5,2.1, 0, 0, 0,1000,1000,0,0,0,""
50807,DATA,42.5,2.1, 0, 0,25801,1000,1000,0,0,0,""
51307,DATA,42.5,0.0, 0, 0, 0,1000,1000,0,0,0,""
51807,DATA,42.2,-2.1, 0, 0, 0,1000,1000,0,0,0,""
52307,DATA,42.2,-2.1, 0, 0, 0,1000,1000,0,0,0,""
52807,DATA,42.2,-2.1, 0, 0,2400,1000,1000,0,0,0,""
53307,DATA,42.5,2.1, 0, 0,4201,1000,1000,0,0,0,""
53807,DATA,42.5,0.0, 0, 0,3000,1000,1000,0,0,0,""
54307,DATA,42.5,2.1, 0, 0, 0,1000,1000,0,0,0,""
54807,DATA,42.5,0.0, 0, 0, 0,1000,1000,0,0,0,""
55307,DATA,42.5,2.1, 0, 0, 0,1000,1000,0,0,0,""
55807,DATA,42.2,0.0, 0, 0,39003,1000,1000,0,0,0,""
56307,DATA,42.5,0.0, 0, 0,24000,1000,1000,0,0,0,""
56807,DATA,42.2,0.0, 0, 0, 0,1000,1000,0,0,0,""
57307,DATA,42.5,2.1, 0, 0, 0,1000,1000,0,0,0,""
57807,DATA,42.5,2.1, 0, 0, 0,1000,1000,0,0,0,""
58307,DATA,42.2,-2.1, 0, 0, 0,1000,1000,0,0,0,""
58807,DATA,42.2,0.0, 0, 0, 0,1000,1000,0,0,0,""
59307,DATA,42.5,2.1, 0, 0,112212,1000,1000,0,0,0,""
59807,DATA,42.2,0.0, 0, 0,600,1000,1000,0,0,0,""
60307,DATA,42.5,2.1, 0, 0,30001,1000,1000,0,0,0,""
60807,DATA,42.2,0.0, 0, 0, 0,1000,1000,0,0,0,""
61307,DATA,42.2,0.0, 0, 0,134391,1000,1000,0,0,0,""
61807,DATA,42.2,0.0, 0, 0,15600,1000,1000,0,0,0,""
62307,DATA,42.5,2.1, 0, 0, 0,1000,1000,0,0,0,""
62807,DATA,42.2,0.0, 0, 0, 0,1000,1000,0,0,0,""
63307,DATA,42.2,0.0, 0, 0,32401,1000,1000,0,0,0,""
63807,DATA,42.2,0.0, 0, 0,83405,1000,1000,0,0,0,""
64307,DATA,42.2,0.0, 0, 0,1200,1000,1000,0,0,0,""
64807,DATA,42.2,0.0, 0, 0,28198,1000,1000,0,0,0,""
65307,DATA,42.2,0.0, 0, 0,51004,1000,1000,0,0,0,""
65807,DATA,42.2,0.0, 0, 0, 0,1000,1000,0,0,0,""
66307,DATA,42.2,0.0, 0, 0,6600,1000,1000,0,0,0,""
66807,DATA,42.2,0.0, 0, 0,49198,1000,1000,0,0,0,""
67307,DATA,42.2,0.0, 0, 0,2400,1000,1000,0,0,0,""
67807,DATA,42.2,0.0, 0, 0, 0,1000,1000,0,0,0,""
68307,DATA,42.2,0.0, 0, 0, 0,1000,1000,0,0,0,""
68807,DATA,42.2,0.0, 0, 0, 0,1000,1000,0,0,0,""
69307,DATA,42.2,0.0, 0, 0, 0,1000,1000,0,0,0,""
69807,DATA,42.2,0.0, 0, 0, 0,1000,1000,0,0,0,""
70307,DATA,42.2,0.0, 0, 0, 0,1000,1000,0,0,0,""
70807,DATA,42.2,0.0, 0, 0, 0,1000,1000,0,0,0,""
71307,DATA,42.2,0.0, 0, 0,53398,1000,1000,0,0,0,""
71807,DATA,42.2,0.0, 0, 0, 0,1000,1000,0,0,0,""
72307,DATA,42.2,0.0, 0, 0, 0,1000,1000,0,0,0,""
72807,DATA,42.2,0.0, 0, 0, 0,1000,1000,0,0,0,""
73307,DATA,42.2,0.0, 0, 0,19798,1000,1000,0,0,0,""
73807,DATA,42.2,0.0, 0, 0, 0,1000,1000,0,0,0,""
74307,DATA,42.2,0.0, 0, 0, 0,1000,1000,0,0,0,""
74807,DATA,42.2,0.0, 0, 0, 0,1000,1000,0,0,0,""
75307,DATA,42.2,0.0, 0, 0,2400,1000,1000,0,0,0,""
75807,DATA,42.2,0.0, 0, 0, 0,1000,1000,0,0,0,""
76307,DATA,42.2,0.0, 0, 0, 0,1000,1000,0,0,0,""
76807,DATA,42.2,0.0, 0, 0, 0,1000,1000,0,0,0,""
77307,DATA,42.2,0.0, 0, 0,600,1000,1000,0,0,0,""
77807,DATA,42.2,0.0, 0, 0, 0,1000,1000,0,0,0,""
78307,DATA,42.2,0.0, 0, 0, 0,1000,1000,0,0,0,""
78807,DATA,42.2,0.0, 0, 0, 0,1000,1000,0,0,0,""
79307,DATA,42.0,-2.1, 0, 0, 0,1000,1000,0,0,0,""
79807,DATA,42.2,2.1, 0, 0, 0,1000,1000,0,0,0,""
80307,DATA,42.2,0.0, 0, 0, 0,1000,1000,0,0,0,""
80807,DATA,42.2,0.0, 0, 0, 0,1000,1000,0,0,0,""
81307,DATA,42.2,0.0, 0, 0, 0,1000,1000,0,0,0,""
81807,DATA,42.2,2.1, 0, 0, 0,1000,1000,0,0,0,""
82307,DATA,42.0,-2.1, 0, 0, 0,1000,1000,0,0,0,""
82807,DATA,42.2,2.1, 0, 0, 0,1000,1000,0,0,0,""
83307,DATA,42.2,0.0, 0, 0, 0,1000,1000,0,0,0,""
83807,DATA,42.2,0.0, 0, 0,600,1000,1000,0,0,0,""
84307,DATA,42.0,-2.1, 0, 0, 0,1000,1000,0,0,0,""
84807,DATA,42.2,2.1, 0, 0, 0,1000,1000,0,0,0,""
85307,DATA,42.2,0.0, 0, 0, 0,1000,1000,0,0,0,""
85807,DATA,42.2,0.0, 0, 0, 0,1000,1000,0,0,0,""
86307,DATA,42.0,0.0, 0, 0, 0,1000,1000,0,0,0,""
86807,DATA,42.0,0.0, 0, 0,7800,1000,1000,0,0,0,""
87307,DATA,42.0,0.0, 0, 0, 0,1000,1000,0,0,0,""
87807,DATA,42.0,0.0, 0, 0,32997,1000,1000,0,0,0,""
88307,DATA,42.0,-2.1, 0, 0, 0,1000,1000,0,0,0,""
88807,DATA,42.0,-2.1, 0, 0,55200,1000,1000,0,0,0,""
89307,DATA,42.0,0.0, 0, 0,74996,1000,1000,0,0,0,""
89807,DATA,42.0,0.0, 0, 0,7800,1000,1000,0,0,0,""
90307,DATA,42.0,0.0, 0, 0, 0,1000,1000,0,0,0,""
90807,DATA,42.0,0.0, 0, 0,100800,1000,1000,0,0,0,""
91307,DATA,42.0,0.0, 0, 0,177616,1000,1000,0,0,0,""
91807,DATA,42.0,0.0, 0, 0,142807,1000,1000,0,0,0,""
92307,DATA,42.0,0.0, 0, 0,34798,1000,1000,0,0,0,""
92807,DATA,42.0,0.0, 0, 0,13800,1000,1000,0,0,0,""
93307,DATA,42.0,0.0, 0, 0, 0,1000,1000,0,0,0,""
93807,DATA,42.0,0.0, 0, 0,600,1000,1000,0,0,0,""
94307,DATA,41.7,0.0, 0, 0, 0,1000,1000,0,0,0,""
94807,DATA,41.7,-2.1, 0, 0, 0,1000,1000,0,0,0,""
95307,DATA,42.0,0.0, 0, 0, 0,1000,1000,0,0,0,""
95807,DATA,42.0,0.0, 0, 0, 0,1000,1000,0,0,0,""
96307,DATA,41.7,-2.1, 0, 0,600,1000,1000,0,0,0,""
96807,DATA,42.0,0.0, 0, 0,15001,1000,1000,0,0,0,""
97307,DATA,42.0,0.0, 0, 0, 0,1000,1000,0,0,0,""
97807,DATA,42.0,0.0, 0, 0, 0,1000,1000,0,0,0,""
98307,DATA,42.0,2.1, 0, 0, 0,1000,1000,0,0,0,""
98807,DATA,42.0,0.0, 0, 0, 0,1000,1000,0,0,0,""
99307,DATA,42.0,0.0, 0, 0,171602,1000,1000,0,0,0,""
99807,DATA,42.0,0.0, 0, 0, 0,1000,1000,0,0,0,""
100307,DATA,41.7,-2.1, 0, 0, 0,1000,1000,0,0,0,""
100807,DATA,42.0,0.0, 0, 0, 0,1000,1000,0,0,0,""
101307,DATA,42.0,0.0, 0, 0, 0,1000,1000,0,0,0,""
101807,DATA,42.0,2.1, 0, 0,43204,1000,1000,0,0,0,""
102307,DATA,42.0,0.0, 0, 0,3000,1000,1000,0,0,0,""
102807,DATA,42.0,0.0, 0, 0, 0,1000,1000,0,0,0,""
103307,DATA,42.0,0.0, 0, 0, 0,1000,1000,0,0,0,""
103807,DATA,42.0,0.0, 0, 0, 0,1000,1000,0,0,0,""
104307,DATA,41.7,-2.1, 0, 0, 0,1000,1000,0,0,0,""
104807,DATA,41.7,0.0, 0, 0, 0,1000,1000,0,0,0,""
105307,DATA,41.7,0.0, 0, 0, 0,1000,1000,0,0,0,""
105807,DATA,42.0,0.0, 0, 0, 0,1000,1000,0,0,0,""
106307,DATA,41.7,0.0, 0, 0, 0,1000,1000,0,0,0,""
106807,DATA,42.0,0.0, 0, 0, 0,1000,1000,0,0,0,""
107307,DATA,41.7,-2.1, 0, 0, 0,1000,1000,0,0,0,""
107807,DATA,41.7,0.0, 0, 0, 0,1000,1000,0,0,0,""
108307,DATA,41.7,-2.1, 0, 0,109187,1000,1000,0,0,0,""
108807,DATA,41.7,-2.1, 0, 0, 0,1000,1000,0,0,0,""
109307,DATA,41.7,0.0, 0, 0, 0,1000,1000,0,0,0,""
109807,DATA,41.7,0.0, 0, 0, 0,1000,1000,0,0,0,""
110307,DATA,42.0,2.1, 0, 0, 0,1000,1000,0,0,0,""
110807,DATA,41.7,0.0, 0, 0, 0,1000,1000,0,0,0,""
111307,DATA,41.7,-2.1, 0, 0, 0,1000,1000,0,0,0,""
111807,DATA,41.7,0.0, 0, 0, 0,1000,1000,0,0,0,""
112307,DATA,41.7,0.0, 0, 0, 0,1000,1000,0,0,0,""
112807,DATA,41.7,0.0, 0, 0, 0,1000,1000,0,0,0,""
113307,DATA,41.7,0.0, 0, 0, 0,1000,1000,0,0,0,""
113807,DATA,42.0,2.1, 0, 0, 0,1000,1000,0,0,0,""
114307,DATA,41.7,0.0, 0, 0, 0,1000,1000,0,0,0,""
114807,DATA,41.7,0.0, 0, 0, 0,1000,1000,0,0,0,""
115307,DATA,41.7,0.0, 0, 0, 0,1000,1000,0,0,0,""
115807,DATA,41.7,0.0, 0, 0, 0,1000,1000,0,0,0,""
116307,DATA,41.7,0.0, 0, 0, 0,1000,1000,0,0,0,""
116807,DATA,41.7,0.0, 0, 0, 0,1000,1000,0,0,0,""
117307,DATA,41.7,0.0, 0, 0, 0,1000,1000,0,0,0,""
117807,DATA,41.7,0.0, 0, 0, 0,1000,1000,0,0,0,""
118307,DATA,41.7,0.0, 0, 0, 0,1000,1000,0,0,0,""
118807,DATA,41.7,0.0, 0, 0, 0,1000,1000,0,0,0,""
119307,DATA,41.7,0.0, 0, 0, 0,1000,1000,0,0,0,""
119807,DATA,41.7,0.0, 0, 0, 0,1000,1000,0,0,0,""
120307,DATA,41.7,0.0, 0, 0, 0,1000,1000,0,0,0,""
120807,DATA,41.7,0.0, 0, 0, 0,1000,1000,0,0,0,""
121307,DATA,41.7,0.0, 0, 0, 0,1000,1000,0,0,0,""
121807,DATA,41.7,0.0, 0, 0, 0,1000,1000,0,0,0,""
122307,DATA,41.7,0.0, 0, 0,176975,1000,1000,0,0,0,""
122807,DATA,41.7,0.0, 0, 0,13801,1000,1000,0,0,0,""
123307,DATA,41.7,0.0, 0, 0, 0,1000,1000,0,0,0,""
123807,DATA,41.7,0.0, 0, 0, 0,1000,1000,0,0,0,""
124307,DATA,41.7,0.0, 0, 0, 0,1000,1000,0,0,0,""
124807,DATA,41.7,0.0, 0, 0, 0,1000,1000,0,0,0,""
125307,DATA,41.7,0.0, 0, 0, 0,1000,1000,0,0,0,""
125807,DATA,41.5,-2.1, 0, 0, 0,1000,1000,0,0,0,""
126307,DATA,41.7,0.0, 0, 0, 0,1000,1000,0,0,0,""
126807,DATA,41.7,0.0, 0, 0, 0,1000,1000,0,0,0,""
127307,DATA,41.7,0.0, 0, 0, 0,1000,1000,0,0,0,""
127807,DATA,41.7,0.0, 0, 0, 0,1000,1000,0,0,0,""
128307,DATA,41.7,0.0, 0, 0, 0,1000,1000,0,0,0,""
128807,DATA,41.7,0.0, 0, 0, 0,1000,1000,0,0,0,""
129307,DATA,41.7,0.0, 0, 0, 0,1000,1000,0,0,0,""
129807,DATA,41.5,0.0, 0, 0, 0,1000,1000,0,0,0,""
130307,DATA,41.7,0.0, 0, 0, 0,1000,1000,0,0,0,""
130807,DATA,41.7,0.0, 0, 0, 0,1000,1000,0,0,0,""
131307,DATA,41.7,0.0, 0, 0, 0,1000,1000,0,0,0,""
131807,DATA,41.7,0.0, 0, 0, 0,1000,1000,0,0,0,""
132307,DATA,41.7,0.0, 0, 0, 0,1000,1000,0,0,0,""
132807,DATA,41.7,0.0, 0, 0, 0,1000,1000,0,0,0,""
133307,DATA,41.5,-2.1, 0, 0, 0,1000,1000,0,0,0,""
133807,DATA,41.7,0.0, 0, 0, 0,1000,1000,0,0,0,""
134307,DATA,41.7,0.0, 0, 0, 0,1000,1000,0,0,0,""
134807,DATA,41.7,0.0, 0, 0, 0,1000,1000,0,0,0,""
135307,DATA,41.5,-2.1, 0, 0,80393,1000,1000,0,0,0,""
135807,DATA,41.7,0.0, 0, 0,17400,1000,1000,0,0,0,""
136307,DATA,41.7,2.1, 0, 0,16799,1000,1000,0,0,0,""
136807,DATA,41.7,0.0, 0, 0,141589,1000,1000,0,0,0,""
137307,DATA,41.7,0.0, 0, 0,6000,1000,1000,0,0,0,""
137807,DATA,41.7,0.0, 0, 0, 0,1000,1000,0,0,0,""
138307,DATA,41.7,0.0, 0, 0, 0,1000,1000,0,0,0,""
138807,DATA,41.5,-2.1, 0, 0, 0,1000,1000,0,0,0,""
139307,DATA,41.7,0.0, 0, 0, 0,1000,1000,0,0,0,""
139807,DATA,41.7,0.0, 0, 0, 0,1000,1000,0,0,0,""
140307,DATA,41.7,0.0, 0, 0, 0,1000,1000,0,0,0,""
140807,DATA,41.7,0.0, 0, 0, 0,1000,1000,0,0,0,""
141307,DATA,41.7,0.0, 0, 0, 0,1000,1000,0,0,0,""
141807,DATA,41.7,0.0, 0, 0, 0,1000,1000,0,0,0,""
142307,DATA,41.7,2.1, 0, 0, 0,1000,1000,0,0,0,""
142807,DATA,41.7,0.0, 0, 0, 0,1000,1000,0,0,0,""
143307,DATA,41.7,2.1, 0, 0, 0,1000,1000,0,0,0,""
143807,DATA,41.7,0.0, 0, 0, 0,1000,1000,0,0,0,""
144307,DATA,41.5,-2.1, 0, 0, 0,1000,1000,0,0,0,""
144807,DATA,41.7,0.0, 0, 0, 0,1000,1000,0,0,0,""
145307,DATA,41.7,2.1, 0, 0, 0,1000,1000,0,0,0,""
145807,DATA,41.5,-2.1, 0, 0, 0,1000,1000,0,0,0,""
146307,DATA,41.5,-2.1, 0, 0, 0,1000,1000,0,0,0,""
146807,DATA,41.7,2.1, 0, 0, 0,1000,1000,0,0,0,""
147307,DATA,41.5,0.0, 0, 0, 0,1000,1000,0,0,0,""
147807,DATA,41.7,2.1, 0, 0, 0,1000,1000,0,0,0,""
148307,DATA,41.5,0.0, 0, 0, 0,1000,1000,0,0,0,""
148807,DATA,41.7,2.1, 0, 0, 0,1000,1000,0,0,0,""
149307,DATA,41.7,2.1, 0, 0, 0,1000,1000,0,0,0,""
149807,DATA,41.5,0.0, 0, 0, 0,1000,1000,0,0,0,""
150307,DATA,41.5,-2.1, 0, 0,15007,1000,1000,0,0,0,""
150807,DATA,41.5,0.0, 0, 0, 0,1000,1000,0,0,0,""
151307,DATA,41.5,-2.1, 0, 0,7803,1000,1000,0,0,0,""
151807,DATA,41.5,-2.1, 0, 0, 0,1000,1000,0,0,0,""
152307,DATA,41.5,0.0, 0, 0,33331,1000,1000,0,0,0,""
152807,DATA,41.5,0.0, 0, 0, 0,1000,1000,0,0,0,""
153307,DATA,41.5,0.0, 0, 0, 0,1000,1000,0,0,0,""
153807,DATA,41.5,0.0, 0, 0, 0,1000,1000,0,0,0,""
154307,DATA,41.5,0.0, 0, 0,10907,1000,1000,0,0,0,""
154807,DATA,41.5,0.0, 0, 0,600,1000,1000,0,0,0,""
155307,DATA,41.5,0.0, 0, 0,44242,1000,1000,0,0,0,""
155807,DATA,41.5,0.0, 0, 0,26661,1000,1000,0,0,0,""
156307,DATA,41.5,0.0, 0, 0, 0,1000,1000,0,0,0,""
156807,DATA,41.5,0.0, 0, 0, 0,1000,1000,0,0,0,""
157307,DATA,41.5,0.0, 0, 0, 0,1000,1000,0,0,0,""
157807,DATA,41.5,0.0, 0, 0, 0,1000,1000,0,0,0,""
158307,DATA,41.5,0.0, 0, 0, 0,1000,1000,0,0,0,""
158807,DATA,41.5,0.0, 0, 0, 0,1000,1000,0,0,0,""
159307,DATA,41.5,0.0, 0, 0, 0,1000,1000,0,0,0,""
159807,DATA,41.5,0.0, 0, 0,9696,1000,1000,0,0,0,""
160307,DATA,41.5,0.0, 0, 0,606,1000,1000,0,0,0,""
160807,DATA,41.5,0.0, 0, 0,3001,1000,1000,0,0,0,""
161307,DATA,41.5,0.0, 0, 0,24011,1000,1000,0,0,0,""
161807,DATA,41.5,0.0, 0, 0, 0,1000,1000,0,0,0,""
162307,DATA,41.5,0.0, 0, 0, 0,1000,1000,0,0,0,""
162807,DATA,41.5,0.0, 0, 0,85248,1000,1000,0,0,0,""
163307,DATA,41.5,0.0, 0, 0,1212,1000,1000,0,0,0,""
163807,DATA,41.5,0.0, 0, 0,106837,1000,1000,0,0,0,""
164307,DATA,41.5,0.0, 0, 0,15008,1000,1000,0,0,0,""
164807,DATA,41.5,0.0, 0, 0, 0,1000,1000,0,0,0,""
165307,DATA,41.5,0.0, 0, 0, 0,1000,1000,0,0,0,""
165807,DATA,41.5,0.0, 0, 0, 0,1000,1000,0,0,0,""
166307,DATA,41.5,0.0, 0, 0, 0,1000,1000,0,0,0,""
166807,DATA,41.2,-2.1, 0, 0, 0,1000,1000,0,0,0,""
167307,DATA,41.5,2.1, 0, 0, 0,1000,1000,0,0,0,""
167807,DATA,41.5,0.0, 0, 0, 0,1000,1000,0,0,0,""
168307,DATA,41.2,0.0, 0, 0,50400,1000,1000,0,0,0,""
168807,DATA,41.5,0.0, 0, 0, 0,1000,1000,0,0,0,""
169307,DATA,41.5,2.1, 0, 0, 0,1000,1000,0,0,0,""
169807,DATA,41.5,0.0, 0, 0, 0,1000,1000,0,0,0,""
170307,DATA,41.5,0.0, 0, 0, 0,1000,1000,0,0,0,""
170807,DATA,41.5,2.1, 0, 0, 0,1000,1000,0,0,0,""
171307,DATA,41.5,0.0, 0, 0, 0,1000,1000,0,0,0,""
171807,DATA,41.2,-2.1, 0, 0, 0,1000,1000,0,0,0,""
172307,DATA,41.5,2.1, 0, 0,600,1000,1000,0,0,0,""
172807,DATA,41.2,0.0, 0, 0, 0,1000,1000,0,0,0,""
173307,DATA,41.5,2.1, 0, 0, 0,1000,1000,0,0,0,""
173807,DATA,41.2,0.0, 0, 0, 0,1000,1000,0,0,0,""
174307,DATA,41.2,0.0, 0, 0, 0,1000,1000,0,0,0,""
174807,DATA,41.2,0.0, 0, 0, 0,1000,1000,0,0,0,""
175307,DATA,41.2,0.0, 0, 0, 0,1000,1000,0,0,0,""
175807,DATA,41.2,0.0, 0, 0, 0,1000,1000,0,0,0,""
176307,DATA,41.2,0.0, 0, 0,2424,1000,1000,0,0,0,""
176807,DATA,41.2,0.0, 0, 0, 0,1000,1000,0,0,0,""
177307,DATA,41.2,0.0, 0, 0,50423,1000,1000,0,0,0,""
177807,DATA,41.2,0.0, 0, 0,41777,1000,1000,0,0,0,""
178307,DATA,41.2,0.0, 0, 0, 0,1000,1000,0,0,0,""
178807,DATA,41.2,0.0, 0, 0, 0,1000,1000,0,0,0,""
179307,DATA,41.2,0.0, 0, 0, 0,1000,1000,0,0,0,""
179807,DATA,41.2,0.0, 0, 0, 0,1000,1000,0,0,0,""
180307,DATA,41.2,0.0, 0, 0, 0,1000,1000,0,0,0,""
180807,DATA,41.2,0.0, 0, 0, 0,1000,1000,0,0,0,""
181307,DATA,41.2,0.0, 0, 0, 0,1000,1000,0,0,0,""
181807,DATA,41.2,0.0, 0, 0,6002,1000,1000,0,0,0,""
182307,DATA,41.2,0.0, 0, 0, 0,1000,1000,0,0,0,""
182807,DATA,41.2,0.0, 0, 0, 0,1000,1000,0,0,0,""
183307,DATA,41.2,0.0, 0, 0, 0,1000,1000,0,0,0,""
183807,DATA,41.2,0.0, 0, 0, 0,1000,1000,0,0,0,""
184307,DATA,41.2,0.0, 0, 0, 0,1000,1000,0,0,0,""
184807,DATA,41.2,0.0, 0, 0, 0,1000,1000,0,0,0,""
185307,DATA,41.2,0.0, 0, 0, 0,1000,1000,0,0,0,""
185807,DATA,41.2,0.0, 0, 0, 0,1000,1000,0,0,0,""
186307,DATA,41.2,0.0, 0, 0, 0,1000,1000,0,0,0,""
186807,DATA,41.2,0.0, 0, 0, 0,1000,1000,0,0,0,""
187307,DATA,41.2,0.0, 0, 0,7802,1000,1000,0,0,0,""
187807,DATA,41.2,0.0, 0, 0, 0,1000,1000,0,0,0,""
188307,DATA,41.2,0.0, 0, 0, 0,1000,1000,0,0,0,""
188807,DATA,41.2,0.0, 0, 0, 0,1000,1000,0,0,0,""
189307,DATA,41.2,0.0, 0, 0, 0,1000,1000,0,0,0,""
189807,DATA,41.2,0.0, 0, 0, 0,1000,1000,0,0,0,""
190307,DATA,41.2,0.0, 0, 0, 0,1000,1000,0,0,0,""
190807,DATA,41.2,0.0, 0, 0, 0,1000,1000,0,0,0,""
191307,DATA,41.2,0.0, 0, 0, 0,1000,1000,0,0,0,""
191807,DATA,41.2,0.0, 0, 0, 0,1000,1000,0,0,0,""
192307,DATA,41.2,0.0, 0, 0, 0,1000,1000,0,0,0,""
192807,DATA,41.2,0.0, 0, 0, 0,1000,1000,0,0,0,""
193307,DATA,41.2,0.0, 0, 0, 0,1000,1000,0,0,0,""
193807,DATA,41.2,0.0, 0, 0, 0,1000,1000,0,0,0,""
194307,DATA,41.2,0.0, 0, 0, 0,1000,1000,0,0,0,""
194807,DATA,41.2,0.0, 0, 0, 0,1000,1000,0,0,0,""
195307,DATA,41.2,0.0, 0, 0, 0,1000,1000,0,0,0,""
195807,DATA,41.2,0.0, 0, 0, 0,1000,1000,0,0,0,""
196307,DATA,41.2,0.0, 0, 0, 0,1000,1000,0,0,0,""
196807,DATA,41.2,0.0, 0, 0, 0,1000,1000,0,0,0,""
197307,DATA,41.2,0.0, 0, 0, 0,1000,1000,0,0,0,""
197807,DATA,41.2,0.0, 0, 0, 0,1000,1000,0,0,0,""
198307,DATA,41.2,0.0, 0, 0, 0,1000,1000,0,0,0,""
198807,DATA,41.2,2.1, 0, 0, 0,1000,1000,0,0,0,""
199307,DATA,41.2,0.0, 0, 0, 0,1000,1000,0,0,0,""
199807,DATA,41.2,0.0, 0, 0, 0,1000,1000,0,0,0,""
200307,DATA,41.2,0.0, 0, 0, 0,1000,1000,0,0,0,""
200807,DATA,41.2,0.0, 0, 0, 0,1000,1000,0,0,0,""
201307,DATA,41.2,0.0, 0, 0, 0,1000,1000,0,0,0,""
201807,DATA,41.2,2.1, 0, 0, 0,1000,1000,0,0,0,""
202307,DATA,41.2,2.1, 0, 0, 0,1000,1000,0,0,0,""
202807,DATA,41.0,0.0, 0, 0, 0,1000,1000,0,0,0,""
203307,DATA,41.0,-2.1, 0, 0, 0,1000,1000,0,0,0,""
203807,DATA,41.2,2.1, 0, 0, 0,1000,1000,0,0,0,""
204307,DATA,41.0,0.0, 0, 0, 0,1000,1000,0,0,0,""
204807,DATA,41.0,0.0, 0, 0, 0,1000,1000,0,0,0,""
205307,DATA,41.0,0.0, 0, 0, 0,1000,1000,0,0,0,""
205807,DATA,41.2,2.1, 0, 0, 0,1000,1000,0,0,0,""
206307,DATA,41.0,0.0, 0, 0, 0,1000,1000,0,0,0,""
206807,DATA,41.0,0.0, 0, 0, 0,1000,1000,0,0,0,""
207307,DATA,41.2,2.0, 0, 0, 0,1000,1000,0,0,0,""
207807,DATA,41.0,0.0, 0, 0,38007,1000,1000,0,0,0,""
208307,DATA,41.0,0.0, 0, 0,20202,1000,1000,0,0,0,""
208807,DATA,41.0,0.0, 0, 0,7060,1000,1000,0,0,0,""
209307,DATA,41.0,0.0, 0, 0, 0,1000,1000,0,0,0,""
209807,DATA,41.0,-2.1, 0, 0, 0,1000,1000,0,0,0,""
210307,DATA,41.2,2.0, 0, 0,110509,1000,1000,0,0,0,""
210807,DATA,41.0,0.0, 0, 0,37629,1000,1000,0,0,0,""
211307,DATA,41.2,2.1, 0, 0,27925,1000,1000,0,0,0,""
211807,DATA,41.0,0.0, 0, 0, 0,1000,1000,0,0,0,""
212307,DATA,41.0,0.0, 0, 0,4118,1000,1000,0,0,0,""
212807,DATA,41.0,0.0, 0, 0, 0,1000,1000,0,0,0,""
213307,DATA,41.0,0.0, 0, 0, 0,1000,1000,0,0,0,""
213807,DATA,41.0,0.0, 0, 0, 0,1000,1000,0,0,0,""
214307,DATA,41.0,0.0, 0, 0, 0,1000,1000,0,0,0,""
214807,DATA,41.0,0.0, 0, 0,4159,1000,1000,0,0,0,""
215307,DATA,41.0,0.0, 0, 0, 0,1000,1000,0,0,0,""
215807,DATA,41.2,2.1, 0, 0, 0,1000,1000,0,0,0,""
216307,DATA,41.0,0.0, 0, 0, 0,1000,1000,0,0,0,""
216807,DATA,41.0,0.0, 0, 0,594,1000,1000,0,0,0,""
217307,DATA,41.0,0.0, 0, 0, 0,1000,1000,0,0,0,""
217807,DATA,41.0,0.0, 0, 0, 0,1000,1000,0,0,0,""
218307,DATA,41.0,0.0, 0, 0, 0,1000,1000,0,0,0,""
218807,DATA,41.0,0.0, 0, 0, 0,1000,1000,0,0,0,""
219307,DATA,41.0,0.0, 0, 0, 0,1000,1000,0,0,0,""
219807,DATA,41.0,0.0, 0, 0, 0,1000,1000,0,0,0,""
220307,DATA,41.0,0.0, 0, 0, 0,1000,1000,0,0,0,""
220807,DATA,41.0,0.0, 0, 0, 0,1000,1000,0,0,0,""
221307,DATA,41.0,0.0, 0, 0, 0,1000,1000,0,0,0,""
221807,DATA,41.0,0.0, 0, 0, 0,1000,1000,0,0,0,""
222307,DATA,41.0,0.0, 0, 0, 0,1000,1000,0,0,0,""
222807,DATA,41.0,0.0, 0, 0,94087,1000,1000,0,0,0,""
223307,DATA,41.0,0.0, 0, 0, 0,1000,1000,0,0,0,""
223807,DATA,41.0,0.0, 0, 0, 0,1000,1000,0,0,0,""
224307,DATA,41.0,0.0, 0, 0, 0,1000,1000,0,0,0,""
224807,DATA,41.0,0.0, 0, 0, 0,1000,1000,0,0,0,""
225307,DATA,41.0,0.0, 0, 0, 0,1000,1000,0,0,0,""
225807,DATA,41.0,0.0, 0, 0, 0,1000,1000,0,0,0,""
226307,DATA,41.0,0.0, 0, 0, 0,1000,1000,0,0,0,""
226807,DATA,41.0,0.0, 0, 0, 0,1000,1000,0,0,0,""
227307,DATA,41.0,0.0, 0, 0, 0,1000,1000,0,0,0,""
227807,DATA,41.0,0.0, 0, 0,46315,1000,1000,0,0,0,""
228307,DATA,41.0,0.0, 0, 0, 0,1000,1000,0,0,0,""
228807,DATA,41.0,0.0, 0, 0, 0,1000,1000,0,0,0,""
229307,DATA,41.0,0.0, 0, 0, 0,1000,1000,0,0,0,""
229807,DATA,41.0,0.0, 0, 0, 0,1000,1000,0,0,0,""
230307,DATA,41.0,0.0, 0, 0, 0,1000,1000,0,0,0,""
230807,DATA,41.0,0.0, 0, 0, 0,1000,1000,0,0,0,""
231307,DATA,41.0,0.0, 0, 0, 0,1000,1000,0,0,0,""
231807,DATA,41.0,0.0, 0, 0, 0,1000,1000,0,0,0,""
232307,DATA,41.0,0.0, 0, 0, 0,1000,1000,0,0,0,""
232807,DATA,41.0,0.0, 0, 0, 0,1000,1000,0,0,0,""
233307,DATA,41.0,0.0, 0, 0, 0,1000,1000,0,0,0,""
233807,DATA,41.0,0.0, 0, 0,75888,1000,1000,0,0,0,""
234307,DATA,41.0,0.0, 0, 0, 0,1000,1000,0,0,0,""
234807,DATA,41.0,0.0, 0, 0, 0,1000,1000,0,0,0,""
235307,DATA,41.0,0.0, 0, 0, 0,1000,1000,0,0,0,""
235807,DATA,41.0,2.1, 0, 0, 0,1000,1000,0,0,0,""
236307,DATA,41.0,0.0, 0, 0, 0,1000,1000,0,0,0,""
236807,DATA,41.0,0.0, 0, 0, 0,1000,1000,0,0,0,""
237307,DATA,41.0,0.0, 0, 0, 0,1000,1000,0,0,0,""
237807,DATA,41.0,0.0, 0, 0, 0,1000,1000,0,0,0,""
238307,DATA,41.0,2.1, 0, 0, 0,1000,1000,0,0,0,""
238807,DATA,41.0,0.0, 0, 0, 0,1000,1000,0,0,0,""
239307,DATA,41.0,0.0, 0, 0, 0,1000,1000,0,0,0,""
239807,DATA,41.0,0.0, 0, 0, 0,1000,1000,0,0,0,""
240307,DATA,41.0,0.0, 0, 0, 0,1000,1000,0,0,0,""
240807,DATA,41.0,2.1, 0, 0, 0,1000,1000,0,0,0,""
241307,DATA,40.8,-2.1, 0, 0, 0,1000,1000,0,0,0,""
241807,DATA,40.8,0.0, 0, 0, 0,1000,1000,0,0,0,""
242308,DATA,40.8,-2.1, 0, 0, 0,1000,1000,0,0,0,""
242809,DATA,40.8,0.0, 0, 0, 0,1000,1000,0,0,0,""
243310,DATA,40.8,-2.0, 0, 0, 0,1000,1000,0,0,0,""
243811,DATA,40.8,0.0, 0, 0,84318,1000,1000,0,0,0,""
244312,DATA,40.8,0.0, 0, 0, 0,1000,1000,0,0,0,""
244813,DATA,40.8,0.0, 0, 0, 0,1000,1000,0,0,0,""
245314,DATA,40.8,0.0, 0, 0, 0,1000,1000,0,0,0,""
245815,DATA,40.8,0.0, 0, 0, 0,1000,1000,0,0,0,""
246316,DATA,40.8,0.0, 0, 0, 0,1000,1000,0,0,0,""
246817,DATA,40.8,0.0, 0, 0, 0,1000,1000,0,0,0,""
247318,DATA,40.8,0.0, 0, 0, 0,1000,1000,0,0,0,""
247819,DATA,40.8,0.0, 0, 0, 0,1000,1000,0,0,0,""
248320,DATA,40.8,0.0, 0, 0, 0,1000,1000,0,0,0,""
248821,DATA,40.8,0.0, 0, 0, 0,1000,1000,0,0,0,""
249322,DATA,40.8,0.0, 0, 0,24954,1000,1000,0,0,0,""
249823,DATA,40.8,0.0, 0, 0, 0,1000,1000,0,0,0,""
250324,DATA,40.5,-2.1, 0, 0, 0,1000,1000,0,0,0,""
250825,DATA,40.8,0.0, 0, 0,6532,1000,1000,0,0,0,""
251326,DATA,40.8,2.1, 0, 0, 0,1000,1000,0,0,0,""
251827,DATA,40.8,0.0, 0, 0, 0,1000,1000,0,0,0,""
252328,DATA,40.8,0.0, 0, 0, 0,1000,1000,0,0,0,""
252829,DATA,40.8,0.0, 0, 0, 0,1000,1000,0,0,0,""
253330,DATA,40.5,-2.1, 0, 0,7124,1000,1000,0,0,0,""
253831,DATA,40.8,0.0, 0, 0, 0,1000,1000,0,0,0,""
254332,DATA,40.8,2.1, 0, 0, 0,1000,1000,0,0,0,""
254833,DATA,40.8,0.0, 0, 0, 0,1000,1000,0,0,0,""
255334,DATA,40.8,2.0, 0, 0, 0,1000,1000,0,0,0,""
255835,DATA,40.8,0.0, 0, 0, 0,1000,1000,0,0,0,""
256336,DATA,40.8,0.0, 0, 0, 0,1000,1000,0,0,0,""
256837,DATA,40.5,-2.1, 0, 0, 0,1000,1000,0,0,0,""
257338,DATA,40.8,0.0, 0, 0, 0,1000,1000,0,0,0,""
257839,DATA,40.8,2.1, 0, 0,81985,1000,1000,0,0,0,""
258340,DATA,40.5,0.0, 0, 0, 0,1000,1000,0,0,0,""
258841,DATA,40.8,2.1, 0, 0, 0,1000,1000,0,0,0,""
259342,DATA,40.8,0.0, 0, 0, 0,1000,1000,0,0,0,""
259843,DATA,40.8,0.0, 0, 0,101712,1000,1000,0,0,0,""
260344,DATA,40.8,2.1, 0, 0,20200,1000,1000,0,0,0,""
260845,DATA,40.5,-2.1, 0, 0,24098,1000,1000,0,0,0,""
261346,DATA,40.8,0.0, 0, 0,24347,1000,1000,0,0,0,""
261847,DATA,40.8,0.0, 0, 0, 0,1000,1000,0,0,0,""
262348,DATA,40.8,0.0, 0, 0,21768,1000,1000,0,0,0,""
262849,DATA,40.8,0.0, 0, 0, 0,1000,1000,0,0,0,""
263350,DATA,40.5,-2.1, 0, 0, 0,1000,1000,0,0,0,""
263851,DATA,40.8,0.0, 0, 0, 0,1000,1000,0,0,0,""
264352,DATA,40.8,0.0, 0, 0, 0,1000,1000,0,0,0,""
264853,DATA,40.8,0.0, 0, 0, 0,1000,1000,0,0,0,""
265354,DATA,40.5,-2.1, 0, 0, 0,1000,1000,0,0,0,""
265855,DATA,40.8,0.0, 0, 0, 0,1000,1000,0,0,0,""
266356,DATA,40.5,-2.1, 0, 0, 0,1000,1000,0,0,0,""
266857,DATA,40.5,0.0, 0, 0, 0,1000,1000,0,0,0,""
267358,DATA,40.8,0.0, 0, 0, 0,1000,1000,0,0,0,""
267859,DATA,40.8,0.0, 0, 0,143762,1000,1000,0,0,0,""
268360,DATA,40.5,0.0, 0, 0, 0,1000,1000,0,0,0,""
268861,DATA,40.5,0.0, 0, 0, 0,1000,1000,0,0,0,""
269362,DATA,40.5,0.0, 0, 0, 0,1000,1000,0,0,0,""
269863,DATA,40.5,0.0, 0, 0, 0,1000,1000,0,0,0,""
270364,DATA,40.5,0.0, 0, 0, 0,1000,1000,0,0,0,""
270865,DATA,40.8,2.1, 0, 0, 0,1000,1000,0,0,0,""
271366,DATA,40.5,-2.1, 0, 0, 0,1000,1000,0,0,0,""
271867,DATA,40.5,0.0, 0, 0, 0,1000,1000,0,0,0,""
272368,DATA,40.8,2.1, 0, 0, 0,1000,1000,0,0,0,""
272869,DATA,40.5,-2.1, 0, 0, 0,1000,1000,0,0,0,""
273370,DATA,40.5,0.0, 0, 0, 0,1000,1000,0,0,0,""
273871,DATA,40.5,0.0, 0, 0, 0,1000,1000,0,0,0,""
274372,DATA,40.8,2.1, 0, 0, 0,1000,1000,0,0,0,""
274873,DATA,40.5,0.0, 0, 0,103322,1000,1000,0,0,0,""
275374,DATA,40.5,-2.1, 0, 0, 0,1000,1000,0,0,0,""
275875,DATA,40.5,0.0, 0, 0,17230,1000,1000,0,0,0,""
276376,DATA,40.5,0.0, 0, 0, 0,1000,1000,0,0,0,""
276877,DATA,40.5,-2.1, 0, 0, 0,1000,1000,0,0,0,""
277378,DATA,40.5,0.0, 0, 0, 0,1000,1000,0,0,0,""
277879,DATA,40.5,0.0, 0, 0, 0,1000,1000,0,0,0,""
278380,DATA,40.5,0.0, 0, 0, 0,1000,1000,0,0,0,""
278881,DATA,40.5,0.0, 0, 0, 0,1000,1000,0,0,0,""
279382,DATA,40.5,0.0, 0, 0, 0,1000,1000,0,0,0,""
279883,DATA,40.5,0.0, 0, 0, 0,1000,1000,0,0,0,""
280384,DATA,40.5,0.0, 0, 0, 0,1000,1000,0,0,0,""
280885,DATA,40.5,0.0, 0, 0, 0,1000,1000,0,0,0,""
281386,DATA,40.5,0.0, 0, 0, 0,1000,1000,0,0,0,""
281887,DATA,40.5,0.0, 0, 0, 0,1000,1000,0,0,0,""
282388,DATA,40.5,0.0, 0, 0, 0,1000,1000,0,0,0,""
282889,DATA,40.5,0.0, 0, 0, 0,1000,1000,0,0,0,""
283390,DATA,40.5,0.0, 0, 0, 0,1000,1000,0,0,0,""
283891,DATA,40.5,0.0, 0, 0, 0,1000,1000,0,0,0,""
284392,DATA,40.5,0.0, 0, 0, 0,1000,1000,0,0,0,""
284893,DATA,40.5,0.0, 0, 0, 0,1000,1000,0,0,0,""
285394,DATA,40.5,0.0, 0, 0, 0,1000,1000,0,0,0,""
285895,DATA,40.5,0.0, 0, 0, 0,1000,1000,0,0,0,""
286396,DATA,40.5,0.0, 0, 0, 0,1000,1000,0,0,0,""
286897,DATA,40.5,0.0, 0, 0, 0,1000,1000,0,0,0,""
287398,DATA,40.5,0.0, 0, 0,46481,1000,1000,0,0,0,""
287899,DATA,40.5,0.0, 0, 0, 0,1000,1000,0,0,0,""
288400,DATA,40.5,0.0, 0, 0, 0,1000,1000,0,0,0,""
288901,DATA,40.5,0.0, 0, 0, 0,1000,1000,0,0,0,""
289402,DATA,40.5,0.0, 0, 0,594,1000,1000,0,0,0,""
289903,DATA,40.5,0.0, 0, 0,38614,1000,1000,0,0,0,""
290404,DATA,40.5,0.0, 0, 0, 0,1000,1000,0,0,0,""
290905,DATA,40.5,0.0, 0, 0, 0,1000,1000,0,0,0,""
291406,DATA,40.5,0.0, 0, 0, 0,1000,1000,0,0,0,""
291907,DATA,40.5,0.0, 0, 0, 0,1000,1000,0,0,0,""
292408,DATA,40.5,0.0, 0, 0, 0,1000,1000,0,0,0,""
292909,DATA,40.5,0.0, 0, 0, 0,1000,1000,0,0,0,""
293410,DATA,40.5,0.0, 0, 0, 0,1000,1000,0,0,0,""
293911,DATA,40.5,0.0, 0, 0, 0,1000,1000,0,0,0,""
294412,DATA,40.5,0.0, 0, 0, 0,1000,1000,0,0,0,""
294913,DATA,40.5,0.0, 0, 0, 0,1000,1000,0,0,0,""
295414,DATA,40.5,0.0, 0, 0, 0,1000,1000,0,0,0,""
295915,DATA,40.2,-2.1, 0, 0, 0,1000,1000,0,0,0,""
296416,DATA,40.5,0.0, 0, 0, 0,1000,1000,0,0,0,""
296917,DATA,40.5,0.0, 0, 0, 0,1000,1000,0,0,0,""
297418,DATA,40.5,0.0, 0, 0,79017,1000,1000,0,0,0,""
297919,DATA,40.5,0.0, 0, 0, 0,1000,1000,0,0,0,""
298420,DATA,40.5,0.0, 0, 0, 0,1000,1000,0,0,0,""
298921,DATA,40.5,0.0, 0, 0, 0,1000,1000,0,0,0,""
299422,DATA,40.5,0.0, 0, 0, 0,1000,1000,0,0,0,""
299923,DATA,40.5,0.0, 0, 0, 0,1000,1000,0,0,0,""
300424,DATA,40.5,0.0, 0, 0, 0,1000,1000,0,0,0,""
300925,DATA,40.5,0.0, 0, 0, 0,1000,1000,0,0,0,""
301426,DATA,40.5,0.0, 0, 0, 0,1000,1000,0,0,0,""
301927,DATA,40.5,0.0, 0, 0, 0,1000,1000,0,0,0,""
302428,DATA,40.5,0.0, 0, 0, 0,1000,1000,0,0,0,""
302929,DATA,40.5,0.0, 0, 0, 0,1000,1000,0,0,0,""
303430,DATA,40.5,0.0, 0, 0, 0,1000,1000,0,0,0,""
303931,DATA,40.5,0.0, 0, 0, 0,1000,1000,0,0,0,""
304432,DATA,40.5,0.0, 0, 0, 0,1000,1000,0,0,0,""
304933,DATA,40.5,2.1, 0, 0, 0,1000,1000,0,0,0,""
305434,DATA,40.5,2.1, 0, 0, 0,1000,1000,0,0,0,""
305935,DATA,40.5,2.1, 0, 0, 0,1000,1000,0,0,0,""
306436,DATA,40.5,0.0, 0, 0, 0,1000,1000,0,0,0,""
306937,DATA,40.5,0.0, 0, 0, 0,1000,1000,0,0,0,""
307438,DATA,40.5,2.1, 0, 0, 0,1000,1000,0,0,0,""
307939,DATA,40.5,0.0, 0, 0, 0,1000,1000,0,0,0,""
308440,DATA,40.2,-2.1, 0, 0, 0,1000,1000,0,0,0,""
308941,DATA,40.5,0.0, 0, 0, 0,1000,1000,0,0,0,""
309442,DATA,40.5,2.0, 0, 0, 0,1000,1000,0,0,0,""
309943,DATA,40.5,0.0, 0, 0, 0,1000,1000,0,0,0,""
310444,DATA,40.2,-2.1, 0, 0, 0,1000,1000,0,0,0,""
310945,DATA,40.2,-2.1, 0, 0, 0,1000,1000,0,0,0,""
311446,DATA,40.2,0.0, 0, 0, 0,1000,1000,0,0,0,""
311947,DATA,40.5,2.1, 0, 0, 0,1000,1000,0,0,0,""
312448,DATA,40.5,0.0, 0, 0, 0,1000,1000,0,0,0,""
312949,DATA,40.5,2.1, 0, 0, 0,1000,1000,0,0,0,""
313450,DATA,40.5,0.0, 0, 0, 0,1000,1000,0,0,0,""
313951,DATA,40.2,0.0, 0, 0, 0,1000,1000,0,0,0,""
314452,DATA,40.2,0.0, 0, 0, 0,1000,1000,0,0,0,""
314953,DATA,40.2,0.0, 0, 0, 0,1000,1000,0,0,0,""
315454,DATA,40.5,2.0, 0, 0, 0,1000,1000,0,0,0,""
315955,DATA,40.2,0.0, 0, 0, 0,1000,1000,0,0,0,""
316456,DATA,40.2,0.0, 0, 0, 0,1000,1000,0,0,0,""
316957,DATA,40.2,-2.1, 0, 0, 0,1000,1000,0,0,0,""
317458,DATA,40.2,0.0, 0, 0, 0,1000,1000,0,0,0,""
317959,DATA,40.2,0.0, 0, 0, 0,1000,1000,0,0,0,""
318460,DATA,40.2,0.0, 0, 0, 0,1000,1000,0,0,0,""
318961,DATA,40.2,0.0, 0, 0, 0,1000,1000,0,0,0,""
319462,DATA,40.2,0.0, 0, 0, 0,1000,1000,0,0,0,""
319963,DATA,40.2,0.0, 0, 0, 0,1000,1000,0,0,0,""
320464,DATA,40.2,0.0, 0, 0, 0,1000,1000,0,0,0,""
320965,DATA,40.2,0.0, 0, 0, 0,1000,1000,0,0,0,""
321466,DATA,40.2,0.0, 0, 0, 0,1000,1000,0,0,0,""
321967,DATA,40.2,0.0, 0, 0,594,1000,1000,0,0,0,""
322468,DATA,40.2,0.0, 0, 0, 0,1000,1000,0,0,0,""
322969,DATA,40.2,0.0, 0, 0, 0,1000,1000,0,0,0,""
323470,DATA,40.2,0.0, 0, 0, 0,1000,1000,0,0,0,""
323971,DATA,40.2,0.0, 0, 0, 0,1000,1000,0,0,0,""
324472,DATA,40.2,0.0, 0, 0, 0,1000,1000,0,0,0,""
324973,DATA,40.2,0.0, 0, 0, 0,1000,1000,0,0,0,""
325474,DATA,40.2,0.0, 0, 0, 0,1000,1000,0,0,0,""
325975,DATA,40.2,0.0, 0, 0, 0,1000,1000,0,0,0,""
326476,DATA,40.2,0.0, 0, 0, 0,1000,1000,0,0,0,""
326977,DATA,40.2,0.0, 0, 0, 0,1000,1000,0,0,0,""
327478,DATA,40.2,0.0, 0, 0, 0,1000,1000,0,0,0,""
327979,DATA,40.2,0.0, 0, 0, 0,1000,1000,0,0,0,""
328480,DATA,40.2,0.0, 0, 0, 0,1000,1000,0,0,0,""
328981,DATA,40.2,0.0, 0, 0, 0,1000,1000,0,0,0,""
329482,DATA,40.2,0.0, 0, 0, 0,1000,1000,0,0,0,""
329983,DATA,40.2,0.0, 0, 0, 0,1000,1000,0,0,0,""
330484,DATA,40.2,0.0, 0, 0, 0,1000,1000,0,0,0,""
330985,DATA,40.2,0.0, 0, 0, 0,1000,1000,0,0,0,""
331486,DATA,40.2,0.0, 0, 0, 0,1000,1000,0,0,0,""
331987,DATA,40.2,0.0, 0, 0, 0,1000,1000,0,0,0,""
332488,DATA,40.2,2.1, 0, 0, 0,1000,1000,0,0,0,""
332989,DATA,40.2,2.1, 0, 0, 0,1000,1000,0,0,0,""
333490,DATA,40.2,2.0, 0, 0, 0,1000,1000,0,0,0,""
333991,DATA,40.2,2.1, 0, 0, 0,1000,1000,0,0,0,""
334492,DATA,40.0,-2.1, 0, 0, 0,1000,1000,0,0,0,""
334993,DATA,40.0,-2.1, 0, 0, 0,1000,1000,0,0,0,""
335494,DATA,40.0,-2.1, 0, 0, 0,1000,1000,0,0,0,""
335995,DATA,40.0,0.0, 0, 0, 0,1000,1000,0,0,0,""
336496,DATA,40.0,-2.0, 0, 0, 0,1000,1000,0,0,0,""
336997,DATA,40.0,-2.1, 0, 0, 0,1000,1000,0,0,0,""
337498,DATA,40.2,0.0, 0, 0, 0,1000,1000,0,0,0,""
337999,DATA,40.0,0.0, 0, 0, 0,1000,1000,0,0,0,""
338500,DATA,40.0,0.0, 0, 0, 0,1000,1000,0,0,0,""
339001,DATA,40.2,2.1, 0, 0, 0,1000,1000,0,0,0,""
339502,DATA,40.0,0.0, 0, 0, 0,1000,1000,0,0,0,""
340003,DATA,40.0,0.0, 0, 0, 0,1000,1000,0,0,0,""
340504,DATA,40.2,2.1, 0, 0, 0,1000,1000,0,0,0,""
341005,DATA,40.0,0.0, 0, 0, 0,1000,1000,0,0,0,""
341506,DATA,40.0,0.0, 0, 0, 0,1000,1000,0,0,0,""
342007,DATA,40.0,0.0, 0, 0, 0,1000,1000,0,0,0,""
342508,DATA,40.0,0.0, 0, 0, 0,1000,1000,0,0,0,""
343009,DATA,40.0,0.0, 0, 0, 0,1000,1000,0,0,0,""
343510,DATA,40.0,0.0, 0, 0, 0,1000,1000,0,0,0,""
344011,DATA,40.2,2.1, 0, 0, 0,1000,1000,0,0,0,""
344512,DATA,40.0,-2.1, 0, 0, 0,1000,1000,0,0,0,""
345013,DATA,40.0,0.0, 0, 0, 0,1000,1000,0,0,0,""
345514,DATA,40.0,0.0, 0, 0, 0,1000,1000,0,0,0,""
346015,DATA,40.0,0.0, 0, 0, 0,1000,1000,0,0,0,""
346516,DATA,40.0,0.0, 0, 0, 0,1000,1000,0,0,0,""
347017,DATA,40.0,0.0, 0, 0, 0,1000,1000,0,0,0,""
347518,DATA,40.0,0.0, 0, 0, 0,1000,1000,0,0,0,""
348019,DATA,40.0,0.0, 0, 0, 0,1000,1000,0,0,0,""
348520,DATA,40.0,0.0, 0, 0, 0,1000,1000,0,0,0,""
349021,DATA,40.0,0.0, 0, 0, 0,1000,1000,0,0,0,""
349522,DATA,40.0,0.0, 0, 0, 0,1000,1000,0,0,0,""
350023,DATA,40.0,0.0, 0, 0, 0,1000,1000,0,0,0,""
350524,DATA,40.0,0.0, 0, 0, 0,1000,1000,0,0,0,""
351025,DATA,40.0,0.0, 0, 0, 0,1000,1000,0,0,0,""
351526,DATA,40.0,0.0, 0, 0, 0,1000,1000,0,0,0,""
352027,DATA,40.0,0.0, 0, 0, 0,1000,1000,0,0,0,""
352528,DATA,40.0,0.0, 0, 0, 0,1000,1000,0,0,0,""
353029,DATA,40.0,0.0, 0, 0, 0,1000,1000,0,0,0,""
353530,DATA,40.0,0.0, 0, 0, 0,1000,1000,0,0,0,""
354031,DATA,40.0,0.0, 0, 0, 0,1000,1000,0,0,0,""
354532,DATA,40.0,0.0, 0, 0, 0,1000,1000,0,0,0,""
355033,DATA,40.0,0.0, 0, 0, 0,1000,1000,0,0,0,""
355534,DATA,40.0,0.0, 0, 0, 0,1000,1000,0,0,0,""
356035,DATA,40.0,0.0, 0, 0, 0,1000,1000,0,0,0,""
356536,DATA,40.0,0.0, 0, 0, 0,1000,1000,0,0,0,""
357037,DATA,40.0,0.0, 0, 0, 0,1000,1000,0,0,0,""
357538,DATA,40.0,0.0, 0, 0, 0,1000,1000,0,0,0,""
358039,DATA,40.0,0.0, 0, 0, 0,1000,1000,0,0,0,""
358540,DATA,40.0,0.0, 0, 0, 0,1000,1000,0,0,0,""
359041,DATA,40.0,0.0, 0, 0, 0,1000,1000,0,0,0,""
359542,DATA,40.0,0.0, 0, 0, 0,1000,1000,0,0,0,""
360043,DATA,40.0,0.0, 0, 0, 0,1000,1000,0,0,0,""
360544,DATA,40.0,0.0, 0, 0, 0,1000,1000,0,0,0,""
361045,DATA,40.0,0.0, 0, 0, 0,1000,1000,0,0,0,""
361546,DATA,40.0,0.0, 0, 0, 0,1000,1000,0,0,0,""
362047,DATA,40.0,0.0, 0, 0, 0,1000,1000,0,0,0,""
362548,DATA,40.0,0.0, 0, 0, 0,1000,1000,0,0,0,""
363049,DATA,40.0,0.0, 0, 0, 0,1000,1000,0,0,0,""
363550,DATA,40.0,0.0, 0, 0, 0,1000,1000,0,0,0,""
364051,DATA,40.0,0.0, 0, 0, 0,1000,1000,0,0,0,""
364552,DATA,40.0,0.0, 0, 0, 0,1000,1000,0,0,0,""
365053,DATA,40.0,0.0, 0, 0, 0,1000,1000,0,0,0,""
365554,DATA,40.0,0.0, 0, 0, 0,1000,1000,0,0,0,""
366055,DATA,40.0,0.0, 0, 0, 0,1000,1000,0,0,0,""
366556,DATA,40.0,0.0, 0, 0, 0,1000,1000,0,0,0,""
367057,DATA,40.0,0.0, 0, 0, 0,1000,1000,0,0,0,""
367558,DATA,40.0,0.0, 0, 0, 0,1000,1000,0,0,0,""
368059,DATA,40.0,0.0, 0, 0, 0,1000,1000,0,0,0,""
368560,DATA,40.0,0.0, 0, 0, 0,1000,1000,0,0,0,""
369061,DATA,40.0,0.0, 0, 0, 0,1000,1000,0,0,0,""
369562,DATA,40.0,0.0, 0, 0, 0,1000,1000,0,0,0,""
370063,DATA,40.0,0.0, 0, 0, 0,1000,1000,0,0,0,""
370564,DATA,40.0,0.0, 0, 0, 0,1000,1000,0,0,0,""
371065,DATA,40.0,0.0, 0, 0, 0,1000,1000,0,0,0,""
371566,DATA,40.0,0.0, 0, 0, 0,1000,1000,0,0,0,""
372067,DATA,40.0,0.0, 0, 0, 0,1000,1000,0,0,0,""
372568,DATA,40.0,0.0, 0, 0, 0,1000,1000,0,0,0,""
373069,DATA,40.0,0.0, 0, 0, 0,1000,1000,0,0,0,""
373570,DATA,40.0,0.0, 0, 0, 0,1000,1000,0,0,0,""
374071,DATA,40.0,0.0, 0, 0, 0,1000,1000,0,0,0,""
374572,DATA,40.0,0.0, 0, 0, 0,1000,1000,0,0,0,""
375073,DATA,40.0,0.0, 0, 0, 0,1000,1000,0,0,0,""
375574,DATA,40.0,2.0, 0, 0, 0,1000,1000,0,0,0,""
376075,DATA,40.0,0.0, 0, 0, 0,1000,1000,0,0,0,""
376576,DATA,40.0,0.0, 0, 0, 0,1000,1000,0,0,0,""
377077,DATA,39.7,-2.1, 0, 0, 0,1000,1000,0,0,0,""
377578,DATA,40.0,0.0, 0, 0, 0,1000,1000,0,0,0,""
378079,DATA,40.0,0.0, 0, 0, 0,1000,1000,0,0,0,""
378580,DATA,40.0,0.0, 0, 0, 0,1000,1000,0,0,0,""
379081,DATA,39.7,-2.1, 0, 0, 0,1000,1000,0,0,0,""
379582,DATA,40.0,0.0, 0, 0, 0,1000,1000,0,0,0,""
380083,DATA,40.0,0.0, 0, 0, 0,1000,1000,0,0,0,""
380584,DATA,39.7,0.0, 0, 0, 0,1000,1000,0,0,0,""
381085,DATA,40.0,0.0, 0, 0, 0,1000,1000,0,0,0,""
381586,DATA,39.7,0.0, 0, 0, 0,1000,1000,0,0,0,""
382087,DATA,40.0,0.0, 0, 0, 0,1000,1000,0,0,0,""
382588,DATA,40.0,0.0, 0, 0, 0,1000,1000,0,0,0,""
383089,DATA,39.7,0.0, 0, 0, 0,1000,1000,0,0,0,""
383590,DATA,39.7,0.0, 0, 0,594,1000,1000,0,0,0,""
384091,DATA,39.7,0.0, 0, 0, 0,1000,1000,0,0,0,""
384592,DATA,39.7,0.0, 0, 0, 0,1000,1000,0,0,0,""
385093,DATA,40.0,2.1, 0, 0, 0,1000,1000,0,0,0,""
385594,DATA,39.7,0.0, 0, 0, 0,1000,1000,0,0,0,""
386095,DATA,39.7,0.0, 0, 0, 0,1000,1000,0,0,0,""
386596,DATA,39.7,0.0, 0, 0, 0,1000,1000,0,0,0,""
387097,DATA,39.7,0.0, 0, 0, 0,1000,1000,0,0,0,""
387598,DATA,40.0,2.0, 0, 0,14854,1000,1000,0,0,0,""
388099,DATA,39.7,0.0, 0, 0, 0,1000,1000,0,0,0,""
388600,DATA,39.7,-2.1, 0, 0,588,1000,1000,0,0,0,""
389101,DATA,39.7,0.0, 0, 0,131316,1000,1000,0,0,0,""
389602,DATA,40.0,2.1, 0, 0, 0,1000,1000,0,0,0,""
390103,DATA,39.7,0.0, 0, 0,100996,1000,1000,0,0,0,""
390604,DATA,39.7,0.0, 0, 0,99765,1000,1000,0,0,0,""
391105,DATA,39.7,0.0, 0, 0, 0,1000,1000,0,0,0,""
391606,DATA,39.7,0.0, 0, 0, 0,1000,1000,0,0,0,""
392107,DATA,39.7,0.0, 0, 0, 0,1000,1000,0,0,0,""
392608,DATA,39.7,0.0, 0, 0,152111,1000,1000,0,0,0,""
393109,DATA,39.7,0.0, 0, 0, 0,1000,1000,0,0,0,""
393610,DATA,39.7,0.0, 0, 0, 0,1000,1000,0,0,0,""
394111,DATA,39.7,0.0, 0, 0, 0,1000,1000,0,0,0,""
394612,DATA,39.7,0.0, 0, 0, 0,1000,1000,0,0,0,""
395113,DATA,39.7,0.0, 0, 0, 0,1000,1000,0,0,0,""
395614,DATA,39.7,0.0, 0, 0, 0,1000,1000,0,0,0,""
396115,DATA,39.7,0.0, 0, 0, 0,1000,1000,0,0,0,""
396616,DATA,39.7,0.0, 0, 0, 0,1000,1000,0,0,0,""
397117,DATA,39.7,0.0, 0, 0, 0,1000,1000,0,0,0,""
397618,DATA,39.7,0.0, 0, 0,80224,1000,1000,0,0,0,""
398119,DATA,39.7,0.0, 0, 0, 0,1000,1000,0,0,0,""
398620,DATA,39.7,0.0, 0, 0,86150,1000,1000,0,0,0,""
399121,DATA,39.7,0.0, 0, 0, 0,1000,1000,0,0,0,""
399622,DATA,39.7,0.0, 0, 0, 0,1000,1000,0,0,0,""
400123,DATA,39.7,0.0, 0, 0, 0,1000,1000,0,0,0,""
400624,DATA,39.7,0.0, 0, 0,127146,1000,1000,0,0,0,""
401125,DATA,39.7,0.0, 0, 0,51742,1000,1000,0,0,0,""
401626,DATA,39.7,0.0, 0, 0,34466,1000,1000,0,0,0,""
402127,DATA,39.7,2.1, 0, 0, 0,1000,1000,0,0,0,""
402628,DATA,39.7,0.0, 0, 0, 0,1000,1000,0,0,0,""
403129,DATA,39.5,-2.1, 0, 0, 0,1000,1000,0,0,0,""
403630,DATA,39.7,0.0, 0, 0, 0,1000,1000,0,0,0,""
404131,DATA,39.7,2.1, 0, 0, 0,1000,1000,0,0,0,""
404632,DATA,39.7,2.1, 0, 0, 0,1000,1000,0,0,0,""
405133,DATA,39.7,2.1, 0, 0, 0,1000,1000,0,0,0,""
405634,DATA,39.7,2.0, 0, 0, 0,1000,1000,0,0,0,""
406135,DATA,39.5,0.0, 0, 0,8315,1000,1000,0,0,0,""
406636,DATA,39.5,0.0, 0, 0,18410,1000,1000,0,0,0,""
407137,DATA,39.5,0.0, 0, 0,36832,1000,1000,0,0,0,""
407638,DATA,39.7,2.1, 0, 0,54640,1000,1000,0,0,0,""
408139,DATA,39.5,0.0, 0, 0, 0,1000,1000,0,0,0,""
408640,DATA,39.5,0.0, 0, 0, 0,1000,1000,0,0,0,""
409141,DATA,39.5,0.0, 0, 0,38619,1000,1000,0,0,0,""
409642,DATA,39.5,0.0, 0, 0,74092,1000,1000,0,0,0,""
410143,DATA,39.5,-2.1, 0, 0,87857,1000,1000,0,0,0,""
410644,DATA,39.5,0.0, 0, 0, 0,1000,1000,0,0,0,""
411145,DATA,39.5,0.0, 0, 0,53443,1000,1000,0,0,0,""
411646,DATA,39.5,0.0, 0, 0,594,1000,1000,0,0,0,""
412147,DATA,39.5,0.0, 0, 0, 0,1000,1000,0,0,0,""
412648,DATA,39.5,0.0, 0, 0, 0,1000,1000,0,0,0,""
413149,DATA,39.5,0.0, 0, 0, 0,1000,1000,0,0,0,""
413650,DATA,39.5,0.0, 0, 0, 0,1000,1000,0,0,0,""
414151,DATA,39.5,0.0, 0, 0, 0,1000,1000,0,0,0,""
414652,DATA,39.5,0.0, 0, 0, 0,1000,1000,0,0,0,""
415153,DATA,39.5,0.0, 0, 0, 0,1000,1000,0,0,0,""
415654,DATA,39.5,0.0, 0, 0, 0,1000,1000,0,0,0,""
416155,DATA,39.5,0.0, 0, 0, 0,1000,1000,0,0,0,""
416656,DATA,39.5,0.0, 0, 0, 0,1000,1000,0,0,0,""
417157,DATA,39.5,0.0, 0, 0, 0,1000,1000,0,0,0,""
417658,DATA,39.5,0.0, 0, 0, 0,1000,1000,0,0,0,""
418159,DATA,39.5,0.0, 0, 0, 0,1000,1000,0,0,0,""
418660,DATA,39.5,0.0, 0, 0, 0,1000,1000,0,0,0,""
419161,DATA,39.5,0.0, 0, 0, 0,1000,1000,0,0,0,""
419662,DATA,39.5,0.0, 0, 0, 0,1000,1000,0,0,0,""
420163,DATA,39.5,0.0, 0, 0, 0,1000,1000,0,0,0,""
420664,DATA,39.5,0.0, 0, 0, 0,1000,1000,0,0,0,""
421165,DATA,39.5,0.0, 0, 0, 0,1000,1000,0,0,0,""
421666,DATA,39.5,0.0, 0, 0, 0,1000,1000,0,0,0,""
422167,DATA,39.5,0.0, 0, 0, 0,1000,1000,0,0,0,""
422668,DATA,39.2,-2.1, 0, 0, 0,1000,1000,0,0,0,""
423169,DATA,39.5,0.0, 0, 0, 0,1000,1000,0,0,0,""
423670,DATA,39.5,0.0, 0, 0, 0,1000,1000,0,0,0,""
424171,DATA,39.5,0.0, 0, 0, 0,1000,1000,0,0,0,""
424672,DATA,39.5,0.0, 0, 0, 0,1000,1000,0,0,0,""
425173,DATA,39.5,0.0, 0, 0, 0,1000,1000,0,0,0,""
425674,DATA,39.5,2.1, 0, 0, 0,1000,1000,0,0,0,""
426175,DATA,39.5,2.1, 0, 0, 0,1000,1000,0,0,0,""
426676,DATA,39.5,2.0, 0, 0, 0,1000,1000,0,0,0,""
427177,DATA,39.2,0.0, 0, 0, 0,1000,1000,0,0,0,""
427678,DATA,39.5,2.1, 0, 0, 0,1000,1000,0,0,0,""
428179,DATA,39.2,-2.1, 0, 0, 0,1000,1000,0,0,0,""
428680,DATA,39.2,0.0, 0, 0, 0,1000,1000,0,0,0,""
429181,DATA,39.2,0.0, 0, 0,3565,1000,1000,0,0,0,""
429682,DATA,39.2,0.0, 0, 0, 0,1000,1000,0,0,0,""
430183,DATA,39.2,0.0, 0, 0, 0,1000,1000,0,0,0,""
430684,DATA,39.2,0.0, 0, 0, 0,1000,1000,0,0,0,""
431185,DATA,39.2,0.0, 0, 0, 0,1000,1000,0,0,0,""
431686,DATA,39.2,0.0, 0, 0, 0,1000,1000,0,0,0,""
432187,DATA,39.2,0.0, 0, 0, 0,1000,1000,0,0,0,""
432688,DATA,39.2,0.0, 0, 0, 0,1000,1000,0,0,0,""
433189,DATA,39.2,0.0, 0, 0, 0,1000,1000,0,0,0,""
433690,DATA,39.2,0.0, 0, 0, 0,1000,1000,0,0,0,""
434191,DATA,39.2,0.0, 0, 0, 0,1000,1000,0,0,0,""
434692,DATA,39.2,0.0, 0, 0, 0,1000,1000,0,0,0,""
435193,DATA,39.2,0.0, 0, 0, 0,1000,1000,0,0,0,""
435694,DATA,39.2,0.0, 0, 0, 0,1000,1000,0,0,0,""
436195,DATA,39.2,0.0, 0, 0, 0,1000,1000,0,0,0,""
436696,DATA,39.2,0.0, 0, 0, 0,1000,1000,0,0,0,""
437197,DATA,39.2,0.0, 0, 0,11287,1000,1000,0,0,0,""
437698,DATA,39.2,0.0, 0, 0, 0,1000,1000,0,0,0,""
438199,DATA,39.2,0.0, 0, 0, 0,1000,1000,0,0,0,""
438700,DATA,39.2,0.0, 0, 0, 0,1000,1000,0,0,0,""
439201,DATA,39.2,0.0, 0, 0, 0,1000,1000,0,0,0,""
439702,DATA,39.2,0.0, 0, 0, 0,1000,1000,0,0,0,""
440203,DATA,39.2,0.0, 0, 0, 0,1000,1000,0,0,0,""
440704,DATA,39.2,0.0, 0, 0, 0,1000,1000,0,0,0,""
441205,DATA,39.0,0.0, 0, 0,594,1000,1000,0,0,0,""
441706,DATA,39.2,0.0, 0, 0, 0,1000,1000,0,0,0,""
442207,DATA,39.2,0.0, 0, 0,16034,1000,1000,0,0,0,""
442708,DATA,39.2,0.0, 0, 0, 0,1000,1000,0,0,0,""
443209,DATA,39.2,2.1, 0, 0, 0,1000,1000,0,0,0,""
443710,DATA,39.2,0.0, 0, 0, 0,1000,1000,0,0,0,""
444211,DATA,39.2,0.0, 0, 0,10689,1000,1000,0,0,0,""
444712,DATA,39.2,0.0, 0, 0,117051,1000,1000,0,0,0,""
445213,DATA,39.2,0.0, 0, 0, 0,1000,1000,0,0,0,""
445714,DATA,39.0,-2.1, 0, 0, 0,1000,1000,0,0,0,""
446215,DATA,39.2,0.0, 0, 0,594,1000,1000,0,0,0,""
446716,DATA,39.2,0.0, 0, 0, 0,1000,1000,0,0,0,""
447217,DATA,39.2,0.0, 0, 0, 0,1000,1000,0,0,0,""
447718,DATA,39.2,0.0, 0, 0, 0,1000,1000,0,0,0,""
448219,DATA,39.2,0.0, 0, 0, 0,1000,1000,0,0,0,""
448720,DATA,39.2,0.0, 0, 0, 0,1000,1000,0,0,0,""
449221,DATA,39.2,0.0, 0, 0, 0,1000,1000,0,0,0,""
449722,DATA,39.2,0.0, 0, 0, 0,1000,1000,0,0,0,""
450223,DATA,39.0,-2.1, 0, 0, 0,1000,1000,0,0,0,""
450724,DATA,39.2,0.0, 0, 0,1782,1000,1000,0,0,0,""
451225,DATA,39.0,0.0, 0, 0,594,1000,1000,0,0,0,""
451726,DATA,39.0,0.0, 0, 0,594,1000,1000,0,0,0,""
452227,DATA,39.0,0.0, 0, 0, 0,1000,1000,0,0,0,""
452728,DATA,39.0,0.0, 0, 0, 0,1000,1000,0,0,0,""
453229,DATA,39.0,0.0, 0, 0, 0,1000,1000,0,0,0,""
453730,DATA,39.0,0.0, 0, 0, 0,1000,1000,0,0,0,""
454231,DATA,39.0,0.0, 0, 0, 0,1000,1000,0,0,0,""
454732,DATA,39.0,0.0, 0, 0, 0,1000,1000,0,0,0,""
455233,DATA,39.0,0.0, 0, 0, 0,1000,1000,0,0,0,""
455734,DATA,39.0,0.0, 0, 0, 0,1000,1000,0,0,0,""
456235,DATA,39.0,0.0, 0, 0,23173,1000,1000,0,0,0,""
456736,DATA,39.0,0.0, 0, 0,47633,1000,1000,0,0,0,""
457237,DATA,39.0,0.0, 0, 0,6532,1000,1000,0,0,0,""
457738,DATA,39.0,0.0, 0, 0, 0,1000,1000,0,0,0,""
458239,DATA,39.0,0.0, 0, 0, 0,1000,1000,0,0,0,""
458740,DATA,39.0,0.0, 0, 0, 0,1000,1000,0,0,0,""
459241,DATA,39.0,0.0, 0, 0, 0,1000,1000,0,0,0,""
459742,DATA,39.0,0.0, 0, 0,37049,1000,1000,0,0,0,""
460243,DATA,39.0,0.0, 0, 0, 0,1000,1000,0,0,0,""
460744,DATA,39.0,0.0, 0, 0,22581,1000,1000,0,0,0,""
461245,DATA,39.0,0.0, 0, 0, 0,1000,1000,0,0,0,""
461746,DATA,39.0,0.0, 0, 0, 0,1000,1000,0,0,0,""
462247,DATA,39.0,0.0, 0, 0,38621,1000,1000,0,0,0,""
462748,DATA,39.0,0.0, 0, 0, 0,1000,1000,0,0,0,""
463249,DATA,39.0,0.0, 0, 0, 0,1000,1000,0,0,0,""
463750,DATA,39.0,0.0, 0, 0, 0,1000,1000,0,0,0,""
464251,DATA,39.0,0.0, 0, 0, 0,1000,1000,0,0,0,""
464752,DATA,39.0,0.0, 0, 0, 0,1000,1000,0,0,0,""
465253,DATA,39.0,0.0, 0, 0, 0,1000,1000,0,0,0,""
465754,DATA,39.0,0.0, 0, 0, 0,1000,1000,0,0,0,""
466255,DATA,39.0,2.1, 0, 0, 0,1000,1000,0,0,0,""
466756,DATA,39.0,0.0, 0, 0,13064,1000,1000,0,0,0,""
467257,DATA,39.0,0.0, 0, 0, 0,1000,1000,0,0,0,""
467758,DATA,39.0,0.0, 0, 0, 0,1000,1000,0,0,0,""
468259,DATA,39.0,0.0, 0, 0,169319,1000,1000,0,0,0,""
468760,DATA,39.0,0.0, 0, 0,101012,1000,1000,0,0,0,""
469261,DATA,39.0,0.0, 0, 0,35297,1000,1000,0,0,0,""
469762,DATA,39.0,0.0, 0, 0,141784,1000,1000,0,0,0,""
470263,DATA,39.0,0.0, 0, 0,48239,1000,1000,0,0,0,""
470764,DATA,38.7,-2.1, 0, 0, 0,1000,1000,0,0,0,""
471265,DATA,38.7,-2.1, 0, 0,116930,1000,1000,0,0,0,""
471766,DATA,39.0,2.0, 0, 0,72427,1000,1000,0,0,0,""
472267,DATA,39.0,0.0, 0, 0, 0,1000,1000,0,0,0,""
472768,DATA,39.0,2.1, 0, 0,97613,1000,1000,0,0,0,""
473269,DATA,39.0,2.1, 0, 0,163379,1000,1000,0,0,0,""
473770,DATA,39.0,2.1, 0, 0, 0,1000,1000,0,0,0,""
474271,DATA,39.0,2.1, 0, 0, 0,1000,1000,0,0,0,""
474772,DATA,39.0,2.0, 0, 0, 0,1000,1000,0,0,0,""
475273,DATA,39.0,0.0, 0, 0, 0,1000,1000,0,0,0,""
475774,DATA,38.7,-2.1, 0, 0,594,1000,1000,0,0,0,""
476275,DATA,39.0,0.0, 0, 0, 0,1000,1000,0,0,0,""
476776,DATA,39.0,0.0, 0, 0, 0,1000,1000,0,0,0,""
477277,DATA,39.0,0.0, 0, 0, 0,1000,1000,0,0,0,""
477778,DATA,39.0,0.0, 0, 0, 0,1000,1000,0,0,0,""
478279,DATA,38.7,-2.1, 0, 0,8909,1000,1000,0,0,0,""
478780,DATA,39.0,2.1, 0, 0, 0,1000,1000,0,0,0,""
479281,DATA,38.7,-2.1, 0, 0, 0,1000,1000,0,0,0,""
479782,DATA,39.0,2.1, 0, 0,51666,1000,1000,0,0,0,""
480283,DATA,39.0,0.0, 0, 0, 0,1000,1000,0,0,0,""
480784,DATA,39.0,0.0, 0, 0, 0,1000,1000,0,0,0,""
481285,DATA,38.7,-2.1, 0, 0,588,1000,1000,0,0,0,""
481786,DATA,38.7,-2.1, 0, 0,1188,1000,1000,0,0,0,""
482287,DATA,39.0,0.0, 0, 0, 0,1000,1000,0,0,0,""
482788,DATA,39.0,2.1, 0, 0, 0,1000,1000,0,0,0,""
483289,DATA,38.7,-2.1, 0, 0, 0,1000,1000,0,0,0,""
483790,DATA,38.7,0.0, 0, 0, 0,1000,1000,0,0,0,""
484291,DATA,39.0,2.1, 0, 0,594,1000,1000,0,0,0,""
484792,DATA,39.0,2.1, 0, 0,588,1000,1000,0,0,0,""
485293,DATA,38.7,0.0, 0, 0,2376,1000,1000,0,0,0,""
485794,DATA,39.0,2.1, 0, 0,4159,1000,1000,0,0,0,""
486295,DATA,39.0,2.1, 0, 0, 0,1000,1000,0,0,0,""
486796,DATA,39.0,2.0, 0, 0, 0,1000,1000,0,0,0,""
487297,DATA,39.0,2.1, 0, 0, 0,1000,1000,0,0,0,""
487798,DATA,38.7,-2.1, 0, 0, 0,1000,1000,0,0,0,""
488299,DATA,38.7,0.0, 0, 0,594,1000,1000,0,0,0,""
488800,DATA,39.0,0.0, 0, 0, 0,1000,1000,0,0,0,""
489301,DATA,38.7,0.0, 0, 0, 0,1000,1000,0,0,0,""
489802,DATA,39.0,2.0, 0, 0, 0,1000,1000,0,0,0,""
490303,DATA,38.7,0.0, 0, 0, 0,1000,1000,0,0,0,""
490804,DATA,38.7,-2.1, 0, 0, 0,1000,1000,0,0,0,""
491305,DATA,38.7,0.0, 0, 0, 0,1000,1000,0,0,0,""
491806,DATA,38.7,-2.1, 0, 0,594,1000,1000,0,0,0,""
492307,DATA,38.7,0.0, 0, 0, 0,1000,1000,0,0,0,""
492808,DATA,38.7,0.0, 0, 0, 0,1000,1000,0,0,0,""
493309,DATA,38.7,0.0, 0, 0, 0,1000,1000,0,0,0,""
493810,DATA,38.7,0.0, 0, 0, 0,1000,1000,0,0,0,""
494311,DATA,38.7,0.0, 0, 0, 0,1000,1000,0,0,0,""
494812,DATA,38.7,0.0, 0, 0, 0,1000,1000,0,0,0,""
495313,DATA,38.7,0.0, 0, 0,20590,1000,1000,0,0,0,""
495814,DATA,38.7,0.0, 0, 0,6473,1000,1000,0,0,0,""
496315,DATA,38.7,0.0, 0, 0,4706,1000,1000,0,0,0,""
496816,DATA,38.7,0.0, 0, 0,13525,1000,1000,0,0,0,""
497317,DATA,38.7,0.0, 0, 0, 0,1000,1000,0,0,0,""
497818,DATA,38.7,0.0, 0, 0, 0,1000,1000,0,0,0,""
498319,DATA,38.7,0.0, 0, 0,127740,1000,1000,0,0,0,""
498820,DATA,38.7,0.0, 0, 0, 0,1000,1000,0,0,0,""
499321,DATA,38.7,0.0, 0, 0, 0,1000,1000,0,0,0,""
499822,DATA,38.7,0.0, 0, 0, 0,1000,1000,0,0,0,""
500323,DATA,38.7,0.0, 0, 0, 0,1000,1000,0,0,0,""
500824,DATA,38.7,0.0, 0, 0, 0,1000,1000,0,0,0,""
501325,DATA,38.7,0.0, 0, 0,4159,1000,1000,0,0,0,""
501826,DATA,38.7,0.0, 0, 0, 0,1000,1000,0,0,0,""
502327,DATA,38.7,0.0, 0, 0,5345,1000,1000,0,0,0,""
502828,DATA,38.7,0.0, 0, 0, 0,1000,1000,0,0,0,""
503329,DATA,38.7,0.0, 0, 0, 0,1000,1000,0,0,0,""
503830,DATA,38.7,0.0, 0, 0, 0,1000,1000,0,0,0,""
504331,DATA,38.7,0.0, 0, 0, 0,1000,1000,0,0,0,""
504832,DATA,38.7,0.0, 0, 0,29697,1000,1000,0,0,0,""
505333,DATA,38.7,0.0, 0, 0,7126,1000,1000,0,0,0,""
505834,DATA,38.7,0.0, 0, 0, 0,1000,1000,0,0,0,""
506335,DATA,38.7,0.0, 0, 0, 0,1000,1000,0,0,0,""
506836,DATA,38.7,0.0, 0, 0, 0,1000,1000,0,0,0,""
507337,DATA,38.7,0.0, 0, 0,27648,1000,1000,0,0,0,""
507838,DATA,38.7,0.0, 0, 0, 0,1000,1000,0,0,0,""
508339,DATA,38.7,0.0, 0, 0, 0,1000,1000,0,0,0,""
508840,DATA,38.7,0.0, 0, 0, 0,1000,1000,0,0,0,""
509341,DATA,38.7,0.0, 0, 0,8912,1000,1000,0,0,0,""
509842,DATA,38.7,0.0, 0, 0, 0,1000,1000,0,0,0,""
510343,DATA,38.7,0.0, 0, 0, 0,1000,1000,0,0,0,""
510844,DATA,38.7,0.0, 0, 0, 0,1000,1000,0,0,0,""
511345,DATA,38.7,0.0, 0, 0, 0,1000,1000,0,0,0,""
511846,DATA,38.7,0.0, 0, 0, 0,1000,1000,0,0,0,""
512347,DATA,38.7,0.0, 0, 0, 0,1000,1000,0,0,0,""
512848,DATA,38.7,0.0, 0, 0,594,1000,1000,0,0,0,""
513349,DATA,38.7,0.0, 0, 0, 0,1000,1000,0,0,0,""
513850,DATA,38.5,-2.0, 0, 0, 0,1000,1000,0,0,0,""
514351,DATA,38.7,0.0, 0, 0, 0,1000,1000,0,0,0,""
514852,DATA,38.7,0.0, 0, 0, 0,1000,1000,0,0,0,""
515353,DATA,38.7,2.1, 0, 0, 0,1000,1000,0,0,0,""
515854,DATA,38.5,0.0, 0, 0, 0,1000,1000,0,0,0,""
516355,DATA,38.7,0.0, 0, 0, 0,1000,1000,0,0,0,""
516856,DATA,38.7,0.0, 0, 0, 0,1000,1000,0,0,0,""
517357,DATA,38.5,-2.1, 0, 0,594,1000,1000,0,0,0,""
517858,DATA,38.5,-2.1, 0, 0, 0,1000,1000,0,0,0,""
518359,DATA,38.7,0.0, 0, 0,594,1000,1000,0,0,0,""
518860,DATA,38.7,0.0, 0, 0,588,1000,1000,0,0,0,""
519361,DATA,38.5,-2.1, 0, 0, 0,1000,1000,0,0,0,""
519862,DATA,38.5,0.0, 0, 0, 0,1000,1000,0,0,0,""
520363,DATA,38.7,0.0, 0, 0, 0,1000,1000,0,0,0,""
520864,DATA,38.7,2.1, 0, 0,588,1000,1000,0,0,0,""
521365,DATA,38.7,0.0, 0, 0, 0,1000,1000,0,0,0,""
521866,DATA,38.7,0.0, 0, 0, 0,1000,1000,0,0,0,""
522367,DATA,38.5,0.0, 0, 0, 0,1000,1000,0,0,0,""
522868,DATA,38.5,0.0, 0, 0, 0,1000,1000,0,0,0,""
523369,DATA,38.5,-2.1, 0, 0, 0,1000,1000,0,0,0,""
523870,DATA,38.5,-2.1, 0, 0, 0,1000,1000,0,0,0,""
524371,DATA,38.7,2.1, 0, 0, 0,1000,1000,0,0,0,""
524872,DATA,38.5,0.0, 0, 0, 0,1000,1000,0,0,0,""
525373,DATA,38.5,-2.1, 0, 0,1764,1000,1000,0,0,0,""
525874,DATA,38.7,2.0, 0, 0, 0,1000,1000,0,0,0,""
526375,DATA,38.5,-2.1, 0, 0, 0,1000,1000,0,0,0,""
526876,DATA,38.5,0.0, 0, 0,38620,1000,1000,0,0,0,""
527377,DATA,38.5,0.0, 0, 0, 0,1000,1000,0,0,0,""
527878,DATA,38.5,0.0, 0, 0, 0,1000,1000,0,0,0,""
528379,DATA,38.5,0.0, 0, 0, 0,1000,1000,0,0,0,""
528880,DATA,38.5,0.0, 0, 0, 0,1000,1000,0,0,0,""
529381,DATA,38.5,0.0, 0, 0, 0,1000,1000,0,0,0,""
529882,DATA,38.5,0.0, 0, 0, 0,1000,1000,0,0,0,""
530383,DATA,38.5,0.0, 0, 0, 0,1000,1000,0,0,0,""
530884,DATA,38.5,0.0, 0, 0, 0,1000,1000,0,0,0,""
531385,DATA,38.5,0.0, 0, 0,29710,1000,1000,0,0,0,""
531886,DATA,38.5,0.0, 0, 0, 0,1000,1000,0,0,0,""
532387,DATA,38.5,0.0, 0, 0, 0,1000,1000,0,0,0,""
532888,DATA,38.5,0.0, 0, 0,5347,1000,1000,0,0,0,""
533389,DATA,38.5,0.0, 0, 0, 0,1000,1000,0,0,0,""
533890,DATA,38.5,0.0, 0, 0, 0,1000,1000,0,0,0,""
534391,DATA,38.5,0.0, 0, 0, 0,1000,1000,0,0,0,""
534892,DATA,38.5,0.0, 0, 0, 0,1000,1000,0,0,0,""
535393,DATA,38.5,0.0, 0, 0, 0,1000,1000,0,0,0,""
535894,DATA,38.5,0.0, 0, 0, 0,1000,1000,0,0,0,""
536395,DATA,38.5,0.0, 0, 0, 0,1000,1000,0,0,0,""
536896,DATA,38.5,0.0, 0, 0, 0,1000,1000,0,0,0,""
537397,DATA,38.5,0.0, 0, 0, 0,1000,1000,0,0,0,""
537898,DATA,38.5,0.0, 0, 0, 0,1000,1000,0,0,0,""
538399,DATA,38.5,0.0, 0, 0, 0,1000,1000,0,0,0,""
538900,DATA,38.5,0.0, 0, 0, 0,1000,1000,0,0,0,""
539401,DATA,38.5,0.0, 0, 0, 0,1000,1000,0,0,0,""
539902,DATA,38.5,0.0, 0, 0, 0,1000,1000,0,0,0,""
540403,DATA,38.5,0.0, 0, 0,594,1000,1000,0,0,0,""
540904,DATA,38.5,0.0, 0, 0, 0,1000,1000,0,0,0,""
541405,DATA,38.2,-2.1, 0, 0, 0,1000,1000,0,0,0,""
541906,DATA,38.5,2.1, 0, 0, 0,1000,1000,0,0,0,""
542407,DATA,38.2,-2.1, 0, 0, 0,1000,1000,0,0,0,""
542908,DATA,38.2,0.0, 0, 0, 0,1000,1000,0,0,0,""
543409,DATA,38.0,-2.1, 0, 0, 0,1000,1000,0,0,0,""
543910,DATA,38.5,2.0, 0, 0, 0,1000,1000,0,0,0,""
544071,EVENT,38.2,-2.1, 0, 0, 0,1000,1000,0,0,0,"STARTER 1200"
544427,DATA,38.5,0.0,312,312,500,1000,1090,0,0,0,""
544947,DATA,37.2,2.1,346,317,500,1000,1181,0,0,0,""
545447,DATA,38.0,0.0,338,341,600,1000,1200,0,0,0,""
545947,DATA,38.0,0.0,253,311,600,1000,1200,0,0,0,""
546447,DATA,37.7,-2.1,234,276,600,1000,1200,0,0,0,""
546947,DATA,37.7,0.0,260,263,600,1000,1200,0,0,0,""
547447,DATA,37.7,-2.1,313,277,1200,1000,1200,0,0,0,""
547947,DATA,38.0,0.0,379,314,1200,1000,1200,0,0,0,""
548447,DATA,37.7,-2.1,460,369,1200,1000,1200,0,0,0,""
548947,DATA,37.7,-2.1,551,440,1200,1000,1200,0,0,0,""
549447,DATA,37.7,-2.1,645,521,1200,1000,1200,0,0,0,""
549947,DATA,37.7,0.0,740,609,1200,1000,1200,0,0,0,""
550447,DATA,37.7,0.0,834,700,1200,1000,1200,0,0,0,""
550947,DATA,37.5,0.0,928,792,1800,1000,1200,0,0,0,""
551447,DATA,37.5,0.0,1025,886,1800,1000,1200,0,0,0,""
551841,EVENT,37.5,0.0,1108,963,2400,1000,1200,0,0,0,"STARTER OFF"
551947,DATA,37.5,0.0,1178,989,1797,1000,1178,0,0,0,""
552467,DATA,37.7,0.0,1370,1121,1500,1000,1055,0,0,0,""
552967,DATA,38.2,0.0,1454,1268,1202,1000,1000,0,0,0,""
553467,DATA,38.2,0.0,1360,1326,600,1000,1000,0,0,0,""
553967,DATA,38.2,0.0,1052,1248,600,1000,1000,0,0,0,""
554467,DATA,38.2,0.0,747,1033, 0,1000,1000,0,0,0,""
554967,DATA,38.2,0.0,590,795, 0,1000,1000,0,0,0,""
555467,DATA,38.2,0.0,296,529, 0,1000,1000,0,0,0,""
555967,DATA,38.2,0.0,66,235, 0,1000,1000,0,0,0,""
556038,EVENT,38.2,0.0,66,235, 0,1000,1000,0,0,0,"STARTER 1200"
556467,DATA,36.7,-10.4,431,431, 0,1000,1107,0,0,0,""
556987,DATA,37.0,-2.1,424,430,500,1000,1190,0,0,0,""
557487,DATA,37.2,2.1,702,494,600,1000,1200,0,0,0,""
557987,DATA,37.0,0.0,939,672,1200,1000,1200,0,0,0,""
558487,DATA,37.0,-2.1,1232,883,1800,1000,1200,0,0,0,""
558987,DATA,37.2,0.0,1316,1080,2400,1000,1200,0,0,0,""
559487,DATA,37.5,2.1,1363,1204,2400,1000,1200,0,0,0,""
559987,DATA,37.5,0.0,1450,1305,2400,1000,1200,0,0,0,""
560487,DATA,37.5,0.0,1561,1407,2400,1000,1200,0,0,0,""
560987,DATA,37.5,0.0,1677,1515,3000,1000,1200,0,0,0,""
561487,DATA,37.2,0.0,2101,1719,2400,1000,1200,0,0,0,""
561987,DATA,37.5,0.0,2393,1997,3000,1000,1200,0,0,0,""
562487,DATA,37.5,0.0,2523,2228,2400,1000,1200,0,0,0,""
562987,DATA,37.2,-2.1,2574,2384,2400,1000,1200,0,0,0,""
563487,DATA,37.5,0.0,2589,2479,3000,1000,1200,0,0,0,""
563987,DATA,37.5,0.0,2588,2531,2400,1000,1200,0,0,0,""
564487,DATA,37.2,-2.1,2587,2557,3000,1000,1200,0,0,0,""
564987,DATA,37.5,2.1,2602,2575,3000,1000,1200,0,0,0,""
565308,EVENT,37.2,0.0,2618,2587,2400,1000,1200,0,0,0,"STARTER 1220"
565507,DATA,37.2,0.0,2628,2596,2997,1000,1206,0,0,0,""
566007,DATA,37.2,0.0,2451,2559,3000,1000,1216,0,0,0,""
566507,DATA,37.5,0.0,2325,2469,2400,1000,1220,0,0,0,""
567007,DATA,37.2,0.0,2205,2364,3000,1000,1220,0,0,0,""
567112,EVENT,37.2,0.0,2181,2342,2400,1000,1220,0,0,0,"STARTER 1240"
567507,DATA,37.2,0.0,1939,2221,3004,1000,1231,0,0,0,""
568007,DATA,37.2,0.0,1642,1993,3000,1000,1239,0,0,0,""
568507,DATA,37.0,0.0,1504,1778,3000,1000,1240,0,0,0,""
568917,EVENT,37.0,0.0,1508,1667,3000,1000,1240,0,0,0,"STARTER 1260"
569007,DATA,37.0,0.0,1519,1649,3600,1000,1243,0,0,0,""
569507,DATA,36.7,0.0,1576,1610,3606,1000,1255,0,0,0,""
570007,DATA,37.5,0.0,1710,1635,3600,1000,1260,0,0,0,""
570453,EVENT,37.5,0.0,1758,1690,3600,1000,1260,0,0,0,"STARTER 1280"
570507,DATA,37.5,0.0,1758,1690,3600,1000,1262,0,0,0,""
571007,DATA,37.5,0.0,1690,1704,3005,1000,1274,0,0,0,""
571507,DATA,37.5,0.0,1606,1671,3000,1000,1280,0,0,0,""
572007,DATA,37.5,0.0,1573,1629,3000,1000,1280,0,0,0,""
572365,EVENT,37.2,0.0,1562,1609,3000,1000,1280,0,0,0,"STARTER 1300"
572507,DATA,37.2,0.0,1556,1597,3000,1000,1284,0,0,0,""
573007,DATA,37.0,-2.1,1542,1574,3600,1000,1295,0,0,0,""
573507,DATA,36.7,2.1,1659,1584,4200,1000,1300,0,0,0,""
574007,DATA,36.7,4.2,1970,1713,4800,1000,1300,0,0,0,""
574507,DATA,36.5,0.0,2259,1926,5400,1000,1300,0,0,0,""
574587,EVENT,36.5,0.0,2259,1926,5400,1000,1300,0,0,0,"STARTER 1320"
575007,DATA,36.5,0.0,2376,2135,3605,1000,1311,0,0,0,""
575507,DATA,36.5,0.0,2252,2192,5399,1000,1319,0,0,0,""
576007,DATA,36.5,0.0,2535,2319,5400,1000,1320,0,0,0,""
576507,DATA,36.5,0.0,2702,2476,5400,1000,1320,0,0,0,""
576515,EVENT,36.5,0.0,2702,2476,5400,1000,1320,0,0,0,"STARTER 1340"
577007,DATA,36.5,0.0,2637,2564,2501,1000,1333,0,0,0,""
577507,DATA,36.2,0.0,2468,2524,6000,1000,1340,0,0,0,""
578007,DATA,36.5,2.1,2723,2576,6000,1000,1340,0,0,0,""
578222,EVENT,36.2,0.0,2805,2624,5938,1000,1340,0,0,0,"STARTER 1360"
578507,DATA,36.2,0.0,2869,2676,5635,1000,1348,0,0,0,""
579007,DATA,36.2,0.0,2733,2726,6000,1000,1357,0,0,0,""
579507,DATA,36.2,0.0,2895,2774,6600,1000,1360,0,0,0,""
580007,DATA,36.2,0.0,3048,2881,6000,1000,1360,0,0,0,""
580507,DATA,36.2,0.0,3130,2987,6000,1000,1360,0,0,0,""
580585,EVENT,36.2,0.0,3142,3006,6600,1000,1360,0,0,0,"STARTER 1380"
581007,DATA,36.2,2.1,3153,3066,4000,1000,1371,0,0,0,""
581507,DATA,36.0,2.1,3129,3092,6600,1000,1379,0,0,0,""
582007,DATA,36.0,0.0,3242,3144,6600,1000,1380,0,0,0,""
582507,DATA,36.0,0.0,3326,3218,7200,1000,1380,0,0,0,""
583007,DATA,36.0,0.0,3375,3285,7199,1000,1380,0,0,0,""
583507,DATA,36.0,0.0,3396,3335,6601,1000,1380,0,0,0,""
584007,DATA,36.0,0.0,3405,3367,6600,1000,1380,0,0,0,""
584507,DATA,35.7,0.0,3408,3386,6600,1000,1380,0,0,0,""
585007,DATA,35.7,0.0,3408,3397,7200,1000,1380,0,0,0,""
585507,DATA,35.7,0.0,3409,3402,7200,1000,1380,0,0,0,""
586007,DATA,35.7,0.0,3411,3406,7199,1000,1380,0,0,0,""
586413,EVENT,35.7,0.0,3414,3409,6600,1000,1380,0,1,0,"VALVE1 ON"
586507,DATA,35.7,0.0,3415,3409,7199,1000,1380,0,1,0,""
587007,DATA,35.7,0.0,3419,3413,7200,1000,1380,0,1,0,""
587380,EVENT,35.7,2.1,3422,3416,6600,1000,1380,0,1,1,"VALVE2 ON"
587507,DATA,35.5,-2.1,3422,3417,7199,1000,1380,0,1,1,""
588007,DATA,35.7,2.1,3426,3420,7200,1000,1380,0,1,1,""
588492,EVENT,35.5,-2.1,3432,3425,6600,1000,1380,1,1,1,"IGN ON"
588507,DATA,35.5,-2.1,3432,3425,6600,1000,1380,1,1,1,""
589007,DATA,35.2,0.0,3429,3428,6601,1000,1380,1,1,1,""
589456,EVENT,35.2,-2.1,3413,3423,7200,1000,1380,1,1,1,"PUMP 1045"
589507,DATA,35.2,-2.1,3413,3423,7200,1000,1380,1,1,1,""
590027,DATA,35.5,0.0,3379,3413,1999,1013,1380,1,1,1,""
590307,EVENT,35.2,-2.1,3280,3392,2272,1025,1380,1,1,1,"PUMP 1050"
590527,DATA,35.5,2.1,3148,3346,6600,1026,1380,1,1,1,""
591027,DATA,35.2,0.0,3108,3215,6599,1037,1380,1,1,1,""
591527,DATA,35.2,0.0,3265,3216,7200,1048,1380,1,1,1,""
592027,DATA,35.2,0.0,3343,3265,6600,1050,1380,1,1,1,""
592527,DATA,35.2,0.0,3379,3314,6600,1050,1380,1,1,1,""
593027,DATA,35.2,0.0,3398,3351,6600,1050,1380,1,1,1,""
593527,DATA,35.2,2.1,3406,3376,6600,1050,1380,1,1,1,""
594027,DATA,35.5,2.1,3415,3393,6600,1050,1380,1,1,1,""
594527,DATA,35.2,0.0,3423,3405,7200,1050,1380,1,1,1,""
595027,DATA,35.2,0.0,3427,3415,7199,1050,1380,1,1,1,""
595527,DATA,35.2,0.0,3426,3421,6600,1050,1380,1,1,1,""
596027,DATA,35.0,-2.1,3425,3423,6601,1050,1380,1,1,1,""
596527,DATA,35.2,0.0,3425,3424,6599,1050,1380,1,1,1,""
597027,DATA,35.2,0.0,3426,3425,7200,1050,1380,1,1,1,""
597029,EVENT,35.2,0.0,3426,3425,7200,1050,1380,0,1,1,"IGN OFF"
597527,DATA,35.5,2.1,3430,3427,6600,1050,1380,0,1,1,""
598027,DATA,35.5,0.0,3443,3432,7200,1050,1380,0,1,1,""
598527,DATA,35.7,0.0,3456,3441,7199,1050,1380,0,1,1,""
598756,EVENT,35.7,0.0,3460,3445,7200,1050,1380,0,1,1,"STARTER 1400"
599047,DATA,35.7,0.0,3436,3448,3268,1050,1388,0,1,1,""
599547,DATA,35.7,0.0,3379,3424,7206,1050,1398,0,1,1,""
600047,DATA,36.0,0.0,3408,3401,7200,1050,1400,0,1,1,""
600547,DATA,36.0,0.0,3517,3440,7200,1050,1400,0,1,1,""
601047,DATA,36.2,0.0,3580,3497,7199,1050,1400,0,1,1,""
601547,DATA,36.5,2.1,3610,3546,7201,1050,1400,0,1,1,""
602047,DATA,36.5,0.0,3626,3582,7801,1050,1400,0,1,1,""
602138,EVENT,36.5,0.0,3628,3587,7200,1050,1400,1,1,1,"IGN ON"
602547,DATA,36.5,0.0,3628,3604,7200,1050,1400,1,1,1,""
603047,DATA,36.7,0.0,3612,3611,7200,1050,1400,1,1,1,""
603547,DATA,36.7,-2.1,3605,3609,7201,1050,1400,1,1,1,""
604047,DATA,37.0,0.0,3605,3607,7201,1050,1400,1,1,1,""
604547,DATA,37.2,2.1,3606,3607,7199,1050,1400,1,1,1,""
605047,DATA,37.2,0.0,3608,3607,7200,1050,1400,1,1,1,""
605547,DATA,37.5,0.0,3608,3607,7200,1050,1400,1,1,1,""
606047,DATA,37.7,2.1,3614,3609,7200,1050,1400,1,1,1,""
606547,DATA,38.0,0.0,3621,3614,7200,1050,1400,1,1,1,""
607047,DATA,38.0,0.0,3625,3618,7200,1050,1400,1,1,1,""
607134,EVENT,38.0,0.0,3626,3619,7200,1050,1400,1,1,1,"STARTER 1420"
607547,DATA,38.0,0.0,3625,3621,2000,1050,1411,1,1,1,""
608047,DATA,38.2,0.0,3621,3621,7801,1050,1419,1,1,1,""
608547,DATA,38.5,-2.1,3678,3638,7799,1050,1420,1,1,1,""
609047,DATA,38.7,0.0,3733,3674,7800,1050,1420,1,1,1,""
609547,DATA,39.0,2.1,3763,3712,7800,1050,1420,1,1,1,""
610047,DATA,39.2,0.0,3779,3742,7200,1050,1422,1,1,1,""
610547,DATA,39.5,2.1,3686,3733,7194,1050,1434,1,1,1,""
611047,DATA,39.5,0.0,3664,3699,7801,1050,1440,1,1,1,""
611547,DATA,40.0,2.1,3789,3721,7800,1050,1440,1,1,1,""
612047,DATA,40.0,0.0,3876,3782,7800,1050,1440,1,1,1,""
612547,DATA,40.0,0.0,3918,3841,7801,1050,1440,1,1,1,""
612674,EVENT,40.2,2.1,3928,3860,7800,1050,1440,1,1,1,"PUMP 1055"
613047,DATA,40.5,0.0,3936,3883,8401,1051,1440,1,1,1,""
613547,DATA,40.5,0.0,3942,3910,7800,1053,1440,1,1,1,""
614013,EVENT,40.8,0.0,3945,3926,7801,1055,1440,0,1,1,"IGN OFF"
614047,DATA,40.8,0.0,3945,3926,7801,1055,1440,0,1,1,""
614547,DATA,41.0,0.0,3957,3938,7800,1055,1440,0,1,1,""
615047,DATA,41.2,2.1,3972,3952,7800,1055,1440,0,1,1,""
615547,DATA,41.5,2.1,3985,3966,7800,1055,1440,0,1,1,""
616047,DATA,41.5,0.0,3997,3978,7800,1055,1440,0,1,1,""
616547,DATA,41.7,0.0,4005,3990,7801,1055,1440,0,1,1,""
617047,DATA,42.0,0.0,4006,3998,7800,1055,1440,0,1,1,""
617547,DATA,42.2,0.0,3998,4000,7800,1055,1440,0,1,1,""
618047,DATA,42.5,0.0,3993,3997,7800,1055,1440,0,1,1,""
618547,DATA,42.7,0.0,3998,3996,8401,1055,1440,0,1,1,""
619047,DATA,43.0,0.0,3999,3998,7801,1055,1440,0,1,1,""
619270,EVENT,43.0,0.0,4001,3999,7800,1055,1440,0,1,1,"STARTER 1460"
619547,DATA,43.0,0.0,4004,4000,6593,1055,1448,0,1,1,""
620047,DATA,43.0,-2.1,3925,3964,7800,1055,1457,0,1,1,""
620547,DATA,43.5,0.0,4007,3970,7800,1055,1460,0,1,1,""
620806,EVENT,43.5,0.0,4051,3992,8401,1055,1460,0,1,1,"STARTER 1480"
621047,DATA,43.7,0.0,4072,4009,6498,1055,1467,0,1,1,""
621547,DATA,43.7,0.0,3857,3977,8400,1055,1477,0,1,1,""
622047,DATA,44.0,0.0,3991,3952,8400,1055,1480,0,1,1,""
622547,DATA,44.2,2.1,4161,4026,9000,1055,1480,0,1,1,""
623047,DATA,44.2,0.0,4246,4118,8400,1055,1480,0,1,1,""
623547,DATA,44.5,0.0,4280,4190,8400,1055,1480,0,1,1,""
624047,DATA,44.7,0.0,4288,4235,8400,1055,1480,0,1,1,""
624547,DATA,44.7,0.0,4297,4263,8400,1055,1480,0,1,1,""
625047,DATA,45.0,0.0,4297,4279,9001,1055,1480,0,1,1,""
625547,DATA,45.0,-2.1,4303,4289,9000,1055,1480,0,1,1,""
626047,DATA,45.2,0.0,4301,4295,8400,1055,1480,0,1,1,""
626547,DATA,45.5,0.0,4306,4299,8401,1055,1480,0,1,1,""
627047,DATA,45.5,-2.1,4303,4302,9001,1055,1480,0,1,1,""
627547,DATA,46.0,0.0,4303,4302,9001,1055,1480,0,1,1,""
627552,EVENT,46.0,0.0,4303,4302,9001,1055,1480,0,1,1,"STARTER 1500"
628047,DATA,46.0,0.0,4286,4300,6113,1055,1493,0,1,1,""
628547,DATA,46.2,0.0,4254,4271,8999,1055,1500,0,1,1,""
629047,DATA,46.2,0.0,4371,4304,9001,1055,1500,0,1,1,""
629547,DATA,46.5,0.0,4426,4346,9000,1055,1500,0,1,1,""
630047,DATA,46.7,0.0,4468,4406,9001,1055,1500,0,1,1,""
630547,DATA,47.0,2.1,4485,4440,8999,1055,1500,0,1,1,""
631047,DATA,47.0,0.0,4489,4463,9000,1055,1500,0,1,1,""
631284,EVENT,47.2,2.1,4491,4469,9001,1055,1500,0,1,1,"STARTER 1520"
631567,DATA,47.2,0.0,4494,4475,7191,1055,1508,0,1,1,""
632067,DATA,47.5,0.0,4481,4480,9000,1055,1517,0,1,1,""
632567,DATA,47.5,-2.1,4537,4496,8994,1055,1520,0,1,1,""
633067,DATA,47.7,0.0,4597,4535,9001,1055,1520,0,1,1,""
633567,DATA,48.0,0.0,4641,4578,9001,1055,1520,0,1,1,""
634067,DATA,48.3,0.0,4663,4615,9000,1055,1520,0,1,1,""
634567,DATA,48.5,0.0,4674,4642,9001,1055,1520,0,1,1,""
635067,DATA,48.7,0.0,4669,4656,9600,1055,1520,0,1,1,""
635567,DATA,48.7,0.0,4662,4660,9600,1055,1520,0,1,1,""
636067,DATA,49.2,2.1,4657,4659,9000,1055,1520,0,1,1,""
636567,DATA,49.5,2.1,4661,4659,9599,1055,1520,0,1,1,""
637067,DATA,49.7,2.1,4672,4664,9600,1055,1520,0,1,1,""
637567,DATA,50.0,2.1,4676,4669,9600,1055,1520,0,1,1,""
638067,DATA,50.0,0.0,4680,4673,9600,1055,1520,0,1,1,""
638315,EVENT,50.2,2.1,4685,4676,9600,1055,1520,1,1,1,"IGN ON"
638567,DATA,50.2,2.1,4686,4678,9001,1055,1520,1,1,1,""
639067,DATA,50.2,0.0,4667,4677,9600,1055,1520,1,1,1,""
639567,DATA,50.5,-2.1,4649,4666,9600,1055,1520,1,1,1,""
640067,DATA,51.0,0.0,4644,4656,9000,1055,1520,1,1,1,""
640332,EVENT,51.0,0.0,4645,4653,9600,1055,1520,0,1,1,"IGN OFF"
640567,DATA,51.2,0.0,4648,4651,9601,1055,1520,0,1,1,""
641067,DATA,51.5,0.0,4670,4656,9600,1055,1520,0,1,1,""
641567,DATA,51.7,2.1,4698,4671,9601,1055,1520,0,1,1,""
642067,DATA,51.7,0.0,4729,4693,9600,1055,1520,0,1,1,""
642216,EVENT,51.7,0.0,4744,4704,9601,1055,1520,0,1,1,"STARTER 1540"
642587,DATA,52.0,0.0,4749,4719,2499,1055,1530,0,1,1,""
643087,DATA,52.5,2.1,4662,4708,9602,1055,1539,0,1,1,""
643587,DATA,52.5,0.0,4703,4686,10200,1055,1540,0,1,1,""
644087,DATA,52.7,0.0,4843,4739,9600,1055,1540,0,1,1,""
644587,DATA,53.0,0.0,4917,4813,9601,1055,1540,0,1,1,""
645087,DATA,53.3,0.0,4942,4871,10201,1055,1540,0,1,1,""
645587,DATA,53.5,0.0,4938,4904,10199,1055,1540,0,1,1,""
646087,DATA,54.0,2.1,4942,4920,9600,1055,1540,0,1,1,""
646587,DATA,54.2,0.0,4946,4932,10200,1055,1540,0,1,1,""
646774,EVENT,54.2,0.0,4944,4935,10201,1055,1540,1,1,1,"IGN ON"
647087,DATA,54.2,2.1,4938,4937,9601,1055,1540,1,1,1,""
647587,DATA,54.5,0.0,4922,4933,10200,1055,1540,1,1,1,""
648087,DATA,54.7,0.0,4914,4925,10201,1055,1540,1,1,1,""
648587,DATA,55.0,0.0,4907,4917,9599,1055,1540,1,1,1,""
649087,DATA,55.2,0.0,4906,4912,9599,1055,1540,1,1,1,""
649587,DATA,55.5,0.0,4907,4909,10200,1055,1540,1,1,1,""
650087,DATA,55.8,0.0,4908,4909,10200,1055,1540,1,1,1,""
650587,DATA,56.0,0.0,4906,4908,9601,1055,1540,1,1,1,""
650754,EVENT,56.0,0.0,4905,4907,9600,1055,1540,1,1,1,"STARTER 1560"
651087,DATA,56.2,0.0,4827,4897,1500,1055,1549,1,1,1,""
651587,DATA,56.5,0.0,4773,4838,10200,1055,1558,1,1,1,""
652087,DATA,56.7,0.0,4886,4840,10201,1055,1560,1,1,1,""
652587,DATA,57.0,0.0,4979,4892,10200,1055,1560,1,1,1,""
653087,DATA,57.5,2.1,5028,4949,10200,1055,1560,1,1,1,""
653587,DATA,57.7,2.1,5050,4994,10193,1055,1560,1,1,1,""
654087,DATA,58.0,0.0,5063,5025,10201,1055,1560,1,1,1,""
654088,EVENT,58.0,0.0,5063,5025,10201,1055,1560,1,1,1,"PUMP 1060"
654587,DATA,58.0,0.0,5073,5046,10200,1056,1560,1,1,1,""
655087,DATA,58.3,0.0,5076,5060,9599,1059,1560,1,1,1,""
655587,DATA,58.5,0.0,5077,5068,10200,1060,1560,1,1,1,""
656087,DATA,58.7,0.0,5074,5072,10200,1060,1560,1,1,1,""
656587,DATA,58.7,-2.1,5071,5072,10200,1060,1560,1,1,1,""
656994,EVENT,59.0,0.0,5073,5072,10199,1060,1560,0,1,1,"IGN OFF"
657087,DATA,59.0,0.0,5073,5072,10200,1060,1560,0,1,1,""
657587,DATA,59.2,0.0,5083,5075,10199,1060,1560,0,1,1,""
658087,DATA,59.5,0.0,5099,5084,10200,1060,1560,0,1,1,""
658587,DATA,59.7,0.0,5112,5095,10201,1060,1560,0,1,1,""
659087,DATA,60.0,0.0,5120,5106,10200,1060,1560,0,1,1,""
659587,DATA,60.2,2.1,5118,5112,10201,1060,1560,0,1,1,""
660087,DATA,60.2,-2.1,5111,5113,10200,1060,1560,0,1,1,""
660179,EVENT,60.5,2.1,5110,5112,10200,1060,1560,0,1,1,"STARTER 1580"
660587,DATA,60.5,0.0,5060,5102,4000,1060,1571,0,1,1,""
661087,DATA,60.8,0.0,5001,5070,10201,1060,1579,0,1,1,""
661587,DATA,60.8,0.0,5063,5049,10200,1060,1580,0,1,1,""
662087,DATA,61.0,0.0,5166,5089,10201,1060,1580,0,1,1,""
662587,DATA,61.0,0.0,5218,5143,10801,1060,1580,0,1,1,""
663087,DATA,61.5,2.1,5242,5186,10799,1060,1580,0,1,1,""
663546,EVENT,61.5,0.0,5253,5217,10200,1060,1580,1,1,1,"IGN ON"
663587,DATA,61.5,0.0,5253,5217,10200,1060,1580,1,1,1,""
664087,DATA,61.5,0.0,5244,5231,10199,1060,1580,1,1,1,""
664587,DATA,61.7,0.0,5236,5235,10799,1060,1580,1,1,1,""
665087,DATA,62.0,2.1,5235,5235,10801,1060,1580,1,1,1,""
665587,DATA,62.2,2.1,5231,5234,10200,1060,1580,1,1,1,""
666087,DATA,62.5,0.0,5227,5231,10199,1060,1580,1,1,1,""
666587,DATA,62.5,0.0,5222,5228,10199,1060,1580,1,1,1,""
667087,DATA,62.7,2.1,5216,5223,10799,1060,1580,1,1,1,""
667585,EVENT,62.7,0.0,5215,5219,10800,1060,1580,0,1,1,"IGN OFF"
667587,DATA,62.7,0.0,5215,5219,10800,1060,1580,0,1,1,""
668087,DATA,63.0,0.0,5221,5219,10200,1060,1580,0,1,1,""
668587,DATA,63.0,0.0,5237,5225,10799,1060,1580,0,1,1,""
669087,DATA,63.3,0.0,5250,5235,10199,1060,1580,0,1,1,""
669587,DATA,63.3,0.0,5260,5245,10799,1060,1580,0,1,1,""
669710,EVENT,63.5,2.1,5262,5249,10201,1060,1580,0,1,1,"STARTER 1600"
670087,DATA,63.5,0.0,5204,5246,6000,1060,1590,0,1,1,""
670587,DATA,63.5,0.0,5088,5184,10800,1060,1599,0,1,1,""
671087,DATA,63.5,0.0,5217,5177,10799,1060,1600,0,1,1,""
671546,EVENT,63.7,0.0,5315,5228,10799,1060,1600,1,1,1,"IGN ON"
671587,DATA,63.7,0.0,5315,5228,10799,1060,1600,1,1,1,""
672087,DATA,63.7,0.0,5352,5283,10799,1060,1600,1,1,1,""
672587,DATA,64.0,2.1,5349,5315,10198,1060,1600,1,1,1,""
673087,DATA,64.0,0.0,5338,5328,10800,1060,1600,1,1,1,""
673587,DATA,64.0,0.0,5330,5330,10799,1060,1600,1,1,1,""
674087,DATA,64.2,0.0,5332,5330,10800,1060,1600,1,1,1,""
674587,DATA,64.2,0.0,5335,5332,10800,1060,1600,1,1,1,""
675067,EVENT,64.2,0.0,5342,5336,10799,1060,1600,0,1,1,"IGN OFF"
675087,DATA,64.2,0.0,5342,5336,10799,1060,1600,0,1,1,""
675587,DATA,64.2,-2.1,5355,5342,10801,1060,1600,0,1,1,""
676087,DATA,64.5,0.0,5364,5352,10800,1060,1600,0,1,1,""
676587,DATA,64.5,0.0,5368,5359,10800,1060,1600,0,1,1,""
677087,DATA,64.5,-2.1,5371,5364,10799,1060,1600,0,1,1,""
677587,DATA,64.7,0.0,5376,5369,10799,1060,1600,0,1,1,""
678087,DATA,64.7,0.0,5380,5373,10801,1060,1600,0,1,1,""
678587,DATA,64.7,0.0,5383,5378,10799,1060,1600,0,1,1,""
679087,DATA,64.7,0.0,5380,5380,10800,1060,1600,0,1,1,""
679587,DATA,64.7,-2.1,5376,5379,10801,1060,1600,0,1,1,""
680087,DATA,65.0,0.0,5374,5377,10801,1060,1600,0,1,1,""
680576,EVENT,64.7,0.0,5375,5376,10200,1060,1600,0,1,1,"STARTER 1620"
680587,DATA,64.7,0.0,5375,5376,10200,1060,1600,0,1,1,""
681087,DATA,64.7,0.0,5366,5373,4089,1060,1613,0,1,1,""
681587,DATA,64.7,0.0,5355,5365,11287,1060,1620,0,1,1,""
682087,DATA,64.7,0.0,5408,5376,10694,1060,1620,0,1,1,""
682385,EVENT,64.7,0.0,5437,5393,11401,1060,1620,0,1,1,"STARTER 1640"
682587,DATA,64.5,-2.1,5451,5405,11169,1060,1626,0,1,1,""
683087,DATA,64.5,0.0,5423,5422,11400,1060,1636,0,1,1,""
683587,DATA,64.2,-2.1,5487,5439,11400,1060,1640,0,1,1,""
684066,EVENT,64.2,-2.1,5565,5487,11399,1060,1640,1,1,1,"IGN ON"
684087,DATA,64.2,-2.1,5565,5487,11399,1060,1640,1,1,1,""
684587,DATA,64.2,0.0,5592,5534,10801,1060,1640,1,1,1,""
685087,DATA,64.0,0.0,5589,5561,10800,1060,1640,1,1,1,""
685587,DATA,63.7,-2.1,5592,5575,11401,1060,1640,1,1,1,""
686087,DATA,63.7,0.0,5599,5585,11399,1060,1640,1,1,1,""
686587,DATA,63.7,2.1,5604,5593,10800,1060,1640,1,1,1,""
687087,DATA,63.5,0.0,5606,5599,11399,1060,1640,1,1,1,""
687567,EVENT,63.5,0.0,5611,5604,11400,1060,1640,1,1,1,"STARTER 1660"
687587,DATA,63.5,0.0,5611,5604,11400,1060,1641,1,1,1,""
688087,DATA,63.3,0.0,5588,5602,10801,1060,1653,1,1,1,""
688587,DATA,63.3,0.0,5539,5564,11399,1060,1660,1,1,1,""
689087,DATA,63.0,0.0,5626,5577,11400,1060,1660,1,1,1,""
689587,DATA,62.7,-2.1,5699,5624,11399,1060,1660,1,1,1,""
690087,DATA,62.7,0.0,5896,5726,12600,1060,1660,1,1,1,""
690587,DATA,62.7,2.1,5841,5802,12000,1060,1660,1,1,1,""
691087,DATA,62.5,0.0,5805,5807,12000,1060,1660,1,1,1,""
691587,DATA,62.5,2.1,5779,5796,11401,1060,1660,1,1,1,""
691941,EVENT,62.2,0.0,5775,5790,11999,1060,1660,0,1,1,"IGN OFF"
692087,DATA,62.2,0.0,5774,5786,11402,1060,1660,0,1,1,""
692587,DATA,62.0,-2.1,5781,5783,11400,1060,1660,0,1,1,""
693087,DATA,62.0,0.0,5794,5787,12000,1060,1660,0,1,1,""
693587,DATA,62.0,0.0,5797,5791,11401,1060,1660,0,1,1,""
694087,DATA,61.7,-2.0,5797,5794,11999,1060,1660,0,1,1,""
694587,DATA,61.7,0.0,5798,5795,11401,1060,1660,0,1,1,""
695087,DATA,61.7,0.0,5798,5797,11399,1060,1660,0,1,1,""
695587,DATA,61.5,-2.1,5796,5797,12000,1060,1660,0,1,1,""
696087,DATA,61.7,2.1,5793,5795,11399,1060,1660,0,1,1,""
696587,DATA,61.5,0.0,5796,5795,11401,1060,1660,0,1,1,""
697087,DATA,61.5,0.0,5801,5797,11400,1060,1660,0,1,1,""
697587,DATA,61.2,-2.1,5799,5799,11400,1060,1660,0,1,1,""
698087,DATA,61.2,0.0,5796,5798,11400,1060,1660,0,1,1,""
698587,DATA,61.0,-2.1,5796,5797,11399,1060,1660,0,1,1,""
699087,DATA,61.0,0.0,5795,5796,12001,1060,1660,0,1,1,""
699348,EVENT,60.8,-2.1,5791,5795,11401,1060,1660,0,1,1,"STARTER 1680"
699587,DATA,60.8,0.0,5788,5794,10801,1060,1667,0,1,1,""
700087,DATA,60.8,0.0,5771,5785,11400,1060,1677,0,1,1,""
700378,EVENT,60.8,0.0,5790,5784,12002,1060,1680,1,1,1,"IGN ON"
700587,DATA,60.2,-2.1,5810,5789,12002,1060,1680,1,1,1,""
701087,DATA,60.2,0.0,5838,5809,12000,1060,1680,1,1,1,""
701587,DATA,60.2,0.0,5847,5826,11400,1060,1680,1,1,1,""
702087,DATA,60.0,0.0,5849,5837,12000,1060,1680,1,1,1,""
702587,DATA,60.0,2.0,5854,5844,11399,1060,1680,1,1,1,""
702831,EVENT,59.7,0.0,5862,5849,11400,1060,1680,1,1,1,"PUMP 1065"
703087,DATA,59.7,0.0,5868,5853,11402,1060,1680,1,1,1,""
703587,DATA,59.5,0.0,5879,5864,11400,1063,1680,1,1,1,""
704087,DATA,59.2,-2.1,5878,5871,11400,1065,1680,1,1,1,""
704587,DATA,59.2,0.0,5875,5874,11400,1065,1680,1,1,1,""
705087,DATA,59.2,0.0,5875,5874,11400,1065,1680,1,1,1,""
705587,DATA,59.0,0.0,5879,5876,11399,1065,1680,1,1,1,""
706087,DATA,59.0,0.0,5885,5879,11401,1065,1680,1,1,1,""
706587,DATA,58.7,0.0,5889,5883,12000,1065,1680,1,1,1,""
707087,DATA,58.7,2.1,5885,5885,12000,1065,1680,1,1,1,""
707587,DATA,58.5,0.0,5885,5885,12000,1065,1680,1,1,1,""
708087,DATA,58.5,0.0,5887,5886,12000,1065,1680,1,1,1,""
708587,DATA,58.3,-2.0,5887,5886,12001,1065,1680,1,1,1,""
709087,DATA,58.3,0.0,5886,5886,11999,1065,1680,1,1,1,""
709587,DATA,58.3,0.0,5878,5884,12001,1065,1680,1,1,1,""
709848,EVENT,58.3,0.0,5877,5882,12000,1065,1680,1,1,1,"STARTER 1700"
710087,DATA,58.3,2.1,5879,5881,10188,1065,1687,1,1,1,""
710587,DATA,58.0,0.0,5876,5879,11999,1065,1697,1,1,1,""
711087,DATA,57.7,0.0,5928,5893,12000,1065,1700,1,1,1,""
711587,DATA,57.7,0.0,5971,5924,12000,1065,1700,1,1,1,""
712087,DATA,57.7,0.0,5986,5951,12000,1065,1700,1,1,1,""
712587,DATA,57.7,0.0,5990,5969,12000,1065,1700,1,1,1,""
713087,DATA,57.7,2.1,6003,5983,12000,1065,1700,1,1,1,""
713587,DATA,57.7,0.0,6015,5996,11999,1065,1700,1,1,1,""
714087,DATA,57.5,0.0,6016,6006,12600,1065,1700,1,1,1,""
714587,DATA,57.5,2.1,6017,6011,12000,1065,1700,1,1,1,""
715087,DATA,57.5,0.0,6014,6013,12001,1065,1700,1,1,1,""
715587,DATA,57.2,0.0,6014,6013,11999,1065,1700,1,1,1,""
716087,DATA,57.2,-2.1,6022,6016,13200,1065,1700,1,1,1,""
716587,DATA,57.2,0.0,5912,5976,10200,1065,1700,1,1,1,""
717087,DATA,57.2,2.1,5867,5919,3600,1065,1700,1,1,1,""
717587,DATA,57.0,-2.1,5794,5879,10800,1065,1700,1,1,1,""
718087,DATA,57.0,0.0,6248,5971,6000,1065,1700,1,1,1,""
718587,DATA,56.7,0.0,6109,6068, 0,1065,1700,1,1,1,""
718799,EVENT,56.7,0.0,6036,6065,3000,1065,1700,0,1,1,"IGN OFF"
719087,DATA,56.7,0.0,5956,6037,6000,1065,1700,0,1,1,""
719587,DATA,56.7,0.0,5886,5975,26400,1065,1700,0,1,1,""
720087,DATA,56.7,2.1,5884,5914,104994,1065,1700,0,1,1,""
720587,DATA,56.7,0.0,6210,6058,6000,1065,1700,0,1,1,""
721087,DATA,56.5,0.0,5997,6061,3600,1065,1700,0,1,1,""
721414,EVENT,56.5,0.0,5922,6023,5400,1065,1700,0,1,1,"STARTER 1720"
721587,DATA,56.5,0.0,5890,5995,3496,1065,1705,0,1,1,""
722087,DATA,56.2,-2.1,5847,5931,2400,1065,1716,0,1,1,""
722587,DATA,56.5,0.0,5831,5885,4200,1065,1720,0,1,1,""
723087,DATA,56.2,0.0,5825,5862,3600,1065,1720,0,1,1,""
723587,DATA,56.2,0.0,5822,5841,2400,1065,1720,0,1,1,""
723699,EVENT,56.2,0.0,5822,5839,173995,1065,1720,1,1,1,"IGN ON"
724087,DATA,56.0,-2.1,5865,5837,3600,1065,1720,1,1,1,""
724587,DATA,56.0,0.0,5858,5855,3600,1065,1720,1,1,1,""
725087,DATA,56.0,0.0,5834,5850,600,1065,1720,1,1,1,""
725587,DATA,56.0,0.0,5817,5834,25203,1065,1720,1,1,1,""
726087,DATA,55.8,-2.1,5812,5826,5999,1065,1720,1,1,1,""
726587,DATA,55.8,0.0,5810,5818,101991,1065,1720,1,1,1,""
727087,DATA,55.8,0.0,5809,5814,2400,1065,1720,1,1,1,""
727587,DATA,55.8,0.0,5809,5811,79805,1065,1720,1,1,1,""
727651,EVENT,55.8,0.0,5809,5811,79805,1065,1720,1,1,1,"PUMP 1070"
728087,DATA,55.8,0.0,6116,5907,86998,1066,1720,1,1,1,""
728587,DATA,55.5,-2.1,6267,6017,23401,1068,1720,1,1,1,""
728897,EVENT,55.5,0.0,5511,5997,165003,1070,1720,1,1,1,"PUMP 1074"
729087,DATA,55.5,0.0,5126,5812,2400,1070,1720,1,1,1,""
729587,DATA,55.5,0.0,5484,5553,73793,1072,1720,1,1,1,""
730087,DATA,55.2,-2.1,6285,5775,71400,1074,1720,1,1,1,""
730587,DATA,55.2,-2.1,6663,6141,33604,1074,1720,1,1,1,""
730750,EVENT,55.2,0.0,6633,6200,3600,1074,1720,1,1,1,"STARTER 1740"
731107,DATA,55.2,0.0,6336,6297,44460,1074,1730,1,1,1,""
731607,DATA,55.2,0.0,6205,6241,33600,1074,1738,1,1,1,""
732107,DATA,55.0,0.0,6486,6338,35404,1074,1740,1,1,1,""
732446,EVENT,55.2,0.0,6025,6300,9000,1074,1740,0,1,1,"IGN OFF"
732607,DATA,55.0,-2.1,5999,6228,201036,1074,1740,0,1,1,""
733107,DATA,55.0,0.0,3867,5591,193200,1074,1740,0,1,1,""
733607,DATA,55.0,0.0,2228,4199,124214,1074,1740,0,1,1,""
734107,DATA,55.0,0.0,2624,3450,113994,1074,1740,0,1,1,""
734607,DATA,54.7,-2.1,3061,3162,6000,1074,1740,0,1,1,""
735107,DATA,54.7,0.0,3818,3427,193804,1074,1740,0,1,1,""
735607,DATA,54.7,0.0,2598,3278,80401,1074,1740,0,1,1,""
736107,DATA,54.7,0.0,2417,2999,193200,1074,1740,0,1,1,""
736364,EVENT,54.7,0.0,1827,2765,63009,1074,1740,1,1,1,"IGN ON"
736581,EVENT,54.5,0.0,2237,2614,9001,1074,1740,0,1,1,"IGN OFF"
736607,DATA,54.5,0.0,2630,2616,46788,1074,1740,0,1,1,""
737107,DATA,54.5,0.0,3015,2930,193783,1074,1740,0,1,1,""
737595,EVENT,54.5,0.0,2598,2832,105599,1074,1740,1,1,1,"IGN ON"
737607,DATA,54.5,0.0,2598,2832,105599,1074,1740,1,1,1,""
738107,DATA,54.5,2.1,2463,2797,193806,1074,1740,1,1,1,""
738607,DATA,54.2,-2.1,3567,2807,31798,1074,1740,1,1,1,""
739107,DATA,54.2,-2.1,3897,3318,109790,1074,1740,1,1,1,""
739607,DATA,54.2,0.0,5084,3964,47997,1074,1740,1,1,1,""
740107,DATA,54.2,0.0,3753,4265,103806,1074,1740,1,1,1,""
740607,DATA,54.2,0.0,1608,3317,46198,1074,1740,1,1,1,""
740678,EVENT,54.2,0.0,1608,3317,46198,1074,1740,1,1,1,"STARTER 1760"
741127,DATA,54.2,0.0,3513,3037,81130,1074,1752,1,1,1,""
741627,DATA,54.2,0.0,4971,3749,53401,1074,1759,1,1,1,""
742127,DATA,54.0,0.0,5383,4526,121196,1074,1760,1,1,1,""
742627,DATA,54.0,0.0,3935,4552,143391,1074,1760,1,1,1,""
743127,DATA,54.2,2.1,1744,3547,132588,1074,1760,1,1,1,""
743627,DATA,54.0,0.0,679,2336,142213,1074,1760,1,1,1,""
744127,DATA,54.0,0.0,2109,1912,28203,1074,1760,1,1,1,""
744627,DATA,54.0,0.0,3659,2776,76793,1074,1760,1,1,1,""
745127,DATA,54.0,0.0,2972,3154,61804,1074,1760,1,1,1,""
745627,DATA,54.0,0.0,3436,3054,89405,1074,1760,1,1,1,""
746127,DATA,54.0,0.0,4854,3697,111601,1074,1760,1,1,1,""
746627,DATA,54.0,0.0,3524,3998,102595,1074,1760,1,1,1,""
747127,DATA,54.0,0.0,2639,3634,111001,1074,1760,1,1,1,""
747627,DATA,54.0,0.0,3461,3276,6000,1074,1760,1,1,1,""
748127,DATA,54.0,0.0,4891,3833,108616,1074,1760,1,1,1,""
748627,DATA,54.0,0.0,5567,4556,20999,1074,1760,1,1,1,""
749127,DATA,54.0,0.0,5225,4933,24603,1074,1760,1,1,1,""
749627,DATA,54.0,0.0,8465,6153,78002,1074,1760,1,1,1,""
750127,DATA,54.0,0.0,7590,7054,91197,1074,1760,1,1,1,""
750627,DATA,54.0,-2.1,6954,7093,5400,1074,1760,1,1,1,""
751127,DATA,54.0,0.0,6584,6899,39003,1074,1760,1,1,1,""
751627,DATA,53.7,-4.2,6585,6749,49798,1074,1760,1,1,1,""
752127,DATA,54.0,0.0,6560,6665,117002,1074,1760,1,1,1,""
752308,EVENT,54.0,0.0,6910,6696,62405,1074,1760,0,1,1,"IGN OFF"
752627,DATA,54.2,2.1,6833,6808,194992,1074,1760,0,1,1,""
753127,DATA,54.0,0.0,5246,6201,169195,1074,1760,0,1,1,""
753627,DATA,54.2,2.1,6680,6161,127201,1074,1760,0,1,1,""
754127,DATA,54.0,0.0,5180,6060,37805,1074,1760,0,1,1,""
754627,DATA,54.0,0.0,4313,5224,2400,1074,1760,0,1,1,""
755008,EVENT,54.0,0.0,4792,5056,163182,1000,1760,0,0,0,"PUMP OFF"
755127,DATA,54.0,0.0,4842,5030,36598,1000,1760,0,0,0,""
755627,DATA,54.0,0.0,3353,4555,192583,1000,1760,0,0,0,""
756127,DATA,54.0,0.0,1457,3366,191385,1000,1760,0,0,0,""
756627,DATA,53.7,-2.1,565,2163,113995,1000,1760,0,0,0,""
757127,DATA,53.7,0.0,1281,1466,52202,1000,1760,0,0,0,""
757486,EVENT,54.0,0.0,1435,1471,192596,1000,1760,1,0,0,"IGN ON"
757627,DATA,53.7,-2.1,1786,1490,49209,1000,1760,1,0,0,""
758127,DATA,53.7,0.0,2211,1963,187808,1000,1760,1,0,0,""
758627,DATA,53.7,0.0,999,1688,146996,1000,1760,1,0,0,""
759127,DATA,53.5,-2.1,1138,1429,182418,1000,1760,1,0,0,""
759195,EVENT,53.5,-2.1,1138,1429,182418,1000,1760,1,1,0,"VALVE1 ON"
759627,DATA,53.5,0.0,548,1105,145197,1000,1760,1,1,0,""
760127,DATA,53.3,-2.1,218,731,156000,1000,1760,1,1,0,""
760627,DATA,53.3,0.0,2526,1062,5400,1000,1760,1,1,0,""
761127,DATA,53.0,-2.1,4939,2555,180000,1000,1760,1,1,0,""
761627,DATA,52.7,-2.1,6149,4124,5999,1000,1760,1,1,0,""
762127,DATA,52.5,-2.1,6378,5163,6000,1000,1760,1,1,0,""
762627,DATA,52.5,0.0,6499,5749,22200,1000,1760,1,1,0,""
763059,EVENT,52.2,0.0,7296,6259,13800,1000,1760,1,1,1,"VALVE2 ON"
763127,DATA,52.2,0.0,7424,6399,17396,1000,1760,1,1,1,""
763627,DATA,52.2,0.0,8320,7171,22202,1000,1760,1,1,1,""
764127,DATA,51.7,-2.1,9044,7959,12600,1000,1760,1,1,1,""
764627,DATA,51.7,0.0,9298,8648,2400,1000,1760,1,1,1,""
764699,EVENT,51.7,0.0,9298,8648,2400,1000,1760,1,1,1,"PUMP 1045"
765147,DATA,51.5,-2.0,8194,8610,8399,1009,1760,1,1,1,""
765667,DATA,51.2,-2.1,7437,8162,1500,1030,1760,1,1,1,""
766167,DATA,51.0,0.0,7012,7756,3005,1045,1760,1,1,1,""
766667,DATA,50.8,-2.1,6783,7331,5400,1045,1760,1,1,1,""
766849,EVENT,51.0,2.1,6668,7182,5400,1045,1760,1,1,1,"PUMP 1050"
767167,DATA,50.8,0.0,6540,6987,2400,1046,1760,1,1,1,""
767667,DATA,50.5,0.0,6584,6790,2400,1048,1760,1,1,1,""
768098,EVENT,50.2,0.0,6573,6692,4799,1050,1760,1,1,1,"PUMP 1055"
768167,DATA,50.2,0.0,6573,6692,4799,1050,1760,1,1,1,""
768667,DATA,49.7,0.0,6469,6605,3000,1052,1760,1,1,1,""
769167,DATA,49.7,-2.1,6407,6521,3000,1054,1760,1,1,1,""
769215,EVENT,49.7,-2.1,6364,6502,3000,1054,1760,1,1,1,"PUMP 1060"
769667,DATA,49.7,2.1,6299,6434,4800,1055,1760,1,1,1,""
770167,DATA,49.5,0.0,6250,6355,3600,1058,1760,1,1,1,""
770667,DATA,49.5,0.0,6150,6274,2400,1060,1760,1,1,1,""
771167,DATA,49.2,2.1,6121,6206,600,1060,1760,1,1,1,""
771667,DATA,49.0,-2.1,6033,6139,1800,1060,1760,1,1,1,""
772167,DATA,48.7,0.0,6012,6082,1800,1060,1760,1,1,1,""
772667,DATA,48.7,0.0,5937,6027,3600,1060,1760,1,1,1,""
773167,DATA,48.7,0.0,5901,5973,1200,1060,1760,1,1,1,""
773667,DATA,48.7,0.0,5809,5912,2400,1060,1760,1,1,1,""
774167,DATA,48.7,0.0,5860,5867,2400,1060,1760,1,1,1,""
774667,DATA,48.5,0.0,5994,5911,2400,1060,1760,1,1,1,""
775167,DATA,48.7,2.1,5994,5952,600,1060,1760,1,1,1,""
775667,DATA,48.5,0.0,5981,5967,7201,1060,1760,1,1,1,""
776167,DATA,48.5,0.0,5975,5972,5400,1060,1760,1,1,1,""
776667,DATA,48.5,0.0,5973,5973,4201,1060,1760,1,1,1,""
777167,DATA,48.5,0.0,5972,5973,146397,1060,1760,1,1,1,""
777667,DATA,48.5,-2.1,4943,5647,71398,1060,1760,1,1,1,""
778167,DATA,48.5,0.0,4001,5184,156619,1060,1760,1,1,1,""
778667,DATA,48.7,2.1,1772,3899,62993,1060,1760,1,1,1,""
779167,DATA,48.5,0.0,2451,3164,124804,1060,1760,1,1,1,""
779667,DATA,48.7,0.0,2331,2730,48002,1060,1760,1,1,1,""
780167,DATA,48.7,2.1,3671,2869,151198,1060,1760,1,1,1,""
780667,DATA,48.5,0.0,4640,3598,13800,1060,1760,1,1,1,""
781161,EVENT,48.7,0.0,5456,4349,79808,1060,1760,0,1,1,"IGN OFF"
781167,DATA,48.7,0.0,5456,4349,79808,1060,1760,0,1,1,""
781667,DATA,48.7,0.0,3885,4484,194988,1060,1760,0,1,1,""
781794,EVENT,48.7,0.0,2863,4170,203779,1060,1760,1,1,1,"IGN ON"
782167,DATA,48.7,0.0,2070,3530,26998,1060,1760,1,1,1,""
782667,DATA,48.7,0.0,2683,3197,119404,1060,1760,1,1,1,""
783167,DATA,48.7,0.0,1870,2722,130803,1060,1760,1,1,1,""
783429,EVENT,48.7,0.0,1174,2293,125443,1060,1760,1,1,1,"PUMP 1065"
783590,EVENT,48.7,0.0,1366,2182,16198,1060,1760,1,1,1,"PUMP 1070"
783667,DATA,48.7,0.0,1838,2140,51599,1060,1760,1,1,1,""
783797,EVENT,49.0,2.1,3012,2272,27063,1061,1760,1,1,1,"PUMP 1075"
784167,DATA,49.0,2.1,4447,2833,49800,1063,1760,1,1,1,""
784667,DATA,49.0,0.0,5071,3749,49805,1070,1760,1,1,1,""
784971,EVENT,49.0,0.0,5441,4254,600,1073,1760,1,1,1,"PUMP 1076"
785167,DATA,49.2,2.1,5624,4554,3001,1073,1760,1,1,1,""
785667,DATA,49.0,0.0,5842,5135, 0,1074,1760,1,1,1,""
785745,EVENT,49.0,0.0,5863,5223,1200,1075,1760,1,1,1,"PUMP 1081"
786167,DATA,49.0,-2.1,5913,5493,146981,1076,1760,1,1,1,""
786667,DATA,49.2,2.1,5937,5700,38398,1079,1760,1,1,1,""
787141,EVENT,49.5,2.1,5946,5815,2400,1081,1760,1,1,1,"PUMP 1085"
787167,DATA,49.5,2.1,5946,5815,2400,1081,1760,1,1,1,""
787667,DATA,49.5,0.0,5950,5878,58794,1082,1760,1,1,1,""
788167,DATA,49.5,0.0,5951,5912,93600,1084,1760,1,1,1,""
788667,DATA,49.5,0.0,5994,5936,75592,1085,1760,1,1,1,""
789167,DATA,49.5,-2.1,6065,6091,149387,1085,1760,1,1,1,""
789667,DATA,49.7,0.0,5247,5698,28800,1085,1760,1,1,1,""
790167,DATA,49.7,0.0,5628,5579,77995,1085,1760,1,1,1,""
790667,DATA,50.0,2.1,6135,5768,152411,1085,1760,1,1,1,""
791167,DATA,50.2,0.0,5416,5876,134387,1085,1760,1,1,1,""
791667,DATA,50.2,0.0,2503,4725,69594,1085,1760,1,1,1,""
792167,DATA,50.5,2.1,986,3164,178186,1085,1760,1,1,1,""
792667,DATA,50.5,2.1,2520,2465,4800,1085,1760,1,1,1,""
793167,DATA,50.8,0.0,4508,3147,53399,1085,1760,1,1,1,""
793667,DATA,51.0,2.1,5487,4096,93598,1085,1760,1,1,1,""
794167,DATA,51.0,0.0,3749,4368,56395,1085,1760,1,1,1,""
794667,DATA,51.5,2.1,4101,3972,44399,1085,1760,1,1,1,""
795167,DATA,51.2,-2.1,3929,4192,133183,1085,1760,1,1,1,""
795667,DATA,51.5,-2.1,4522,4185,54006,1085,1760,1,1,1,""
796167,DATA,51.7,0.0,5143,4622,63599,1085,1760,1,1,1,""
796667,DATA,52.0,0.0,5041,4725,79199,1085,1760,1,1,1,""
797167,DATA,52.2,0.0,5721,5059,143996,1085,1760,1,1,1,""
797667,DATA,52.5,0.0,5909,5522,160805,1085,1760,1,1,1,""
798167,DATA,52.7,0.0,4143,5278,166198,1085,1760,1,1,1,""
798667,DATA,53.0,0.0,2403,4192,87005,1085,1760,1,1,1,""
799167,DATA,53.3,2.1,1022,2891,173993,1085,1760,1,1,1,""
799667,DATA,53.5,0.0,2477,2311,19800,1085,1760,1,1,1,""
800167,DATA,53.7,-2.1,4472,3047,160174,1085,1760,1,1,1,""
800405,EVENT,54.0,2.1,5057,3467,74718,1085,1760,0,1,1,"IGN OFF"
800667,DATA,54.0,0.0,4635,3945,156592,1085,1760,0,1,1,""
801167,DATA,54.5,0.0,2185,3491,194969,1085,1760,0,1,1,""
801667,DATA,54.7,2.1,1468,2649,196208,1085,1760,0,1,1,""
802167,DATA,55.0,2.1,1373,1964,193798,1085,1760,0,1,1,""
802667,DATA,55.0,0.0,1208,1585,21000,1085,1760,0,1,1,""
802688,EVENT,55.0,0.0,1208,1585,21000,1000,1760,0,0,0,"PUMP OFF"
803167,DATA,55.2,0.0,1526,1646,59999,1000,1760,0,0,0,""
803667,DATA,55.5,0.0,691,1320,193202,1000,1760,0,0,0,""
804167,DATA,55.8,-2.1,1472,1161,76197,1000,1760,0,0,0,""
804667,DATA,56.2,0.0,1331,1226,45604,1000,1760,0,0,0,""
805167,DATA,56.2,0.0,2444,1498,5400,1000,1760,0,0,0,""
805667,DATA,56.5,0.0,4415,2589,4800,1000,1760,0,0,0,""
806167,DATA,56.7,0.0,5357,3769,7799,1000,1760,0,0,0,""
806667,DATA,56.7,0.0,5731,4646,26399,1000,1760,0,0,0,""
807167,DATA,56.7,-2.1,5872,5207,44401,1000,1760,0,0,0,""
807667,DATA,57.2,4.2,5874,5533,107402,1000,1760,0,0,0,""
808129,EVENT,57.0,0.0,3725,5127,190204,1000,1760,0,0,0,"STARTER 1740"
808167,DATA,57.0,0.0,3173,4893,57597,1000,1759,0,0,0,""
808667,DATA,57.0,0.0,2163,3966,84714,1000,1746,0,0,0,""
809167,DATA,57.2,2.1,2456,3022,9599,1000,1740,0,0,0,""
809667,DATA,57.2,2.1,4268,3341,5400,1000,1740,0,0,0,""
810167,DATA,57.2,2.1,5347,4127,77391,1000,1740,0,0,0,""
810667,DATA,57.2,2.1,5512,4868,193188,1000,1740,0,0,0,""
811167,DATA,57.0,2.1,2735,4308,189623,1000,1740,0,0,0,""
811667,DATA,56.7,-2.1,3190,3539,166803,1000,1740,0,0,0,""
811839,EVENT,56.7,0.0,2977,3434,200990,1000,1740,0,0,0,"STARTER 1720"
812167,DATA,56.7,0.0,2031,3082,37994,1000,1731,0,0,0,""
812667,DATA,56.5,-2.1,1423,2459,190802,1000,1722,0,0,0,""
813167,DATA,56.2,0.0,605,1700,142809,1000,1720,0,0,0,""
813667,DATA,56.2,2.1,2983,1881,5400,1000,1720,0,0,0,""
814167,DATA,56.0,0.0,4671,2977,19799,1000,1720,0,0,0,""
814667,DATA,55.5,-2.1,5351,4004,1200,1000,1720,0,0,0,""
815166,EVENT,55.5,0.0,5635,4737,15600,1000,1720,0,0,0,"STARTER 1700"
815167,DATA,55.5,0.0,5635,4737,15600,1000,1720,0,0,0,""
815667,DATA,55.5,2.1,5730,5124,21628,1000,1707,0,0,0,""
816167,DATA,55.2,0.0,5779,5427,63610,1000,1700,0,0,0,""
816667,DATA,55.0,0.0,5883,5610,6600,1000,1700,0,0,0,""
817167,DATA,54.5,-2.1,4559,5503,191411,1000,1700,0,0,0,""
817667,DATA,54.5,-2.1,2002,4223,106796,1000,1700,0,0,0,""
818167,DATA,54.2,0.0,779,2761,108597,1000,1700,0,0,0,""
818667,DATA,54.0,0.0,2453,2197,111613,1000,1700,0,0,0,""
819167,DATA,53.7,0.0,1791,2199,113989,1000,1700,0,0,0,""
819667,DATA,53.5,-2.1,2365,2051,3600,1000,1700,0,0,0,""
820080,EVENT,53.5,0.0,3058,2470,148909,1000,1700,0,0,0,"STARTER 1680"
820167,DATA,53.3,-2.1,2763,2505,173972,1000,1697,0,0,0,""
820667,DATA,52.7,-4.2,1273,2148,179004,1000,1686,0,0,0,""
821167,DATA,52.7,0.0,501,1475,191404,1000,1680,0,0,0,""
821667,DATA,52.2,0.0,189,909,192596,1000,1680,0,0,0,""
822167,DATA,52.5,2.1,1096,692,122398,1000,1680,0,0,0,""
822667,DATA,52.0,0.0,3558,1576,193212,1000,1680,0,0,0,""
823167,DATA,51.7,0.0,3321,2401,96609,1000,1680,0,0,0,""
823667,DATA,51.5,-2.1,1951,2455,193177,1000,1680,0,0,0,""
824167,DATA,51.2,-2.1,807,1837,191988,1000,1680,0,0,0,""
824667,DATA,51.0,0.0,309,1181,142797,1000,1680,0,0,0,""
825167,DATA,50.8,0.0,116,703,91195,1000,1680,0,0,0,""
825667,DATA,50.5,-2.1, 0, 0,123006,1000,1680,0,0,0,""
826167,DATA,50.2,0.0,4467,5589,191387,1000,1680,0,0,0,""
826667,DATA,50.0,0.0,1958,4239,193198,1000,1680,0,0,0,""
827167,DATA,49.7,-2.1,761,2758,192000,1000,1680,0,0,0,""
827667,DATA,49.7,2.1,286,1653,193196,1000,1680,0,0,0,""
828167,DATA,49.2,0.0,107,946,192590,1000,1680,0,0,0,""
828667,DATA,49.0,0.0, 0, 0,193771,1000,1680,0,0,0,""
829167,DATA,48.7,-2.1,5933,5866,9001,1000,1680,0,0,0,""
829667,DATA,48.5,0.0,4568,5648,76195,1000,1680,0,0,0,""
830167,DATA,48.3,0.0,3553,4716,188372,1000,1680,0,0,0,""
830667,DATA,48.0,-2.1,2088,3760,193181,1000,1680,0,0,0,""
831167,DATA,48.0,0.0,864,2563,157813,1000,1680,0,0,0,""
831667,DATA,47.7,0.0,331,1580,162000,1000,1680,0,0,0,""
832167,DATA,47.5,0.0,728,1084,176409,1000,1680,0,0,0,""
832667,DATA,47.2,0.0,423,830,193802,1000,1680,0,0,0,""
833167,DATA,46.7,-2.1,2840,1341,178820,1000,1680,0,0,0,""
833667,DATA,46.7,0.0,3158,2295,160202,1000,1680,0,0,0,""
834167,DATA,46.5,0.0,2141,2409,192588,1000,1680,0,0,0,""
834667,DATA,46.2,-2.1,939,1890,193802,1000,1680,0,0,0,""
834703,EVENT,46.2,-2.1,939,1890,193802,1000,1680,0,0,0,"STARTER 1660"
835167,DATA,46.0,0.0,442,1367,66011,1000,1668,0,0,0,""
835667,DATA,46.0,0.0,167,837,194427,1000,1660,0,0,0,""
835962,EVENT,46.0,0.0,92,606,192017,1000,1660,0,0,0,"STARTER 1640"
836167,DATA,45.8,-2.1,62,485,97396,1000,1654,0,0,0,""
836667,DATA,45.8,2.1,685,544,194414,1000,1644,0,0,0,""
837167,DATA,45.5,0.0,306,489,191419,1000,1640,0,0,0,""
837667,DATA,45.2,0.0,122,341,193212,1000,1640,0,0,0,""
838167,DATA,45.0,-2.1, 0, 0,191419,1000,1640,0,0,0,""
838667,DATA,44.7,0.0, 0, 0,193177,1000,1640,0,0,0,""
839167,DATA,44.7,2.1, 0, 0,120002,1000,1640,0,0,0,""
839667,DATA,44.5,0.0, 0, 0,193903,1000,1640,0,0,0,""
840167,DATA,44.2,-2.1, 0, 0,191492,1000,1640,0,0,0,""
840326,EVENT,44.5,2.1, 0, 0,86996,1000,1640,0,0,0,"STARTER 1620"
840687,DATA,44.2,0.0,5538,5540,3001,1000,1630,0,0,0,""
841187,DATA,44.0,0.0,5575,5538,192610,1000,1622,0,0,0,""
841687,DATA,44.0,0.0,3131,4805,193188,1000,1620,0,0,0,""
842187,DATA,43.7,0.0,1298,3406,191977,1000,1620,0,0,0,""
842687,DATA,43.5,0.0,497,2139,193200,1000,1620,0,0,0,""
843097,EVENT,43.5,0.0,227,1404,191994,1000,1620,0,0,0,"STARTER 1600"
843187,DATA,43.3,-2.1,227,1404,191994,1000,1617,0,0,0,""
843687,DATA,43.0,-2.1,659,956,125557,1000,1605,0,0,0,""
844187,DATA,43.0,0.0,389,741,190206,1000,1600,0,0,0,""
844687,DATA,42.7,-2.1,161,499,193200,1000,1600,0,0,0,""
845187,DATA,42.7,0.0,62,306,191408,1000,1600,0,0,0,""
845687,DATA,42.7,2.1, 0, 0,193210,1000,1600,0,0,0,""
846187,DATA,42.2,-2.1, 0, 0,191429,1000,1600,0,0,0,""
846244,EVENT,42.5,2.1, 0, 0,191429,1000,1600,0,0,0,"STARTER 1580"
846687,DATA,42.2,-2.1,5207,5207,39057,1000,1588,0,0,0,""
847187,DATA,42.0,0.0,3377,4656,165582,1000,1581,0,0,0,""
847687,DATA,42.0,-2.1,2274,3562,69606,1000,1580,0,0,0,""
848187,DATA,41.7,0.0,1939,2870,31201,1000,1580,0,0,0,""
848687,DATA,41.5,0.0,1412,2335,193217,1000,1580,0,0,0,""
848808,EVENT,41.5,0.0,1212,2200,210587,1000,1580,0,0,0,"STARTER 1560"
849187,DATA,41.5,-2.1,1944,1910,91936,1000,1570,0,0,0,""
849687,DATA,41.5,0.0,3420,2334,5400,1000,1561,0,0,0,""
850187,DATA,41.2,-2.1,4405,3178,70805,1000,1560,0,0,0,""
850687,DATA,41.2,2.1,2989,3439,68399,1000,1560,0,0,0,""
851187,DATA,41.2,2.1,3375,3166,4800,1000,1560,0,0,0,""
851687,DATA,41.0,0.0,4304,3570,51603,1000,1560,0,0,0,""
851776,EVENT,40.8,-2.1,4304,3570,51603,1000,1560,0,0,0,"STARTER 1540"
852187,DATA,41.0,0.0,4314,3832,17227,1000,1549,0,0,0,""
852687,DATA,41.0,2.1,4348,4080,29397,1000,1541,0,0,0,""
853187,DATA,40.8,2.1,3731,4100,191396,1000,1540,0,0,0,""
853687,DATA,40.5,0.0,1729,3284,192602,1000,1540,0,0,0,""
853964,EVENT,40.2,-2.1,997,2619,191987,1000,1540,0,0,0,"STARTER 1520"
854207,DATA,40.5,1.8,681,2197,59491,1000,1533,0,0,0,""
854707,DATA,40.5,0.0,257,1337,193804,1000,1523,0,0,0,""
855045,EVENT,40.0,-4.2,142,966,191402,1000,1520,0,0,0,"STARTER 1500"
855207,DATA,40.2,2.1,96,772,166815,1000,1515,0,0,0,""
855707,DATA,40.2,0.0, 0, 0,185987,1000,1504,0,0,0,""
856207,DATA,40.0,0.0,4724,4724,80406,1000,1500,0,0,0,""
856707,DATA,40.0,0.0,3848,4398,8999,1000,1500,0,0,0,""
857207,DATA,40.0,0.0,4128,4218,4800,1000,1500,0,0,0,""
857707,DATA,39.7,0.0,4379,4260,6600,1000,1500,0,0,0,""
857940,EVENT,39.7,0.0,4429,4296,6600,1000,1500,0,0,0,"STARTER OFF"
858207,DATA,40.0,1.5,4331,4314,1500,1000,1329,0,0,0,""
858727,DATA,40.2,1.9,3260,4047,7001,1000,1076,0,0,0,""
859227,DATA,40.5,0.0,2266,3338,126004,1000,1000,0,0,0,""
859727,DATA,40.5,0.0,1889,2786,114002,1000,1000,0,0,0,""
860227,DATA,40.5,0.0,2173,2638,151179,1000,1000,0,0,0,""
860727,DATA,40.5,0.0,977,2031,187776,1000,1000,0,0,0,""
861227,DATA,40.5,0.0,264,1012,118793,1000,1000,0,0,0,""
861727,DATA,40.5,0.0, 0, 0,188372,1000,1000,0,0,0,""
862227,DATA,40.5,2.1, 0, 0,187198,1000,1000,0,0,0,""
862727,DATA,40.2,0.0, 0, 0,189000,1000,1000,0,0,0,""
863227,DATA,40.2,0.0, 0, 0,163221,1000,1000,0,0,0,""
863727,DATA,40.5,2.1, 0, 0,188996,1000,1000,0,0,0,""
864227,DATA,40.2,0.0, 0, 0,187781,1000,1000,0,0,0,""
864727,DATA,40.2,-2.1, 0, 0,188996,1000,1000,0,0,0,""
865227,DATA,40.2,0.0, 0, 0,187191,1000,1000,0,0,0,""
865727,DATA,40.2,0.0, 0, 0,189009,1000,1000,0,0,0,""
866227,DATA,40.5,0.0, 0, 0,187761,1000,1000,0,0,0,""
866727,DATA,40.5,2.1, 0, 0,188991,1000,1000,0,0,0,""
867227,DATA,40.5,0.0, 0, 0,187776,1000,1000,0,0,0,""
867727,DATA,40.5,0.0, 0, 0,189025,1000,1000,0,0,0,""
868227,DATA,40.5,0.0, 0, 0,186579,1000,1000,0,0,0,""
868727,DATA,40.5,0.0, 0, 0,189596,1000,1000,0,0,0,""
869227,DATA,40.5,0.0, 0, 0,188408,1000,1000,0,0,0,""
869727,DATA,40.5,-2.1, 0, 0,189013,1000,1000,0,0,0,""
870227,DATA,40.8,2.1, 0, 0,188391,1000,1000,0,0,0,""
870727,DATA,40.8,0.0, 0, 0,189598,1000,1000,0,0,0,""
871227,DATA,40.8,0.0, 0, 0,188383,1000,1000,0,0,0,""
871727,DATA,40.8,0.0, 0, 0,189625,1000,1000,0,0,0,""
872227,DATA,40.8,0.0, 0, 0,188394,1000,1000,0,0,0,""
872727,DATA,40.8,0.0, 0, 0,189587,1000,1000,0,0,0,""
873227,DATA,40.8,0.0, 0, 0,187779,1000,1000,0,0,0,""
873727,DATA,40.8,0.0, 0, 0,188994,1000,1000,0,0,0,""
874227,DATA,40.8,0.0, 0, 0,187794,1000,1000,0,0,0,""
874727,DATA,40.8,0.0, 0, 0,190198,1000,1000,0,0,0,""
875227,DATA,40.8,0.0, 0, 0,187798,1000,1000,0,0,0,""
875727,DATA,40.8,0.0, 0, 0,188987,1000,1000,0,0,0,""
876227,DATA,40.8,0.0, 0, 0,187762,1000,1000,0,0,0,""
876727,DATA,40.8,0.0, 0, 0,189581,1000,1000,0,0,0,""
877227,DATA,40.8,0.0, 0, 0,187806,1000,1000,0,0,0,""
877727,DATA,40.8,0.0, 0, 0,188987,1000,1000,0,0,0,""
878227,DATA,40.8,0.0, 0, 0,187800,1000,1000,0,0,0,""
878727,DATA,40.8,0.0, 0, 0,189602,1000,1000,0,0,0,""
879227,DATA,40.8,0.0, 0, 0,187792,1000,1000,0,0,0,""
879727,DATA,40.8,0.0, 0, 0,188985,1000,1000,0,0,0,""
880227,DATA,40.8,0.0, 0, 0,187813,1000,1000,0,0,0,""
880727,DATA,40.8,0.0, 0, 0,189591,1000,1000,0,0,0,""
881227,DATA,40.5,-2.1, 0, 0,188402,1000,1000,0,0,0,""
881727,DATA,40.8,2.1, 0, 0,188423,1000,1000,0,0,0,""
882227,DATA,40.5,-2.1, 0, 0,187779,1000,1000,0,0,0,""
882727,DATA,40.5,0.0, 0, 0,189006,1000,1000,0,0,0,""
883227,DATA,40.5,-2.0, 0, 0,187798,1000,1000,0,0,0,""
883727,DATA,40.5,0.0, 0, 0,188991,1000,1000,0,0,0,""
884227,DATA,40.5,0.0, 0, 0,187796,1000,1000,0,0,0,""
884727,DATA,40.5,0.0, 0, 0,188392,1000,1000,0,0,0,""
885227,DATA,40.5,0.0, 0, 0,187828,1000,1000,0,0,0,""
885727,DATA,40.5,0.0, 0, 0,189608,1000,1000,0,0,0,""
886227,DATA,40.5,0.0, 0, 0,188402,1000,1000,0,0,0,""
886727,DATA,40.5,0.0, 0, 0,188423,1000,1000,0,0,0,""
887227,DATA,40.5,0.0, 0, 0,187191,1000,1000,0,0,0,""
887727,DATA,40.5,0.0, 0, 0,189606,1000,1000,0,0,0,""
888227,DATA,40.5,2.1, 0, 0,187791,1000,1000,0,0,0,""
888727,DATA,40.2,0.0, 0, 0,188377,1000,1000,0,0,0,""
889227,DATA,40.2,-2.0, 0, 0,187207,1000,1000,0,0,0,""
889727,DATA,40.2,0.0, 0, 0,189592,1000,1000,0,0,0,""
890227,DATA,40.2,0.0, 0, 0,187200,1000,1000,0,0,0,""
890727,DATA,40.2,0.0, 0, 0,189009,1000,1000,0,0,0,""
891227,DATA,40.2,0.0, 0, 0,187181,1000,1000,0,0,0,""
891727,DATA,40.2,0.0, 0, 0,188992,1000,1000,0,0,0,""
892227,DATA,40.2,0.0, 0, 0,187209,1000,1000,0,0,0,""
892727,DATA,40.2,0.0, 0, 0,188402,1000,1000,0,0,0,""
893227,DATA,40.2,0.0, 0, 0,188409,1000,1000,0,0,0,""
893727,DATA,40.0,-2.1, 0, 0,189579,1000,1000,0,0,0,""
894227,DATA,40.0,0.0, 0, 0,187178,1000,1000,0,0,0,""
894727,DATA,40.0,0.0, 0, 0,189008,1000,1000,0,0,0,""
895227,DATA,40.0,0.0, 0, 0,187792,1000,1000,0,0,0,""
895727,DATA,40.0,0.0, 0, 0,188994,1000,1000,0,0,0,""
896227,DATA,40.0,0.0, 0, 0,187211,1000,1000,0,0,0,""
896727,DATA,40.0,0.0, 0, 0,189589,1000,1000,0,0,0,""
897227,DATA,40.0,0.0, 0, 0,187215,1000,1000,0,0,0,""
897727,DATA,40.0,0.0, 0, 0,188406,1000,1000,0,0,0,""
898227,DATA,40.0,0.0, 0, 0,187785,1000,1000,0,0,0,""
898727,DATA,40.0,0.0, 0, 0,189592,1000,1000,0,0,0,""
899227,DATA,40.0,0.0, 0, 0,187196,1000,1000,0,0,0,""
899727,DATA,40.0,0.0, 0, 0,190173,1000,1000,0,0,0,""
900227,DATA,40.0,0.0, 0, 0,187800,1000,1000,0,0,0,""
900727,DATA,40.0,0.0, 0, 0,189004,1000,1000,0,0,0,""
901227,DATA,40.0,0.0, 0, 0,187206,1000,1000,0,0,0,""
901727,DATA,39.7,0.0, 0, 0,189611,1000,1000,0,0,0,""
902227,DATA,39.7,0.0, 0, 0,187792,1000,1000,0,0,0,""
902727,DATA,39.7,0.0, 0, 0,188834,1000,1000,0,0,0,""
903227,DATA,39.7,0.0, 0, 0,187145,1000,1000,0,0,0,""
903727,DATA,39.7,0.0, 0, 0,189425,1000,1000,0,0,0,""
904227,DATA,39.7,0.0, 0, 0,187145,1000,1000,0,0,0,""
904727,DATA,39.7,0.0, 0, 0,188243,1000,1000,0,0,0,""
905227,DATA,39.7,0.0, 0, 0,187684,1000,1000,0,0,0,""
905727,DATA,39.7,0.0, 0, 0,189427,1000,1000,0,0,0,""
906227,DATA,39.7,0.0, 0, 0,188321,1000,1000,0,0,0,""
906727,DATA,39.7,0.0, 0, 0,188859,1000,1000,0,0,0,""
907227,DATA,39.7,2.0, 0, 0,187506,1000,1000,0,0,0,""
907727,DATA,39.5,-2.1, 0, 0,189362,1000,1000,0,0,0,""
908227,DATA,39.7,2.1, 0, 0,187145,1000,1000,0,0,0,""
908727,DATA,39.5,0.0, 0, 0,188857,1000,1000,0,0,0,""
909227,DATA,39.5,0.0, 0, 0,187524,1000,1000,0,0,0,""
909727,DATA,39.5,0.0, 0, 0,188347,1000,1000,0,0,0,""
910227,DATA,39.5,0.0, 0, 0,186487,1000,1000,0,0,0,""
910727,DATA,39.5,0.0, 0, 0,189415,1000,1000,0,0,0,""
911227,DATA,39.5,0.0, 0, 0,187680,1000,1000,0,0,0,""
911727,DATA,39.5,0.0, 0, 0,188855,1000,1000,0,0,0,""
912227,DATA,39.5,0.0, 0, 0,187671,1000,1000,0,0,0,""
912727,DATA,39.5,0.0, 0, 0,188853,1000,1000,0,0,0,""
913227,DATA,39.5,0.0, 0, 0,186920,1000,1000,0,0,0,""
913727,DATA,39.5,0.0, 0, 0,188913,1000,1000,0,0,0,""
914227,DATA,39.5,0.0, 0, 0,187684,1000,1000,0,0,0,""
914727,DATA,39.2,-2.1, 0, 0,189258,1000,1000,0,0,0,""
915227,DATA,39.2,0.0, 0, 0,187760,1000,1000,0,0,0,""
915727,DATA,39.2,0.0, 0, 0,189404,1000,1000,0,0,0,""
916227,DATA,39.2,0.0, 0, 0,187738,1000,1000,0,0,0,""
916727,DATA,39.2,0.0, 0, 0,188945,1000,1000,0,0,0,""
917227,DATA,39.2,0.0, 0, 0,187513,1000,1000,0,0,0,""
917727,DATA,39.2,0.0, 0, 0,189383,1000,1000,0,0,0,""
918227,DATA,39.2,0.0, 0, 0,187596,1000,1000,0,0,0,""
918727,DATA,39.2,0.0, 0, 0,57634,1000,1000,0,0,0,""
919227,DATA,39.2,0.0, 0, 0,187678,1000,1000,0,0,0,""
919727,DATA,39.2,0.0, 0, 0,189406,1000,1000,0,0,0,""
920227,DATA,39.0,0.0, 0, 0,187736,1000,1000,0,0,0,""
920727,DATA,39.0,0.0, 0, 0,188861,1000,1000,0,0,0,""
921227,DATA,39.2,0.0, 0, 0,187673,1000,1000,0,0,0,""
921727,DATA,39.0,0.0, 0, 0,188861,1000,1000,0,0,0,""
922227,DATA,39.0,0.0, 0, 0,188224,1000,1000,0,0,0,""
922727,DATA,39.0,0.0, 0, 0,189499,1000,1000,0,0,0,""
923227,DATA,39.0,0.0, 0, 0,187136,1000,1000,0,0,0,""
923727,DATA,39.0,0.0, 0, 0,189419,1000,1000,0,0,0,""
924227,DATA,39.0,0.0, 0, 0,187752,1000,1000,0,0,0,""
924727,DATA,39.0,0.0, 0, 0,188840,1000,1000,0,0,0,""
925227,DATA,39.0,0.0, 0, 0,187743,1000,1000,0,0,0,""
925727,DATA,39.0,0.0, 0, 0,189421,1000,1000,0,0,0,""
926227,DATA,39.0,0.0, 0, 0,188291,1000,1000,0,0,0,""
926727,DATA,38.7,-2.1, 0, 0,199861,1000,1000,0,0,0,""
927227,DATA,38.7,0.0, 0, 0,188367,1000,1000,0,0,0,""
927727,DATA,39.0,0.0, 0, 0,189423,1000,1000,0,0,0,""
928227,DATA,39.0,2.0, 0, 0,187702,1000,1000,0,0,0,""
928727,DATA,38.7,-2.1, 0, 0,189260,1000,1000,0,0,0,""
929227,DATA,38.7,0.0, 0, 0,187756,1000,1000,0,0,0,""
929552,EVENT,38.7,0.0, 0, 0,191985,1000,1000,0,1,0,"VALVE1 ON"
929727,DATA,38.7,0.0, 0, 0,193452,1000,1000,0,1,0,""
930227,DATA,38.7,0.0, 0, 0,190022,1000,1000,0,1,0,""
930727,DATA,38.7,0.0, 0, 0,192410,1000,1000,0,1,0,""
930866,EVENT,38.7,0.0, 0, 0,212491,1000,1000,0,1,0,"PUMP 1005"
931227,DATA,38.7,0.0, 0, 0,190018,1001,1000,0,1,0,""
931727,DATA,38.7,0.0, 0, 0,191773,1003,1000,0,1,0,""
931987,EVENT,38.7,0.0, 0, 0,193200,1004,1000,0,1,0,"PUMP 1045"
932227,DATA,38.7,0.0, 0, 0,190035,1007,1000,0,1,0,""
932727,DATA,38.7,0.0,10999,11209,2000,1022,1000,0,1,0,""
933247,DATA,38.7,0.0,6949,9458,2000,1041,1000,0,1,0,""
933747,DATA,38.7,0.0,3219,5480,193781,1045,1000,0,1,0,""
933834,EVENT,38.7,0.0,2748,4879,197998,1045,1000,0,1,0,"PUMP 1050"
934247,DATA,38.7,0.0,957,2695,192610,1046,1000,0,1,0,""
934249,EVENT,38.7,0.0,957,2695,192610,1046,1000,0,1,0,"PUMP 1055"
934747,DATA,38.7,0.0,198,1030,194388,1048,1000,0,1,0,""
934763,EVENT,38.7,0.0,198,1030,194388,1048,1000,0,1,0,"PUMP 1060"
935171,EVENT,38.7,0.0, 0, 0,192594,1050,1000,0,1,0,"PUMP 1065"
935247,DATA,38.7,0.0, 0, 0,192594,1050,1000,0,1,0,""
935538,EVENT,38.7,0.0, 0, 0,193816,1052,1000,0,1,0,"PUMP 1070"
935747,DATA,38.7,0.0, 0, 0,205233,1053,1000,0,1,0,""
935863,EVENT,38.5,-2.1, 0, 0,197980,1054,1000,0,1,0,"PUMP 1075"
936143,EVENT,38.7,2.1, 0, 0,192606,1056,1000,0,1,0,"PUMP 1080"
936247,DATA,38.7,0.0, 0, 0,197974,1056,1000,0,1,0,""
936362,EVENT,38.7,0.0, 0, 0,210010,1057,1000,0,1,0,"PUMP 1085"
936747,DATA,38.7,0.0, 0, 0,193771,1062,1000,0,1,0,""
937070,EVENT,38.7,0.0, 0, 0,168430,1070,1000,0,1,0,"PUMP 1090"
937235,EVENT,38.7,0.0, 0, 0,215000,1071,1000,0,1,0,"PUMP 1095"
937247,DATA,38.5,-2.1, 0, 0,215000,1071,1000,0,1,0,""
937443,EVENT,38.7,2.1, 0, 0,199908,1072,1000,0,1,0,"PUMP 1100"
937747,DATA,38.5,-2.1, 0, 0,194410,1075,1000,0,1,0,""
938267,DATA,38.5,-2.1, 0, 0,174000,1088,1000,0,1,0,""
938467,EVENT,38.7,1.8, 0, 0,53558,1093,1000,0,1,0,"PUMP 1105"
938767,DATA,38.7,0.0, 0, 0,193796,1094,1000,0,1,0,""
939077,EVENT,38.7,0.0, 0, 0,192590,1097,1000,0,1,0,"PUMP 1110"
939267,DATA,38.5,-2.1, 0, 0,210644,1098,1000,0,1,0,""
939706,EVENT,38.7,0.0, 0, 0,194373,1102,1000,0,1,0,"PUMP 1115"
939767,DATA,38.7,0.0, 0, 0,194373,1102,1000,0,1,0,""
940267,DATA,38.7,2.1, 0, 0,192583,1106,1000,0,1,0,""
940767,DATA,38.5,-2.1, 0, 0,193798,1112,1000,0,1,0,""
940799,EVENT,38.5,-2.1, 0, 0,197382,1113,1000,0,1,0,"PUMP 1120"
941267,DATA,38.5,0.0, 0, 0,191983,1115,1000,0,1,0,""
941448,EVENT,38.5,0.0, 0, 0,207610,1116,1000,0,1,0,"PUMP 1125"
941767,DATA,38.5,0.0, 0, 0,194390,1117,1000,0,1,0,""
942267,DATA,38.2,0.0, 0, 0,193186,1121,1000,0,1,0,""
942426,EVENT,38.2,0.0, 0, 0,208938,1122,1000,0,1,0,"PUMP 1130"
942767,DATA,38.5,0.0, 0, 0,193817,1123,1000,0,1,0,""
943008,EVENT,38.5,0.0, 0, 0,192615,1125,1000,0,1,0,"PUMP 1135"
943267,DATA,38.5,0.0, 0, 0,193221,1126,1000,0,1,0,""
943594,EVENT,38.5,0.0, 0, 0,193800,1128,1000,0,1,0,"PUMP 1140"
943767,DATA,38.5,0.0, 0, 0,212985,1128,1000,0,1,0,""
944267,DATA,38.5,0.0, 0, 0,193181,1133,1000,0,1,0,""
944767,DATA,38.5,0.0, 0, 0,194994,1139,1000,0,1,0,""
944940,EVENT,38.2,-2.1, 0, 0,207126,1140,1000,0,1,0,"PUMP 1144"
945267,DATA,38.2,-2.1, 0, 0,192617,1140,1000,0,1,0,""
945634,EVENT,38.0,-4.2, 0, 0,193786,1142,1000,0,1,0,"PUMP 1149"
945767,DATA,38.2,2.1, 0, 0,209364,1142,1000,0,1,0,""
946267,DATA,38.2,0.0, 0, 0,193210,1145,1000,0,1,0,""
946674,EVENT,38.2,0.0, 0, 0,193773,1147,1000,0,1,0,"PUMP 1154"
946767,DATA,38.5,2.1, 0, 0,198594,1147,1000,0,1,0,""
947267,DATA,38.2,0.0, 0, 0,191398,1149,1000,0,1,0,""
947303,EVENT,38.2,0.0, 0, 0,198900,1150,1000,0,1,0,"PUMP 1159"
947767,DATA,38.2,0.0, 0, 0,193786,1152,1000,0,1,0,""
947924,EVENT,38.2,0.0, 0, 0,204110,1153,1000,0,1,0,"PUMP 1164"
948267,DATA,38.2,0.0, 0, 0,192594,1154,1000,0,1,0,""
948387,EVENT,38.2,0.0, 0, 0,200105,1155,1000,0,1,0,"PUMP 1169"
948708,EVENT,38.2,0.0, 0, 0,193165,1157,1000,0,1,0,"PUMP 1174"
948767,DATA,38.2,0.0, 0, 0,193165,1157,1000,0,1,0,""
948882,EVENT,38.2,0.0, 0, 0,217288,1158,1000,0,1,0,"PUMP 1179"
949058,EVENT,38.0,-2.1, 0, 0,207027,1159,1000,0,1,0,"PUMP 1184"
949223,EVENT,38.2,2.1, 0, 0,200410,1160,1000,0,1,0,"PUMP 1189"
949267,DATA,38.2,2.1, 0, 0,200410,1160,1000,0,1,0,""
949369,EVENT,38.2,0.0, 0, 0,213155,1161,1000,0,1,0,"PUMP 1194"
949532,EVENT,38.2,0.0, 0, 0,204618,1162,1000,0,1,0,"PUMP 1199"
949673,EVENT,38.2,0.0, 0, 0,211762,1163,1000,0,1,0,"PUMP 1204"
949767,DATA,38.2,0.0, 0, 0,202208,1163,1000,0,1,0,""
949802,EVENT,38.2,0.0, 0, 0,202208,1164,1000,0,1,0,"PUMP 1209"
949963,EVENT,38.2,0.0, 0, 0,220949,1165,1000,0,1,0,"PUMP 1214"
950097,EVENT,38.2,0.0, 0, 0,203361,1166,1000,0,1,0,"PUMP 1219"
950267,DATA,38.2,0.0, 0, 0,211828,1168,1000,0,1,0,""
950269,EVENT,38.2,0.0, 0, 0,211828,1168,1000,0,1,0,"PUMP 1224"
950423,EVENT,38.2,0.0, 0, 0,221522,1170,1000,0,1,0,"PUMP 1229"
950563,EVENT,38.2,0.0, 0, 0,214149,1171,1000,0,1,0,"PUMP 1234"
950719,EVENT,38.2,0.0, 0, 0,202218,1173,1000,0,1,0,"PUMP 1239"
950767,DATA,38.2,0.0, 0, 0,202218,1173,1000,0,1,0,""
950874,EVENT,38.2,0.0, 0, 0,214926,1175,1000,0,1,0,"PUMP 1244"
951019,EVENT,38.2,0.0, 0, 0,204016,1177,1000,0,1,0,"PUMP 1249"
951191,EVENT,38.2,0.0, 0, 0,212377,1180,1000,0,1,0,"PUMP 1254"
951267,DATA,38.2,0.0, 0, 0,195616,1181,1000,0,1,0,""
951373,EVENT,38.2,0.0, 0, 0,218508,1183,1000,0,1,0,"PUMP 1259"
951532,EVENT,38.2,0.0, 0, 0,204618,1185,1000,0,1,0,"PUMP 1264"
951704,EVENT,38.2,0.0, 0, 0,214172,1188,1000,0,1,0,"PUMP 1269"
951767,DATA,38.2,0.0, 0, 0,193089,1188,1000,0,1,0,""
951884,EVENT,38.2,0.0, 0, 0,218711,1191,1000,0,1,0,"PUMP 1274"
952047,EVENT,38.0,-2.1, 0, 0,207035,1194,1000,0,1,0,"PUMP 1279"
952225,EVENT,38.2,2.1, 0, 0,196818,1197,1000,0,1,0,"PUMP 1284"
952267,DATA,38.2,2.1, 0, 0,196818,1197,1000,0,1,0,""
952420,EVENT,38.2,0.0, 0, 0,209362,1201,1000,0,1,0,"PUMP 1289"
952767,DATA,38.2,0.0,16491,16491,31982,1211,1000,0,1,0,""
953287,DATA,38.0,-2.1,13528,15388,1500,1252,1000,0,1,0,""
953807,DATA,38.2,2.1,7303,11519,2000,1286,1000,0,1,0,""
954307,DATA,38.2,2.1,3097,5539,193200,1289,1000,0,1,0,""
954807,DATA,38.2,0.0,815,2573,193800,1289,1000,0,1,0,""
955307,DATA,38.2,0.0,166,955,193204,1289,1000,0,1,0,""
955807,DATA,38.0,0.0, 0, 0,194410,1289,1000,0,1,0,""
956307,DATA,38.0,0.0, 0, 0,193202,1289,1000,0,1,0,""
956807,DATA,38.0,0.0, 0, 0,194394,1289,1000,0,1,0,""
957307,DATA,38.0,-2.1, 0, 0,193177,1289,1000,0,1,0,""
957807,DATA,38.0,0.0, 0, 0,193808,1289,1000,0,1,0,""
958307,DATA,38.0,0.0, 0, 0,193200,1289,1000,0,1,0,""
958807,DATA,38.0,0.0, 0, 0,194406,1289,1000,0,1,0,""
959307,DATA,38.0,0.0, 0, 0,193212,1289,1000,0,1,0,""
959807,DATA,38.0,0.0, 0, 0,194402,1289,1000,0,1,0,""
960307,DATA,38.0,0.0, 0, 0,192598,1289,1000,0,1,0,""
960807,DATA,38.0,0.0, 0, 0,194412,1289,1000,0,1,0,""
961307,DATA,38.0,0.0, 0, 0,193196,1289,1000,0,1,0,""
961807,DATA,38.0,0.0, 0, 0,193802,1289,1000,0,1,0,""
962307,DATA,38.0,0.0, 0, 0,193185,1289,1000,0,1,0,""
962807,DATA,38.0,0.0, 0, 0,194416,1289,1000,0,1,0,""
963307,DATA,38.0,0.0, 0, 0,193202,1289,1000,0,1,0,""
963807,DATA,38.0,0.0, 0, 0,194386,1289,1000,0,1,0,""
964307,DATA,38.0,0.0, 0, 0,193204,1289,1000,0,1,0,""
964807,DATA,38.0,0.0, 0, 0,194396,1289,1000,0,1,0,""
965307,DATA,38.0,0.0, 0, 0,193217,1289,1000,0,1,0,""
965807,DATA,38.0,0.0, 0, 0,194388,1289,1000,0,1,0,""
966307,DATA,38.0,0.0, 0, 0,193788,1289,1000,0,1,0,""
966807,DATA,38.0,0.0, 0, 0,194990,1289,1000,0,1,0,""
967307,DATA,38.0,0.0, 0, 0,192625,1289,1000,0,1,0,""
967807,DATA,38.0,0.0, 0, 0,194418,1289,1000,0,1,0,""
968307,DATA,38.0,2.1, 0, 0,192585,1289,1000,0,1,0,""
968807,DATA,38.0,0.0, 0, 0,194384,1289,1000,0,1,0,""
969307,DATA,38.0,0.0, 0, 0,192612,1289,1000,0,1,0,""
969623,EVENT,38.0,0.0, 0, 0,194400,1289,1000,0,1,0,"PUMP 1294"
969807,DATA,38.0,0.0, 0, 0,195629,1289,1000,0,1,0,""
970232,EVENT,38.0,0.0, 0, 0,192590,1291,1000,0,1,0,"PUMP 1299"
970307,DATA,38.0,0.0, 0, 0,212364,1291,1000,0,1,0,""
970807,DATA,38.0,0.0, 0, 0,195010,1294,1000,0,1,0,""
971307,DATA,38.0,0.0, 0, 0,193196,1297,1000,0,1,0,""
971807,DATA,38.0,0.0, 0, 0,194396,1299,1000,0,1,0,""
972307,DATA,38.0,0.0, 0, 0,192579,1299,1000,0,1,0,""
972807,DATA,38.0,0.0, 0, 0,194408,1299,1000,0,1,0,""
973307,DATA,38.0,0.0, 0, 0,192596,1299,1000,0,1,0,""
973807,DATA,38.0,0.0, 0, 0,193796,1299,1000,0,1,0,""
974307,DATA,38.0,0.0, 0, 0,192592,1299,1000,0,1,0,""
974807,DATA,38.0,0.0, 0, 0,194416,1299,1000,0,1,0,""
975307,DATA,38.0,0.0, 0, 0,191990,1299,1000,0,1,0,""
975807,DATA,38.0,0.0, 0, 0,194425,1299,1000,0,1,0,""
976307,DATA,38.0,2.1, 0, 0,193188,1299,1000,0,1,0,""
976807,DATA,38.0,2.1, 0, 0,194406,1299,1000,0,1,0,""
977307,DATA,38.0,2.1, 0, 0,192581,1299,1000,0,1,0,""
977807,DATA,37.7,0.0, 0, 0,193819,1299,1000,0,1,0,""
978307,DATA,38.0,0.0, 0, 0,192594,1299,1000,0,1,0,""
978807,DATA,37.7,-2.1, 0, 0,194404,1299,1000,0,1,0,""
979307,DATA,38.0,2.1, 0, 0,192577,1299,1000,0,1,0,""
979807,DATA,37.7,-2.1, 0, 0,194408,1299,1000,0,1,0,""
980307,DATA,37.7,-2.1, 0, 0,193196,1299,1000,0,1,0,""
980807,DATA,37.7,0.0, 0, 0,194386,1299,1000,0,1,0,""
981307,DATA,38.0,0.0, 0, 0,192594,1299,1000,0,1,0,""
981807,DATA,38.0,0.0, 0, 0,194396,1299,1000,0,1,0,""
982307,DATA,37.7,-2.1, 0, 0,192577,1299,1000,0,1,0,""
982372,EVENT,37.7,0.0, 0, 0,195006,1299,1000,0,1,0,"PUMP 1304"
982535,EVENT,37.7,0.0, 0, 0,203487,1299,1000,0,1,0,"PUMP 1309"
982712,EVENT,37.7,0.0, 0, 0,212366,1299,1000,0,1,0,"PUMP 1314"
982807,DATA,37.7,0.0, 0, 0,196180,1299,1000,0,1,0,""
982890,EVENT,37.7,0.0, 0, 0,214843,1300,1000,0,1,0,"PUMP 1319"
983065,EVENT,38.0,2.1, 0, 0,205296,1301,1000,0,1,0,"PUMP 1324"
983225,EVENT,37.7,0.0, 0, 0,197990,1302,1000,0,1,0,"PUMP 1329"
983307,DATA,37.7,0.0, 0, 0,197990,1302,1000,0,1,0,""
983418,EVENT,37.7,0.0, 0, 0,214774,1303,1000,0,1,0,"PUMP 1334"
983576,EVENT,37.7,0.0, 0, 0,212691,1304,1000,0,1,0,"PUMP 1339"
983753,EVENT,38.0,2.1, 0, 0,201030,1305,1000,0,1,0,"PUMP 1344"
983807,DATA,37.7,-2.1, 0, 0,201030,1305,1000,0,1,0,""
983929,EVENT,37.7,0.0, 0, 0,210535,1306,1000,0,1,0,"PUMP 1349"
984121,EVENT,37.7,0.0, 0, 0,192631,1308,1000,0,1,0,"PUMP 1354"
984295,EVENT,37.7,0.0, 0, 0,212389,1310,1000,0,1,0,"PUMP 1359"
984307,DATA,37.7,0.0, 0, 0,212389,1310,1000,0,1,0,""
984495,EVENT,37.7,0.0, 0, 0,221499,1312,1000,0,1,0,"PUMP 1364"
984653,EVENT,37.7,0.0, 0, 0,207637,1314,1000,0,1,0,"PUMP 1369"
984807,DATA,37.7,0.0, 0, 0,210575,1316,1000,0,1,0,""
984837,EVENT,37.7,0.0, 0, 0,198000,1316,1000,0,1,0,"PUMP 1374"
985018,EVENT,37.7,-2.1, 0, 0,219700,1318,1000,0,1,0,"PUMP 1379"
985214,EVENT,37.7,0.0, 0, 0,213009,1321,1000,0,1,0,"PUMP 1384"
985307,DATA,37.7,0.0, 0, 0,193785,1322,1000,0,1,0,""
985827,DATA,38.0,2.1,4751,4960,1500,1342,1000,0,1,0,""
986347,DATA,37.7,0.0,2738,3907,2000,1373,1000,0,1,0,""
986847,DATA,37.7,0.0,1838,2542,194400,1384,1000,0,1,0,""
987347,DATA,37.7,0.0,983,1765,192590,1384,1000,0,1,0,""
987847,DATA,37.7,0.0,214,779,194406,1384,1000,0,1,0,""
988347,DATA,37.7,0.0, 0, 0,192587,1384,1000,0,1,0,""
988847,DATA,37.7,0.0, 0, 0,195002,1384,1000,0,1,0,""
989347,DATA,37.7,0.0, 0, 0,193819,1384,1000,0,1,0,""
989847,DATA,37.7,0.0, 0, 0,194400,1384,1000,0,1,0,""
990347,DATA,37.7,0.0, 0, 0,193204,1384,1000,0,1,0,""
990847,DATA,37.7,0.0, 0, 0,194998,1384,1000,0,1,0,""
991347,DATA,37.7,0.0, 0, 0,193771,1384,1000,0,1,0,""
991847,DATA,37.7,0.0, 0, 0,193792,1384,1000,0,1,0,""
992347,DATA,37.7,2.1, 0, 0,193223,1384,1000,0,1,0,""
992847,DATA,37.7,0.0, 0, 0,193206,1384,1000,0,1,0,""
993347,DATA,37.5,0.0, 0, 0,193186,1384,1000,0,1,0,""
993847,DATA,37.7,2.1, 0, 0,194402,1384,1000,0,1,0,""
994347,DATA,37.5,-2.1, 0, 0,192004,1384,1000,0,1,0,""
994847,DATA,37.5,0.0, 0, 0,193829,1384,1000,0,1,0,""
995347,DATA,37.5,0.0, 0, 0,192610,1384,1000,0,1,0,""
995847,DATA,37.5,0.0, 0, 0,193798,1384,1000,0,1,0,""
996347,DATA,37.5,0.0, 0, 0,192010,1384,1000,0,1,0,""
996399,EVENT,37.5,0.0, 0, 0,192010,1384,1000,0,1,0,"PUMP 1389"
996802,EVENT,37.7,2.1, 0, 0,194981,1385,1000,0,1,0,"PUMP 1394"
996847,DATA,37.5,-2.1, 0, 0,200984,1385,1000,0,1,0,""
997347,DATA,37.5,0.0, 0, 0,192606,1388,1000,0,1,0,""
997846,EVENT,37.5,0.0, 0, 0,194394,1392,1000,0,1,0,"PUMP 1389"
997847,DATA,37.5,0.0, 0, 0,194394,1392,1000,0,1,0,""
998078,EVENT,37.5,0.0, 0, 0,205827,1392,1000,0,1,0,"PUMP 1384"
998214,EVENT,37.5,0.0, 0, 0,206348,1392,1000,0,1,0,"PUMP 1379"
998347,DATA,37.5,0.0, 0, 0,210623,1392,1000,0,1,0,""
998399,EVENT,37.5,0.0, 0, 0,210623,1391,1000,0,1,0,"PUMP 1374"
998577,EVENT,37.5,0.0, 0, 0,207012,1390,1000,0,1,0,"PUMP 1369"
998705,EVENT,37.5,0.0, 0, 0,206386,1390,1000,0,1,0,"PUMP 1364"
998847,DATA,37.5,0.0, 0, 0,215462,1389,1000,0,1,0,""
998872,EVENT,37.5,0.0, 0, 0,215462,1389,1000,0,1,0,"PUMP 1359"
999082,EVENT,37.5,0.0, 0, 0,206412,1387,1000,0,1,0,"PUMP 1354"
999206,EVENT,37.5,0.0, 0, 0,204592,1386,1000,0,1,0,"PUMP 1349"
999347,DATA,37.5,0.0, 0, 0,208212,1385,1000,0,1,0,""
999356,EVENT,37.5,0.0, 0, 0,208212,1385,1000,0,1,0,"PUMP 1344"
999577,EVENT,37.5,0.0, 0, 0,208817,1383,1000,0,1,0,"PUMP 1339"
999700,EVENT,37.5,0.0, 0, 0,206392,1382,1000,0,1,0,"PUMP 1334"
999847,DATA,37.5,0.0, 0, 0,206458,1381,1000,0,1,0,""
999854,EVENT,37.5,0.0, 0, 0,206458,1381,1000,0,1,0,"PUMP 1329"
1000083,EVENT,37.5,0.0, 0, 0,207048,1378,1000,0,1,0,"PUMP 1324"
1000347,DATA,37.5,0.0, 0, 0,202794,1375,1000,0,1,0,""
1000369,EVENT,37.5,0.0, 0, 0,202794,1375,1000,0,1,0,"PUMP 1314"
1000580,EVENT,37.5,0.0, 0, 0,202216,1372,1000,0,1,0,"PUMP 1309"
1000722,EVENT,37.5,0.0, 0, 0,203980,1370,1000,0,1,0,"PUMP 1304"
1000847,DATA,37.5,0.0, 0, 0,221429,1369,1000,0,1,0,""
1000924,EVENT,37.5,0.0, 0, 0,221429,1367,1000,0,1,0,"PUMP 1299"
1001118,EVENT,37.5,0.0, 0, 0,220857,1364,1000,0,1,0,"PUMP 1294"
1001307,EVENT,37.5,0.0, 0, 0,216654,1361,1000,0,1,0,"PUMP 1289"
1001347,DATA,37.5,0.0, 0, 0,197355,1361,1000,0,1,0,""
1001496,EVENT,37.5,0.0, 0, 0,221435,1358,1000,0,1,0,"PUMP 1284"
1001675,EVENT,37.5,0.0, 0, 0,206439,1355,1000,0,1,0,"PUMP 1279"
1001847,DATA,37.5,0.0, 0, 0,199218,1352,1000,0,1,0,""
1001869,EVENT,37.5,0.0, 0, 0,199218,1352,1000,0,1,0,"PUMP 1274"
1002083,EVENT,37.5,0.0, 0, 0,206419,1348,1000,0,1,0,"PUMP 1269"
1002210,EVENT,37.5,0.0, 0, 0,192590,1346,1000,0,1,0,"PUMP 1264"
1002347,DATA,37.5,0.0, 0, 0,208231,1344,1000,0,1,0,""
1002407,EVENT,37.5,0.0, 0, 0,208231,1342,1000,0,1,0,"PUMP 1259"
1002617,EVENT,37.5,0.0, 0, 0,207006,1338,1000,0,1,0,"PUMP 1254"
1002847,DATA,37.5,0.0, 0, 0,186000,1333,1000,0,1,0,""
1003367,DATA,37.5,0.0,5444,6619,1500,1299,1000,0,1,0,""
1003887,DATA,37.5,0.0,2802,4620,1500,1261,1000,0,1,0,""
1004387,DATA,37.5,0.0,1996,2795,193200,1254,1000,0,1,0,""
1004887,DATA,37.5,0.0,644,1543,194410,1254,1000,0,1,0,""
1005387,DATA,37.5,0.0,134,616,192587,1254,1000,0,1,0,""
1005887,DATA,37.5,0.0, 0, 0,194416,1254,1000,0,1,0,""
1006387,DATA,37.5,2.1, 0, 0,192600,1254,1000,0,1,0,""
1006887,DATA,37.5,0.0, 0, 0,194392,1254,1000,0,1,0,""
1007387,DATA,37.5,0.0, 0, 0,193210,1254,1000,0,1,0,""
1007887,DATA,37.5,0.0, 0, 0,194398,1254,1000,0,1,0,""
1008387,DATA,37.5,0.0, 0, 0,193190,1254,1000,0,1,0,""
1008887,DATA,37.5,0.0, 0, 0,194406,1254,1000,0,1,0,""
1009387,DATA,37.2,0.0, 0, 0,192610,1254,1000,0,1,0,""
1009887,DATA,37.5,0.0, 0, 0,194383,1254,1000,0,1,0,""
1010387,DATA,37.5,0.0, 0, 0,192579,1254,1000,0,1,0,""
1010887,DATA,37.5,2.1, 0, 0,193823,1254,1000,0,1,0,""
1011387,DATA,37.5,2.1, 0, 0,192604,1254,1000,0,1,0,""
1011887,DATA,37.2,-2.1, 0, 0,194400,1254,1000,0,1,0,""
1012387,DATA,37.2,-2.1, 0, 0,192602,1254,1000,0,1,0,""
1012887,DATA,37.2,-2.1, 0, 0,194400,1254,1000,0,1,0,""
1013387,DATA,37.5,0.0, 0, 0,192610,1254,1000,0,1,0,""
1013887,DATA,37.2,-2.1, 0, 0,195002,1254,1000,0,1,0,""
1014387,DATA,37.2,0.0, 0, 0,191992,1254,1000,0,1,0,""
1014887,DATA,37.2,0.0, 0, 0,194410,1254,1000,0,1,0,""
1015387,DATA,37.2,0.0, 0, 0,192600,1254,1000,0,1,0,""
1015887,DATA,37.2,0.0, 0, 0,193814,1254,1000,0,1,0,""
1016387,DATA,37.2,-2.1, 0, 0,192000,1254,1000,0,1,0,""
1016887,DATA,37.2,0.0, 0, 0,194388,1254,1000,0,1,0,""
1017387,DATA,37.2,-2.1, 0, 0,193212,1254,1000,0,1,0,""
1017887,DATA,37.2,-2.1, 0, 0,194973,1254,1000,0,1,0,""
1018387,DATA,37.2,-2.1, 0, 0,193214,1254,1000,0,1,0,""
1018887,DATA,37.5,2.1, 0, 0,194377,1254,1000,0,1,0,""
1019387,DATA,37.5,2.1, 0, 0,193194,1254,1000,0,1,0,""
1019887,DATA,37.5,2.1, 0, 0,194408,1254,1000,0,1,0,""
1020387,DATA,37.2,0.0, 0, 0,192000,1254,1000,0,1,0,""
1020887,DATA,37.2,-2.1, 0, 0,194394,1254,1000,0,1,0,""
1021387,DATA,37.2,0.0, 0, 0,192602,1254,1000,0,1,0,""
1021579,EVENT,37.2,0.0, 0, 0,207625,1000,1000,0,0,0,"PUMP OFF"
1021887,DATA,37.5,2.1, 0, 0,191373,1000,1000,0,0,0,""
1022387,DATA,37.2,0.0, 0, 0,190808,1000,1000,0,0,0,""
1022887,DATA,37.2,0.0, 0, 0,191411,1000,1000,0,0,0,""
1023387,DATA,37.2,0.0, 0, 0,190773,1000,1000,0,0,0,""
1023887,DATA,37.2,0.0, 0, 0,191375,1000,1000,0,0,0,""
1024387,DATA,37.2,0.0, 0, 0,190785,1000,1000,0,0,0,""
1024887,DATA,37.2,0.0, 0, 0,191988,1000,1000,0,0,0,""
1025387,DATA,37.2,0.0, 0, 0,191390,1000,1000,0,0,0,""
1025887,DATA,37.2,0.0, 0, 0,192592,1000,1000,0,0,0,""
1026387,DATA,37.2,0.0, 0, 0,190800,1000,1000,0,0,0,""
1026887,DATA,37.2,0.0, 0, 0,191983,1000,1000,0,0,0,""
1027387,DATA,37.2,0.0, 0, 0,190190,1000,1000,0,0,0,""
1027887,DATA,37.2,0.0, 0, 0,191985,1000,1000,0,0,0,""
1028387,DATA,37.2,0.0, 0, 0,190181,1000,1000,0,0,0,""
1028887,DATA,37.2,0.0, 0, 0,190790,1000,1000,0,0,0,""
1029387,DATA,37.2,0.0, 0, 0,190192,1000,1000,0,0,0,""
1029887,DATA,37.2,0.0, 0, 0,191406,1000,1000,0,0,0,""
1030387,DATA,37.2,0.0, 0, 0,189617,1000,1000,0,0,0,""
1030887,DATA,37.2,0.0, 0, 0,191394,1000,1000,0,0,0,""
1031387,DATA,37.2,0.0, 0, 0,190196,1000,1000,0,0,0,""
1031887,DATA,37.2,0.0, 0, 0,191392,1000,1000,0,0,0,""
1032387,DATA,37.2,0.0, 0, 0,190821,1000,1000,0,0,0,""
1032887,DATA,37.2,0.0, 0, 0,191410,1000,1000,0,0,0,""
1033387,DATA,37.2,0.0, 0, 0,189606,1000,1000,0,0,0,""
1033887,DATA,37.2,2.1, 0, 0,191413,1000,1000,0,0,0,""
1034387,DATA,37.2,0.0, 0, 0,190189,1000,1000,0,0,0,""
1034887,DATA,37.2,0.0, 0, 0,190794,1000,1000,0,0,0,""
1035387,DATA,37.2,0.0, 0, 0,190206,1000,1000,0,0,0,""
1035887,DATA,37.2,0.0, 0, 0,191419,1000,1000,0,0,0,""
1036387,DATA,37.2,0.0, 0, 0,192600,1000,1000,0,0,0,""
1036887,DATA,37.0,-2.1, 0, 0,192588,1000,1000,0,0,0,""
1037387,DATA,37.2,0.0, 0, 0,194998,1000,1000,0,0,0,""
1037887,DATA,37.2,0.0, 0, 0,196224,1000,1000,0,0,0,""
1038387,DATA,37.2,0.0, 0, 0,194384,1000,1000,0,0,0,""
1038887,DATA,37.0,-2.1, 0, 0,195575,1000,1000,0,0,0,""
1039387,DATA,37.2,0.0, 0, 0,193816,1000,1000,0,0,0,""
1039887,DATA,37.2,0.0, 0, 0,195000,1000,1000,0,0,0,""
1040387,DATA,37.2,0.0, 0, 0,194982,1000,1000,0,0,0,""
1040887,DATA,37.2,0.0, 0, 0,195602,1000,1000,0,0,0,""
1041387,DATA,37.2,0.0, 0, 0,194412,1000,1000,0,0,0,""
1041887,DATA,37.2,0.0, 0, 0,195594,1000,1000,0,0,0,""
1042387,DATA,37.2,0.0, 0, 0,194386,1000,1000,0,0,0,""
1042887,DATA,37.2,0.0, 0, 0,195608,1000,1000,0,0,0,""
1043387,DATA,37.2,0.0, 0, 0,193804,1000,1000,0,0,0,""
1043887,DATA,37.2,0.0, 0, 0,195608,1000,1000,0,0,0,""
1044387,DATA,37.2,0.0, 0, 0,194412,1000,1000,0,0,0,""
1044887,DATA,37.0,0.0, 0, 0,196218,1000,1000,0,0,0,""
1045387,DATA,37.2,0.0, 0, 0,194410,1000,1000,0,0,0,""
1045887,DATA,37.0,-2.1, 0, 0,196822,1000,1000,0,0,0,""
1046387,DATA,37.2,0.0, 0, 0,194418,1000,1000,0,0,0,""
1046887,DATA,37.2,0.0, 0, 0,196206,1000,1000,0,0,0,""
1047387,DATA,37.0,-2.1, 0, 0,194406,1000,1000,0,0,0,""
1047887,DATA,37.0,-2.1, 0, 0,195608,1000,1000,0,0,0,""
1048387,DATA,37.0,0.0, 0, 0,194988,1000,1000,0,0,0,""
1048887,DATA,37.0,-2.1, 0, 0,194971,1000,1000,0,0,0,""
1049387,DATA,37.0,0.0, 0, 0,194418,1000,1000,0,0,0,""
1049887,DATA,37.0,0.0, 0, 0,195606,1000,1000,0,0,0,""
1050387,DATA,37.0,0.0, 0, 0,194410,1000,1000,0,0,0,""
1050887,DATA,37.0,0.0, 0, 0,195606,1000,1000,0,0,0,""
1051387,DATA,37.0,-2.1, 0, 0,193794,1000,1000,0,0,0,""
1051887,DATA,37.0,0.0, 0, 0,195571,1000,1000,0,0,0,""
1052387,DATA,37.0,0.0, 0, 0,194429,1000,1000,0,0,0,""
1052887,DATA,37.0,0.0, 0, 0,195590,1000,1000,0,0,0,""
1053387,DATA,37.0,0.0, 0, 0,194406,1000,1000,0,0,0,""
1053887,DATA,37.0,0.0, 0, 0,195606,1000,1000,0,0,0,""
1054387,DATA,36.7,-2.1, 0, 0,194400,1000,1000,0,0,0,""
1054887,DATA,37.0,0.0, 0, 0,194433,1000,1000,0,0,0,""
1055387,DATA,37.0,0.0, 0, 0,193806,1000,1000,0,0,0,""
1055887,DATA,36.7,-2.1, 0, 0,195606,1000,1000,0,0,0,""
1056387,DATA,37.0,0.0, 0, 0,193812,1000,1000,0,0,0,""
1056887,DATA,36.7,-2.1, 0, 0,195610,1000,1000,0,0,0,""
1057387,DATA,36.7,-2.1, 0, 0,194990,1000,1000,0,0,0,""
1057887,DATA,37.0,0.0, 0, 0,195575,1000,1000,0,0,0,""
1058387,DATA,37.0,2.1, 0, 0,193779,1000,1000,0,0,0,""
1058887,DATA,37.0,0.0, 0, 0,196196,1000,1000,0,0,0,""
1059387,DATA,37.0,0.0, 0, 0,193796,1000,1000,0,0,0,""
1059887,DATA,37.0,0.0, 0, 0,195582,1000,1000,0,0,0,""
1060387,DATA,37.0,0.0, 0, 0,194398,1000,1000,0,0,0,""
1060887,DATA,37.0,0.0, 0, 0,195592,1000,1000,0,0,0,""
1061387,DATA,37.0,0.0, 0, 0,193819,1000,1000,0,0,0,""
1061887,DATA,37.0,0.0, 0, 0,196190,1000,1000,0,0,0,""
1062387,DATA,37.0,0.0, 0, 0,195012,1000,1000,0,0,0,""
1062887,DATA,37.0,0.0, 0, 0,195588,1000,1000,0,0,0,""
1063387,DATA,37.0,0.0, 0, 0,194416,1000,1000,0,0,0,""
1063887,DATA,37.0,0.0, 0, 0,195575,1000,1000,0,0,0,""
1064387,DATA,37.0,0.0, 0, 0,194410,1000,1000,0,0,0,""
1064887,DATA,37.0,0.0, 0, 0,196364,1000,1000,0,0,0,""
1065387,DATA,37.0,0.0, 0, 0,195152,1000,1000,0,0,0,""
1065887,DATA,37.0,0.0, 0, 0,195740,1000,1000,0,0,0,""
1066387,DATA,36.7,-2.1, 0, 0,193786,1000,1000,0,0,0,""
1066887,DATA,37.0,0.0, 0, 0,195746,1000,1000,0,0,0,""
1067387,DATA,37.0,0.0, 0, 0,193914,1000,1000,0,0,0,""
1067887,DATA,37.0,0.0, 0, 0,195714,1000,1000,0,0,0,""
1068387,DATA,36.7,0.0, 0, 0,194569,1000,1000,0,0,0,""
1068887,DATA,37.0,0.0, 0, 0,195594,1000,1000,0,0,0,""
1069387,DATA,37.0,2.1, 0, 0,193945,1000,1000,0,0,0,""
1069887,DATA,37.0,2.1, 0, 0,195616,1000,1000,0,0,0,""
1070387,DATA,36.7,0.0, 0, 0,193322,1000,1000,0,0,0,""
1070887,DATA,36.7,0.0, 0, 0,195733,1000,1000,0,0,0,""
1071387,DATA,37.0,2.1, 0, 0,194565,1000,1000,0,0,0,""
1071887,DATA,36.7,-2.1, 0, 0,195728,1000,1000,0,0,0,""
1072387,DATA,36.7,2.1, 0, 0,194996,1000,1000,0,0,0,""
1072887,DATA,37.0,2.1, 0, 0,195755,1000,1000,0,0,0,""
1073387,DATA,36.7,-2.1, 0, 0,195757,1000,1000,0,0,0,""
1073887,DATA,36.7,0.0, 0, 0,195582,1000,1000,0,0,0,""
1074387,DATA,36.7,-2.1, 0, 0,193928,1000,1000,0,0,0,""
1074887,DATA,36.7,0.0, 0, 0,195746,1000,1000,0,0,0,""
1075387,DATA,36.7,0.0, 0, 0,194410,1000,1000,0,0,0,""
1075887,DATA,36.7,0.0, 0, 0,195759,1000,1000,0,0,0,""
1076387,DATA,36.7,0.0, 0, 0,193965,1000,1000,0,0,0,""
1076887,DATA,36.7,0.0, 0, 0,196332,1000,1000,0,0,0,""
1077387,DATA,36.7,0.0, 0, 0,194579,1000,1000,0,0,0,""
1077887,DATA,36.7,0.0, 0, 0,195010,1000,1000,0,0,0,""
1078387,DATA,36.7,0.0, 0, 0,194994,1000,1000,0,0,0,""
1078887,DATA,36.7,0.0, 0, 0,196210,1000,1000,0,0,0,""
1079387,DATA,36.7,0.0, 0, 0,193908,1000,1000,0,0,0,""
1079887,DATA,36.7,0.0, 0, 0,196362,1000,1000,0,0,0,""
1080387,DATA,36.7,0.0, 0, 0,194552,1000,1000,0,0,0,""
1080887,DATA,36.7,0.0, 0, 0,195702,1000,1000,0,0,0,""
1081387,DATA,36.7,0.0, 0, 0,193329,1000,1000,0,0,0,""
1081887,DATA,36.7,0.0, 0, 0,195006,1000,1000,0,0,0,""
