ms,type,egtC,dEgtCps,rpm,fRpm,rRpm,pumpUs,starterUs,ign,valve1,valve2,event
5408,EVENT,,, 0, 0, 0,1000,1000,0,0,0,"BOOT SD_LOG_READY"
9449,EVENT,,, 0, 0, 0,1000,1000,0,0,0,"EV:A05_ALL_OFF"
9553,EVENT,,, 0, 0, 0,1000,1000,0,0,0,"CONFIG_LOADED"
9668,DATA,33.2,0.0, 0, 0, 0,1000,1000,0,0,0,""
10168,DATA,33.2,0.0, 0, 0, 0,1000,1000,0,0,0,""
10668,DATA,33.5,2.1, 0, 0, 0,1000,1000,0,0,0,""
11168,DATA,33.2,0.0, 0, 0, 0,1000,1000,0,0,0,""
11668,DATA,33.2,0.0, 0, 0, 0,1000,1000,0,0,0,""
12168,DATA,33.2,0.0, 0, 0, 0,1000,1000,0,0,0,""
12368,EVENT,33.2,0.0, 0, 0, 0,1000,1000,0,1,0,"VALVE1 ON"
12668,DATA,33.2,0.0, 0, 0, 0,1000,1000,0,1,0,""
12979,EVENT,33.2,0.0, 0, 0, 0,1000,1000,0,0,0,"VALVE1 OFF"
13168,DATA,33.2,0.0, 0, 0,17399,1000,1000,0,0,0,""
13668,DATA,33.2,0.0, 0, 0, 0,1000,1000,0,0,0,""
14050,EVENT,33.2,-2.1, 0, 0, 0,1000,1000,0,0,1,"VALVE2 ON"
14168,DATA,33.2,0.0, 0, 0, 0,1000,1000,0,0,1,""
14636,EVENT,33.2,0.0, 0, 0, 0,1000,1000,0,0,0,"VALVE2 OFF"
14668,DATA,33.2,0.0, 0, 0, 0,1000,1000,0,0,0,""
15168,DATA,33.2,0.0, 0, 0, 0,1000,1000,0,0,0,""
15668,DATA,33.2,0.0, 0, 0, 0,1000,1000,0,0,0,""
16168,DATA,33.2,-2.1, 0, 0, 0,1000,1000,0,0,0,""
16668,DATA,33.2,0.0, 0, 0, 0,1000,1000,0,0,0,""
17168,DATA,33.2,0.0, 0, 0, 0,1000,1000,0,0,0,""
17668,DATA,33.5,2.1, 0, 0, 0,1000,1000,0,0,0,""
18168,DATA,33.2,0.0, 0, 0, 0,1000,1000,0,0,0,""
18668,DATA,33.2,0.0, 0, 0, 0,1000,1000,0,0,0,""
18735,EVENT,33.2,0.0, 0, 0, 0,1000,1000,0,0,0,"STARTER 1200"
19170,DATA,31.2,-16.7,691,529,1000,1000,1108,0,0,0,""
19690,DATA,32.5,0.0,929,712,1500,1000,1191,0,0,0,""
20190,DATA,32.5,0.0,830,796,1200,1000,1200,0,0,0,""
20690,DATA,32.5,0.0,704,773, 0,1000,1200,0,0,0,""
21190,DATA,32.5,2.1,872,850,144006,1000,1200,0,0,0,""
21690,DATA,32.2,0.0,355,661,144013,1000,1200,0,0,0,""
22190,DATA,32.2,0.0,122,395,145809,1000,1200,0,0,0,""
22690,DATA,32.0,0.0, 0, 0,144583,1000,1200,0,0,0,""
23190,DATA,32.5,4.2, 0, 0,145222,1000,1200,0,0,0,""
23690,DATA,32.5,2.1, 0, 0,135604,1000,1200,0,0,0,""
24190,DATA,32.7,2.1, 0, 0,145201,1000,1200,0,0,0,""
24690,DATA,32.5,0.0, 0, 0,143403,1000,1200,0,0,0,""
25190,DATA,32.7,0.0, 0, 0,56392,1000,1200,0,0,0,""
25690,DATA,32.7,2.1,8401,8401,25203,1000,1200,0,0,0,""
26190,DATA,32.7,0.0,5252,7534,145803,1000,1200,0,0,0,""
26690,DATA,32.5,-2.1,1915,4920,69003,1000,1200,0,0,0,""
27190,DATA,32.7,0.0,1863,3369,101990,1000,1200,0,0,0,""
27690,DATA,32.7,0.0,1333,2438,115793,1000,1200,0,0,0,""
28190,DATA,32.5,-2.1,1041,1602,18602,1000,1200,0,0,0,""
28690,DATA,32.7,0.0,1885,1678,34802,1000,1200,0,0,0,""
29190,DATA,32.5,0.0,1444,1622,64806,1000,1200,0,0,0,""
29690,DATA,32.7,0.0,653,1227,116385,1000,1200,0,0,0,""
30190,DATA,32.7,0.0,1047,1013,2400,1000,1200,0,0,0,""
30690,DATA,32.7,0.0,1402,1174,7200,1000,1200,0,0,0,""
31190,DATA,32.7,0.0,1573,1379,600,1000,1200,0,0,0,""
31690,DATA,32.7,0.0,1358,1430,118211,1000,1200,0,0,0,""
32190,DATA,32.7,0.0,1411,1399,600,1000,1200,0,0,0,""
32690,DATA,32.7,0.0,1529,1446,12599,1000,1200,0,0,0,""
33190,DATA,32.7,0.0,1840,1594,4200,1000,1200,0,0,0,""
33690,DATA,32.7,0.0,1964,1787, 0,1000,1200,0,0,0,""
34190,DATA,32.7,0.0,1775,1801,9000,1000,1200,0,0,0,""
34690,DATA,32.7,-2.1,1827,1785,22198,1000,1200,0,0,0,""
35190,DATA,32.7,-2.1,2137,1943,16202,1000,1200,0,0,0,""
35690,DATA,33.0,2.1,2249,2089,15600,1000,1200,0,0,0,""
35693,EVENT,33.0,2.1,2249,2089,15600,1000,1200,0,1,0,"VALVE1 ON"
36190,DATA,33.0,0.0,2511,2271,13200,1000,1200,0,1,0,""
36657,EVENT,32.7,0.0,2767,2467,19800,1000,1200,0,1,1,"VALVE2 ON"
36690,DATA,32.7,0.0,2839,2523,15600,1000,1200,0,1,1,""
37190,DATA,32.7,0.0,3349,2879,12001,1000,1200,0,1,1,""
37690,DATA,33.0,2.1,3700,3309,19800,1000,1200,0,1,1,""
38190,DATA,32.7,0.0,3884,3572,7200,1000,1200,0,1,1,""
38690,DATA,32.7,-2.1,3701,3748,10799,1000,1200,0,1,1,""
39190,DATA,32.7,-2.1,3957,3766,10800,1000,1200,0,1,1,""
39572,EVENT,32.7,-2.1,4102,3881,4801,1000,1200,1,1,1,"IGN ON"
39690,DATA,32.7,0.0,4004,3927,3600,1000,1200,1,1,1,""
40190,DATA,32.2,0.0,3573,3840,9600,1000,1200,1,1,1,""
40690,DATA,32.5,0.0,2984,3481,8400,1000,1200,1,1,1,""
40833,EVENT,32.5,0.0,2872,3390, 0,1000,1200,1,1,1,"PUMP 1045"
41190,DATA,32.5,0.0,3019,3180,3000,1006,1200,1,1,1,""
41710,DATA,32.7,0.0,3151,3149,1500,1026,1200,1,1,1,""
42230,DATA,32.7,0.0,3146,3153,1500,1044,1200,1,1,1,""
42730,DATA,32.7,0.0,3050,3116,7200,1045,1200,1,1,1,""
43230,DATA,33.0,2.1,2903,3022,14399,1045,1200,1,1,1,""
43730,DATA,34.0,0.0,3023,2990,13799,1045,1200,1,1,1,""
44230,DATA,35.2,2.1,3504,3212,15000,1045,1200,1,1,1,""
44730,DATA,36.0,0.0,3497,3409,5400,1045,1200,1,1,1,""
45223,EVENT,36.7,0.0,3497,3444,9600,1045,1200,0,1,1,"IGN OFF"
45230,DATA,36.7,0.0,3497,3444,9600,1045,1200,0,1,1,""
45730,DATA,37.5,0.0,3365,3458,6601,1045,1200,0,1,1,""
46230,DATA,38.2,0.0,3483,3434,18001,1045,1200,0,1,1,""
46730,DATA,39.0,2.1,3701,3519,10201,1045,1200,0,1,1,""
47230,DATA,39.5,0.0,3830,3654,20398,1045,1200,0,1,1,""
47623,EVENT,39.7,0.0,3998,3785,16799,1045,1200,0,1,1,"STARTER 1220"
47730,DATA,40.0,2.1,4028,3821,18600,1045,1203,0,1,1,""
48230,DATA,40.2,0.0,4204,4036,10200,1045,1215,0,1,1,""
48730,DATA,40.8,2.1,3589,3906,13200,1045,1220,0,1,1,""
49230,DATA,40.8,2.1,3719,3760,15000,1045,1220,0,1,1,""
49730,DATA,41.0,0.0,4357,3977,15011,1045,1220,0,1,1,""
50230,DATA,41.2,0.0,4816,4371,9600,1045,1220,0,1,1,""
50730,DATA,41.2,0.0,4438,4480,9600,1045,1220,0,1,1,""
51230,DATA,41.2,-2.1,3947,4262,8401,1045,1220,0,1,1,""
51730,DATA,41.5,2.1,3410,3882,10800,1045,1220,0,1,1,""
52230,DATA,41.5,2.1,3725,3768,11999,1045,1220,0,1,1,""
52730,DATA,41.5,2.1,4091,3858,7805,1045,1220,0,1,1,""
53230,DATA,41.2,-2.1,3838,3860,11998,1045,1220,0,1,1,""
53730,DATA,41.2,0.0,3859,3855,9000,1045,1220,0,1,1,""
54198,EVENT,41.5,4.2,4072,3911,13798,1045,1220,1,1,1,"IGN ON"
54230,DATA,40.8,-6.2,4072,3911,13798,1045,1220,1,1,1,""
54730,DATA,40.8,2.1,4480,4168,13199,1045,1220,1,1,1,""
55230,DATA,40.8,-2.1,4592,4443,5400,1045,1220,1,1,1,""
55730,DATA,40.8,0.0,4353,4430,3000,1045,1220,1,1,1,""
56230,DATA,40.8,0.0,3922,4258,5999,1045,1220,1,1,1,""
56730,DATA,41.0,2.1,3659,3972,37802,1045,1220,1,1,1,""
57230,DATA,41.0,0.0,3493,3746,18602,1045,1220,1,1,1,""
57730,DATA,40.8,0.0,3168,3491,27596,1045,1220,1,1,1,""
58230,DATA,41.2,4.2,3349,3369,3600,1045,1220,1,1,1,""
58730,DATA,42.2,2.1,3532,3399,52801,1045,1220,1,1,1,""
59230,DATA,43.7,4.2,3722,3543,2400,1045,1220,1,1,1,""
59730,DATA,44.7,2.1,3667,3610,4200,1045,1220,1,1,1,""
60230,DATA,46.0,4.2,3595,3611,4201,1045,1220,1,1,1,""
60730,DATA,47.0,4.2,3446,3533,15602,1045,1220,1,1,1,""
61230,DATA,47.5,2.1,3228,3415,2400,1045,1220,1,1,1,""
61730,DATA,48.5,2.1,2743,3166,58209,1045,1220,1,1,1,""
62230,DATA,49.2,0.0,2867,2965,118796,1045,1220,1,1,1,""
62606,EVENT,50.0,2.1,2037,2717,152403,1045,1220,1,1,1,"PUMP 1050"
62730,DATA,50.0,0.0,1709,2566,190777,1045,1220,1,1,1,""
63230,DATA,51.0,4.2,1702,1926,9601,1047,1220,1,1,1,""
63730,DATA,52.2,4.2,1612,1901,169202,1049,1220,1,1,1,""
64230,DATA,53.5,4.2,624,1349,187806,1050,1220,1,1,1,""
64730,DATA,54.2,0.0,212,777,183606,1050,1220,1,1,1,""
65230,DATA,55.0,2.1,70,404,188406,1050,1220,1,1,1,""
65730,DATA,55.5,0.0, 0, 0,187804,1050,1220,1,1,1,""
66230,DATA,56.2,0.0, 0, 0,188391,1050,1220,1,1,1,""
66730,DATA,57.0,2.1, 0, 0,186574,1050,1220,1,1,1,""
67230,DATA,58.0,2.1, 0, 0,188379,1050,1220,1,1,1,""
67730,DATA,58.5,0.0, 0, 0,173400,1050,1220,1,1,1,""
68230,DATA,59.2,2.1, 0, 0,188402,1050,1220,1,1,1,""
68730,DATA,60.0,2.1, 0, 0,181209,1050,1220,1,1,1,""
69230,DATA,61.0,4.2, 0, 0,187804,1050,1220,1,1,1,""
69730,DATA,61.5,0.0, 0, 0,67799,1050,1220,1,1,1,""
70230,DATA,62.2,2.1,3372,3372,4200,1050,1220,1,1,1,""
70730,DATA,63.3,4.2,3196,3301,5400,1050,1220,1,1,1,""
71230,DATA,63.7,0.0,3183,3235,7800,1050,1220,1,1,1,""
71730,DATA,64.5,4.2,3126,3185,5399,1050,1220,1,1,1,""
72230,DATA,65.0,0.0,3013,3110,7801,1050,1220,1,1,1,""
72730,DATA,65.8,4.2,2483,2960,187796,1050,1220,1,1,1,""
73230,DATA,66.2,0.0,983,2104,187787,1050,1220,1,1,1,""
73341,EVENT,66.5,2.1,797,1908,216009,1050,1220,1,1,1,"STARTER 1240"
73750,DATA,67.0,2.1,417,1370,31495,1050,1231,1,1,1,""
74250,DATA,67.7,2.1,111,633,187783,1050,1239,1,1,1,""
74750,DATA,68.5,2.1, 0, 0,187787,1050,1240,1,1,1,""
75250,DATA,69.0,2.1, 0, 0,187791,1050,1240,1,1,1,""
75750,DATA,69.7,2.1, 0, 0,187772,1050,1240,1,1,1,""
76250,DATA,70.2,0.0, 0, 0,187781,1050,1240,1,1,1,""
76750,DATA,71.0,0.0, 0, 0,188402,1050,1240,1,1,1,""
77250,DATA,71.5,2.1, 0, 0,187791,1050,1240,1,1,1,""
77750,DATA,72.0,0.0, 0, 0,158395,1050,1240,1,1,1,""
78250,DATA,72.5,0.0, 0, 0,187806,1050,1240,1,1,1,""
78289,EVENT,72.7,2.1, 0, 0,187806,1050,1240,1,1,1,"STARTER 1260"
78750,DATA,73.0,0.0, 0, 0,91556,1050,1252,1,1,1,""
79250,DATA,73.7,0.0, 0, 0,187823,1050,1260,1,1,1,""
79750,DATA,74.2,0.0, 0, 0,182396,1050,1260,1,1,1,""
80250,DATA,74.7,0.0, 0, 0,124815,1050,1260,1,1,1,""
80444,EVENT,75.0,2.1, 0, 0,210017,1050,1260,1,1,1,"STARTER 1280"
80770,DATA,75.5,2.1, 0, 0,41489,1050,1269,1,1,1,""
81270,DATA,76.0,0.0,3215,3187,33602,1050,1278,1,1,1,""
81770,DATA,76.5,0.0,3489,3262,37197,1050,1280,1,1,1,""
82270,DATA,77.0,0.0,3836,3591,3000,1050,1280,1,1,1,""
82770,DATA,77.5,0.0,3448,3576,4200,1050,1280,1,1,1,""
83270,DATA,78.0,2.1,3271,3432,1800,1050,1280,1,1,1,""
83422,EVENT,78.0,0.0,3238,3380,2971,1050,1280,1,1,1,"STARTER 1300"
83790,DATA,78.5,2.1,3209,3317,1000,1050,1290,1,1,1,""
84290,DATA,78.7,2.1,3188,3248,4800,1050,1299,1,1,1,""
84790,DATA,79.2,0.0,3150,3201,5400,1050,1300,1,1,1,""
85290,DATA,79.7,0.0,3003,3145,106807,1050,1300,1,1,1,""
85790,DATA,80.2,0.0,4122,3518,4800,1050,1300,1,1,1,""
86290,DATA,80.5,0.0,2879,3463,34197,1050,1300,1,1,1,""
86790,DATA,81.0,0.0,1833,2626,17401,1050,1300,1,1,1,""
87290,DATA,81.5,0.0,1948,2234,7200,1050,1300,1,1,1,""
87653,EVENT,81.7,2.1,2456,2268,7801,1050,1300,1,1,1,"STARTER 1320"
87790,DATA,81.7,0.0,2547,2310,9598,1050,1304,1,1,1,""
88290,DATA,82.3,2.1,2784,2538,6599,1050,1315,1,1,1,""
88790,DATA,82.7,4.2,3037,2762,11399,1050,1320,1,1,1,""
89290,DATA,82.7,0.0,3353,3034,6600,1050,1320,1,1,1,""
89790,DATA,83.3,0.0,3630,3318,7799,1050,1320,1,1,1,""
90290,DATA,83.5,0.0,3959,3589,10800,1050,1320,1,1,1,""
90790,DATA,84.0,0.0,4132,3898,7800,1050,1320,1,1,1,""
90791,EVENT,84.0,0.0,4132,3898,7800,1050,1320,1,1,1,"STARTER 1340"
91290,DATA,84.2,0.0,3904,3935,4216,1050,1333,1,1,1,""
91790,DATA,84.8,2.1,3811,3878,4199,1050,1340,1,1,1,""
92290,DATA,85.0,2.1,3786,3831,6000,1050,1340,1,1,1,""
92790,DATA,85.2,2.1,3393,3651,1800,1050,1340,1,1,1,""
93290,DATA,85.5,0.0,3524,3552,6600,1050,1340,1,1,1,""
93790,DATA,85.8,0.0,3347,3466,4800,1050,1340,1,1,1,""
94290,DATA,86.0,0.0,3446,3434,9000,1050,1340,1,1,1,""
94790,DATA,86.2,0.0,3438,3429,7200,1050,1340,1,1,1,""
95290,DATA,86.5,0.0,3431,3437,10200,1050,1340,1,1,1,""
95790,DATA,87.0,2.1,3562,3482,17401,1050,1340,1,1,1,""
96290,DATA,87.0,0.0,3810,3612,13201,1050,1340,1,1,1,""
96790,DATA,87.5,0.0,4182,3857,14400,1050,1340,1,1,1,""
97290,DATA,87.7,0.0,4597,4197,600,1050,1340,1,1,1,""
97790,DATA,88.0,0.0,4683,4458,13799,1050,1340,1,1,1,""
97887,EVENT,88.0,0.0,4688,4492,10801,1050,1340,1,1,1,"STARTER 1360"
98290,DATA,88.3,2.1,4470,4534,5500,1050,1351,1,1,1,""
98790,DATA,88.3,0.0,4488,4496,6000,1050,1359,1,1,1,""
99290,DATA,88.7,2.1,4548,4515,1200,1050,1360,1,1,1,""
99790,DATA,89.0,2.1,4576,4544,3600,1050,1360,1,1,1,""
99821,EVENT,89.0,2.1,4576,4544,3600,1050,1360,1,1,1,"STARTER 1380"
100290,DATA,89.0,0.0,4584,4566,3615,1050,1372,1,1,1,""
100790,DATA,89.2,2.1,4584,4576,5401,1050,1380,1,1,1,""
101290,DATA,89.5,2.1,4584,4580,3600,1050,1380,1,1,1,""
101790,DATA,89.5,0.0,4596,4584,58793,1050,1380,1,1,1,""
102290,DATA,89.8,2.1,4860,4632,77389,1050,1380,1,1,1,""
102790,DATA,90.0,2.1,4942,4796,49800,1050,1380,1,1,1,""
103290,DATA,90.0,0.0,3262,4264,31797,1050,1380,1,1,1,""
103790,DATA,89.8,0.0,4628,4256,35400,1050,1380,1,1,1,""
103971,EVENT,89.8,0.0,4656,4316,31201,1050,1380,1,1,1,"STARTER 1400"
104290,DATA,90.0,-1.8,4846,4488,37492,1050,1389,1,1,1,""
104790,DATA,90.0,0.0,5824,4958,104398,1050,1398,1,1,1,""
105290,DATA,90.0,0.0,5789,5549,36602,1050,1400,1,1,1,""
105790,DATA,90.2,-2.1,5048,5388,4800,1050,1400,1,1,1,""
106290,DATA,90.8,4.2,4741,5073,3000,1050,1400,1,1,1,""
106790,DATA,90.8,0.0,4636,4845,6001,1050,1400,1,1,1,""
107290,DATA,90.8,0.0,4601,4714,4800,1050,1400,1,1,1,""
107790,DATA,90.8,2.1,4589,4646,3600,1050,1400,1,1,1,""
108290,DATA,90.8,2.1,4585,4613,6601,1050,1400,1,1,1,""
108790,DATA,90.8,0.0,4584,4597,4800,1050,1400,1,1,1,""
109290,DATA,90.8,-2.1,4584,4590,4200,1050,1400,1,1,1,""
109790,DATA,91.0,2.1,4584,4586,6600,1050,1400,1,1,1,""
110290,DATA,91.0,0.0,4584,4585,5399,1050,1400,1,1,1,""
110790,DATA,91.2,2.1,4584,4584,4800,1050,1400,1,1,1,""
111251,EVENT,91.0,-2.1,4559,4580,8400,1050,1400,1,1,1,"STARTER 1420"
111290,DATA,91.0,-2.1,4559,4580,8400,1050,1401,1,1,1,""
111790,DATA,91.2,2.1,4545,4557,4801,1050,1414,1,1,1,""
112290,DATA,91.0,-2.1,4568,4560,4200,1050,1420,1,1,1,""
112790,DATA,91.5,0.0,4578,4569,6600,1050,1420,1,1,1,""
113290,DATA,91.5,0.0,4582,4576,14401,1050,1420,1,1,1,""
113790,DATA,91.2,0.0,4583,4580,5400,1050,1420,1,1,1,""
114290,DATA,91.5,0.0,4522,4567,4200,1050,1420,1,1,1,""
114790,DATA,91.5,-2.1,4493,4540,37204,1050,1420,1,1,1,""
115290,DATA,91.5,0.0,4446,4492,4801,1050,1420,1,1,1,""
115790,DATA,91.5,0.0,4523,4496,5400,1050,1420,1,1,1,""
116290,DATA,91.2,-4.2,4563,4527,4200,1050,1420,1,1,1,""
116790,DATA,91.5,0.0,4577,4553,6600,1050,1420,1,1,1,""
117290,DATA,91.5,0.0,4581,4568,6000,1050,1420,1,1,1,""
117790,DATA,91.2,-2.1,4583,4576,43801,1050,1420,1,1,1,""
118290,DATA,91.5,0.0,4186,4521,158406,1050,1420,1,1,1,""
118790,DATA,91.5,0.0,2569,3567,30004,1050,1420,1,1,1,""
119290,DATA,91.2,-2.1,2213,3040,134404,1050,1420,1,1,1,""
119790,DATA,91.5,0.0,1308,2307,179400,1050,1420,1,1,1,""
120151,EVENT,91.5,0.0,1237,1880,159005,1050,1420,0,1,1,"IGN OFF"
120290,DATA,91.7,2.1,1501,1774,136218,1050,1420,0,1,1,""
120790,DATA,91.5,0.0,720,1339,103793,1050,1420,0,1,1,""
121290,DATA,91.5,0.0,1476,1425,99015,1050,1420,0,1,1,""
121790,DATA,91.5,0.0,1122,1241,104395,1050,1420,0,1,1,""
122290,DATA,91.5,2.1,1936,1380,7799,1050,1420,0,1,1,""
122790,DATA,91.5,0.0,3525,2315,78611,1050,1420,0,1,1,""
123290,DATA,91.0,-2.1,4272,3290,48607,1050,1420,0,1,1,""
123790,DATA,90.8,-2.1,4497,3937,6001,1050,1420,0,1,1,""
124290,DATA,90.8,-2.1,4532,4263,3000,1050,1420,0,1,1,""
124790,DATA,90.5,-2.1,4544,4418,5400,1050,1420,0,1,1,""
125290,DATA,90.2,0.0,4539,4487,4201,1050,1420,0,1,1,""
125790,DATA,89.8,0.0,4529,4512,4200,1050,1420,0,1,1,""
126290,DATA,89.2,-2.1,4525,4520,3000,1050,1420,0,1,1,""
126790,DATA,88.7,-4.2,4524,4522,600,1050,1420,0,1,1,""
127290,DATA,88.3,-4.2,4523,4523,40195,1050,1420,0,1,1,""
127790,DATA,88.3,2.1,4523,4523,3000,1050,1420,0,1,1,""
128290,DATA,87.7,2.1,4523,4523,8399,1050,1420,0,1,1,""
128790,DATA,86.7,-2.1,4523,4523,4800,1050,1420,0,1,1,""
129185,EVENT,86.7,2.1,4523,4523,4802,1050,1420,1,1,1,"IGN ON"
129290,DATA,86.0,-6.2,4523,4523,4199,1050,1420,1,1,1,""
129790,DATA,85.5,0.0,4523,4523,176991,1050,1420,1,1,1,""
130290,DATA,86.0,2.1,3620,4224,166773,1050,1420,1,1,1,""
130755,EVENT,86.5,0.0,1866,3357,145902,1050,1420,0,1,1,"IGN OFF"
130790,DATA,86.5,0.0,1528,3083,117579,1050,1420,0,1,1,""
131290,DATA,86.7,0.0,527,1809,122404,1050,1420,0,1,1,""
131790,DATA,87.0,0.0,175,951,127812,1050,1420,0,1,1,""
132290,DATA,87.3,0.0,563,592,87611,1050,1420,0,1,1,""
132790,DATA,87.3,0.0,347,515,94801,1050,1420,0,1,1,""
133290,DATA,87.0,-2.1,487,387,38999,1050,1420,0,1,1,""
133790,DATA,86.7,-2.1,890,736,145804,1050,1420,0,1,1,""
134290,DATA,86.2,0.0,349,608,147596,1050,1420,0,1,1,""
134790,DATA,86.0,0.0,119,369,146388,1050,1420,0,1,1,""
135290,DATA,85.5,-2.1, 0, 0,147618,1050,1420,0,1,1,""
135790,DATA,85.2,0.0, 0, 0,145801,1050,1420,0,1,1,""
136290,DATA,84.8,0.0, 0, 0,147666,1050,1420,0,1,1,""
136790,DATA,84.0,0.0, 0, 0,145866,1050,1420,0,1,1,""
137204,EVENT,83.5,-2.1, 0, 0,147652,1050,1420,1,1,1,"IGN ON"
137290,DATA,83.5,-2.1, 0, 0,147652,1050,1420,1,1,1,""
137790,DATA,82.7,-2.1, 0, 0,183685,1050,1420,1,1,1,""
138290,DATA,85.0,2.1, 0, 0,166840,1050,1420,1,1,1,""
138790,DATA,86.0,2.1, 0, 0,186061,1050,1420,1,1,1,""
139290,DATA,86.0,0.0, 0, 0,186076,1050,1420,1,1,1,""
139790,DATA,86.0,0.0, 0, 0,186675,1050,1420,1,1,1,""
140290,DATA,86.2,0.0, 0, 0,186652,1050,1420,1,1,1,""
140790,DATA,86.2,-2.1, 0, 0,186662,1050,1420,1,1,1,""
141066,EVENT,86.5,0.0, 0, 0,186598,1050,1420,0,1,1,"IGN OFF"
141290,DATA,86.7,2.1, 0, 0,149472,1050,1420,0,1,1,""
141790,DATA,87.3,4.2, 0, 0,145857,1050,1420,0,1,1,""
142290,DATA,87.0,-2.1, 0, 0,147059,1050,1420,0,1,1,""
142790,DATA,87.0,0.0, 0, 0,145861,1050,1420,0,1,1,""
143290,DATA,87.3,-2.1, 0, 0,147659,1050,1420,0,1,1,""
143790,DATA,87.3,0.0, 0, 0,145848,1050,1420,0,1,1,""
144290,DATA,87.3,0.0, 0, 0,147647,1050,1420,0,1,1,""
144790,DATA,87.0,0.0, 0, 0,145847,1050,1420,0,1,1,""
145290,DATA,86.7,2.1, 0, 0,147653,1050,1420,0,1,1,""
145790,DATA,86.2,-2.1, 0, 0,145255,1050,1420,0,1,1,""
146290,DATA,85.8,-2.1, 0, 0,147655,1050,1420,0,1,1,""
146790,DATA,85.5,-2.1, 0, 0,146445,1050,1420,0,1,1,""
147290,DATA,85.2,2.1, 0, 0,147049,1050,1420,0,1,1,""
147790,DATA,84.8,0.0, 0, 0,141038,1050,1420,0,1,1,""
148290,DATA,84.0,-2.1, 0, 0,145254,1050,1420,0,1,1,""
148421,EVENT,84.0,0.0, 0, 0,159608,1050,1420,1,1,1,"IGN ON"
148790,DATA,83.3,2.1, 0, 0,183086,1050,1420,1,1,1,""
149290,DATA,84.0,2.1, 0, 0,178868,1050,1420,1,1,1,""
149790,DATA,84.8,2.1, 0, 0,162647,1050,1420,1,1,1,""
150290,DATA,85.0,0.0,3709,4412,55841,1050,1420,1,1,1,""
150429,EVENT,85.2,0.0,3177,4115,184791,1050,1420,1,1,1,"STARTER 1440"
150790,DATA,85.2,0.0,2864,3659,18897,1050,1430,1,1,1,""
151290,DATA,85.8,2.1,3752,3544,7201,1050,1438,1,1,1,""
151790,DATA,86.0,2.1,3953,3835,156620,1050,1440,1,1,1,""
152290,DATA,86.2,0.0,1711,3047,178787,1050,1440,1,1,1,""
152790,DATA,86.5,2.1,1627,2061,28797,1050,1440,1,1,1,""
153290,DATA,86.5,0.0,3419,2528,120606,1050,1440,1,1,1,""
153790,DATA,87.3,2.1,1785,2464,158983,1050,1440,1,1,1,""
154290,DATA,87.3,0.0,637,1621,110410,1050,1440,1,1,1,""
154790,DATA,87.0,-2.1,1656,1269,102591,1050,1440,1,1,1,""
155290,DATA,87.3,-2.1,3624,2290,54028,1050,1440,1,1,1,""
155790,DATA,87.5,0.0,3845,3042,26421,1050,1440,1,1,1,""
156290,DATA,87.7,0.0,4349,3691,6060,1050,1440,1,1,1,""
156517,EVENT,87.5,0.0,4454,3897,8399,1050,1440,1,1,1,"STARTER 1460"
156810,DATA,87.7,0.0,4548,4139,12222,1050,1448,1,1,1,""
157310,DATA,87.7,2.1,4876,4433,127209,1050,1458,1,1,1,""
157810,DATA,88.0,2.1,5768,5200,1200,1050,1460,1,1,1,""
158310,DATA,88.0,0.0,5106,5258, 0,1050,1460,1,1,1,""
158810,DATA,88.0,-2.1,4806,5051,1200,1050,1460,1,1,1,""
159310,DATA,88.0,0.0,4701,4871,116985,1050,1460,1,1,1,""
159712,EVENT,88.3,2.1,4070,4707,121682,1050,1460,0,1,1,"IGN OFF"
159810,DATA,88.3,2.1,4456,4670,19814,1050,1460,0,1,1,""
160310,DATA,88.0,0.0,5053,4888,106213,1050,1460,0,1,1,""
160601,EVENT,88.0,0.0,3452,4538,130795,1050,1460,1,1,1,"IGN ON"
160810,DATA,88.0,2.1,3794,4307,52813,1050,1460,1,1,1,""
161310,DATA,88.0,0.0,4384,4268,71409,1050,1460,1,1,1,""
161810,DATA,87.7,-2.1,2208,3568,185430,1050,1460,1,1,1,""
162310,DATA,87.7,-2.1,784,2233,186615,1050,1460,1,1,1,""
162810,DATA,87.7,0.0,261,1212,186583,1050,1460,1,1,1,""
163310,DATA,87.7,-2.1,86,611,170380,1050,1460,1,1,1,""
163810,DATA,87.7,0.0, 0, 0,149407,1050,1460,1,1,1,""
164310,DATA,88.0,0.0,9593,11409,175825,1050,1460,1,1,1,""
164810,DATA,88.0,0.0,3784,8110,185989,1050,1460,1,1,1,""
165310,DATA,88.0,0.0,2864,5006,147006,1050,1460,1,1,1,""
165810,DATA,88.0,0.0,3707,4009,64793,1050,1460,1,1,1,""
166310,DATA,88.0,0.0,1953,3245,186011,1050,1460,1,1,1,""
166810,DATA,88.0,0.0,697,2017,186020,1050,1460,1,1,1,""
167310,DATA,88.0,0.0,2793,1629,117018,1050,1460,1,1,1,""
167810,DATA,88.0,0.0,2115,2205,173409,1050,1460,1,1,1,""
168310,DATA,88.0,2.1,1844,1781,54004,1050,1460,1,1,1,""
168810,DATA,88.0,0.0,2326,2315,185411,1050,1460,1,1,1,""
169310,DATA,87.7,-2.1,896,1753,142783,1050,1460,1,1,1,""
169810,DATA,87.7,-2.1,304,1034,83995,1050,1460,1,1,1,""
170310,DATA,88.0,0.0,100,544,186007,1050,1460,1,1,1,""
170810,DATA,88.0,0.0,1256,626,86421,1050,1460,1,1,1,""
171259,EVENT,88.3,2.1,3868,1759,29712,1050,1460,0,1,1,"IGN OFF"
171310,DATA,88.3,2.1,4350,2148,14540,1050,1460,0,1,1,""
171810,DATA,88.0,0.0,6241,4143,6002,1050,1460,0,1,1,""
172310,DATA,88.0,0.0,6702,5588,4847,1050,1460,0,1,1,""
172810,DATA,88.0,0.0,6695,6204,7271,1050,1460,0,1,1,""
173310,DATA,87.7,0.0,6047,6283,7204,1050,1460,0,1,1,""
173810,DATA,87.7,0.0,6526,6247,7202,1050,1460,0,1,1,""
174310,DATA,87.7,0.0,6204,6314,7205,1050,1460,0,1,1,""
174810,DATA,87.7,2.1,6527,6415,5401,1050,1460,0,1,1,""
175310,DATA,87.5,-2.0,6188,6250,7202,1050,1460,0,1,1,""
175810,DATA,87.5,0.0,5763,6116,7204,1050,1460,0,1,1,""
176310,DATA,87.3,0.0,5558,5876,7270,1050,1460,0,1,1,""
176810,DATA,87.0,0.0,5788,5719,11407,1050,1460,0,1,1,""
177310,DATA,86.7,-2.1,5996,5883,6664,1050,1460,0,1,1,""
177810,DATA,86.5,0.0,4045,5433,145901,1050,1460,0,1,1,""
178310,DATA,86.5,2.0,1507,3644,147705,1050,1460,0,1,1,""
178810,DATA,85.8,-2.1,508,2045,146476,1050,1460,0,1,1,""
179310,DATA,85.5,2.1,168,1049,147844,1050,1460,0,1,1,""
179810,DATA,85.0,0.0,55,512,146444,1050,1460,0,1,1,""
179856,EVENT,85.0,0.0,55,512,146444,1050,1460,1,1,1,"IGN ON"
180310,DATA,84.0,-2.1, 0, 0,184274,1050,1460,1,1,1,""
180810,DATA,84.0,-2.1, 0, 0,184861,1050,1460,1,1,1,""
180904,EVENT,84.5,4.2, 0, 0,184861,1050,1460,0,1,1,"IGN OFF"
181310,DATA,84.5,0.0, 0, 0,146089,1050,1460,0,1,1,""
181810,DATA,85.0,2.1, 0, 0,143711,1050,1460,0,1,1,""
182310,DATA,84.8,-2.1, 0, 0,145513,1050,1460,0,1,1,""
182810,DATA,84.8,-2.1, 0, 0,143134,1050,1460,0,1,1,""
183310,DATA,84.8,0.0, 0, 0,144912,1050,1460,0,1,1,""
183810,DATA,84.2,-2.1,6546,6767,6536,1050,1460,0,1,1,""
184310,DATA,84.0,0.0,5676,6369,145778,1050,1460,0,1,1,""
184810,DATA,83.7,0.0,2419,4735,144261,1050,1460,0,1,1,""
185310,DATA,83.3,0.0,836,2800,145005,1050,1460,0,1,1,""
185810,DATA,82.7,0.0,277,1477,144003,1050,1460,0,1,1,""
186310,DATA,82.3,0.0,91,733,144862,1050,1460,0,1,1,""
186810,DATA,81.5,0.0, 0, 0,144302,1050,1460,0,1,1,""
187310,DATA,80.8,-2.0, 0, 0,145498,1050,1460,0,1,1,""
187688,EVENT,80.5,0.0, 0, 0,146407,1050,1460,1,1,1,"IGN ON"
187810,DATA,80.5,0.0, 0, 0,134782,1050,1460,1,1,1,""
188310,DATA,80.2,2.1, 0, 0,174629,1050,1460,1,1,1,""
188810,DATA,81.7,2.1, 0, 0,184082,1050,1460,1,1,1,""
189310,DATA,83.0,2.1, 0, 0,184705,1050,1460,1,1,1,""
189810,DATA,83.0,0.0, 0, 0,185273,1050,1460,1,1,1,""
190310,DATA,83.3,2.0, 0, 0,185288,1050,1460,1,1,1,""
190810,DATA,83.3,0.0, 0, 0,185304,1050,1460,1,1,1,""
191061,EVENT,83.5,2.1, 0, 0,186609,1050,1460,1,1,1,"STARTER 1480"
191310,DATA,83.3,-2.1, 0, 0,89697,1050,1467,1,1,1,""
191810,DATA,83.5,0.0, 0, 0,186002,1050,1477,1,1,1,""
192310,DATA,83.5,0.0, 0, 0,185994,1050,1480,1,1,1,""
192810,DATA,83.7,0.0, 0, 0,184806,1050,1480,1,1,1,""
193310,DATA,84.2,2.1, 0, 0,185994,1050,1480,1,1,1,""
193706,EVENT,84.2,0.0, 0, 0,144593,1050,1480,1,1,1,"STARTER 1500"
193810,DATA,84.5,2.1,8672,8672,5999,1050,1483,1,1,1,""
194310,DATA,84.5,0.0,7308,8138,7800,1050,1495,1,1,1,""
194810,DATA,84.5,0.0,6704,7429,6000,1050,1500,1,1,1,""
195310,DATA,84.5,0.0,6494,6939,146423,1050,1500,1,1,1,""
195810,DATA,84.5,-2.1,3086,5450,161400,1050,1500,1,1,1,""
196310,DATA,84.8,2.1,2126,3572,171595,1050,1500,1,1,1,""
196810,DATA,84.5,-2.1,2836,3045,97804,1050,1500,1,1,1,""
197310,DATA,84.8,0.0,4296,3356,7800,1050,1500,1,1,1,""
197810,DATA,84.8,0.0,5456,4206,1800,1050,1500,1,1,1,""
198310,DATA,84.8,0.0,4911,5054,185402,1050,1500,1,1,1,""
198810,DATA,84.8,0.0,3487,4428,184791,1050,1500,1,1,1,""
199310,DATA,84.8,-2.1,2225,3460,1800,1050,1500,1,1,1,""
199610,EVENT,84.8,0.0,4077,3458,1800,1050,1500,1,1,1,"PUMP 1055"
199810,DATA,84.8,0.0,4484,3612,70193,1050,1500,1,1,1,""
200310,DATA,84.8,0.0,6024,4701,75598,1052,1500,1,1,1,""
200761,EVENT,85.0,2.1,6737,5638,3600,1054,1500,0,1,1,"IGN OFF"
200810,DATA,84.8,-2.1,6714,5799,3600,1054,1500,0,1,1,""
201310,DATA,85.0,0.0,7000,6244,18600,1055,1500,0,1,1,""
201810,DATA,85.0,0.0,7625,7436,3600,1055,1500,0,1,1,""
202310,DATA,85.0,0.0,6651,7113,600,1055,1500,0,1,1,""
202385,EVENT,85.0,0.0,6651,7113,600,1055,1500,0,1,1,"PUMP 1060"
202810,DATA,85.0,0.0,6464,6777,3000,1056,1500,0,1,1,""
203310,DATA,85.0,0.0,6414,6582,1200,1058,1500,0,1,1,""
203810,DATA,85.0,0.0,6400,6497,137993,1060,1500,0,1,1,""
204310,DATA,85.0,0.0,3055,5220,137401,1060,1500,0,1,1,""
204810,DATA,85.0,0.0,1075,3211,130800,1060,1500,0,1,1,""
205310,DATA,84.8,0.0,447,1969,147603,1060,1500,0,1,1,""
205810,DATA,84.8,-2.1,118,866,136808,1060,1500,0,1,1,""
206310,DATA,84.8,0.0, 0, 0,145193,1060,1500,0,1,1,""
206810,DATA,84.5,0.0, 0, 0,136204,1060,1500,0,1,1,""
207310,DATA,84.0,0.0, 0, 0,145212,1060,1500,0,1,1,""
207810,DATA,83.7,-2.0, 0, 0,144006,1060,1500,0,1,1,""
208310,DATA,83.3,-2.1, 0, 0,145172,1060,1500,0,1,1,""
208810,DATA,83.0,0.0, 0, 0,140413,1060,1500,0,1,1,""
209310,DATA,82.5,0.0, 0, 0,118792,1060,1500,0,1,1,""
209810,DATA,82.3,0.0, 0, 0,138596,1060,1500,0,1,1,""
210310,DATA,81.7,2.1,12351,13918,38399,1060,1500,0,1,1,""
210384,EVENT,81.7,2.1,11414,13542,6570,1060,1500,1,1,1,"IGN ON"
210810,DATA,81.7,0.0,5528,10237,182396,1060,1500,1,1,1,""
211310,DATA,83.3,2.1,1951,6163,183598,1060,1500,1,1,1,""
211810,DATA,84.5,0.0,650,3284,184198,1060,1500,1,1,1,""
211934,EVENT,84.8,2.1,521,2870,214176,1060,1500,0,1,1,"IGN OFF"
212310,DATA,85.0,0.0,214,1639,75585,1060,1500,0,1,1,""
212810,DATA,85.0,0.0,70,787,114598,1060,1500,0,1,1,""
213310,DATA,85.0,0.0, 0, 0,90607,1060,1500,0,1,1,""
213810,DATA,84.8,0.0,4840,6588,143400,1060,1500,0,1,1,""
214193,EVENT,84.5,0.0,2735,5320,144606,1060,1500,0,1,1,"STARTER 1520"
214310,DATA,84.5,0.0,2226,4856,136180,1060,1504,0,1,1,""
214810,DATA,84.0,-2.1,2145,3268,105971,1060,1515,0,1,1,""
215310,DATA,83.3,-2.1,958,2197,132603,1060,1520,0,1,1,""
215810,DATA,83.0,-2.1,334,1253,146994,1060,1520,0,1,1,""
216064,EVENT,83.0,0.0,173,852,139799,1060,1520,1,1,1,"IGN ON"
216310,DATA,82.3,0.0,111,650,166830,1060,1520,1,1,1,""
216810,DATA,82.5,2.0, 0, 0,176991,1060,1520,1,1,1,""
217310,DATA,83.0,2.1, 0, 0,185402,1060,1520,1,1,1,""
217810,DATA,83.0,0.0, 0, 0,97205,1060,1520,1,1,1,""
218310,DATA,83.3,0.0, 0, 0,186006,1060,1520,1,1,1,""
218810,DATA,83.5,2.1, 0, 0,184809,1060,1520,1,1,1,""
219310,DATA,83.5,0.0, 0, 0,179389,1060,1520,1,1,1,""
219810,DATA,83.7,2.0, 0, 0,133799,1060,1520,1,1,1,""
220310,DATA,83.7,0.0, 0, 0,173997,1060,1520,1,1,1,""
220810,DATA,83.7,0.0,12601,12601,110394,1060,1520,1,1,1,""
221310,DATA,84.0,2.1,6018,10209,126005,1060,1520,1,1,1,""
221810,DATA,83.7,0.0,2119,6292,158413,1060,1520,1,1,1,""
222310,DATA,84.0,0.0,2010,4154,180587,1060,1520,1,1,1,""
222810,DATA,84.0,0.0,761,2463,170397,1060,1520,1,1,1,""
223310,DATA,84.0,0.0,1014,1569,185387,1060,1520,1,1,1,""
223810,DATA,84.0,0.0,471,1060,183015,1060,1520,1,1,1,""
224310,DATA,84.0,0.0,165,608,182395,1060,1520,1,1,1,""
224810,DATA,83.7,0.0,55,316,173405,1060,1520,1,1,1,""
225310,DATA,83.7,0.0, 0, 0,128999,1060,1520,1,1,1,""
225811,DATA,84.0,2.0, 0, 0,91197,1060,1520,1,1,1,""
226312,DATA,83.7,0.0,8932,10235,25199,1060,1520,1,1,1,""
226813,DATA,83.7,0.0,7282,8891,136197,1060,1520,1,1,1,""
227314,DATA,83.5,0.0,3124,6406,178811,1060,1520,1,1,1,""
227815,DATA,83.5,0.0,1081,3746,185996,1060,1520,1,1,1,""
228059,EVENT,83.5,0.0,559,2567,172222,1060,1520,0,1,1,"IGN OFF"
228316,DATA,83.5,0.0,359,1966,147018,1060,1520,0,1,1,""
228817,DATA,83.3,0.0,118,972,131392,1060,1520,0,1,1,""
229318,DATA,83.3,0.0, 0, 0,123015,1060,1520,0,1,1,""
229819,DATA,83.0,-2.1,8773,7635,70796,1060,1520,0,1,1,""
230320,DATA,83.0,0.0,6970,7398,142199,1060,1520,0,1,1,""
230821,DATA,83.0,2.1,3192,5756,135596,1060,1520,0,1,1,""
231322,DATA,82.7,-2.1,1116,3484,130214,1060,1520,0,1,1,""
231823,DATA,82.7,0.0,371,1860,144016,1060,1520,0,1,1,""
232324,DATA,82.5,0.0,1357,1353,139200,1060,1520,0,1,1,""
232825,DATA,82.3,-2.1,670,1111,146406,1060,1520,0,1,1,""
233326,DATA,82.0,0.0,237,690,147612,1060,1520,0,1,1,""
233827,DATA,81.7,0.0,79,373,147004,1060,1520,0,1,1,""
234328,DATA,81.2,-2.1, 0, 0,148197,1060,1520,0,1,1,""
234829,DATA,80.8,-2.0,10592,11748,142209,1060,1520,0,1,1,""
234985,EVENT,80.8,0.0,7827,10837,167400,1060,1520,0,1,1,"STARTER 1540"
235350,DATA,80.5,0.0,5846,8927,35995,1060,1530,0,1,1,""
235850,DATA,80.0,0.0,5267,7556,147000,1060,1538,0,1,1,""
236350,DATA,79.5,-2.1,1986,4972,148215,1060,1540,0,1,1,""
236593,EVENT,79.2,0.0,1041,3549,139199,1060,1540,0,1,1,"PUMP 1065"
236850,DATA,78.7,-2.1,671,2771,143417,1060,1540,0,1,1,""
237350,DATA,78.3,-2.1,222,1417,148201,1063,1540,0,1,1,""
237727,EVENT,77.5,-2.1,91,800,148796,1064,1540,1,1,1,"IGN ON"
237850,DATA,77.0,-4.0,73,691,149361,1065,1540,1,1,1,""
238350,DATA,76.2,-2.1, 0, 0,181205,1065,1540,1,1,1,""
238850,DATA,75.8,-2.1, 0, 0,183593,1065,1540,1,1,1,""
239350,DATA,75.2,2.1, 0, 0,185993,1065,1540,1,1,1,""
239850,DATA,74.2,-2.1, 0, 0,185417,1065,1540,1,1,1,""
240350,DATA,73.7,-2.1, 0, 0,185400,1065,1540,1,1,1,""
240734,EVENT,73.0,-2.1, 0, 0,182980,1065,1540,0,1,1,"IGN OFF"
240850,DATA,73.3,2.0, 0, 0,179384,1065,1540,0,1,1,""
241254,EVENT,72.7,0.0, 0, 0,147610,1065,1540,1,1,1,"IGN ON"
241350,DATA,72.2,-4.2, 0, 0,158354,1065,1540,1,1,1,""
241850,DATA,71.7,-2.1, 0, 0,185981,1065,1540,1,1,1,""
241984,EVENT,71.5,-2.1, 0, 0,202808,1065,1540,0,1,1,"IGN OFF"
242350,DATA,71.2,0.0, 0, 0,147594,1065,1540,0,1,1,""
242850,DATA,70.8,-2.1, 0, 0,146403,1065,1540,0,1,1,""
243350,DATA,70.2,0.0, 0, 0,147613,1065,1540,0,1,1,""
243850,DATA,69.5,0.0, 0, 0,138004,1065,1540,0,1,1,""
244350,DATA,69.0,0.0,6954,7061,5400,1065,1540,0,1,1,""
244850,DATA,68.3,-2.1,6613,6867,4800,1065,1540,0,1,1,""
245350,DATA,67.7,-2.1,6466,6666,1200,1065,1540,0,1,1,""
245851,DATA,67.2,0.0,6415,6534,4800,1065,1540,0,1,1,""
246352,DATA,66.5,-2.1,5172,6212,139199,1065,1540,0,1,1,""
246853,DATA,66.0,0.0,2040,4399,128994,1065,1540,0,1,1,""
247354,DATA,65.2,-2.1,2167,2968,136200,1065,1540,0,1,1,""
247855,DATA,65.0,0.0,1080,2138,145797,1065,1540,0,1,1,""
247883,EVENT,65.0,0.0,1080,2138,145797,1000,1540,0,0,0,"PUMP OFF"
248356,DATA,64.5,0.0,383,1266,144616,1000,1540,0,0,0,""
248857,DATA,63.7,-2.1,128,670,144019,1000,1540,0,0,0,""
249358,DATA,63.3,-2.1, 0, 0,145199,1000,1540,0,0,0,""
249859,DATA,62.7,-2.0, 0, 0,136805,1000,1540,0,0,0,""
250360,DATA,62.2,-2.1, 0, 0,145207,1000,1540,0,0,0,""
250861,DATA,61.7,-2.1, 0, 0,144587,1000,1540,0,0,0,""
251362,DATA,61.5,0.0, 0, 0,144601,1000,1540,0,0,0,""
251863,DATA,61.0,0.0, 0, 0,144010,1000,1540,0,0,0,""
252045,EVENT,60.8,0.0, 0, 0,157219,1000,1540,0,0,0,"STARTER 1520"
252211,EVENT,60.5,-2.1, 0, 0,156578,1000,1535,0,0,0,"STARTER 1500"
252370,DATA,60.2,-1.7,7589,7589,14165,1000,1528,0,0,0,""
252383,EVENT,60.2,-1.7,7589,7589,14165,1000,1528,0,0,0,"STARTER 1480"
252531,EVENT,60.2,0.0,7493,7574,28495,1000,1520,0,0,0,"STARTER 1460"
252691,EVENT,60.0,-2.1,7358,7542,9501,1000,1509,0,0,0,"STARTER 1440"
252890,DATA,60.0,0.0,7082,7431,8603,1000,1492,0,0,0,""
252903,EVENT,60.0,0.0,7082,7431,8603,1000,1492,0,0,0,"STARTER 1420"
253051,EVENT,60.0,0.0,6963,7361,26505,1000,1480,0,0,0,"STARTER 1400"
253211,EVENT,59.7,-2.1,6772,7209,7086,1000,1465,0,0,0,"STARTER 1380"
253410,DATA,59.7,0.0,6700,7132,8500,1000,1448,0,0,0,""
253611,EVENT,60.0,1.6,6258,6921,1674,1000,1422,0,0,0,"STARTER 1340"
253930,DATA,60.0,0.0,5583,6477,1500,1000,1389,0,0,0,""
254091,EVENT,60.0,0.0,5408,6316,18499,1000,1374,0,0,0,"STARTER 1320"
254450,DATA,59.7,0.0,5038,5860,1500,1000,1349,0,0,0,""
254611,EVENT,59.7,0.0,4954,5724,19000,1000,1340,0,0,0,"STARTER 1300"
254970,DATA,59.5,0.0,4779,5377,2000,1000,1322,0,0,0,""
255490,DATA,59.2,0.0,4649,4991,2000,1000,1304,0,0,0,""
255990,DATA,58.5,-2.1,3718,4601,143400,1000,1300,0,0,0,""
256490,DATA,58.3,0.0,1465,3221,144599,1000,1300,0,0,0,""
256990,DATA,57.7,-2.1,499,1848,142796,1000,1300,0,0,0,""
257490,DATA,57.5,0.0,165,960,144010,1000,1300,0,0,0,""
257990,DATA,57.2,0.0,54,472,112197,1000,1300,0,0,0,""
258490,DATA,57.0,0.0, 0, 0,129597,1000,1300,0,0,0,""
258990,DATA,56.5,-2.1, 0, 0,102012,1000,1300,0,0,0,""
259490,DATA,56.2,-2.1, 0, 0,134388,1000,1300,0,0,0,""
259990,DATA,56.2,0.0,4526,4526,39598,1000,1300,0,0,0,""
260297,EVENT,56.2,2.1,3121,4166,106797,1000,1300,0,1,0,"VALVE1 ON"
260490,DATA,56.0,0.0,2162,3667,77399,1000,1300,0,1,0,""
260990,DATA,55.8,0.0,1914,2847,73801,1000,1300,0,1,0,""
261490,DATA,55.5,0.0,748,1867,128994,1000,1300,0,1,0,""
261990,DATA,55.2,0.0,254,1042,102606,1000,1300,0,1,0,""
262490,DATA,55.0,0.0,84,534,99605,1000,1300,0,1,0,""
262990,DATA,54.5,-2.1, 0, 0,144613,1000,1300,0,1,0,""
263490,DATA,54.2,-2.1, 0, 0,145796,1000,1300,0,1,0,""
263506,EVENT,54.2,-2.1, 0, 0,145796,1000,1300,0,1,0,"STARTER OFF"
264010,DATA,54.7,0.0,2856,3113,2000,1000,1117,0,1,0,""
264530,DATA,53.7,-6.2,2157,2754,2500,1000,1003,0,1,0,""
265030,DATA,54.7,0.0,1577,2235,144600,1000,1000,0,1,0,""
265530,DATA,54.5,0.0,624,1494,142203,1000,1000,0,1,0,""
266030,DATA,54.2,-2.1,213,841,118213,1000,1000,0,1,0,""
266530,DATA,54.2,0.0,1373,680,125406,1000,1000,0,1,0,""
266685,EVENT,54.2,0.0,1471,1055,160323,1000,1000,0,1,1,"VALVE2 ON"
267030,DATA,54.0,0.0,686,958,145806,1000,1000,0,1,1,""
267275,EVENT,54.0,0.0,258,607,147606,1000,1000,0,1,0,"VALVE2 OFF"
267530,DATA,54.0,0.0,130,408,145225,1000,1000,0,1,0,""
267940,EVENT,53.7,-2.1, 0, 0,144591,1000,1000,0,1,1,"VALVE2 ON"
268030,DATA,53.7,0.0, 0, 0,145787,1000,1000,0,1,1,""
268530,DATA,53.7,0.0, 0, 0,146993,1000,1000,0,1,1,""
268589,EVENT,53.7,0.0, 0, 0,151416,1000,1000,0,1,0,"VALVE2 OFF"
269030,DATA,53.7,0.0, 0, 0,144003,1000,1000,0,1,0,""
269530,DATA,53.5,0.0, 0, 0,145787,1000,1000,0,1,0,""
270030,DATA,53.5,0.0, 0, 0,143394,1000,1000,0,1,0,""
270530,DATA,53.5,0.0, 0, 0,145194,1000,1000,0,1,0,""
271030,DATA,53.3,0.0, 0, 0,143999,1000,1000,0,1,0,""
271530,DATA,53.3,0.0, 0, 0,145204,1000,1000,0,1,0,""
272030,DATA,53.3,0.0, 0, 0,144000,1000,1000,0,1,0,""
272530,DATA,53.3,0.0, 0, 0,146401,1000,1000,0,1,0,""
273030,DATA,53.3,0.0, 0, 0,144000,1000,1000,0,1,0,""
273530,DATA,53.0,0.0, 0, 0,145201,1000,1000,0,1,0,""
274030,DATA,53.0,0.0, 0, 0,143407,1000,1000,0,1,0,""
274530,DATA,53.0,0.0, 0, 0,145796,1000,1000,0,1,0,""
275030,DATA,53.0,0.0, 0, 0,144597,1000,1000,0,1,0,""
275530,DATA,53.0,0.0, 0, 0,145794,1000,1000,0,1,0,""
276030,DATA,53.0,2.1, 0, 0,143996,1000,1000,0,1,0,""
276530,DATA,52.7,0.0, 0, 0,145806,1000,1000,0,1,0,""
277030,DATA,52.7,0.0, 0, 0,144596,1000,1000,0,1,0,""
277530,DATA,52.7,0.0, 0, 0,145796,1000,1000,0,1,0,""
278030,DATA,52.7,0.0, 0, 0,144000,1000,1000,0,1,0,""
278530,DATA,52.7,0.0, 0, 0,146404,1000,1000,0,1,0,""
279030,DATA,52.5,-2.1, 0, 0,144597,1000,1000,0,1,0,""
279530,DATA,52.5,0.0, 0, 0,145799,1000,1000,0,1,0,""
280030,DATA,52.5,0.0, 0, 0,144004,1000,1000,0,1,0,""
280247,EVENT,52.5,0.0, 0, 0,153691,1000,1000,0,1,1,"VALVE2 ON"
280530,DATA,52.5,0.0, 0, 0,147604,1000,1000,0,1,1,""
280873,EVENT,52.5,0.0, 0, 0,145796,1000,1000,0,1,0,"VALVE2 OFF"
281030,DATA,52.5,0.0, 0, 0,161585,1000,1000,0,1,0,""
281530,DATA,52.5,0.0, 0, 0,145796,1000,1000,0,1,0,""
281991,EVENT,52.5,0.0, 0, 0,143997,1000,1000,0,0,0,"VALVE1 OFF"
282030,DATA,52.5,0.0, 0, 0,143997,1000,1000,0,0,0,""
282530,DATA,52.5,0.0, 0, 0,144003,1000,1000,0,0,0,""
282634,EVENT,52.5,0.0, 0, 0,157798,1000,1000,0,1,0,"VALVE1 ON"
283030,DATA,52.5,0.0, 0, 0,144600,1000,1000,0,1,0,""
283277,EVENT,52.2,0.0, 0, 0,149998,1000,1000,0,0,0,"VALVE1 OFF"
283530,DATA,52.5,2.1, 0, 0,143996,1000,1000,0,0,0,""
284030,DATA,52.2,0.0, 0, 0,142797,1000,1000,0,0,0,""
284530,DATA,52.2,0.0, 0, 0,143406,1000,1000,0,0,0,""
285030,DATA,52.2,0.0, 0, 0,142799,1000,1000,0,0,0,""
285530,DATA,52.2,0.0, 0, 0,144006,1000,1000,0,0,0,""
286030,DATA,52.2,0.0, 0, 0,142796,1000,1000,0,0,0,""
286530,DATA,52.2,0.0, 0, 0,144004,1000,1000,0,0,0,""
287030,DATA,52.0,0.0, 0, 0,142796,1000,1000,0,0,0,""
287242,EVENT,52.0,0.0, 0, 0,147609,1000,1000,0,0,0,"STARTER 1200"
287550,DATA,50.8,-10.4,1739,1739,3001,1000,1079,0,0,0,""
288070,DATA,49.7,-4.2,1614,1694,1500,1000,1175,0,0,0,""
288570,DATA,50.2,0.0,1744,1699,144600,1000,1200,0,0,0,""
289070,DATA,50.2,2.1,784,1364,143399,1000,1200,0,0,0,""
289570,DATA,50.2,0.0,273,833,136214,1000,1200,0,0,0,""
290070,DATA,50.2,0.0,91,447,121805,1000,1200,0,0,0,""
290570,DATA,50.2,0.0, 0, 0,107405,1000,1200,0,0,0,""
291070,DATA,50.0,0.0, 0, 0,113400,1000,1200,0,0,0,""
291325,EVENT,50.0,0.0, 0, 0,137408,1000,1200,0,1,0,"VALVE1 ON"
291570,DATA,49.7,-2.1, 0, 0,140404,1000,1200,0,1,0,""
292070,DATA,49.7,0.0, 0, 0,106799,1000,1200,0,1,0,""
292108,EVENT,49.7,0.0, 0, 0,106799,1000,1200,0,1,1,"VALVE2 ON"
292570,DATA,49.2,-2.1, 0, 0,147007,1000,1200,0,1,1,""
293070,DATA,49.2,-2.1, 0, 0,146399,1000,1200,0,1,1,""
293570,DATA,49.2,0.0, 0, 0,147596,1000,1200,0,1,1,""
294070,DATA,49.0,-2.1,3114,3114,6000,1000,1200,0,1,1,""
294570,DATA,49.0,2.1,3152,3124,2400,1000,1200,0,1,1,""
294645,EVENT,48.7,-2.0,3152,3124,2400,1000,1200,1,1,1,"IGN ON"
295070,DATA,48.3,2.1,3131,3139,7799,1000,1200,1,1,1,""
295570,DATA,48.3,0.0,2993,3085,5401,1000,1200,1,1,1,""
295637,EVENT,48.3,0.0,2993,3085,5401,1000,1200,1,1,1,"PUMP 1045"
296090,DATA,48.0,-2.1,2641,2931,8371,1009,1200,1,1,1,""
296610,DATA,48.3,0.0,2559,2720,2000,1031,1200,1,1,1,""
297110,DATA,48.0,-2.1,2555,2645,30725,1045,1200,1,1,1,""
297610,DATA,48.0,0.0,2045,2486,155280,1045,1200,1,1,1,""
298110,DATA,48.0,0.0,1098,1852,82204,1045,1200,1,1,1,""
298610,DATA,48.7,2.1,423,1165,72602,1045,1200,1,1,1,""
299110,DATA,49.5,2.1,941,868,22200,1045,1200,1,1,1,""
299610,DATA,50.0,0.0,1637,1206,46198,1045,1200,1,1,1,""
300110,DATA,50.8,2.1,1415,1469,174610,1045,1200,1,1,1,""
300249,EVENT,51.0,2.1,995,1363,199826,1045,1200,0,1,1,"IGN OFF"
300610,DATA,51.5,2.1,543,1093,145197,1045,1200,0,1,1,""
301110,DATA,52.2,2.1,184,640,114602,1045,1200,0,1,1,""
301610,DATA,52.7,2.1,61,335,141006,1045,1200,0,1,1,""
302110,DATA,53.0,0.0, 0, 0,125401,1045,1200,0,1,1,""
302610,DATA,53.5,0.0, 0, 0,127192,1045,1200,0,1,1,""
303110,DATA,53.7,0.0, 0, 0,135596,1045,1200,0,1,1,""
303610,DATA,54.0,0.0,1838,2453,137412,1045,1200,0,1,1,""
304110,DATA,54.5,2.1,902,1683,17400,1045,1200,0,1,1,""
304610,DATA,54.5,0.0,773,1278,121800,1045,1200,0,1,1,""
305110,DATA,54.5,0.0,504,836,59400,1045,1200,0,1,1,""
305610,DATA,54.7,0.0,1414,1006,25201,1045,1200,0,1,1,""
306110,DATA,54.7,0.0,1943,1398,6001,1045,1200,0,1,1,""
306610,DATA,54.7,0.0,2538,1933,18000,1045,1200,0,1,1,""
307110,DATA,54.7,0.0,2797,2378,1800,1045,1200,0,1,1,""
307610,DATA,54.7,2.1,2723,2592,4800,1045,1200,0,1,1,""
308110,DATA,54.7,2.1,2773,2675,127804,1045,1200,0,1,1,""
308610,DATA,54.5,0.0,1331,2207,136214,1045,1200,0,1,1,""
309110,DATA,54.2,-2.1,688,1402,39002,1045,1200,0,1,1,""
309610,DATA,54.2,0.0,666,1072,145199,1045,1200,0,1,1,""
310110,DATA,54.2,0.0,252,681,81001,1045,1200,0,1,1,""
310610,DATA,54.0,0.0,1291,746,5400,1045,1200,0,1,1,""
310813,EVENT,54.0,0.0,1827,1013,5401,1045,1200,1,1,1,"IGN ON"
311110,DATA,53.3,0.0,2365,1487,6000,1045,1200,1,1,1,""
311610,DATA,53.5,2.1,2738,2126,9601,1045,1200,1,1,1,""
312110,DATA,53.3,0.0,3078,2578,7199,1045,1200,1,1,1,""
312610,DATA,53.3,0.0,3326,2958,8401,1045,1200,1,1,1,""
313110,DATA,53.3,0.0,3640,3283,600,1045,1200,1,1,1,""
313610,DATA,53.3,2.1,3453,3430,136210,1045,1200,1,1,1,""
314110,DATA,53.0,0.0,1618,2769,174002,1045,1200,1,1,1,""
314610,DATA,53.3,0.0,568,1701,156006,1045,1200,1,1,1,""
315110,DATA,53.7,0.0,189,915,186589,1045,1200,1,1,1,""
315610,DATA,54.5,2.1,62,459,187219,1045,1200,1,1,1,""
316110,DATA,55.0,0.0, 0, 0,186598,1045,1200,1,1,1,""
316610,DATA,55.8,2.1,3395,3395,39000,1045,1200,1,1,1,""
316925,EVENT,55.8,-2.1,3403,3401,7200,1045,1200,0,1,1,"IGN OFF"
317110,DATA,56.2,4.2,3345,3386,8401,1045,1200,0,1,1,""
317610,DATA,56.5,0.0,3471,3415,6600,1045,1200,0,1,1,""
318110,DATA,56.5,0.0,3675,3526, 0,1045,1200,0,1,1,""
318610,DATA,56.7,0.0,1763,2916,144600,1045,1200,0,1,1,""
319110,DATA,56.7,0.0,1026,1908,142206,1045,1200,0,1,1,""
319610,DATA,57.2,2.1,470,1211,134399,1045,1200,0,1,1,""
320110,DATA,57.2,0.0,164,674,111606,1045,1200,0,1,1,""
320610,DATA,57.2,0.0,859,763,122398,1045,1200,0,1,1,""
321110,DATA,57.5,2.1,996,885,15599,1045,1200,0,1,1,""
321610,DATA,57.5,0.0,2113,1334,10801,1045,1200,0,1,1,""
322110,DATA,57.7,0.0,3072,2129,36604,1045,1200,0,1,1,""
322610,DATA,57.7,0.0,3596,2867,53404,1045,1200,0,1,1,""
323110,DATA,57.7,0.0,3580,3285,16800,1045,1200,0,1,1,""
323610,DATA,58.0,0.0,3390,3368,7200,1045,1200,0,1,1,""
324110,DATA,58.0,0.0,3650,3485,7801,1045,1200,0,1,1,""
324610,DATA,58.0,-2.1,3506,3520,115200,1045,1200,0,1,1,""
325110,DATA,58.3,0.0,2906,3273, 0,1045,1200,0,1,1,""
325610,DATA,58.0,-2.1,3161,3128, 0,1045,1200,0,1,1,""
326110,DATA,58.3,0.0,3457,3272,4800,1045,1200,0,1,1,""
326610,DATA,58.3,0.0,3436,3374,4800,1045,1200,0,1,1,""
327110,DATA,58.3,0.0,3321,3367,4800,1045,1200,0,1,1,""
327610,DATA,58.0,0.0,3131,3284,4200,1045,1200,0,1,1,""
328110,DATA,58.3,2.1,2644,3011,4200,1045,1200,0,1,1,""
328521,EVENT,58.0,0.0,2446,2766,5400,1045,1200,1,1,1,"IGN ON"
328610,DATA,58.0,0.0,2423,2715,2400,1045,1200,1,1,1,""
329110,DATA,57.5,0.0,2633,2627,3000,1045,1200,1,1,1,""
329610,DATA,58.0,0.0,2714,2667,1800,1045,1200,1,1,1,""
329763,EVENT,58.3,2.1,2715,2680,7800,1045,1200,0,1,1,"IGN OFF"
330110,DATA,58.7,0.0,2698,2689,600,1045,1200,0,1,1,""
330610,DATA,59.0,0.0,2651,2679,24600,1045,1200,0,1,1,""
331110,DATA,59.0,0.0,2608,2640,2400,1045,1200,0,1,1,""
331610,DATA,59.2,2.1,2283,2476,3600,1045,1200,0,1,1,""
332110,DATA,59.2,0.0,2341,2393,10200,1045,1200,0,1,1,""
332610,DATA,59.5,0.0,2309,2353,9000,1045,1200,0,1,1,""
332698,EVENT,59.5,0.0,2346,2352,10800,1045,1200,1,1,1,"IGN ON"
333110,DATA,59.2,0.0,2491,2394,14401,1045,1200,1,1,1,""
333610,DATA,59.5,0.0,2762,2545,16200,1045,1200,1,1,1,""
334110,DATA,59.5,0.0,3112,2793,26399,1045,1200,1,1,1,""
334610,DATA,59.5,0.0,3434,3095,17401,1045,1200,1,1,1,""
335110,DATA,59.7,0.0,3745,3387,12599,1045,1200,1,1,1,""
335610,DATA,59.7,0.0,3866,3646,6000,1045,1200,1,1,1,""
336110,DATA,60.0,2.1,3724,3722,4200,1045,1200,1,1,1,""
336396,EVENT,60.0,2.1,3610,3693,7805,1045,1200,0,1,1,"IGN OFF"
336610,DATA,60.2,2.1,3528,3652,4801,1045,1200,0,1,1,""
337110,DATA,60.2,-2.1,3302,3500,4800,1045,1200,0,1,1,""
337610,DATA,60.2,0.0,3102,3314,61799,1045,1200,0,1,1,""
338110,DATA,60.5,0.0,2938,3134,6000,1045,1200,0,1,1,""
338488,EVENT,60.8,2.1,2828,3005,2400,1045,1200,0,1,1,"STARTER 1220"
338610,DATA,60.5,-2.1,2796,2973, 0,1045,1204,0,1,1,""
339110,DATA,60.8,2.1,2623,2813,3600,1045,1215,0,1,1,""
339610,DATA,60.8,0.0,2446,2641, 0,1045,1220,0,1,1,""
340110,DATA,61.0,0.0,2295,2473,9600,1045,1220,0,1,1,""
340610,DATA,61.0,0.0,2354,2385,13800,1045,1220,0,1,1,""
341110,DATA,61.0,0.0,2674,2479,19201,1045,1220,0,1,1,""
341202,EVENT,61.0,0.0,2750,2520,4200,1045,1220,0,1,1,"STARTER 1240"
341610,DATA,61.0,0.0,2940,2664,2000,1045,1231,0,1,1,""
342110,DATA,61.0,-2.1,3011,2853,15600,1045,1239,0,1,1,""
342610,DATA,61.2,4.2,3135,2978,9000,1045,1240,0,1,1,""
343110,DATA,61.2,2.1,3223,3094,5400,1045,1240,0,1,1,""
343610,DATA,61.2,-2.1,3426,3237,5400,1045,1240,0,1,1,""
344610,DATA,60.8,0.0,3912,3655,6001,1045,1240,0,1,1,""
345110,DATA,60.2,-2.1,4129,3880,6600,1045,1240,0,1,1,""
345373,EVENT,60.2,0.0,4569,4091,6000,1045,1240,1,1,1,"IGN ON"
345610,DATA,59.5,-4.2,4845,4284,5401,1045,1240,1,1,1,""
346110,DATA,59.5,-2.1,5238,4757,5400,1045,1240,1,1,1,""
346610,DATA,59.5,0.0,5358,5075,6001,1045,1240,1,1,1,""
347110,DATA,59.0,-4.2,5394,5247,9600,1045,1240,1,1,1,""
347610,DATA,59.0,0.0,5406,5334,6000,1045,1240,1,1,1,""
348110,DATA,59.0,2.1,5407,5375,5400,1045,1240,1,1,1,""
348239,EVENT,59.0,0.0,5408,5384,5400,1045,1240,0,1,1,"IGN OFF"
348610,DATA,59.0,2.1,5408,5393,6000,1045,1240,0,1,1,""
349110,DATA,59.2,4.2,5433,5421,7799,1045,1240,0,1,1,""
349610,DATA,59.5,2.1,5418,5417,9600,1045,1240,0,1,1,""
350110,DATA,59.5,2.1,5442,5426,7800,1045,1240,0,1,1,""
350610,DATA,60.0,2.1,5456,5440,6000,1045,1240,0,1,1,""
351110,DATA,60.0,0.0,5458,5451,5999,1045,1240,0,1,1,""
351610,DATA,60.0,0.0,5459,5455,6600,1045,1240,0,1,1,""
352110,DATA,60.2,0.0,5452,5454,6000,1045,1240,0,1,1,""
352610,DATA,60.5,2.1,5397,5441,6000,1045,1240,0,1,1,""
353110,DATA,60.5,2.1,5160,5334,6000,1045,1240,0,1,1,""
353610,DATA,60.5,0.0,4866,5129,5400,1045,1240,0,1,1,""
354110,DATA,60.5,2.1,4580,4876,7800,1045,1240,0,1,1,""
354610,DATA,60.5,0.0,4225,4592,6000,1045,1240,0,1,1,""
355110,DATA,60.5,2.1,3964,4266,5400,1045,1240,0,1,1,""
355610,DATA,60.2,0.0,3872,4066,5999,1045,1240,0,1,1,""
356110,DATA,60.2,0.0,3469,3841,6000,1045,1240,0,1,1,""
356610,DATA,60.0,-2.1,3003,3447,6000,1045,1240,0,1,1,""
357110,DATA,60.0,-2.1,2823,3126,6600,1045,1240,0,1,1,""
357610,DATA,60.0,-2.1,2760,2931,9000,1045,1240,0,1,1,""
357975,EVENT,60.0,-2.1,2755,2847,5400,1045,1240,1,1,1,"IGN ON"
358110,DATA,59.7,-2.1,2751,2833,5999,1045,1240,1,1,1,""
358610,DATA,59.2,-2.1,2738,2783,5400,1045,1240,1,1,1,""
359110,DATA,59.2,0.0,2797,2766,6000,1045,1240,1,1,1,""
359610,DATA,59.0,2.1,2779,2782,6600,1045,1240,1,1,1,""
360110,DATA,58.5,-4.2,2964,2837,5400,1045,1240,1,1,1,""
360610,DATA,58.7,2.1,3240,3009,7800,1045,1240,1,1,1,""
361110,DATA,58.3,-2.1,3522,3242,5400,1045,1240,1,1,1,""
361189,EVENT,58.5,2.1,3576,3292,7799,1045,1240,0,1,1,"IGN OFF"
361610,DATA,58.5,0.0,3780,3494,6000,1045,1240,0,1,1,""
362110,DATA,58.5,-2.1,4009,3739,7200,1045,1240,0,1,1,""
362610,DATA,58.7,0.0,4411,4005,6000,1045,1240,0,1,1,""
363110,DATA,59.0,0.0,5043,4481,6000,1045,1240,0,1,1,""
363610,DATA,59.2,0.0,5308,4902,5399,1045,1240,0,1,1,""
364110,DATA,59.5,0.0,5399,5165,6000,1045,1240,0,1,1,""
364610,DATA,59.7,2.1,5430,5308,5401,1045,1240,0,1,1,""
365110,DATA,60.0,0.0,5439,5380,5400,1045,1240,0,1,1,""
365353,EVENT,60.0,2.1,5441,5403,5399,1045,1240,0,0,1,"VALVE1 OFF"
365610,DATA,59.7,-2.1,5443,5414,5401,1045,1240,0,0,1,""
366110,DATA,60.0,0.0,5447,5431,5400,1045,1240,0,0,1,""
366610,DATA,60.0,2.1,5447,5440,5400,1045,1240,0,0,1,""
366994,EVENT,59.5,-4.2,5447,5444,6600,1045,1240,1,0,1,"IGN ON"
367110,DATA,59.5,0.0,5447,5444,5399,1045,1240,1,0,1,""
367610,DATA,59.0,-2.1,5435,5442,5401,1045,1240,1,0,1,""
368110,DATA,58.5,-2.1,5418,5432,5400,1045,1240,1,0,1,""
368610,DATA,58.3,-2.1,5408,5420,5400,1045,1240,1,0,1,""
369110,DATA,58.0,0.0,5406,5412,7200,1045,1240,1,0,1,""
369119,EVENT,58.0,0.0,5406,5412,7200,1045,1240,0,0,1,"IGN OFF"
369610,DATA,58.0,-2.1,5410,5410,5400,1045,1240,0,0,1,""
369756,EVENT,58.3,2.1,5413,5410,5400,1045,1240,1,0,1,"IGN ON"
370110,DATA,58.0,0.0,5417,5413,6000,1045,1240,1,0,1,""
370610,DATA,57.7,2.1,5414,5414,6000,1045,1240,1,0,1,""
371110,DATA,57.2,-2.1,5412,5413,6000,1045,1240,1,0,1,""
371191,EVENT,57.2,-2.1,5411,5413,7799,1045,1240,1,1,1,"VALVE1 ON"
371610,DATA,57.5,4.2,5410,5412,5399,1045,1240,1,1,1,""
372110,DATA,57.0,0.0,5407,5409,5400,1045,1240,1,1,1,""
372610,DATA,57.0,-2.1,5411,5409,6000,1045,1240,1,1,1,""
373110,DATA,57.2,-2.1,5415,5412,6000,1045,1240,1,1,1,""
373354,EVENT,57.7,0.0,5417,5414,7199,1045,1240,0,1,1,"IGN OFF"
373610,DATA,58.0,0.0,5417,5415,5400,1045,1240,0,1,1,""
374110,DATA,58.5,2.1,5427,5419,6000,1045,1240,0,1,1,""
374610,DATA,58.7,0.0,5439,5428,6000,1045,1240,0,1,1,""
375110,DATA,59.2,0.0,5448,5438,5400,1045,1240,0,1,1,""
375610,DATA,59.5,4.2,5450,5444,5400,1045,1240,0,1,1,""
375977,EVENT,59.5,2.1,5451,5447,5400,1045,1240,0,1,0,"VALVE2 OFF"
376110,DATA,59.5,0.0,5451,5448,5400,1045,1240,0,1,0,""
376610,DATA,59.2,-2.1,5453,5450,5400,1045,1240,0,1,0,""
376769,EVENT,59.7,2.1,5454,5451,5401,1045,1240,0,1,1,"VALVE2 ON"
377110,DATA,59.5,-2.1,5454,5452,5400,1045,1240,0,1,1,""
377610,DATA,59.7,2.1,5451,5452,5400,1045,1240,0,1,1,""
378110,DATA,59.7,0.0,5450,5451,6000,1045,1240,0,1,1,""
378610,DATA,60.0,0.0,5449,5450,5400,1045,1240,0,1,1,""
379110,DATA,60.0,-2.1,5448,5449,5400,1045,1240,0,1,1,""
379610,DATA,60.0,0.0,5446,5448,6000,1045,1240,0,1,1,""
380110,DATA,60.2,2.1,5445,5446,6000,1045,1240,0,1,1,""
380610,DATA,60.5,2.1,5434,5443,6000,1045,1240,0,1,1,""
381110,DATA,60.5,0.0,5437,5439,7800,1045,1240,0,1,1,""
381610,DATA,60.5,0.0,5479,5452,8400,1045,1240,0,1,1,""
382110,DATA,60.5,0.0,5461,5461,7200,1045,1240,0,1,1,""
382610,DATA,60.8,0.0,5449,5457,7801,1045,1240,0,1,1,""
383110,DATA,60.2,-2.1,5489,5465,5400,1045,1240,0,1,1,""
383610,DATA,60.5,0.0,5472,5473,6000,1045,1240,0,1,1,""
384110,DATA,60.5,0.0,5450,5464,6000,1045,1240,0,1,1,""
384610,DATA,60.5,2.1,5446,5454,5400,1045,1240,0,1,1,""
385110,DATA,60.5,0.0,5448,5450,6600,1045,1240,0,1,1,""
385610,DATA,60.2,-2.1,5449,5449,12000,1045,1240,0,1,1,""
386110,DATA,60.2,-2.1,5432,5444,10200,1045,1240,0,1,1,""
386610,DATA,60.2,0.0,5454,5448,11401,1045,1240,0,1,1,""
387110,DATA,60.0,-2.1,5514,5479,7800,1045,1240,0,1,1,""
387610,DATA,60.0,-2.1,5478,5485,5400,1045,1240,0,1,1,""
388110,DATA,60.0,2.1,5513,5486,6600,1045,1240,0,1,1,""
388610,DATA,59.7,0.0,5489,5494,9600,1045,1240,0,1,1,""
389067,EVENT,59.7,0.0,5486,5487,5400,1000,1240,0,0,0,"PUMP OFF"
389110,DATA,59.7,0.0,5486,5487,5400,1000,1240,0,0,0,""
389610,DATA,59.5,0.0,5486,5484,5400,1000,1240,0,0,0,""
390110,DATA,59.2,0.0,5465,5478,8400,1000,1240,0,0,0,""
390610,DATA,59.2,2.1,5454,5466,6601,1000,1240,0,0,0,""
391110,DATA,58.7,-2.1,5452,5458,10799,1000,1240,0,0,0,""
391610,DATA,58.7,0.0,5496,5460,12000,1000,1240,0,0,0,""
392110,DATA,58.5,0.0,5484,5467,11399,1000,1240,0,0,0,""
392610,DATA,58.3,0.0,5546,5516,13800,1000,1240,0,0,0,""
393110,DATA,58.0,0.0,5486,5510,6600,1000,1240,0,0,0,""
393610,DATA,57.7,0.0,5463,5486,10200,1000,1240,0,0,0,""
394110,DATA,57.5,-2.1,5630,5556,10800,1000,1240,0,0,0,""
394610,DATA,57.5,0.0,5602,5595,8400,1000,1240,0,0,0,""
395110,DATA,57.2,0.0,5510,5563,6600,1000,1240,0,0,0,""
395610,DATA,57.0,0.0,5469,5516,9601,1000,1240,0,0,0,""
396110,DATA,56.7,-2.1,5451,5483,5999,1000,1240,0,0,0,""
396610,DATA,56.5,0.0,5540,5486,9601,1000,1240,0,0,0,""
397110,DATA,56.2,-2.1,5651,5601,13199,1000,1240,0,0,0,""
397610,DATA,56.2,0.0,5528,5579,12001,1000,1240,0,0,0,""
398110,DATA,56.2,2.1,5499,5550,7800,1000,1240,0,0,0,""
398610,DATA,56.0,0.0,5456,5501,6001,1000,1240,0,0,0,""
399110,DATA,55.8,0.0,5396,5458,8401,1000,1240,0,0,0,""
399610,DATA,55.2,-4.2,5430,5435,13202,1000,1240,0,0,0,""
400110,DATA,55.2,0.0,5559,5497,6600,1000,1240,0,0,0,""
400610,DATA,55.0,-2.1,5469,5494,8400,1000,1240,0,0,0,""
401110,DATA,55.0,0.0,5507,5502,14400,1000,1240,0,0,0,""
401610,DATA,54.5,-2.1,5537,5546,10800,1000,1240,0,0,0,""
402110,DATA,54.5,0.0,5459,5501,10800,1000,1240,0,0,0,""
402610,DATA,54.2,0.0,5572,5504,17999,1000,1240,0,0,0,""
403110,DATA,54.0,2.1,5711,5586,13800,1000,1240,0,0,0,""
403610,DATA,54.0,2.1,5769,5700,12598,1000,1240,0,0,0,""
404110,DATA,53.5,0.0,5709,5724,5400,1000,1240,0,0,0,""
404610,DATA,53.3,-2.1,5561,5658,6599,1000,1240,0,0,0,""
404858,EVENT,53.3,0.0,5519,5622,6001,1000,1240,0,0,0,"STARTER 1260"
405110,DATA,53.3,1.8,5486,5586,4807,1000,1247,0,0,0,""
405610,DATA,52.7,-2.1,5261,5457,11399,1000,1257,0,0,0,""
406110,DATA,52.7,0.0,5228,5303,12599,1000,1260,0,0,0,""
406610,DATA,52.5,0.0,5544,5385,6000,1000,1260,0,0,0,""
406708,EVENT,52.5,0.0,5586,5415,5400,1000,1260,0,0,0,"STARTER 1280"
407110,DATA,52.2,0.0,5476,5495,3000,1000,1271,0,0,0,""
407610,DATA,52.0,-2.1,4659,5168,6000,1000,1279,0,0,0,""
408110,DATA,52.0,2.1,4276,4728,6000,1000,1280,0,0,0,""
408610,DATA,51.7,0.0,4141,4421,6000,1000,1280,0,0,0,""
409110,DATA,51.5,-2.1,4096,4247,6600,1000,1280,0,0,0,""
409610,DATA,51.2,-2.1,4081,4157,6000,1000,1280,0,0,0,""
410110,DATA,51.2,0.0,4077,4113,6600,1000,1280,0,0,0,""
410610,DATA,51.0,0.0,4075,4092,6000,1000,1280,0,0,0,""
411110,DATA,51.0,0.0,4074,4082,6000,1000,1280,0,0,0,""
411610,DATA,50.8,0.0,4074,4078,7200,1000,1280,0,0,0,""
412110,DATA,50.8,2.1,4074,4076,6000,1000,1280,0,0,0,""
412610,DATA,50.5,0.0,4074,4075,6001,1000,1280,0,0,0,""
413110,DATA,50.0,-2.1,4074,4075,6600,1000,1280,0,0,0,""
413610,DATA,50.0,0.0,4074,4074,6000,1000,1280,0,0,0,""
414110,DATA,49.7,-2.1,4074,4074,6000,1000,1280,0,0,0,""
414610,DATA,49.7,0.0,4074,4074,6600,1000,1280,0,0,0,""
415110,DATA,49.5,0.0,4074,4074,10200,1000,1280,0,0,0,""
415352,EVENT,49.5,0.0,4074,4074,6600,1000,1280,0,1,0,"VALVE1 ON"
415610,DATA,49.2,-2.1,4074,4074,5999,1000,1280,0,1,0,""
416110,DATA,49.2,2.1,4074,4074,6600,1000,1280,0,1,0,""
416447,EVENT,49.0,0.0,4074,4074,6600,1000,1280,0,1,1,"VALVE2 ON"
416610,DATA,49.2,2.1,4074,4074,9601,1000,1280,0,1,1,""
417110,DATA,48.7,-2.1,4252,4102,11400,1000,1280,0,1,1,""
417610,DATA,48.7,0.0,5391,4623,9600,1000,1280,0,1,1,""
418110,DATA,48.5,0.0,6024,5289,7199,1000,1280,0,1,1,""
418610,DATA,48.5,0.0,6201,5781,7200,1000,1280,0,1,1,""
419110,DATA,48.3,0.0,6204,6017,6000,1000,1280,0,1,1,""
419610,DATA,48.0,0.0,6197,6118,6000,1000,1280,0,1,1,""
420051,EVENT,48.0,0.0,6193,6155,6600,1000,1280,0,1,1,"STARTER 1300"
420110,DATA,47.7,-2.1,6192,6160,5999,1000,1282,0,1,1,""
420610,DATA,47.7,0.0,5916,6102,6628,1000,1294,0,1,1,""
420786,EVENT,47.5,0.0,5755,6015,6600,1000,1297,0,1,1,"STARTER 1320"
421110,DATA,47.5,0.0,5424,5834,1667,1000,1307,0,1,1,""
421610,DATA,47.2,0.0,4869,5385,13802,1000,1318,0,1,1,""
422110,DATA,47.0,-2.1,4659,5008,10201,1000,1320,0,1,1,""
422610,DATA,46.7,-2.1,5351,4993,9601,1000,1320,0,1,1,""
423110,DATA,46.7,0.0,6316,5577,12000,1000,1320,0,1,1,""
423610,DATA,46.5,0.0,6713,6151,7800,1000,1320,0,1,1,""
424110,DATA,46.5,0.0,6852,6521,7800,1000,1320,0,1,1,""
424524,EVENT,46.2,0.0,6891,6693,7800,1000,1320,0,1,1,"PUMP 1045"
424610,DATA,46.2,0.0,6896,6724,7799,1000,1320,0,1,1,""
425130,DATA,46.0,0.0,6835,6800,4183,1014,1320,0,1,1,""
425650,DATA,46.0,0.0,6327,6625,1667,1037,1320,0,1,1,""
425899,EVENT,45.8,-2.1,6198,6514,1500,1044,1320,1,1,1,"IGN ON"
426150,DATA,45.2,0.0,6079,6358,7200,1045,1320,1,1,1,""
426650,DATA,45.5,2.1,5992,6167,6600,1045,1320,1,1,1,""
427150,DATA,45.5,0.0,5962,6057,6600,1045,1320,1,1,1,""
427650,DATA,45.5,0.0,5953,6000,7801,1045,1320,1,1,1,""
428150,DATA,45.2,0.0,5950,5973,7200,1045,1320,1,1,1,""
428650,DATA,45.2,-2.1,5949,5959,7200,1045,1320,1,1,1,""
429150,DATA,45.0,0.0,5948,5953,7201,1045,1320,1,1,1,""
429650,DATA,45.5,2.1,5948,5950,6600,1045,1320,1,1,1,""
430150,DATA,46.5,4.2,5948,5949,6600,1045,1320,1,1,1,""
430650,DATA,47.5,2.1,5948,5949,7200,1045,1320,1,1,1,""
431150,DATA,48.5,2.1,5948,5948,6600,1045,1320,1,1,1,""
431650,DATA,49.5,2.1,5948,5948,7200,1045,1320,1,1,1,""
432150,DATA,50.0,0.0,5948,5948,7201,1045,1320,1,1,1,""
432650,DATA,50.8,0.0,5948,5948,6601,1045,1320,1,1,1,""
433150,DATA,51.2,0.0,6053,5959,7200,1045,1320,1,1,1,""
433650,DATA,51.7,0.0,6554,6206,6600,1045,1320,1,1,1,""
433667,EVENT,51.7,0.0,6554,6206,6600,1045,1320,0,1,1,"IGN OFF"
434150,DATA,52.7,2.1,6783,6493,7201,1045,1320,0,1,1,""
434650,DATA,53.3,2.1,6874,6691,8400,1045,1320,0,1,1,""
435150,DATA,53.7,0.0,6917,6810,6600,1045,1320,0,1,1,""
435650,DATA,54.5,2.1,6933,6876,6600,1045,1320,0,1,1,""
436150,DATA,55.2,0.0,6941,6911,7200,1045,1320,0,1,1,""
436650,DATA,55.8,0.0,6942,6928,7200,1045,1320,0,1,1,""
437150,DATA,56.2,0.0,6939,6935,7201,1045,1320,0,1,1,""
437650,DATA,56.5,0.0,6936,6936,7800,1045,1320,0,1,1,""
438150,DATA,56.5,-2.1,6933,6935,7200,1045,1320,0,1,1,""
438650,DATA,56.7,0.0,6931,6933,7199,1045,1320,0,1,1,""
439150,DATA,57.0,0.0,6931,6932,7801,1045,1320,0,1,1,""
439650,DATA,57.0,0.0,6930,6931,6600,1045,1320,0,1,1,""
440150,DATA,57.0,2.1,6925,6929,6600,1045,1320,0,1,1,""
440650,DATA,56.7,0.0,6919,6925,9001,1045,1320,0,1,1,""
441150,DATA,56.5,-2.0,6915,6920,7200,1045,1320,0,1,1,""
441307,EVENT,56.5,-2.1,6914,6919,7199,1045,1320,1,1,1,"IGN ON"
441650,DATA,56.0,0.0,6908,6915,7200,1045,1320,1,1,1,""
442150,DATA,57.2,4.2,6905,6910,6600,1045,1320,1,1,1,""
442650,DATA,59.0,2.1,6903,6906,7200,1045,1320,1,1,1,""
443150,DATA,60.2,4.2,6905,6905,6600,1045,1320,1,1,1,""
443465,EVENT,60.8,2.1,6905,6905,7201,1045,1320,1,1,1,"STARTER 1340"
443670,DATA,61.0,2.1,6905,6905,6576,1045,1326,1,1,1,""
443977,EVENT,61.2,0.0,6929,6914,5421,1045,1333,1,1,1,"STARTER 1360"
444190,DATA,61.5,1.9,6920,6916,2499,1045,1340,1,1,1,""
444690,DATA,62.2,2.1,6683,6866,7831,1045,1355,1,1,1,""
444766,EVENT,62.2,2.1,6683,6866,7831,1045,1357,1,1,1,"STARTER 1380"
445190,DATA,62.5,0.0,6210,6619,2000,1045,1369,1,1,1,""
445690,DATA,63.0,0.0,5919,6273,7800,1045,1379,1,1,1,""
446190,DATA,64.0,2.1,5817,6034,7800,1045,1380,1,1,1,""
446415,EVENT,64.2,2.1,5799,5970,7800,1045,1380,1,1,1,"STARTER 1400"
446690,DATA,64.5,2.1,5787,5920,7800,1045,1388,1,1,1,""
447190,DATA,65.5,2.1,5773,5840,7799,1045,1397,1,1,1,""
447649,EVENT,65.8,2.1,5422,5712,9000,1045,1400,1,1,1,"STARTER 1420"
447690,DATA,66.0,2.1,5296,5650,8399,1045,1401,1,1,1,""
448190,DATA,66.2,2.1,4939,5357,7829,1045,1414,1,1,1,""
448690,DATA,66.5,0.0,4747,5046,10200,1045,1420,1,1,1,""
448739,EVENT,66.5,0.0,4727,4998,12000,1045,1420,1,1,1,"STARTER 1440"
449190,DATA,66.7,0.0,4681,4852,3500,1045,1432,1,1,1,""
449690,DATA,67.2,0.0,4668,4750,12600,1045,1439,1,1,1,""
450041,EVENT,67.5,0.0,4767,4742,10199,1045,1440,1,1,1,"STARTER 1460"
450210,DATA,67.5,0.0,4894,4775,13203,1045,1445,1,1,1,""
450710,DATA,67.7,0.0,5491,5032,17399,1045,1456,1,1,1,""
451210,DATA,68.0,0.0,6251,5545,15001,1045,1460,1,1,1,""
451365,EVENT,68.3,2.1,6624,5707,11398,1045,1460,1,1,1,"STARTER 1480"
451730,DATA,68.3,0.0,7469,6493,4500,1045,1470,1,1,1,""
452230,DATA,68.5,0.0,7065,6889,10800,1045,1478,1,1,1,""
452689,EVENT,68.7,2.1,7264,6980,12000,1045,1480,1,1,1,"STARTER 1500"
452730,DATA,68.7,0.0,7598,7073,17320,1045,1481,1,1,1,""
453230,DATA,69.0,2.1,7727,7512,10189,1045,1494,1,1,1,""
453730,DATA,69.0,-2.1,7281,7454,10200,1045,1500,1,1,1,""
454230,DATA,69.5,2.1,8256,7661,11401,1045,1500,1,1,1,""
454247,EVENT,69.5,2.1,8256,7661,11401,1045,1500,1,1,1,"STARTER 1520"
454730,DATA,69.7,0.0,8440,8054,6817,1045,1513,1,1,1,""
455230,DATA,70.0,2.1,8249,8174,17812,1045,1520,1,1,1,""
455730,DATA,70.0,0.0,8629,8345,21376,1045,1520,1,1,1,""
456230,DATA,70.2,0.0,9404,8826,14260,1045,1520,1,1,1,""
456730,DATA,70.5,0.0,9651,9259,15888,1045,1520,1,1,1,""
457230,DATA,70.5,-2.1,10298,9702,21182,1045,1520,1,1,1,""
457730,DATA,70.8,0.0,10271,10071,15886,1045,1520,1,1,1,""
458230,DATA,71.0,0.0,9495,9877,7060,1045,1520,1,1,1,""
458528,EVENT,71.0,0.0,9020,9625,7801,1045,1520,0,1,1,"IGN OFF"
458730,DATA,71.0,0.0,8796,9404,7057,1045,1520,0,1,1,""
459230,DATA,71.2,0.0,8806,9060,8910,1045,1520,0,1,1,""
459730,DATA,71.2,0.0,8862,8941,1783,1045,1520,0,1,1,""
460093,EVENT,71.5,2.1,8882,8911,4800,1045,1520,1,1,1,"IGN ON"
460230,DATA,71.2,-2.1,8885,8907,5291,1045,1520,1,1,1,""
460730,DATA,71.5,0.0,8893,8898,8906,1045,1520,1,1,1,""
461230,DATA,71.5,0.0,8895,8896,5939,1045,1520,1,1,1,""
461730,DATA,71.7,0.0,8896,8896,3564,1045,1520,1,1,1,""
461768,EVENT,71.7,0.0,8896,8896,3564,1045,1520,1,1,1,"PUMP 1050"
462230,DATA,71.7,0.0,8897,8896,16629,1046,1520,1,1,1,""
462730,DATA,72.0,0.0,8897,8897,1781,1049,1520,1,1,1,""
463230,DATA,72.0,0.0,8897,8897,8907,1050,1520,1,1,1,""
463726,EVENT,72.5,2.0,8897,8897,7721,1050,1520,1,1,1,"STARTER 1540"
463730,DATA,72.5,2.0,8897,8897,7721,1050,1520,1,1,1,""
464230,DATA,72.5,0.0,8897,8897,9637,1050,1533,1,1,1,""
464730,DATA,72.7,0.0,8897,8897,7201,1050,1540,1,1,1,""
464873,EVENT,73.0,2.1,8897,8897,6000,1050,1540,1,1,1,"STARTER 1560"
465230,DATA,73.3,2.1,8897,8897,3999,1050,1550,1,1,1,""
465730,DATA,73.3,0.0,8897,8897, 0,1050,1558,1,1,1,""
466230,DATA,73.5,0.0,8897,8897,6600,1050,1560,1,1,1,""
466730,DATA,73.7,0.0,8897,8897,5400,1050,1560,1,1,1,""
467230,DATA,73.7,-2.1,8897,8897,3000,1050,1560,1,1,1,""
467730,DATA,74.0,0.0,8897,8897,4200,1050,1560,1,1,1,""
468230,DATA,74.2,2.1,8897,8897,7799,1050,1560,1,1,1,""
468311,EVENT,74.2,0.0,8897,8897,6000,1050,1560,1,1,1,"STARTER 1580"
468730,DATA,74.2,0.0,8897,8897,3500,1050,1571,1,1,1,""
469230,DATA,74.5,0.0,8897,8897,4200,1050,1579,1,1,1,""
469730,DATA,74.7,2.1,8897,8897,10799,1050,1580,1,1,1,""
470230,DATA,74.7,0.0,8897,8897,2400,1050,1580,1,1,1,""
470730,DATA,74.7,0.0,8897,8897,6000,1050,1580,1,1,1,""
470949,EVENT,74.7,0.0,8897,8897,4800,1050,1580,0,1,1,"IGN OFF"
471230,DATA,75.0,0.0,8897,8897,600,1050,1580,0,1,1,""
471730,DATA,75.0,0.0,8897,8897,600,1050,1580,0,1,1,""
472230,DATA,75.0,-2.1,8897,8897,13800,1050,1580,0,1,1,""
472730,DATA,75.2,0.0,8827,8886,16198,1050,1580,0,1,1,""
472813,EVENT,75.2,0.0,8928,8892,18599,1050,1580,0,1,1,"PUMP 1055"
473231,DATA,75.2,0.0,10133,9291,15600,1051,1580,0,1,1,""
473732,DATA,75.2,0.0,10553,9943,19799,1053,1580,0,1,1,""
473981,EVENT,75.0,-2.1,10598,10189,17400,1054,1580,1,1,1,"IGN ON"
474233,DATA,75.0,0.0,10655,10314,21002,1055,1580,1,1,1,""
474734,DATA,75.2,2.1,10564,10495,3600,1055,1580,1,1,1,""
475235,DATA,75.2,0.0,9812,10245,9000,1055,1580,1,1,1,""
475736,DATA,75.5,0.0,9446,9855,5400,1055,1580,1,1,1,""
476237,DATA,75.5,0.0,9317,9574,4200,1055,1580,1,1,1,""
476667,EVENT,75.8,0.0,9279,9438,4800,1055,1580,1,1,1,"STARTER 1600"
476738,DATA,75.8,0.0,9274,9413,6000,1055,1582,1,1,1,""
477239,DATA,76.0,0.0,9260,9330,4200,1055,1594,1,1,1,""
477740,DATA,76.2,2.1,9255,9289,5400,1055,1600,1,1,1,""
478241,DATA,76.2,0.0,9254,9269,3600,1055,1600,1,1,1,""
478742,DATA,76.5,0.0,9253,9260,5400,1055,1600,1,1,1,""
478830,EVENT,76.5,0.0,9253,9259,2999,1055,1600,0,1,1,"IGN OFF"
479243,DATA,76.7,0.0,9253,9256,3600,1055,1600,0,1,1,""
479744,DATA,77.0,2.1,9253,9254,13199,1055,1600,0,1,1,""
480245,DATA,77.0,0.0,8114,8986,43203,1055,1600,0,1,1,""
480331,EVENT,77.0,0.0,8020,8841,4199,1055,1600,0,1,1,"PUMP 1060"
480746,DATA,77.0,0.0,8477,8581,91202,1056,1600,0,1,1,""
481247,DATA,77.0,0.0,4963,7451,77409,1058,1600,0,1,1,""
481748,DATA,77.0,0.0,5716,5998,52202,1060,1600,0,1,1,""
482183,EVENT,77.0,0.0,7498,6459,5400,1060,1600,0,1,1,"STARTER 1620"
482249,DATA,77.0,0.0,7820,6663,66586,1060,1602,0,1,1,""
482750,DATA,77.0,0.0,8745,7685,3600,1060,1614,0,1,1,""
483251,EVENT,76.7,-2.1,9083,8414,3000,1060,1620,1,1,1,"IGN ON"
483252,DATA,76.7,-2.1,9083,8414,3000,1060,1620,1,1,1,""
483752,DATA,76.2,0.0,9197,8833,7200,1060,1620,1,1,1,""
484130,EVENT,76.2,0.0,9230,9019,7201,1060,1620,0,1,1,"IGN OFF"
484253,DATA,76.2,0.0,9234,9051,4799,1060,1620,0,1,1,""
484754,DATA,76.7,2.0,9247,9158,5400,1060,1620,0,1,1,""
485255,DATA,76.7,0.0,9251,9209,7801,1060,1620,0,1,1,""
485756,DATA,76.7,0.0,9252,9233,6601,1060,1620,0,1,1,""
486257,DATA,76.7,0.0,9253,9244,5400,1060,1620,0,1,1,""
486758,DATA,76.5,0.0,9253,9249,5400,1060,1620,0,1,1,""
487259,DATA,76.2,0.0,9253,9251,12000,1060,1620,0,1,1,""
487760,DATA,76.0,0.0,9253,9252,10800,1060,1620,0,1,1,""
488261,DATA,75.8,0.0,9188,9243,14400,1060,1620,0,1,1,""
488386,EVENT,75.8,0.0,9162,9231,10799,1060,1620,0,1,1,"STARTER 1640"
488762,DATA,75.2,0.0,9183,9202,3181,1060,1630,0,1,1,""
489263,DATA,75.0,0.0,9226,9208,11286,1060,1639,0,1,1,""
489764,DATA,74.7,0.0,9244,9225,8908,1060,1640,0,1,1,""
489890,EVENT,74.5,-2.1,9246,9228,10803,1060,1640,1,1,1,"IGN ON"
490265,DATA,74.0,0.0,9250,9238,9501,1060,1640,1,1,1,""
490766,DATA,75.8,2.0,9252,9245,4752,1060,1640,1,1,1,""
491267,DATA,77.5,4.2,9253,9249,8318,1060,1640,1,1,1,""
491768,DATA,78.5,0.0,9253,9251,8233,1060,1640,1,1,1,""
492269,DATA,78.7,0.0,9253,9252,12478,1060,1640,1,1,1,""
492770,DATA,79.0,2.1,9253,9252,11764,1060,1640,1,1,1,""
493271,DATA,79.2,2.1,9253,9253,7724,1060,1640,1,1,1,""
493772,DATA,79.2,0.0,9253,9253,12940,1060,1640,1,1,1,""
494273,DATA,79.5,0.0,9253,9253,6537,1060,1640,1,1,1,""
494774,DATA,79.7,0.0,9253,9253,9998,1060,1640,1,1,1,""
495275,DATA,80.2,2.1,9253,9253,10696,1060,1640,1,1,1,""
495776,DATA,80.2,2.1,9253,9253,13533,1060,1640,1,1,1,""
496277,DATA,80.5,0.0,9338,9264,13530,1060,1640,1,1,1,""
496778,DATA,80.8,0.0,9301,9262,18831,1060,1640,1,1,1,""
497279,DATA,81.2,0.0,9141,9222,12355,1060,1640,1,1,1,""
497780,DATA,81.5,0.0,9376,9299,18241,1060,1640,1,1,1,""
498281,DATA,81.7,0.0,9087,9223,11180,1060,1640,1,1,1,""
498782,DATA,82.0,-2.1,8835,9048,8821,1060,1640,1,1,1,""
499283,DATA,82.3,0.0,8727,8885,6532,1060,1640,1,1,1,""
499784,DATA,82.7,0.0,8690,8782,10102,1060,1640,1,1,1,""
500285,DATA,82.7,-2.1,8678,8726,8820,1060,1640,1,1,1,""
500786,DATA,83.3,0.0,8674,8697,5346,1060,1640,1,1,1,""
501287,DATA,83.5,2.1,8672,8684,3565,1060,1640,1,1,1,""
501788,DATA,83.7,2.1,8672,8677,12947,1060,1640,1,1,1,""
502289,DATA,83.7,0.0,8672,8674,82368,1060,1640,1,1,1,""
502790,DATA,84.2,0.0,8672,8673,5296,1060,1640,1,1,1,""
503291,DATA,84.2,0.0,8672,8672,8821,1060,1640,1,1,1,""
503792,DATA,84.8,2.1,8672,8672,7128,1060,1640,1,1,1,""
504293,DATA,84.8,0.0,8672,8672,13065,1060,1640,1,1,1,""
504794,DATA,85.0,0.0,8672,8672,7128,1060,1640,1,1,1,""
505295,DATA,85.2,2.1,8672,8672,4753,1060,1640,1,1,1,""
505796,DATA,85.2,0.0,8672,8672,5293,1060,1640,1,1,1,""
506297,DATA,85.5,0.0,8672,8672,5942,1060,1640,1,1,1,""
506798,DATA,85.8,0.0,8672,8672,5884,1060,1640,1,1,1,""
507299,DATA,85.8,0.0,8672,8672,3530,1060,1640,1,1,1,""
507800,DATA,85.8,-2.1,8672,8672,6468,1060,1640,1,1,1,""
508301,DATA,86.0,0.0,8672,8672,4158,1060,1640,1,1,1,""
508802,DATA,86.2,0.0,8672,8672,3566,1060,1640,1,1,1,""
509303,DATA,86.2,0.0,8672,8672,4707,1060,1640,1,1,1,""
509804,DATA,86.2,0.0,8672,8672,45900,1060,1640,1,1,1,""
510305,DATA,86.5,0.0,8672,8672,9415,1060,1640,1,1,1,""
510806,DATA,86.5,0.0,8672,8672,5885,1060,1640,1,1,1,""
511307,DATA,86.7,0.0,8672,8672,7061,1060,1640,1,1,1,""
511632,EVENT,86.7,0.0,8672,8672,7800,1060,1640,0,1,1,"IGN OFF"
511808,DATA,87.0,0.0,8672,8672,8822,1060,1640,0,1,1,""
512309,DATA,87.3,0.0,8672,8672,1783,1060,1640,0,1,1,""
512810,DATA,87.3,0.0,8672,8672,4705,1060,1640,0,1,1,""
513311,DATA,87.3,0.0,8672,8672,3565,1060,1640,0,1,1,""
513812,DATA,87.5,2.1,8672,8672,588,1060,1640,0,1,1,""
514313,DATA,87.3,0.0,8672,8672,6535,1060,1640,0,1,1,""
514814,DATA,87.3,0.0,8672,8672,4705,1060,1640,0,1,1,""
515315,DATA,87.3,0.0,8672,8672,5345,1060,1640,0,1,1,""
515816,DATA,87.3,0.0,8672,8672,4752,1060,1640,0,1,1,""
516029,EVENT,87.3,0.0,8672,8672,8400,1060,1640,1,1,1,"IGN ON"
516317,DATA,86.7,0.0,8672,8672,5345,1060,1640,1,1,1,""
516818,DATA,86.7,-2.1,8672,8672,5344,1060,1640,1,1,1,""
517148,EVENT,86.7,0.0,8672,8672,4800,1060,1640,1,1,1,"PUMP 1065"
517319,DATA,87.0,2.1,8672,8672,8909,1060,1640,1,1,1,""
517820,DATA,87.0,0.0,8672,8672,6535,1062,1640,1,1,1,""
518321,DATA,87.3,0.0,8672,8672,4157,1064,1640,1,1,1,""
518822,DATA,87.3,0.0,8672,8672,61175,1065,1640,1,1,1,""
519323,DATA,87.5,0.0,8875,8765,3565,1065,1640,1,1,1,""
519824,DATA,87.5,0.0,7571,8608,104075,1065,1640,1,1,1,""
520325,DATA,87.7,0.0,6824,7800,88517,1065,1640,1,1,1,""
520826,DATA,88.0,2.0,6847,7055,4116,1065,1640,1,1,1,""
521327,DATA,88.0,0.0,7979,7390,79621,1065,1640,1,1,1,""
521828,DATA,88.3,0.0,8437,7906,8827,1065,1640,1,1,1,""
522329,DATA,88.5,0.0,8594,8266,6468,1065,1640,1,1,1,""
522668,EVENT,88.5,0.0,8632,8404,3000,1065,1640,1,1,1,"STARTER 1660"
522830,DATA,88.5,0.0,8640,8439,4199,1065,1645,1,1,1,""
523330,DATA,88.5,-2.1,8842,8606,7200,1065,1656,1,1,1,""
523830,DATA,88.7,0.0,9099,8840,8401,1065,1660,1,1,1,""
524330,DATA,89.0,0.0,9241,9036,13801,1065,1660,1,1,1,""
524830,DATA,89.0,-2.1,9390,9170,19799,1065,1660,1,1,1,""
525330,DATA,89.2,0.0,10126,9640,22799,1065,1660,1,1,1,""
525830,DATA,89.5,2.1,9580,9742,13199,1065,1660,1,1,1,""
526330,DATA,89.5,0.0,9719,9638,18599,1065,1660,1,1,1,""
526830,DATA,89.5,-2.1,10628,10012,14399,1065,1660,1,1,1,""
527330,DATA,89.5,0.0,11094,10546,10200,1065,1660,1,1,1,""
527830,DATA,89.5,0.0,11251,10916,9000,1065,1660,1,1,1,""
528330,DATA,89.8,0.0,11304,11124,6600,1065,1660,1,1,1,""
528830,DATA,89.8,0.0,11321,11231,7800,1065,1660,1,1,1,""
529330,DATA,89.8,0.0,11282,11269,7800,1065,1660,1,1,1,""
529364,EVENT,89.8,0.0,11282,11269,7800,1065,1660,1,1,1,"STARTER 1680"
529830,DATA,90.0,0.0,11245,11261,4217,1065,1672,1,1,1,""
530330,DATA,90.0,0.0,11231,11247,11400,1065,1680,1,1,1,""
530830,DATA,90.0,0.0,11226,11236,6600,1065,1680,1,1,1,""
531330,DATA,90.0,0.0,11225,11230,9600,1065,1680,1,1,1,""
531830,DATA,90.2,2.1,11224,11227,11400,1065,1680,1,1,1,""
532330,DATA,90.2,2.1,10837,11122,16200,1065,1680,1,1,1,""
532830,DATA,90.2,0.0,10785,10916,13800,1065,1680,1,1,1,""
533330,DATA,90.2,0.0,10536,10824,10800,1065,1680,1,1,1,""
533830,DATA,90.2,0.0,10245,10472,12000,1065,1680,1,1,1,""
534096,EVENT,90.2,0.0,10064,10328,14400,1065,1680,0,1,1,"IGN OFF"
534330,DATA,90.2,0.0,10145,10271,8401,1065,1680,0,1,1,""
534830,DATA,90.2,0.0,10375,10291,7801,1065,1680,0,1,1,""
535330,DATA,90.2,0.0,10476,10379,13800,1065,1680,0,1,1,""
535830,DATA,90.2,0.0,10511,10447,8401,1065,1680,0,1,1,""
536330,DATA,90.0,0.0,10523,10488,11402,1065,1680,0,1,1,""
536830,DATA,89.8,-2.1,10526,10509,13201,1065,1680,0,1,1,""
537330,DATA,90.0,2.1,10728,10593,17398,1065,1680,0,1,1,""
537830,DATA,89.5,0.0,10584,10670,18600,1065,1680,0,1,1,""
538330,DATA,89.5,0.0,10080,10357,16801,1065,1680,0,1,1,""
538830,DATA,89.2,0.0,10113,10233,8400,1065,1680,0,1,1,""
539330,DATA,89.0,0.0,10257,10217,10200,1065,1680,0,1,1,""
539830,DATA,88.5,-2.1,10348,10276,10800,1065,1680,0,1,1,""
540330,DATA,88.0,0.0,10381,10330,10200,1065,1680,0,1,1,""
540830,DATA,87.5,0.0,10392,10363,6001,1065,1680,0,1,1,""
541297,EVENT,86.7,-2.1,10396,10381,8999,1065,1680,0,1,1,"STARTER 1700"
541330,DATA,86.7,-2.1,10396,10381,8999,1065,1681,0,1,1,""
541830,DATA,86.2,0.0,10397,10389,1500,1065,1694,0,1,1,""
542184,EVENT,85.5,-2.1,10398,10393,4200,1065,1699,1,1,1,"IGN ON"
542330,DATA,85.0,-4.2,10398,10394,4199,1065,1700,1,1,1,""
542830,DATA,85.0,0.0,10398,10396,9600,1065,1700,1,1,1,""
543330,DATA,87.3,4.2,10398,10397,1200,1065,1700,1,1,1,""
543830,DATA,87.7,0.0,10398,10397,122399,1065,1700,1,1,1,""
544330,DATA,87.7,-2.1,10814,10590,5400,1065,1700,1,1,1,""
544830,DATA,87.7,0.0,10581,10627,9000,1065,1700,1,1,1,""
545830,DATA,88.0,0.0,10419,10484,7800,1065,1700,1,1,1,""
546330,DATA,88.0,0.0,10405,10442,8400,1065,1700,1,1,1,""
546830,DATA,88.0,-2.1,10400,10419,3000,1065,1700,1,1,1,""
547330,DATA,88.3,0.0,10399,10408,5400,1065,1700,1,1,1,""
547503,EVENT,88.3,0.0,10398,10405,7801,1065,1700,1,1,1,"STARTER 1720"
547830,DATA,88.5,2.1,10398,10403,2500,1065,1709,1,1,1,""
548330,DATA,88.5,0.0,10398,10400,7800,1065,1718,1,1,1,""
548830,DATA,88.5,0.0,9566,10274,158381,1065,1720,1,1,1,""
549330,DATA,88.5,0.0,16756,12727,26400,1065,1720,1,1,1,""
549830,DATA,88.7,2.1,14072,14136,3600,1065,1720,1,1,1,""
550330,DATA,89.0,2.1,11725,13152,5400,1065,1720,1,1,1,""
550830,DATA,89.0,0.0,10087,11889,111004,1065,1720,1,1,1,""
551330,DATA,89.0,0.0,5098,8773,60597,1065,1720,1,1,1,""
551830,DATA,89.0,0.0,4127,6146,102002,1065,1720,1,1,1,""
552330,DATA,89.2,2.1,9825,6675,31797,1065,1720,1,1,1,""
552830,DATA,89.2,0.0,13533,9185,77402,1065,1720,1,1,1,""
553330,DATA,89.2,0.0,7453,9616,111610,1065,1720,1,1,1,""
553830,DATA,89.2,0.0,14327,11126,5400,1065,1720,1,1,1,""
554117,EVENT,89.2,0.0,13536,12195,4847,1065,1720,0,1,1,"IGN OFF"
554330,DATA,89.5,0.0,12637,12373,48012,1065,1720,0,1,1,""
554830,DATA,89.2,0.0,11205,11941,3600,1065,1720,0,1,1,""
555330,DATA,89.2,-2.1,10668,11311,118193,1065,1720,0,1,1,""
555830,DATA,89.2,0.0,11635,10939,6000,1065,1720,0,1,1,""
556330,DATA,89.2,0.0,13116,12148,4800,1065,1720,0,1,1,""
556830,DATA,89.0,0.0,12032,12275,5400,1065,1720,0,1,1,""
557330,DATA,88.7,0.0,11541,11943,6600,1065,1720,0,1,1,""
557830,DATA,88.7,0.0,11337,11575,8401,1065,1720,0,1,1,""
558263,EVENT,88.5,0.0,11928,11681,12600,1065,1720,1,1,1,"IGN ON"
558330,DATA,88.5,0.0,11928,11681,12600,1065,1720,1,1,1,""
558830,DATA,88.0,0.0,12143,11907,5400,1065,1720,1,1,1,""
559330,DATA,87.7,0.0,12214,12068,9600,1065,1720,1,1,1,""
559830,DATA,88.0,0.0,12238,12159,6001,1065,1720,1,1,1,""
560330,DATA,88.0,0.0,12246,12206,4200,1065,1720,1,1,1,""
560830,DATA,88.0,0.0,12248,12229,4200,1065,1720,1,1,1,""
561330,DATA,88.0,0.0,12249,12240,5400,1065,1720,1,1,1,""
561830,DATA,88.0,2.1,12249,12245,6599,1065,1720,1,1,1,""
562330,DATA,88.0,0.0,12249,12248,1800,1065,1720,1,1,1,""
562502,EVENT,88.3,2.1,12249,12248,1765,1065,1720,1,1,1,"PUMP 1070"
562830,DATA,88.0,0.0,12249,12249,5400,1066,1720,1,1,1,""
563330,DATA,88.0,0.0,12250,12249,5400,1068,1720,1,1,1,""
563830,DATA,88.0,0.0,12250,12249,5400,1070,1720,1,1,1,""
564330,DATA,88.0,0.0,12250,12249,6000,1070,1720,1,1,1,""
564830,DATA,88.0,0.0,12250,12249,5400,1070,1720,1,1,1,""
565330,DATA,88.3,0.0,12250,12249,19799,1070,1720,1,1,1,""
565830,DATA,88.3,2.1,12250,12250,4800,1070,1720,1,1,1,""
566330,DATA,88.3,0.0,12250,12250,5400,1070,1720,1,1,1,""
566830,DATA,88.3,0.0,12250,12250,3600,1070,1720,1,1,1,""
567330,DATA,88.3,0.0,12250,12250,6000,1070,1720,1,1,1,""
567830,DATA,88.3,0.0,12250,12250,4200,1070,1720,1,1,1,""
568330,DATA,88.3,0.0,12250,12250,40797,1070,1720,1,1,1,""
568640,EVENT,88.3,0.0,12250,12250,3636,1070,1720,0,1,1,"IGN OFF"
568830,DATA,88.5,2.1,12250,12250,5400,1070,1720,0,1,1,""
569330,DATA,88.5,0.0,12250,12250,6600,1070,1720,0,1,1,""
569830,DATA,88.5,0.0,12250,12250,4200,1070,1720,0,1,1,""
570330,DATA,88.5,2.1,12250,12250,5400,1070,1720,0,1,1,""
570830,DATA,88.3,0.0,12250,12250,10200,1070,1720,0,1,1,""
571330,DATA,88.3,2.1,12250,12250,10200,1070,1720,0,1,1,""
571830,DATA,88.3,0.0,12250,12250,10799,1070,1720,0,1,1,""
572330,DATA,88.0,0.0,12250,12250,8400,1070,1720,0,1,1,""
572830,DATA,88.0,0.0,12250,12250,10800,1070,1720,0,1,1,""
573330,DATA,87.7,-2.1,12250,12250,7200,1070,1720,0,1,1,""
573830,DATA,87.5,0.0,12250,12250,5400,1070,1720,0,1,1,""
574330,DATA,87.3,-2.1,12250,12250,6000,1070,1720,0,1,1,""
574830,DATA,87.0,0.0,12250,12250,5400,1070,1720,0,1,1,""
574898,EVENT,86.7,-2.1,12250,12250,3600,1070,1720,1,1,1,"IGN ON"
575330,DATA,86.2,0.0,12250,12250,4800,1070,1720,1,1,1,""
575830,DATA,86.2,2.1,12250,12250,4200,1070,1720,1,1,1,""
576330,DATA,86.5,0.0,12250,12250,15599,1070,1720,1,1,1,""
576830,DATA,86.5,-2.1,12250,12250,6000,1070,1720,1,1,1,""
577330,DATA,86.7,0.0,12250,12250,4200,1070,1720,1,1,1,""
577830,DATA,87.0,0.0,12250,12250,6000,1070,1720,1,1,1,""
578330,DATA,87.0,0.0,12250,12250,6000,1070,1720,1,1,1,""
578483,EVENT,87.3,2.1,12250,12250,5999,1070,1720,1,1,1,"STARTER 1740"
578850,DATA,87.3,0.0,12250,12250,3500,1070,1730,1,1,1,""
579350,DATA,87.5,0.0,12250,12250,10802,1070,1739,1,1,1,""
579850,DATA,87.5,0.0,12250,12250,8401,1070,1740,1,1,1,""
580350,DATA,87.5,0.0,12250,12250,8999,1070,1740,1,1,1,""
580850,DATA,88.0,2.1,12250,12250,10800,1070,1740,1,1,1,""
581350,DATA,88.3,0.0,12250,12250,10799,1070,1740,1,1,1,""
581850,DATA,88.5,0.0,12250,12250,12000,1070,1740,1,1,1,""
582350,DATA,88.5,0.0,12250,12250,7200,1070,1740,1,1,1,""
582850,DATA,88.5,0.0,12250,12250,8400,1070,1740,1,1,1,""
583350,DATA,88.5,0.0,12250,12250,6000,1070,1740,1,1,1,""
583584,EVENT,88.5,0.0,12250,12250,7801,1070,1740,0,1,1,"IGN OFF"
583850,DATA,88.5,2.1,12250,12250,8400,1070,1740,0,1,1,""
584336,EVENT,88.5,0.0,12250,12250,10801,1070,1740,1,1,1,"IGN ON"
584350,DATA,88.5,0.0,12250,12250,10801,1070,1740,1,1,1,""
584850,DATA,88.5,0.0,12250,12250,7800,1070,1740,1,1,1,""
585350,DATA,88.5,0.0,12250,12250,6000,1070,1740,1,1,1,""
585850,DATA,88.5,0.0,12250,12250,4800,1070,1740,1,1,1,""
586350,DATA,88.5,0.0,12250,12250,3000,1070,1740,1,1,1,""
586850,DATA,88.5,0.0,12250,12250,16200,1070,1740,1,1,1,""
587350,DATA,88.7,0.0,12250,12250,4200,1070,1740,1,1,1,""
587850,DATA,88.7,0.0,12250,12250,83409,1070,1740,1,1,1,""
588350,DATA,88.7,0.0,12250,12250,1800,1070,1740,1,1,1,""
588850,DATA,88.5,0.0,12250,12250,4800,1070,1740,1,1,1,""
589350,DATA,88.5,0.0,12250,12250,5400,1070,1740,1,1,1,""
589850,DATA,88.7,0.0,12250,12250,9600,1070,1740,1,1,1,""
589873,EVENT,88.7,0.0,12250,12250,9600,1070,1740,0,1,1,"IGN OFF"
590350,DATA,88.7,0.0,12250,12250,8400,1070,1740,0,1,1,""
590850,DATA,88.7,2.1,12250,12250,8399,1070,1740,0,1,1,""
591350,DATA,88.7,0.0,12250,12250,9600,1070,1740,0,1,1,""
591850,DATA,88.5,-2.1,12250,12250,6000,1070,1740,0,1,1,""
592350,DATA,88.5,0.0,12250,12250,3600,1070,1740,0,1,1,""
592850,DATA,88.3,0.0,12250,12250,4800,1070,1740,0,1,1,""
592966,EVENT,88.3,0.0,12250,12250,6599,1070,1740,1,1,1,"IGN ON"
593350,DATA,88.0,0.0,12250,12250,9000,1070,1740,1,1,1,""
593850,DATA,88.0,2.1,12250,12250,5400,1070,1740,1,1,1,""
594163,EVENT,87.7,0.0,12250,12250,4847,1070,1740,1,1,1,"PUMP 1075"
594350,DATA,87.7,0.0,12250,12250,150615,1070,1740,1,1,1,""
594850,DATA,87.7,0.0,8447,11273,165010,1072,1740,1,1,1,""
595350,DATA,87.7,0.0,8813,9356,8401,1074,1740,1,1,1,""
595850,DATA,87.5,-2.1,11002,9938,3600,1075,1740,1,1,1,""
596350,DATA,87.5,-2.1,11831,10871,4200,1075,1740,1,1,1,""
596850,DATA,87.7,2.1,12112,11521,6000,1075,1740,1,1,1,""
597350,DATA,87.5,0.0,12204,11888,4800,1075,1740,1,1,1,""
597850,DATA,87.5,0.0,12235,12076,2400,1075,1740,1,1,1,""
598350,DATA,87.5,-2.1,12245,12169,9000,1075,1740,1,1,1,""
598850,DATA,87.5,-2.1,12248,12212,10800,1075,1740,1,1,1,""
599350,DATA,87.3,0.0,12249,12233,7800,1075,1740,1,1,1,""
599850,DATA,87.5,0.0,12249,12242,3000,1075,1740,1,1,1,""
600350,DATA,87.5,0.0,12249,12246,14401,1075,1740,1,1,1,""
600850,DATA,87.5,-2.1,11985,12131,13201,1075,1740,1,1,1,""
601350,DATA,87.7,0.0,12093,12090,10801,1075,1740,1,1,1,""
601850,DATA,87.5,0.0,12152,12116,11401,1075,1740,1,1,1,""
602350,DATA,87.5,-2.1,12174,12145,7800,1075,1740,1,1,1,""
602850,DATA,87.5,0.0,12145,12154,6000,1075,1740,1,1,1,""
603350,DATA,87.5,0.0,12097,12130,4800,1075,1740,1,1,1,""
603850,DATA,87.3,0.0,12078,12104,6599,1075,1740,1,1,1,""
604350,DATA,87.5,0.0,12072,12087,2400,1075,1740,1,1,1,""
604850,DATA,87.5,0.0,12069,12078,4200,1075,1740,1,1,1,""
605350,DATA,87.5,0.0,12069,12073,6600,1075,1740,1,1,1,""
605850,DATA,87.5,0.0,12069,12070,6600,1075,1740,1,1,1,""
606350,DATA,87.5,0.0,12068,12069,3600,1075,1740,1,1,1,""
606850,DATA,87.5,0.0,12068,12069,3600,1075,1740,1,1,1,""
607350,DATA,87.3,-2.1,12068,12069,3000,1075,1740,1,1,1,""
607850,DATA,87.5,0.0,12068,12069,6000,1075,1740,1,1,1,""
608350,DATA,87.5,0.0,12068,12068,8401,1075,1740,1,1,1,""
608850,DATA,87.3,0.0,12068,12068,12001,1075,1740,1,1,1,""
609350,DATA,87.3,0.0,12068,12068,11400,1075,1740,1,1,1,""
609850,DATA,87.3,0.0,11669,11935,7800,1075,1740,1,1,1,""
610350,DATA,87.0,0.0,11753,11812,9600,1075,1740,1,1,1,""
610850,DATA,87.0,0.0,11831,11811,6000,1075,1740,1,1,1,""
611350,DATA,87.0,0.0,11861,11835,9600,1075,1740,1,1,1,""
611850,DATA,87.0,0.0,11871,11853,9000,1075,1740,1,1,1,""
612350,DATA,87.0,0.0,11874,11865,7200,1075,1740,1,1,1,""
612850,DATA,87.0,0.0,11875,11870,6600,1075,1740,1,1,1,""
613350,DATA,87.0,0.0,11876,11873,10200,1075,1740,1,1,1,""
613850,DATA,87.0,0.0,11876,11875,17401,1075,1740,1,1,1,""
614350,DATA,86.7,0.0,11876,11875,7801,1075,1740,1,1,1,""
614850,DATA,86.7,0.0,11876,11876,11400,1075,1740,1,1,1,""
615119,EVENT,86.7,0.0,11876,11876,5295,1075,1740,0,1,1,"IGN OFF"
615350,DATA,86.7,0.0,11876,11876,8401,1075,1740,0,1,1,""
615850,DATA,86.7,0.0,11601,11810,6600,1075,1740,0,1,1,""
616350,DATA,86.5,0.0,11697,11718,4200,1075,1740,0,1,1,""
616850,DATA,86.2,0.0,11811,11752,11400,1075,1740,0,1,1,""
617350,DATA,85.8,-2.1,11854,11802,9599,1075,1740,0,1,1,""
617850,DATA,85.8,0.0,11866,11839,16201,1075,1740,0,1,1,""
618350,DATA,85.5,0.0,11671,11749,15001,1075,1740,0,1,1,""
618850,DATA,85.0,0.0,11071,11442,13200,1075,1740,0,1,1,""
619350,DATA,84.8,0.0,11018,11235,11399,1075,1740,0,1,1,""
619850,DATA,84.5,0.0,11228,11179,12599,1075,1740,0,1,1,""
620350,DATA,84.2,0.0,11410,11280,7200,1075,1740,0,1,1,""
620850,DATA,83.7,0.0,11479,11381,6000,1075,1740,0,1,1,""
621350,DATA,83.3,0.0,11456,11434,16801,1075,1740,0,1,1,""
621850,DATA,82.7,0.0,11614,11458,19799,1075,1740,0,1,1,""
622350,DATA,82.0,-2.1,11926,11666,19800,1075,1740,0,1,1,""
622850,DATA,81.0,-2.1,11767,11796,27001,1075,1740,0,1,1,""
623342,EVENT,80.0,-2.1,12060,11925,10800,1075,1740,1,1,1,"IGN ON"
623350,DATA,80.0,-2.1,12060,11925,10800,1075,1740,1,1,1,""
623850,DATA,78.7,0.0,11887,11934,7200,1075,1740,1,1,1,""
624350,DATA,78.0,-2.1,11801,11873,20402,1075,1740,1,1,1,""
624850,DATA,77.2,-4.2,11505,11718,10801,1075,1740,1,1,1,""
625241,EVENT,76.7,-2.1,11284,11569,25220,1075,1740,1,1,1,"STARTER 1720"
625370,DATA,76.7,0.0,11191,11513,23393,1075,1736,1,1,1,""
625411,EVENT,76.2,-4.2,11359,11489,18002,1075,1735,1,1,1,"STARTER 1700"
625583,EVENT,76.0,-1.6,11320,11464,4195,1075,1728,1,1,1,"STARTER 1680"
625731,EVENT,75.8,-2.1,11357,11430,1793,1075,1720,1,1,1,"STARTER 1660"
625890,DATA,75.8,0.0,11394,11425,2500,1075,1709,1,1,1,""
625891,EVENT,75.8,0.0,11394,11425,2500,1075,1709,1,1,1,"STARTER 1640"
626051,EVENT,75.5,-2.0,11433,11426,2000,1075,1696,1,1,1,"STARTER 1620"
626291,EVENT,75.2,-1.6,11244,11391,2530,1075,1673,1,1,1,"STARTER 1600"
626410,DATA,75.2,0.0,11113,11349,1482,1075,1664,1,1,1,""
626451,EVENT,75.2,0.0,10987,11295,1513,1075,1659,1,1,1,"STARTER 1580"
626930,DATA,74.2,-2.1,10108,10889,1500,1075,1613,1,1,1,""
627450,DATA,74.2,0.0,9504,10292,1500,1075,1582,1,1,1,""
627950,DATA,74.7,0.0,9323,9777,12000,1075,1580,1,1,1,""
628247,EVENT,75.2,2.1,9288,9592,7199,1000,1580,1,0,0,"PUMP OFF"
628450,DATA,75.2,0.0,9275,9505,8402,1000,1580,1,0,0,""
629450,DATA,75.8,0.0,9255,9307,5401,1000,1580,1,0,0,""
629950,DATA,75.5,0.0,9553,9337,20999,1000,1580,1,0,0,""
630450,DATA,75.0,0.0,10201,9781,16799,1000,1580,1,0,0,""
630950,DATA,74.5,-2.1,10577,10117,20401,1000,1580,1,0,0,""
631231,EVENT,74.2,0.0,10774,10351,18000,1000,1580,0,0,0,"IGN OFF"
631450,DATA,74.0,0.0,10858,10484,16203,1000,1580,0,0,0,""
631950,DATA,73.7,0.0,10943,10752,27600,1000,1580,0,0,0,""
632450,DATA,73.3,0.0,10995,10943,8400,1000,1580,0,0,0,""
632950,DATA,72.0,-4.2,10530,10788,9600,1000,1580,0,0,0,""
633450,DATA,71.2,-2.1,10334,10564,20999,1000,1580,0,0,0,""
633950,DATA,70.8,0.0,10053,10353,24001,1000,1580,0,0,0,""
634109,EVENT,70.5,-2.1,10159,10290,16801,1000,1580,0,0,0,"STARTER 1560"
634470,DATA,70.0,-2.1,10290,10283,8499,1000,1570,0,0,0,""
634915,EVENT,69.5,0.0,10302,10292,17998,1000,1562,0,0,0,"STARTER 1540"
634970,DATA,69.5,0.0,10301,10293,18536,1000,1560,0,0,0,""
635131,EVENT,69.2,-1.9,10300,10294,5997,1000,1556,0,0,0,"STARTER 1520"
635331,EVENT,68.7,-1.6,9978,10247,1667,1000,1547,0,0,0,"STARTER 1500"
635490,DATA,68.7,0.0,9731,10170,2500,1000,1538,0,0,0,""
635531,EVENT,68.7,0.0,9731,10170,2500,1000,1535,0,0,0,"STARTER 1480"
635771,EVENT,68.5,-1.5,9390,9973,3541,1000,1518,0,0,0,"STARTER 1460"
636010,DATA,68.3,0.0,9180,9764,2530,1000,1503,0,0,0,""
636171,EVENT,68.3,0.0,8903,9551,1505,1000,1488,0,0,0,"STARTER 1420"
636331,EVENT,68.0,-2.1,8653,9417,2500,1000,1475,0,0,0,"STARTER 1400"
636530,DATA,68.0,0.0,8169,9100,1500,1000,1456,0,0,0,""
636531,EVENT,68.0,0.0,8169,9100,1500,1000,1456,0,0,0,"STARTER 1380"
636743,EVENT,68.0,0.0,7964,8930,1500,1000,1437,0,0,0,"STARTER 1360"
636931,EVENT,68.0,0.0,7320,8525,2252,1000,1419,0,0,0,"STARTER 1340"
637050,DATA,68.0,0.0,6999,8297,1500,1000,1409,0,0,0,""
637570,DATA,67.5,-2.1,6319,7420,1500,1000,1361,0,0,0,""
637571,EVENT,67.5,-2.1,6319,7420,1500,1000,1361,0,0,0,"STARTER 1320"
638090,DATA,67.2,0.0,6399,6800,1500,1000,1335,0,0,0,""
638610,DATA,66.7,0.0,6655,6696,1500,1000,1320,0,0,0,""
639110,DATA,66.0,0.0,6805,6735,6600,1000,1320,0,0,0,""
639610,DATA,65.5,-2.1,6858,6796, 0,1000,1320,0,0,0,""
640059,EVENT,65.2,0.0,6875,6837,8400,1000,1320,0,0,0,"STARTER 1300"
640110,DATA,65.2,0.0,6875,6837,8400,1000,1318,0,0,0,""
640610,DATA,65.0,0.0,6881,6861,9035,1000,1306,0,0,0,""
641110,DATA,64.5,-2.1,6883,6873,14999,1000,1300,0,0,0,""
641610,DATA,64.0,0.0,6439,6698,6000,1000,1300,0,0,0,""
642110,DATA,63.7,0.0,6586,6602,7200,1000,1300,0,0,0,""
642610,DATA,63.3,-2.1,6377,6540,8400,1000,1300,0,0,0,""
643110,DATA,63.0,0.0,6456,6464,3600,1000,1300,0,0,0,""
643610,DATA,62.7,0.0,6578,6508,7200,1000,1300,0,0,0,""
644110,DATA,62.2,0.0,6289,6408,8399,1000,1300,0,0,0,""
644610,DATA,62.0,0.0,6371,6365,6000,1000,1300,0,0,0,""
645110,DATA,61.7,0.0,6448,6401,6600,1000,1300,0,0,0,""
645610,DATA,61.2,-2.1,6447,6427,4200,1000,1300,0,0,0,""
646110,DATA,61.0,0.0,6442,6436,7200,1000,1300,0,0,0,""
646610,DATA,60.8,0.0,6440,6438,6000,1000,1300,0,0,0,""
647110,DATA,60.2,-2.1,6416,6432,7200,1000,1300,0,0,0,""
647610,DATA,60.0,0.0,6396,6415,5400,1000,1300,0,0,0,""
648110,DATA,59.7,0.0,6388,6401,600,1000,1300,0,0,0,""
648610,DATA,59.2,-2.1,6385,6393,8400,1000,1300,0,0,0,""
649110,DATA,59.0,0.0,6216,6295,7800,1000,1300,0,0,0,""
649610,DATA,58.7,0.0,6288,6279,7200,1000,1300,0,0,0,""
650110,DATA,58.5,0.0,6322,6298,7799,1000,1300,0,0,0,""
650610,DATA,58.3,0.0,6266,6284,6000,1000,1300,0,0,0,""
651110,DATA,58.0,2.1,6267,6274,7200,1000,1300,0,0,0,""
651610,DATA,57.5,-2.1,6269,6271,4800,1000,1300,0,0,0,""
652110,DATA,57.5,0.0,6270,6270,5400,1000,1300,0,0,0,""
652610,DATA,57.2,0.0,6270,6270,25800,1000,1300,0,0,0,""
653110,DATA,57.0,0.0,6260,6268,40202,1000,1300,0,0,0,""
653610,DATA,56.5,0.0,6216,6264,9000,1000,1300,0,0,0,""
654110,DATA,56.5,0.0,6195,6227,4200,1000,1300,0,0,0,""
654610,DATA,56.2,0.0,6195,6209,41396,1000,1300,0,0,0,""
655110,DATA,56.0,0.0,6196,6202,4800,1000,1300,0,0,0,""
655610,DATA,55.8,0.0,6196,6198,3600,1000,1300,0,0,0,""
656110,DATA,55.5,0.0,6196,6197,3600,1000,1300,0,0,0,""
656610,DATA,55.0,-2.1,6196,6196,4800,1000,1300,0,0,0,""
657110,DATA,55.0,0.0,6196,6196,4200,1000,1300,0,0,0,""
657610,DATA,54.5,0.0,6196,6196,109200,1000,1300,0,0,0,""
658110,DATA,54.2,-2.1,3455,5094,3600,1000,1300,0,0,0,""
658610,DATA,54.2,0.0,4799,4657,37202,1000,1300,0,0,0,""
659110,DATA,54.0,2.1,5687,5095,112814,1000,1300,0,0,0,""
659610,DATA,53.7,2.1,5967,5529,15001,1000,1300,0,0,0,""
660110,DATA,53.5,0.0,6185,5843,89996,1000,1300,0,0,0,""
660610,DATA,53.0,-2.1,3745,5144,63603,1000,1300,0,0,0,""
661110,DATA,53.0,0.0,4586,4571,5400,1000,1300,0,0,0,""
661610,DATA,52.7,-2.1,4426,4753,78001,1000,1300,0,0,0,""
662110,DATA,52.5,-2.1,4407,4351,94204,1000,1300,0,0,0,""
662610,DATA,52.5,0.0,5499,4816,40201,1000,1300,0,0,0,""
663110,DATA,52.2,0.0,5397,5040,4800,1000,1300,0,0,0,""
663610,DATA,52.0,-2.1,5628,5355,49203,1000,1300,0,0,0,""
664110,DATA,51.7,0.0,5815,5584,46800,1000,1300,0,0,0,""
664610,DATA,51.7,0.0,6148,5833,42603,1000,1300,0,0,0,""
665110,DATA,51.5,0.0,6290,6073,50397,1000,1300,0,0,0,""
665610,DATA,51.2,0.0,6213,6187,106806,1000,1300,0,0,0,""
666110,DATA,51.0,0.0,6209,6187,61809,1000,1300,0,0,0,""
666610,DATA,50.8,0.0,6285,6232,20400,1000,1300,0,0,0,""
667110,DATA,50.5,0.0,6355,6283,66593,1000,1300,0,0,0,""
667610,DATA,50.5,0.0,6472,6396,73798,1000,1300,0,0,0,""
668110,DATA,50.5,2.1,6423,6424,5400,1000,1300,0,0,0,""
668610,DATA,50.2,0.0,6376,6405,3000,1000,1300,0,0,0,""
669110,DATA,50.0,0.0,6358,6381,7200,1000,1300,0,0,0,""
669610,DATA,49.7,-2.1,6352,6366,13801,1000,1300,0,0,0,""
670110,DATA,49.5,-2.1,5815,6118,6600,1000,1300,0,0,0,""
670610,DATA,49.5,2.1,6051,6036,600,1000,1300,0,0,0,""
671110,DATA,49.2,0.0,6184,6099,15000,1000,1300,0,0,0,""
671610,DATA,49.2,2.1,6112,6139,10799,1000,1300,0,0,0,""
672110,DATA,49.0,0.0,6102,6117,12600,1000,1300,0,0,0,""
672610,DATA,48.7,-2.1,6211,6204,10200,1000,1300,0,0,0,""
673110,DATA,48.7,0.0,6177,6185,11400,1000,1300,0,0,0,""
673610,DATA,48.5,0.0,6108,6147,7800,1000,1300,0,0,0,""
674110,DATA,48.3,-2.1,6007,6076,10800,1000,1300,0,0,0,""
674610,DATA,48.0,-2.1,6111,6078,1800,1000,1300,0,0,0,""
675110,DATA,48.3,0.0,6162,6117,6000,1000,1300,0,0,0,""
675610,DATA,48.0,0.0,6111,6139,6600,1000,1300,0,0,0,""
676110,DATA,47.7,0.0,5844,6058,7200,1000,1300,0,0,0,""
676610,DATA,47.7,0.0,5747,5854,9000,1000,1300,0,0,0,""
677110,DATA,47.5,0.0,5837,5830,9600,1000,1300,0,0,0,""
677610,DATA,47.5,0.0,5790,5806,6600,1000,1300,0,0,0,""
678110,DATA,47.2,2.1,5920,5847,6601,1000,1300,0,0,0,""
678610,DATA,47.2,0.0,5980,5912,9000,1000,1300,0,0,0,""
679110,DATA,47.0,-2.1,5923,5940,6000,1000,1300,0,0,0,""
679610,DATA,46.7,-2.1,5946,5936,7200,1000,1300,0,0,0,""
680110,DATA,46.7,0.0,5554,5822,10201,1000,1300,0,0,0,""
680610,DATA,46.7,2.1,5628,5684,8400,1000,1300,0,0,0,""
681110,DATA,46.2,-2.1,5749,5705,7800,1000,1300,0,0,0,""
681610,DATA,46.2,-2.1,5684,5686,10199,1000,1300,0,0,0,""
682110,DATA,46.0,0.0,5568,5658,7800,1000,1300,0,0,0,""
682610,DATA,46.0,0.0,6114,5796,10201,1000,1300,0,0,0,""
683110,DATA,45.8,0.0,6156,5977,1800,1000,1300,0,0,0,""
683610,DATA,45.8,0.0,6013,6026,20401,1000,1300,0,0,0,""
684110,DATA,45.8,0.0,6162,6067,22201,1000,1300,0,0,0,""
684610,DATA,45.5,-2.1,6056,6100,7800,1000,1300,0,0,0,""
685110,DATA,45.5,0.0,5854,5993,7204,1000,1300,0,0,0,""
685610,DATA,45.5,2.1,5881,5907,4847,1000,1300,0,0,0,""
686110,DATA,45.2,0.0,5936,5917,7271,1000,1300,0,0,0,""
686610,DATA,45.0,-2.1,5942,5930,10207,1000,1300,0,0,0,""
687110,DATA,45.0,-2.1,5929,5933,3002,1000,1300,0,0,0,""
687610,DATA,44.7,-2.1,6058,5949,10905,1000,1300,0,0,0,""
688110,DATA,44.7,0.0,6067,6080,7805,1000,1300,0,0,0,""
688610,DATA,44.7,2.1,5895,5990,11407,1000,1300,0,0,0,""
689110,DATA,44.5,-2.1,5815,5925,9005,1000,1300,0,0,0,""
689610,DATA,44.5,0.0,5752,5856,10301,1000,1300,0,0,0,""
690110,DATA,44.5,0.0,5695,5745,14544,1000,1300,0,0,0,""
690610,DATA,44.2,-2.1,6384,5973,11513,1000,1300,0,0,0,""
691110,DATA,44.2,0.0,6330,6228,6004,1000,1300,0,0,0,""
691610,DATA,44.2,0.0,6165,6207,6001,1000,1300,0,0,0,""
692110,DATA,44.0,0.0,6164,6182,6665,1000,1300,0,0,0,""
692610,DATA,44.0,0.0,5971,6129,8402,1000,1300,0,0,0,""
693110,DATA,43.7,0.0,5999,6041,13806,1000,1300,0,0,0,""
693610,DATA,43.7,0.0,5892,5980,13935,1000,1300,0,0,0,""
694110,DATA,43.5,0.0,5895,5909,5404,1000,1300,0,0,0,""
694610,DATA,43.5,0.0,5962,5935,7271,1000,1300,0,0,0,""
695110,DATA,43.5,0.0,5889,5899,6604,1000,1300,0,0,0,""
695610,DATA,43.3,-2.1,5944,5915,3601,1000,1300,0,0,0,""
696610,DATA,43.3,0.0,5886,5909,7272,1000,1300,0,0,0,""
697110,DATA,43.3,0.0,5926,5912,5401,1000,1300,0,0,0,""
697610,DATA,43.0,0.0,5925,5921,5403,1000,1300,0,0,0,""
698110,DATA,43.0,2.1,5916,5920,6001,1000,1300,0,0,0,""
698610,DATA,42.7,0.0,5912,5916,6002,1000,1300,0,0,0,""
699110,DATA,42.7,0.0,5910,5913,6060,1000,1300,0,0,0,""
699610,DATA,42.7,0.0,5797,5845,5402,1000,1300,0,0,0,""
700110,DATA,42.5,0.0,5864,5844,9695,1000,1300,0,0,0,""
700610,DATA,42.5,0.0,5749,5803,6601,1000,1300,0,0,0,""
701110,DATA,42.5,0.0,5733,5787,8402,1000,1300,0,0,0,""
701610,DATA,42.5,0.0,5746,5751,6602,1000,1300,0,0,0,""
702110,DATA,42.2,0.0,5805,5772,6604,1000,1300,0,0,0,""
702610,DATA,42.2,2.1,5829,5801,9004,1000,1300,0,0,0,""
703110,DATA,42.0,-2.1,5834,5820,10302,1000,1300,0,0,0,""
703610,DATA,42.0,0.0,5926,5882,8483,1000,1300,0,0,0,""
704110,DATA,42.2,0.0,5775,5870,7203,1000,1300,0,0,0,""
704610,DATA,42.0,0.0,5603,5720,9089,1000,1300,0,0,0,""
705110,DATA,41.7,0.0,5732,5692,13809,1000,1300,0,0,0,""
705610,DATA,42.0,0.0,5990,5791,9090,1000,1300,0,0,0,""
706110,DATA,41.7,0.0,6174,5976,27268,1000,1300,0,0,0,""
706610,DATA,41.7,2.1,6383,6145,16808,1000,1300,0,0,0,""
707110,DATA,41.7,0.0,6651,6378,19390,1000,1300,0,0,0,""
707610,DATA,41.5,0.0,6783,6565,22420,1000,1300,0,0,0,""
708110,DATA,41.5,0.0,6710,6689,13330,1000,1300,0,0,0,""
708610,DATA,41.5,0.0,6412,6563,20602,1000,1300,0,0,0,""
709110,DATA,41.5,0.0,6655,6563,10908,1000,1300,0,0,0,""
709610,DATA,41.5,2.1,6818,6662,21612,1000,1300,0,0,0,""
710110,DATA,41.2,0.0,6982,6832,15755,1000,1300,0,0,0,""
710610,DATA,41.2,0.0,6943,6940,15149,1000,1300,0,0,0,""
711110,DATA,41.2,2.1,6597,6812,15755,1000,1300,0,0,0,""
711610,DATA,41.0,-2.1,6585,6685,21205,1000,1300,0,0,0,""
712110,DATA,40.8,-2.1,6977,6804,13331,1000,1300,0,0,0,""
712610,DATA,41.0,0.0,6721,6791,13330,1000,1300,0,0,0,""
713110,DATA,41.0,2.1,6728,6768,10807,1000,1300,0,0,0,""
713610,DATA,41.0,0.0,6635,6733,7271,1000,1300,0,0,0,""
714110,DATA,40.8,-2.1,6429,6569,4242,1000,1300,0,0,0,""
714610,DATA,40.8,0.0,6544,6535,6602,1000,1300,0,0,0,""
715110,DATA,40.8,0.0,6599,6563,6002,1000,1300,0,0,0,""
715610,DATA,40.5,-2.1,6713,6614,22419,1000,1300,0,0,0,""
716110,DATA,40.8,0.0,6409,6570,19393,1000,1300,0,0,0,""
716535,EVENT,40.5,-2.1,6470,6492,21181,1000,1300,0,0,0,"STARTER OFF"
716610,DATA,40.5,-2.1,6470,6492,21181,1000,1282,0,0,0,""
717130,DATA,40.8,-1.9,4915,6092,1667,1000,1091,0,0,0,""
717630,DATA,41.2,8.3,2870,4849,1500,1000,1000,0,0,0,""
718130,DATA,41.2,0.0,1565,3208,3000,1000,1000,0,0,0,""
718630,DATA,41.2,0.0,1377,2181,5400,1000,1000,0,0,0,""
719130,DATA,41.2,0.0,1728,1875,6600,1000,1000,0,0,0,""
719630,DATA,41.2,0.0,1966,1901,4200,1000,1000,0,0,0,""
720130,DATA,41.2,0.0,1660,1765,2400,1000,1000,0,0,0,""
720630,DATA,41.2,0.0,1859,1797,1200,1000,1000,0,0,0,""
721130,DATA,41.2,0.0,1514,1756,2400,1000,1000,0,0,0,""
721630,DATA,41.0,0.0,1005,1260, 0,1000,1000,0,0,0,""
722130,DATA,41.2,2.1,951,1021,2400,1000,1000,0,0,0,""
722630,DATA,41.0,0.0,947,970,1800,1000,1000,0,0,0,""
723130,DATA,41.0,0.0,886,921,1800,1000,1000,0,0,0,""
723630,DATA,41.0,0.0,822,859,1200,1000,1000,0,0,0,""
724130,DATA,41.0,0.0,755,795,1200,1000,1000,0,0,0,""
724630,DATA,41.0,0.0,698,733,1200,1000,1000,0,0,0,""
725130,DATA,41.0,0.0,674,685,1200,1000,1000,0,0,0,""
725630,DATA,41.0,0.0,1005,872,1200,1000,1000,0,0,0,""
726130,DATA,41.0,0.0,1030,996,1200,1000,1000,0,0,0,""
726630,DATA,41.0,0.0,961,986,600,1000,1000,0,0,0,""
727130,DATA,41.0,0.0,878,922,600,1000,1000,0,0,0,""
727630,DATA,41.0,0.0,797,844,600,1000,1000,0,0,0,""
728130,DATA,41.0,0.0,720,767,600,1000,1000,0,0,0,""
728630,DATA,41.0,0.0,646,691,600,1000,1000,0,0,0,""
729130,DATA,41.0,0.0,581,621,600,1000,1000,0,0,0,""
729630,DATA,41.0,0.0,521,558,600,1000,1000,0,0,0,""
730130,DATA,41.0,0.0,462,497, 0,1000,1000,0,0,0,""
730630,DATA,41.0,0.0, 0, 0, 0,1000,1000,0,0,0,""
731130,DATA,41.0,0.0, 0, 0,600,1000,1000,0,0,0,""
731630,DATA,41.0,0.0, 0, 0,600,1000,1000,0,0,0,""
732130,DATA,41.0,0.0, 0, 0, 0,1000,1000,0,0,0,""
732630,DATA,41.0,0.0, 0, 0, 0,1000,1000,0,0,0,""
733130,DATA,41.0,0.0, 0, 0, 0,1000,1000,0,0,0,""
733630,DATA,41.0,-2.1, 0, 0,600,1000,1000,0,0,0,""
734130,DATA,41.0,-2.1, 0, 0, 0,1000,1000,0,0,0,""
734630,DATA,41.0,0.0,158,158, 0,1000,1000,0,0,0,""
735130,DATA,41.0,0.0,81,131, 0,1000,1000,0,0,0,""
735630,DATA,41.0,0.0, 0, 0, 0,1000,1000,0,0,0,""
736130,DATA,41.0,0.0, 0, 0, 0,1000,1000,0,0,0,""
736630,DATA,41.2,2.1, 0, 0, 0,1000,1000,0,0,0,""
737130,DATA,41.2,2.1, 0, 0, 0,1000,1000,0,0,0,""
737630,DATA,41.0,0.0, 0, 0, 0,1000,1000,0,0,0,""
738130,DATA,41.0,0.0, 0, 0, 0,1000,1000,0,0,0,""
738630,DATA,41.0,0.0, 0, 0, 0,1000,1000,0,0,0,""
739130,DATA,41.0,0.0, 0, 0, 0,1000,1000,0,0,0,""
739630,DATA,41.0,0.0, 0, 0, 0,1000,1000,0,0,0,""
740130,DATA,41.0,0.0, 0, 0, 0,1000,1000,0,0,0,""
740630,DATA,41.0,0.0, 0, 0, 0,1000,1000,0,0,0,""
741130,DATA,41.0,0.0, 0, 0, 0,1000,1000,0,0,0,""
741630,DATA,41.0,0.0, 0, 0, 0,1000,1000,0,0,0,""
742130,DATA,41.0,0.0, 0, 0, 0,1000,1000,0,0,0,""
742630,DATA,41.0,0.0, 0, 0, 0,1000,1000,0,0,0,""
743130,DATA,41.0,0.0, 0, 0, 0,1000,1000,0,0,0,""
743630,DATA,41.0,0.0, 0, 0, 0,1000,1000,0,0,0,""
744130,DATA,41.0,0.0, 0, 0, 0,1000,1000,0,0,0,""
744630,DATA,41.0,0.0, 0, 0, 0,1000,1000,0,0,0,""
745130,DATA,41.0,0.0, 0, 0, 0,1000,1000,0,0,0,""
745630,DATA,41.0,0.0, 0, 0, 0,1000,1000,0,0,0,""
746130,DATA,41.0,0.0, 0, 0, 0,1000,1000,0,0,0,""
746630,DATA,41.0,0.0, 0, 0, 0,1000,1000,0,0,0,""
747130,DATA,41.0,0.0, 0, 0, 0,1000,1000,0,0,0,""
747630,DATA,41.0,0.0, 0, 0, 0,1000,1000,0,0,0,""
748130,DATA,41.0,0.0, 0, 0, 0,1000,1000,0,0,0,""
748630,DATA,41.0,0.0, 0, 0, 0,1000,1000,0,0,0,""
749130,DATA,41.0,0.0, 0, 0, 0,1000,1000,0,0,0,""
749630,DATA,41.0,0.0, 0, 0, 0,1000,1000,0,0,0,""
750130,DATA,41.0,0.0, 0, 0, 0,1000,1000,0,0,0,""
750630,DATA,41.0,0.0, 0, 0, 0,1000,1000,0,0,0,""
751130,DATA,41.0,0.0, 0, 0, 0,1000,1000,0,0,0,""
751630,DATA,41.0,0.0, 0, 0, 0,1000,1000,0,0,0,""
752130,DATA,40.8,-2.1, 0, 0, 0,1000,1000,0,0,0,""
752630,DATA,41.0,2.1, 0, 0, 0,1000,1000,0,0,0,""
753130,DATA,41.0,0.0, 0, 0, 0,1000,1000,0,0,0,""
753630,DATA,41.0,0.0, 0, 0, 0,1000,1000,0,0,0,""
754130,DATA,41.0,0.0, 0, 0, 0,1000,1000,0,0,0,""
754630,DATA,41.0,0.0, 0, 0, 0,1000,1000,0,0,0,""
755130,DATA,41.0,2.1, 0, 0, 0,1000,1000,0,0,0,""
755630,DATA,41.0,0.0, 0, 0, 0,1000,1000,0,0,0,""
756130,DATA,41.0,0.0, 0, 0, 0,1000,1000,0,0,0,""
756630,DATA,41.0,2.0, 0, 0, 0,1000,1000,0,0,0,""
757130,DATA,41.0,0.0, 0, 0, 0,1000,1000,0,0,0,""
757630,DATA,40.8,0.0, 0, 0, 0,1000,1000,0,0,0,""
758130,DATA,40.8,0.0, 0, 0, 0,1000,1000,0,0,0,""
758630,DATA,41.0,0.0, 0, 0, 0,1000,1000,0,0,0,""
759130,DATA,41.0,2.1, 0, 0, 0,1000,1000,0,0,0,""
759630,DATA,41.0,2.0, 0, 0, 0,1000,1000,0,0,0,""
760130,DATA,40.8,-2.1, 0, 0, 0,1000,1000,0,0,0,""
760630,DATA,40.8,0.0, 0, 0, 0,1000,1000,0,0,0,""
761130,DATA,40.8,-2.1, 0, 0, 0,1000,1000,0,0,0,""
761630,DATA,40.8,-2.1, 0, 0, 0,1000,1000,0,0,0,""
762130,DATA,40.8,0.0, 0, 0, 0,1000,1000,0,0,0,""
762630,DATA,40.8,-2.0, 0, 0, 0,1000,1000,0,0,0,""
763130,DATA,41.0,2.1, 0, 0, 0,1000,1000,0,0,0,""
763630,DATA,40.8,0.0, 0, 0, 0,1000,1000,0,0,0,""
764130,DATA,41.0,0.0, 0, 0, 0,1000,1000,0,0,0,""
764630,DATA,40.8,0.0, 0, 0, 0,1000,1000,0,0,0,""
765130,DATA,40.8,0.0, 0, 0, 0,1000,1000,0,0,0,""
765630,DATA,40.8,0.0, 0, 0, 0,1000,1000,0,0,0,""
766130,DATA,40.8,-2.1, 0, 0, 0,1000,1000,0,0,0,""
766630,DATA,40.8,0.0, 0, 0, 0,1000,1000,0,0,0,""
767130,DATA,40.8,0.0, 0, 0, 0,1000,1000,0,0,0,""
767630,DATA,40.8,0.0, 0, 0, 0,1000,1000,0,0,0,""
768130,DATA,40.8,0.0, 0, 0, 0,1000,1000,0,0,0,""
768630,DATA,40.8,0.0, 0, 0, 0,1000,1000,0,0,0,""
769130,DATA,40.8,0.0, 0, 0, 0,1000,1000,0,0,0,""
769630,DATA,40.8,0.0, 0, 0, 0,1000,1000,0,0,0,""
770130,DATA,40.8,0.0, 0, 0, 0,1000,1000,0,0,0,""
770630,DATA,40.8,0.0, 0, 0, 0,1000,1000,0,0,0,""
771130,DATA,40.8,0.0, 0, 0, 0,1000,1000,0,0,0,""
771630,DATA,40.8,0.0, 0, 0, 0,1000,1000,0,0,0,""
772130,DATA,40.8,0.0, 0, 0, 0,1000,1000,0,0,0,""
772630,DATA,40.8,0.0, 0, 0, 0,1000,1000,0,0,0,""
773130,DATA,40.8,0.0, 0, 0, 0,1000,1000,0,0,0,""
773630,DATA,40.8,0.0, 0, 0, 0,1000,1000,0,0,0,""
774130,DATA,40.8,2.1, 0, 0, 0,1000,1000,0,0,0,""
774630,DATA,40.8,0.0, 0, 0, 0,1000,1000,0,0,0,""
775130,DATA,40.8,0.0, 0, 0, 0,1000,1000,0,0,0,""
775630,DATA,40.8,2.1, 0, 0, 0,1000,1000,0,0,0,""
776130,DATA,40.8,0.0, 0, 0, 0,1000,1000,0,0,0,""
776630,DATA,40.8,0.0, 0, 0, 0,1000,1000,0,0,0,""
777130,DATA,40.8,0.0, 0, 0, 0,1000,1000,0,0,0,""
777630,DATA,40.8,0.0, 0, 0, 0,1000,1000,0,0,0,""
778130,DATA,40.8,0.0, 0, 0, 0,1000,1000,0,0,0,""
778630,DATA,40.8,0.0, 0, 0, 0,1000,1000,0,0,0,""
779130,DATA,40.8,2.1, 0, 0, 0,1000,1000,0,0,0,""
779630,DATA,40.8,2.1, 0, 0, 0,1000,1000,0,0,0,""
780130,DATA,40.8,0.0, 0, 0, 0,1000,1000,0,0,0,""
780630,DATA,40.5,0.0, 0, 0, 0,1000,1000,0,0,0,""
781130,DATA,40.5,-2.1, 0, 0, 0,1000,1000,0,0,0,""
781630,DATA,40.5,0.0, 0, 0, 0,1000,1000,0,0,0,""
782131,DATA,40.8,2.1, 0, 0, 0,1000,1000,0,0,0,""
782632,DATA,40.5,0.0, 0, 0, 0,1000,1000,0,0,0,""
783133,DATA,40.5,0.0, 0, 0, 0,1000,1000,0,0,0,""
783634,DATA,40.5,0.0, 0, 0, 0,1000,1000,0,0,0,""
784135,DATA,40.5,0.0, 0, 0, 0,1000,1000,0,0,0,""
784636,DATA,40.5,0.0, 0, 0, 0,1000,1000,0,0,0,""
785137,DATA,40.5,0.0, 0, 0, 0,1000,1000,0,0,0,""
785638,DATA,40.5,0.0, 0, 0, 0,1000,1000,0,0,0,""
786139,DATA,40.5,0.0, 0, 0, 0,1000,1000,0,0,0,""
786640,DATA,40.5,0.0, 0, 0, 0,1000,1000,0,0,0,""
787141,DATA,40.5,0.0, 0, 0, 0,1000,1000,0,0,0,""
787642,DATA,40.5,0.0, 0, 0, 0,1000,1000,0,0,0,""
788143,DATA,40.5,0.0, 0, 0, 0,1000,1000,0,0,0,""
788644,DATA,40.5,0.0, 0, 0, 0,1000,1000,0,0,0,""
789145,DATA,40.5,0.0, 0, 0, 0,1000,1000,0,0,0,""
789646,DATA,40.5,0.0, 0, 0, 0,1000,1000,0,0,0,""
790147,DATA,40.5,0.0, 0, 0, 0,1000,1000,0,0,0,""
790648,DATA,40.5,0.0, 0, 0, 0,1000,1000,0,0,0,""
791149,DATA,40.5,0.0, 0, 0, 0,1000,1000,0,0,0,""
791650,DATA,40.5,0.0, 0, 0, 0,1000,1000,0,0,0,""
792151,DATA,40.5,0.0, 0, 0, 0,1000,1000,0,0,0,""
792652,DATA,40.5,0.0, 0, 0, 0,1000,1000,0,0,0,""
793153,DATA,40.5,0.0, 0, 0, 0,1000,1000,0,0,0,""
793654,DATA,40.5,0.0, 0, 0, 0,1000,1000,0,0,0,""
794155,DATA,40.5,0.0, 0, 0, 0,1000,1000,0,0,0,""
794656,DATA,40.5,0.0, 0, 0, 0,1000,1000,0,0,0,""
795157,DATA,40.5,0.0, 0, 0, 0,1000,1000,0,0,0,""
795658,DATA,40.2,-2.0, 0, 0, 0,1000,1000,0,0,0,""
796159,DATA,40.2,-2.1, 0, 0, 0,1000,1000,0,0,0,""
796660,DATA,40.2,0.0, 0, 0, 0,1000,1000,0,0,0,""
797161,DATA,40.5,2.1, 0, 0, 0,1000,1000,0,0,0,""
797662,DATA,40.2,-2.1, 0, 0, 0,1000,1000,0,0,0,""
798163,DATA,40.2,0.0, 0, 0, 0,1000,1000,0,0,0,""
798664,DATA,40.5,2.0, 0, 0, 0,1000,1000,0,0,0,""
799165,DATA,40.5,0.0, 0, 0, 0,1000,1000,0,0,0,""
799178,EVENT,40.5,0.0, 0, 0, 0,1000,1000,0,0,0,"STARTER 1200"
799690,DATA,38.7,-4.2,157,147,1000,1000,1124,0,0,0,""
800210,DATA,38.5,-2.1,415,233, 0,1000,1199,0,0,0,""
800710,DATA,38.5,-2.1,2915,1259,2400,1000,1200,0,0,0,""
801210,DATA,38.7,0.0,4156,2699,6600,1000,1200,0,0,0,""
801710,DATA,39.0,0.0,4288,3599,8999,1000,1200,0,0,0,""
802210,DATA,39.0,0.0,4160,3937,10801,1000,1200,0,0,0,""
802710,DATA,39.2,2.1,4145,4028,5400,1000,1200,0,0,0,""
803210,DATA,39.2,0.0,4226,4107,8400,1000,1200,0,0,0,""
803710,DATA,39.2,2.1,4352,4200,9600,1000,1200,0,0,0,""
804210,DATA,39.2,2.1,4289,4245,8999,1000,1200,0,0,0,""
804710,DATA,39.2,0.0,4488,4312,9599,1000,1200,0,0,0,""
805210,DATA,39.0,0.0,4716,4492,11399,1000,1200,0,0,0,""
805710,DATA,39.0,0.0,4737,4633,6600,1000,1200,0,0,0,""
806210,DATA,39.0,0.0,4584,4660,4800,1000,1200,0,0,0,""
806710,DATA,38.7,-2.1,4265,4497,9601,1000,1200,0,0,0,""
807210,DATA,39.0,0.0,4160,4319,4800,1000,1200,0,0,0,""
807710,DATA,39.0,2.1,4021,4165,8400,1000,1200,0,0,0,""
808210,DATA,39.0,0.0,3861,4046,4800,1000,1200,0,0,0,""
808710,DATA,39.0,0.0,3702,3883,6000,1000,1200,0,0,0,""
809210,DATA,38.7,-2.1,3841,3815,8400,1000,1200,0,0,0,""
809710,DATA,38.7,0.0,3872,3863,8999,1000,1200,0,0,0,""
810210,DATA,38.7,0.0,3975,3926,9001,1000,1200,0,0,0,""
810710,DATA,38.7,0.0,4121,3995,8399,1000,1200,0,0,0,""
811210,DATA,38.5,-2.1,4248,4089,10200,1000,1200,0,0,0,""
811710,DATA,38.7,0.0,4125,4181,8400,1000,1200,0,0,0,""
812210,DATA,38.7,0.0,4170,4150,5400,1000,1200,0,0,0,""
812710,DATA,38.7,0.0,4005,4090,9000,1000,1200,0,0,0,""
813210,DATA,38.7,2.1,4152,4095,6000,1000,1200,0,0,0,""
813710,DATA,38.5,-2.1,4328,4208,7200,1000,1200,0,0,0,""
814210,DATA,38.7,0.0,4143,4205,10201,1000,1200,0,0,0,""
814710,DATA,38.7,0.0,4009,4116,7199,1000,1200,0,0,0,""
815210,DATA,38.5,0.0,3778,3983,8401,1000,1200,0,0,0,""
815710,DATA,38.5,0.0,3476,3749,600,1000,1200,0,0,0,""
816210,DATA,38.5,0.0,3430,3581,5400,1000,1200,0,0,0,""
816710,DATA,38.5,0.0,3328,3446,7201,1000,1200,0,0,0,""
817210,DATA,38.5,0.0,3376,3406,8999,1000,1200,0,0,0,""
817710,DATA,38.2,0.0,3650,3480,11399,1000,1200,0,0,0,""
818210,DATA,38.5,2.1,3695,3597,9000,1000,1200,0,0,0,""
818710,DATA,38.2,0.0,4011,3739,8400,1000,1200,0,0,0,""
819210,DATA,38.2,0.0,4012,3935,9000,1000,1200,0,0,0,""
819332,EVENT,38.2,0.0,3938,3935,4156,1000,1200,0,1,0,"VALVE1 ON"
819710,DATA,38.2,0.0,3774,3880,8400,1000,1200,0,1,0,""
820210,DATA,38.2,0.0,4010,3894,10801,1000,1200,0,1,0,""
820710,DATA,38.0,-2.1,4162,4031,6600,1000,1200,0,1,0,""
820830,EVENT,38.2,2.1,4161,4050,9404,1000,1200,0,1,1,"VALVE2 ON"
821210,DATA,38.2,2.1,3988,4045,7199,1000,1200,0,1,1,""
821710,DATA,38.2,0.0,3757,3920,2400,1000,1200,0,1,1,""
822210,DATA,38.0,0.0,3681,3792,17999,1000,1200,0,1,1,""
822710,DATA,38.0,0.0,3798,3766,16200,1000,1200,0,1,1,""
823210,DATA,38.0,0.0,4122,3897,10799,1000,1200,0,1,1,""
823338,EVENT,38.2,2.1,4204,3943,8819,1000,1200,0,1,1,"PUMP 1045"
823710,DATA,38.0,0.0,4435,4157,20519,1007,1200,0,1,1,""
824230,DATA,38.0,0.0,4321,4257,1500,1027,1200,0,1,1,""
824730,DATA,38.0,0.0,4042,4193,3615,1044,1200,0,1,1,""
825230,DATA,38.0,0.0,3724,3992,4200,1045,1200,0,1,1,""
825527,EVENT,38.0,0.0,3606,3892,6000,1045,1200,1,1,1,"IGN ON"
825730,DATA,37.2,-6.2,3365,3718,4200,1045,1200,1,1,1,""
826230,DATA,37.5,0.0,3174,3447,3000,1045,1200,1,1,1,""
826730,DATA,37.5,-2.1,2957,3227, 0,1045,1200,1,1,1,""
827230,DATA,37.7,0.0,2624,2930,13801,1045,1200,1,1,1,""
827730,DATA,37.7,0.0,2778,2819,6000,1045,1200,1,1,1,""
828230,DATA,37.7,0.0,2939,2858,10799,1045,1200,1,1,1,""
828730,DATA,37.7,0.0,3060,2943,10200,1045,1200,1,1,1,""
829230,DATA,38.0,0.0,3368,3110,4200,1045,1200,1,1,1,""
829730,DATA,38.7,0.0,3416,3263,7800,1045,1200,1,1,1,""
830230,DATA,39.7,2.1,3222,3271,4200,1045,1200,1,1,1,""
830730,DATA,40.5,2.1,3184,3226,6000,1045,1200,1,1,1,""
831230,DATA,41.2,2.1,3088,3172,4200,1045,1200,1,1,1,""
831281,EVENT,41.2,2.1,3057,3155,12000,1045,1200,0,1,1,"IGN OFF"
831730,DATA,42.2,2.1,2814,3034,5400,1045,1200,0,1,1,""
832230,DATA,42.7,0.0,2859,2926,2400,1045,1200,0,1,1,""
832730,DATA,43.5,2.1,2672,2841,1200,1045,1200,0,1,1,""
833230,DATA,44.0,0.0,2594,2709,3600,1045,1200,0,1,1,""
833730,DATA,44.7,0.0,2522,2622,4200,1045,1200,0,1,1,""
834230,DATA,45.2,0.0,2297,2492,16801,1045,1200,0,1,1,""
834730,DATA,45.8,2.1,2322,2382,93602,1045,1200,0,1,1,""
835230,DATA,45.8,0.0,2499,2423,3000,1045,1200,0,1,1,""
835730,DATA,46.0,0.0,2341,2411,4200,1045,1200,0,1,1,""
836230,DATA,46.2,0.0,2318,2346,70804,1045,1200,0,1,1,""
836730,DATA,46.5,0.0,2412,2364,17398,1045,1200,0,1,1,""
837230,DATA,46.7,0.0,2550,2442,122394,1045,1200,0,1,1,""
837730,DATA,47.0,2.1,1722,2155,22801,1045,1200,0,1,1,""
838230,DATA,47.0,-2.1,2134,2057,17399,1045,1200,0,1,1,""
838730,DATA,47.2,2.1,2233,2142,3600,1045,1200,0,1,1,""
839230,DATA,47.2,0.0,2344,2239,6000,1045,1200,0,1,1,""
839730,DATA,47.2,2.1,2411,2301,3600,1045,1200,0,1,1,""
840230,DATA,47.2,0.0,2306,2321,45604,1045,1200,0,1,1,""
840730,DATA,47.0,0.0,2273,2277,20399,1045,1200,0,1,1,""
841730,DATA,47.0,0.0,2422,2369,7200,1045,1200,0,1,1,""
842230,DATA,47.2,0.0,2404,2397,8400,1045,1200,0,1,1,""
842730,DATA,47.2,2.1,2451,2415,5400,1045,1200,0,1,1,""
843230,DATA,47.5,2.1,2416,2416,15000,1045,1200,0,1,1,""
843730,DATA,47.7,2.1,2583,2478,9600,1045,1200,0,1,1,""
844230,DATA,47.7,0.0,2648,2581,1800,1045,1200,0,1,1,""
844730,DATA,48.3,0.0,2703,2617,10200,1045,1200,0,1,1,""
845230,DATA,48.5,0.0,2774,2698,10199,1045,1200,0,1,1,""
845730,DATA,48.7,0.0,2668,2682,17999,1045,1200,0,1,1,""
846230,DATA,49.0,0.0,2878,2747,26999,1045,1200,0,1,1,""
846730,DATA,49.5,2.1,3123,2910,9600,1045,1200,0,1,1,""
847230,DATA,49.7,2.1,3171,3045,8400,1045,1200,0,1,1,""
847730,DATA,50.0,2.1,3252,3148,4200,1045,1200,0,1,1,""
848230,DATA,50.0,0.0,3188,3189,4200,1045,1200,0,1,1,""
848730,DATA,50.2,0.0,3185,3177,1800,1045,1200,0,1,1,""
849230,DATA,50.5,0.0,3092,3150,7200,1045,1200,0,1,1,""
849730,DATA,50.8,2.1,2897,3033,4800,1045,1200,0,1,1,""
850230,DATA,50.8,0.0,2740,2905,112200,1045,1200,0,1,1,""
850730,DATA,51.0,0.0,2114,2526,55203,1045,1200,0,1,1,""
851230,DATA,51.0,-2.1,2652,2501,58202,1045,1200,0,1,1,""
851730,DATA,51.5,0.0,2887,2686,17402,1045,1200,0,1,1,""
852230,DATA,51.5,0.0,2710,2790,138006,1045,1200,0,1,1,""
852730,DATA,51.7,0.0,2453,2551,52807,1045,1200,0,1,1,""
853230,DATA,52.0,0.0,2235,2523,142794,1045,1200,0,1,1,""
853730,DATA,52.0,0.0,1602,2120,116392,1045,1200,0,1,1,""
854230,DATA,52.0,0.0,1233,1576,55198,1045,1200,0,1,1,""
854730,DATA,52.2,0.0,1416,1429,101395,1045,1200,0,1,1,""
855230,DATA,52.2,0.0,910,1183,56998,1045,1200,0,1,1,""
855730,DATA,52.5,0.0,805,1076,94198,1045,1200,0,1,1,""
856230,DATA,52.7,0.0,303,725,112202,1045,1200,0,1,1,""
856730,DATA,52.7,0.0,102,408,136207,1045,1200,0,1,1,""
857230,DATA,52.7,-2.1, 0, 0,145800,1045,1200,0,1,1,""
857730,DATA,52.7,0.0, 0, 0,139197,1045,1200,0,1,1,""
858230,DATA,53.0,0.0, 0, 0,151800,1045,1200,0,1,1,""
858730,DATA,53.0,-2.1, 0, 0,127803,1045,1200,0,1,1,""
859230,DATA,53.3,0.0, 0, 0,76802,1045,1200,0,1,1,""
859730,DATA,53.3,0.0,3071,3071,53398,1045,1200,0,1,1,""
860230,DATA,53.3,0.0,1467,2488,145204,1045,1200,0,1,1,""
860730,DATA,53.5,2.1,516,1533,149406,1045,1200,0,1,1,""
861230,DATA,53.5,0.0,172,826,148797,1045,1200,0,1,1,""
861730,DATA,53.5,0.0,57,414,134399,1045,1200,0,1,1,""
862230,DATA,53.7,0.0, 0, 0,151195,1045,1200,0,1,1,""
862730,DATA,53.7,0.0, 0, 0,150600,1045,1200,0,1,1,""
863230,DATA,53.7,0.0, 0, 0,151198,1045,1200,0,1,1,""
863730,DATA,54.0,0.0, 0, 0,150592,1045,1200,0,1,1,""
864230,DATA,54.2,0.0, 0, 0,151809,1045,1200,0,1,1,""
864730,DATA,54.2,0.0,3071,3071,99603,1045,1200,0,1,1,""
865230,DATA,54.2,0.0,2174,2771,59999,1045,1200,0,1,1,""
865730,DATA,54.2,0.0,1161,2098,86997,1045,1200,0,1,1,""
866230,DATA,54.5,0.0,415,1275,115794,1045,1200,0,1,1,""
866730,DATA,54.5,0.0,139,683,100803,1045,1200,0,1,1,""
867230,DATA,54.5,0.0,390,500,72602,1045,1200,0,1,1,""
867730,DATA,54.5,0.0,167,354,150598,1045,1200,0,1,1,""
868230,DATA,54.7,2.1,679,333,139800,1045,1200,0,1,1,""
868730,DATA,54.7,0.0,528,516,110404,1045,1200,0,1,1,""
869230,DATA,55.0,0.0,1217,650,5400,1045,1200,0,1,1,""
869730,DATA,55.0,0.0,2387,1443,6600,1045,1200,0,1,1,""
870230,DATA,55.0,0.0,2795,2127,12001,1045,1200,0,1,1,""
870730,DATA,55.0,0.0,2559,2460,93010,1045,1200,0,1,1,""
871230,DATA,55.2,2.1,1684,2073,4800,1045,1200,0,1,1,""
871730,DATA,55.2,0.0,2666,2238,15600,1045,1200,0,1,1,""
872230,DATA,55.2,0.0,3036,2642,43197,1045,1200,0,1,1,""
872730,DATA,55.5,2.1,2134,2641,141599,1045,1200,0,1,1,""
873230,DATA,55.2,0.0,801,1826,150015,1045,1200,0,1,1,""
873730,DATA,55.5,0.0,523,1076,59998,1045,1200,0,1,1,""
874230,DATA,55.5,0.0,361,734,146403,1045,1200,0,1,1,""
874730,DATA,55.8,2.1,133,435,150001,1045,1200,0,1,1,""
875230,DATA,55.5,0.0, 0, 0,151198,1045,1200,0,1,1,""
875730,DATA,55.5,0.0, 0, 0,145200,1045,1200,0,1,1,""
876230,DATA,55.5,0.0, 0, 0,100809,1045,1200,0,1,1,""
876730,DATA,55.8,0.0,1820,2738,149998,1045,1200,0,1,1,""
877230,DATA,55.8,0.0,658,1757,150595,1045,1200,0,1,1,""
877730,DATA,56.0,2.1,220,966,149401,1045,1200,0,1,1,""
878230,DATA,56.0,2.1,73,490,149994,1045,1200,0,1,1,""
878730,DATA,56.0,0.0, 0, 0,145203,1045,1200,0,1,1,""
879230,DATA,56.2,2.1, 0, 0,148204,1045,1200,0,1,1,""
879730,DATA,56.0,-2.1, 0, 0,122404,1045,1200,0,1,1,""
880230,DATA,56.0,0.0, 0, 0,151208,1045,1200,0,1,1,""
880730,DATA,56.2,0.0, 0, 0,138000,1045,1200,0,1,1,""
881230,DATA,56.2,0.0, 0, 0,127211,1045,1200,0,1,1,""
881730,DATA,56.2,0.0, 0, 0,128994,1045,1200,0,1,1,""
882230,DATA,56.2,0.0, 0, 0,147596,1045,1200,0,1,1,""
882730,DATA,56.2,0.0, 0, 0,150005,1045,1200,0,1,1,""
883230,DATA,56.5,2.1, 0, 0,133799,1045,1200,0,1,1,""
883730,DATA,56.5,0.0, 0, 0,114009,1045,1200,0,1,1,""
884230,DATA,56.5,0.0, 0, 0,135596,1045,1200,0,1,1,""
884730,DATA,56.5,0.0, 0, 0,121193,1045,1200,0,1,1,""
885230,DATA,56.5,0.0, 0, 0,138610,1045,1200,0,1,1,""
885730,DATA,56.5,0.0,3151,3151,65403,1045,1200,0,1,1,""
886230,DATA,56.7,0.0,1768,2592,41399,1045,1200,0,1,1,""
886730,DATA,56.7,0.0,1443,1908,39005,1045,1200,0,1,1,""
887230,DATA,57.0,2.1,2221,1908,4800,1045,1200,0,1,1,""
887730,DATA,56.7,0.0,2914,2348,22802,1045,1200,0,1,1,""
888230,DATA,56.7,-2.1,3159,2780,8400,1045,1200,0,1,1,""
888730,DATA,57.0,0.0,3194,2998,13800,1045,1200,0,1,1,""
889230,DATA,57.0,0.0,3291,3172,7201,1045,1200,0,1,1,""
889730,DATA,57.2,0.0,3356,3265,39600,1045,1200,0,1,1,""
890230,DATA,57.2,0.0,3440,3325,38402,1045,1200,0,1,1,""
890730,DATA,57.2,2.1,2830,3044,14400,1045,1200,0,1,1,""
891230,DATA,57.2,0.0,1787,2644,128995,1045,1200,0,1,1,""
891730,DATA,57.2,0.0,2555,2399,39601,1045,1200,0,1,1,""
892230,DATA,57.5,0.0,2550,2625,115806,1045,1200,0,1,1,""
892730,DATA,57.5,0.0,1747,2134,51001,1045,1200,0,1,1,""
893230,DATA,57.5,0.0,1820,1910,101395,1045,1200,0,1,1,""
893730,DATA,57.5,2.1,1646,1916,113405,1045,1200,0,1,1,""
894230,DATA,57.5,-2.1,637,1366,151197,1045,1200,0,1,1,""
894730,DATA,57.5,-2.1,216,788,149410,1045,1200,0,1,1,""
895230,DATA,57.5,0.0,71,410,115795,1045,1200,0,1,1,""
895730,DATA,57.5,0.0, 0, 0,137989,1045,1200,0,1,1,""
896230,DATA,57.7,0.0,3748,3782,2400,1045,1200,0,1,1,""
896730,DATA,57.7,0.0,3581,3677,1800,1045,1200,0,1,1,""
897230,DATA,57.7,0.0,3532,3613,4200,1045,1200,0,1,1,""
897730,DATA,57.7,0.0,3327,3497,26400,1045,1200,0,1,1,""
898230,DATA,57.7,0.0,3151,3324,76202,1045,1200,0,1,1,""
898730,DATA,57.7,0.0,3256,3260,56401,1045,1200,0,1,1,""
899230,DATA,58.0,2.1,2184,2776,4800,1045,1200,0,1,1,""
899730,DATA,58.0,2.1,2913,2725,9000,1045,1200,0,1,1,""
900230,DATA,58.0,0.0,2759,2817,42000,1045,1200,0,1,1,""
900730,DATA,58.0,0.0,2009,2384,34800,1045,1200,0,1,1,""
901230,DATA,58.0,0.0,2201,2373,99005,1045,1200,0,1,1,""
901730,DATA,58.0,0.0,899,1770,121202,1045,1200,0,1,1,""
902230,DATA,58.0,0.0,984,1180,59398,1045,1200,0,1,1,""
902730,DATA,58.0,0.0,2647,1705,9000,1045,1200,0,1,1,""
903230,DATA,58.0,0.0,3309,2550,7200,1045,1200,0,1,1,""
903730,DATA,58.3,0.0,2963,2913,142200,1045,1200,0,1,1,""
904230,DATA,58.3,0.0,1243,2278,138599,1045,1200,0,1,1,""
904730,DATA,58.3,0.0,429,1369,150595,1045,1200,0,1,1,""
905230,DATA,58.3,0.0,142,728,133795,1045,1200,0,1,1,""
905730,DATA,58.3,0.0, 0, 0,139796,1045,1200,0,1,1,""
906230,DATA,58.3,0.0, 0, 0,151802,1045,1200,0,1,1,""
906730,DATA,58.3,-2.1, 0, 0,130808,1045,1200,0,1,1,""
907230,DATA,58.3,0.0,2087,3139,150001,1045,1200,0,1,1,""
907730,DATA,58.3,0.0,754,2015,130196,1045,1200,0,1,1,""
908230,DATA,58.3,0.0,253,1107,140390,1045,1200,0,1,1,""
908730,DATA,58.3,-2.1,83,562,150597,1045,1200,0,1,1,""
909230,DATA,58.5,0.0, 0, 0,103800,1045,1200,0,1,1,""
909730,DATA,58.5,0.0,2442,3302,136797,1045,1200,0,1,1,""
910230,DATA,58.5,0.0,1316,2308,139803,1045,1200,0,1,1,""
910730,DATA,58.5,0.0,570,1472,101400,1045,1200,0,1,1,""
911230,DATA,58.5,0.0,602,916,121199,1045,1200,0,1,1,""
911730,DATA,58.5,-2.1,1161,895,111004,1045,1200,0,1,1,""
912230,DATA,58.7,0.0,599,849,70205,1045,1200,0,1,1,""
912730,DATA,58.7,0.0,1696,1053,49204,1045,1200,0,1,1,""
913230,DATA,58.7,2.1,1704,1347,99589,1045,1200,0,1,1,""
913730,DATA,58.5,0.0,2098,1593,98408,1045,1200,0,1,1,""
914230,DATA,58.5,0.0,2824,2082,50398,1045,1200,0,1,1,""
914730,DATA,58.7,0.0,2272,2246,49198,1045,1200,0,1,1,""
915230,DATA,58.5,-2.1,1647,2091,98997,1045,1200,0,1,1,""
915730,DATA,58.7,0.0,630,1440,102598,1045,1200,0,1,1,""
916230,DATA,59.0,2.1,214,818,138001,1045,1200,0,1,1,""
916730,DATA,58.7,0.0,71,423,52204,1045,1200,0,1,1,""
917230,DATA,58.7,0.0,1266,779,89995,1045,1200,0,1,1,""
917730,DATA,58.7,0.0,1360,1000,91186,1045,1200,0,1,1,""
918230,DATA,58.7,0.0,2876,1783,118802,1045,1200,0,1,1,""
918730,DATA,58.7,0.0,1964,2038,125401,1045,1200,0,1,1,""
919230,DATA,58.7,0.0,831,1561,143397,1045,1200,0,1,1,""
919730,DATA,59.0,0.0,287,933,101398,1045,1200,0,1,1,""
920230,DATA,58.7,-2.1,95,494,121194,1045,1200,0,1,1,""
920730,DATA,58.7,0.0, 0, 0,130803,1045,1200,0,1,1,""
921230,DATA,58.7,0.0, 0, 0,150592,1045,1200,0,1,1,""
921730,DATA,58.7,0.0,3965,3965,54003,1045,1200,0,1,1,""
922230,DATA,59.0,0.0,2760,3607,120596,1045,1200,0,1,1,""
922730,DATA,59.0,0.0,2367,2791,88794,1045,1200,0,1,1,""
923230,DATA,59.0,0.0,1578,2250,58204,1045,1200,0,1,1,""
923730,DATA,59.0,0.0,2798,2334,5400,1045,1200,0,1,1,""
924230,DATA,59.0,0.0,3440,2856,141601,1045,1200,0,1,1,""
924730,DATA,59.0,0.0,1992,2601,78601,1045,1200,0,1,1,""
925230,DATA,59.0,0.0,2906,2596,37798,1045,1200,0,1,1,""
925730,DATA,59.0,0.0,3631,3069,10801,1045,1200,0,1,1,""
926230,DATA,59.2,0.0,4156,3607,67199,1045,1200,0,1,1,""
926730,DATA,59.0,-2.1,4107,3928,8400,1045,1200,0,1,1,""
927230,DATA,59.2,2.1,3855,3945,6000,1045,1200,0,1,1,""
927730,DATA,59.2,0.0,3593,3793,4800,1045,1200,0,1,1,""
928230,DATA,59.2,0.0,3627,3694,61796,1045,1200,0,1,1,""
928730,DATA,59.2,0.0,3545,3613,32402,1045,1200,0,1,1,""
929230,DATA,59.2,0.0,3626,3629,30607,1045,1200,0,1,1,""
929730,DATA,59.0,-2.1,3770,3675,8483,1045,1200,0,1,1,""
930230,DATA,59.2,2.1,3842,3736,6002,1045,1200,0,1,1,""
930730,DATA,59.2,0.0,3946,3839,6666,1045,1200,0,1,1,""
931230,DATA,59.0,0.0,3716,3807,6603,1045,1200,0,1,1,""
931730,DATA,59.2,0.0,3448,3666,6059,1045,1200,0,1,1,""
932230,DATA,59.2,0.0,3421,3526,4801,1045,1200,0,1,1,""
932730,DATA,59.2,0.0,3245,3397,61813,1045,1200,0,1,1,""
933230,DATA,59.2,0.0,3066,3315,126647,1045,1200,0,1,1,""
933730,DATA,59.2,-2.1,1308,2502,149524,1045,1200,0,1,1,""
934230,DATA,59.5,0.0,452,1488,118277,1045,1200,0,1,1,""
934730,DATA,59.5,0.0,150,787,141104,1045,1200,0,1,1,""
935230,DATA,59.2,-2.1, 0, 0,107418,1045,1200,0,1,1,""
935730,DATA,59.5,0.0, 0, 0,150638,1045,1200,0,1,1,""
936230,DATA,59.5,0.0,3533,3533,3601,1045,1200,0,1,1,""
936730,DATA,59.2,-2.1,2041,3070,89062,1045,1200,0,1,1,""
937230,DATA,59.5,0.0,1156,2115,151877,1045,1200,0,1,1,""
937730,DATA,59.5,0.0,460,1308,72629,1045,1200,0,1,1,""
938230,DATA,59.7,2.1,987,956,54029,1045,1200,0,1,1,""
938730,DATA,59.7,0.0,2585,1587,117634,1045,1200,0,1,1,""
939230,DATA,59.5,0.0,2911,2217,93067,1045,1200,0,1,1,""
939730,DATA,59.5,0.0,3260,2760,53929,1045,1200,0,1,1,""
940230,DATA,59.7,2.1,3491,3127,67866,1045,1200,0,1,1,""
940730,DATA,59.7,0.0,2767,3006,2424,1045,1200,0,1,1,""
941230,DATA,59.7,0.0,3180,3025,79849,1045,1200,0,1,1,""
941730,DATA,59.7,0.0,3470,3225,55227,1045,1200,0,1,1,""
942230,DATA,59.7,0.0,2855,3021,24613,1045,1200,0,1,1,""
942730,DATA,59.7,0.0,3488,3188,35748,1045,1200,0,1,1,""
943230,DATA,59.7,0.0,3018,3324,78040,1045,1200,0,1,1,""
943730,DATA,59.7,-2.1,1616,2538,148437,1045,1200,0,1,1,""
944230,DATA,59.7,0.0,979,1709,11407,1045,1200,0,1,1,""
944730,DATA,60.0,2.1,930,1389,96655,1045,1200,0,1,1,""
945230,DATA,59.7,0.0,352,903,72028,1045,1200,0,1,1,""
945730,DATA,60.0,2.1,418,546,80413,1045,1200,0,1,1,""
946230,DATA,60.0,2.1,361,490,138649,1045,1200,0,1,1,""
946730,DATA,59.7,0.0,136,328,108650,1045,1200,0,1,1,""
947230,DATA,59.7,-2.1, 0, 0,142227,1045,1200,0,1,1,""
947730,DATA,59.7,-2.1,3437,3691,87632,1045,1200,0,1,1,""
948230,DATA,60.0,2.1,3169,3480,108667,1045,1200,0,1,1,""
948730,DATA,60.0,0.0,1813,2772,130877,1045,1200,0,1,1,""
949230,DATA,60.2,2.1,701,1798,110478,1045,1200,0,1,1,""
949730,DATA,60.0,-2.1,687,1152,109238,1045,1200,0,1,1,""
950230,DATA,60.2,2.1,1605,1202,99656,1045,1200,0,1,1,""
950730,DATA,60.0,0.0,799,1141,91270,1045,1200,0,1,1,""
951230,DATA,60.2,0.0,2080,1466,126622,1045,1200,0,1,1,""
951730,DATA,60.2,0.0,1302,1461,60045,1045,1200,0,1,1,""
952230,DATA,60.2,2.1,680,1160,133914,1045,1200,0,1,1,""
952730,DATA,60.0,-2.1,1751,1328,63021,1045,1200,0,1,1,""
953230,DATA,60.2,2.1,2990,2026,52839,1045,1200,0,1,1,""
953730,DATA,60.2,0.0,2878,2530,117682,1045,1200,0,1,1,""
954230,DATA,60.2,0.0,1260,2110,90888,1045,1200,0,1,1,""
954730,DATA,60.2,0.0,438,1301,127247,1045,1200,0,1,1,""
955230,DATA,60.2,0.0,1260,992,46816,1045,1200,0,1,1,""
955730,DATA,60.2,-2.1,1590,1426,123086,1045,1200,0,1,1,""
956230,DATA,60.2,0.0,629,1139,150062,1045,1200,0,1,1,""
956730,DATA,60.2,0.0,1746,1208,89068,1045,1200,0,1,1,""
957230,DATA,60.2,0.0,1039,1296,136268,1045,1200,0,1,1,""
957730,DATA,60.2,0.0,377,886,106850,1045,1200,0,1,1,""
958230,DATA,60.2,0.0,126,500,125470,1045,1200,0,1,1,""
958730,DATA,60.2,-2.1, 0, 0,89430,1045,1200,0,1,1,""
959230,DATA,60.2,0.0, 0, 0,120648,1045,1200,0,1,1,""
959730,DATA,60.2,-2.1, 0, 0,150636,1045,1200,0,1,1,""
960230,DATA,60.5,0.0, 0, 0,100225,1045,1200,0,1,1,""
960730,DATA,60.5,0.0, 0, 0,83426,1045,1200,0,1,1,""
961230,DATA,60.5,0.0, 0, 0,71426,1045,1200,0,1,1,""
961730,DATA,60.5,0.0,3950,3950,37809,1045,1200,0,1,1,""
962230,DATA,60.5,0.0,2354,3361,133288,1045,1200,0,1,1,""
962730,DATA,60.5,0.0,903,2224,70243,1045,1200,0,1,1,""
963230,DATA,60.5,0.0,1169,1637,131481,1045,1200,0,1,1,""
963730,DATA,60.5,-2.1,1678,1428,115738,1045,1200,0,1,1,""
964230,DATA,60.5,0.0,3187,2158,4803,1045,1200,0,1,1,""
964730,DATA,60.8,2.1,2913,2777,129677,1045,1200,0,1,1,""
965230,DATA,60.8,0.0,1163,2166,149503,1045,1200,0,1,1,""
965730,DATA,60.8,0.0,397,1295,136270,1045,1200,0,1,1,""
966230,DATA,60.8,0.0,132,686,151833,1045,1200,0,1,1,""
966730,DATA,60.8,2.1, 0, 0,150033,1045,1200,0,1,1,""
967230,DATA,60.8,0.0, 0, 0,134426,1045,1200,0,1,1,""
967730,DATA,60.8,0.0, 0, 0,150633,1045,1200,0,1,1,""
968230,DATA,60.8,0.0, 0, 0,151832,1045,1200,0,1,1,""
968730,DATA,60.8,0.0, 0, 0,145834,1045,1200,0,1,1,""
969230,DATA,60.8,0.0, 0, 0,151227,1045,1200,0,1,1,""
969730,DATA,60.8,0.0,2677,3573,102073,1045,1200,0,1,1,""
970230,DATA,60.8,0.0,1003,2404,152487,1045,1200,0,1,1,""
970730,DATA,61.0,0.0,338,1352,150656,1045,1200,0,1,1,""
971230,DATA,61.0,0.0,112,695,151827,1045,1200,0,1,1,""
971730,DATA,61.0,0.0, 0, 0,150630,1045,1200,0,1,1,""
972230,DATA,61.0,0.0, 0, 0,148836,1045,1200,0,1,1,""
972730,DATA,61.0,0.0, 0, 0,133229,1045,1200,0,1,1,""
973230,DATA,61.0,0.0, 0, 0,151853,1045,1200,0,1,1,""
973730,DATA,61.0,0.0, 0, 0,150059,1045,1200,0,1,1,""
974230,DATA,61.0,0.0, 0, 0,151824,1045,1200,0,1,1,""
974730,DATA,61.0,0.0, 0, 0,150624,1045,1200,0,1,1,""
975230,DATA,61.0,0.0, 0, 0,151253,1045,1200,0,1,1,""
975730,DATA,61.0,-2.1, 0, 0,150645,1045,1200,0,1,1,""
976230,DATA,61.2,2.1, 0, 0,151827,1045,1200,0,1,1,""
976730,DATA,61.0,-2.1, 0, 0,150035,1045,1200,0,1,1,""
977230,DATA,61.2,2.1, 0, 0,151838,1045,1200,0,1,1,""
977730,DATA,61.0,0.0, 0, 0,150641,1045,1200,0,1,1,""
977872,EVENT,61.2,2.1, 0, 0,172784,1045,1200,0,1,1,"STARTER 1220"
978230,DATA,61.0,-2.0, 0, 0,69484,1045,1210,0,1,1,""
978730,DATA,61.0,0.0, 0, 0,148822,1045,1218,0,1,1,""
979230,DATA,61.0,0.0, 0, 0,149412,1045,1220,0,1,1,""
979730,DATA,61.0,0.0, 0, 0,148199,1045,1220,0,1,1,""
980230,DATA,61.0,0.0, 0, 0,149991,1045,1220,0,1,1,""
980730,DATA,61.2,0.0, 0, 0,148797,1045,1220,0,1,1,""
981230,DATA,61.2,0.0, 0, 0,149406,1045,1220,0,1,1,""
981730,DATA,61.2,2.1,3882,3882,41396,1045,1220,0,1,1,""
982230,DATA,61.2,0.0,1854,3145,149998,1045,1220,0,1,1,""
982730,DATA,61.2,0.0,653,1938,134400,1045,1220,0,1,1,""
983230,DATA,61.2,0.0,217,1044,130793,1045,1220,0,1,1,""
983730,DATA,61.5,2.1,72,524,113402,1045,1220,0,1,1,""
983745,EVENT,61.5,2.1,72,524,113402,1045,1220,0,1,1,"STARTER 1240"
984230,DATA,61.2,-1.9, 0, 0,71076,1045,1233,0,1,1,""
984730,DATA,61.2,0.0, 0, 0,139803,1045,1240,0,1,1,""
985230,DATA,61.2,-2.1, 0, 0,150016,1045,1240,0,1,1,""
985730,DATA,61.5,0.0, 0, 0,147601,1045,1240,0,1,1,""
986230,DATA,61.2,0.0, 0, 0,144000,1045,1240,0,1,1,""
986730,DATA,61.5,2.1, 0, 0,133799,1045,1240,0,1,1,""
987230,DATA,61.2,-2.0, 0, 0,109799,1045,1240,0,1,1,""
987730,DATA,61.5,0.0, 0, 0,129605,1045,1240,0,1,1,""
988230,DATA,61.2,0.0,3137,3731,117004,1045,1240,0,1,1,""
988730,DATA,61.5,0.0,1237,2652,125278,1045,1240,0,1,1,""
989023,EVENT,61.2,0.0,653,1938,135000,1045,1240,0,1,1,"STARTER 1260"
989230,DATA,61.5,2.1,422,1531,115213,1045,1246,0,1,1,""
989730,DATA,61.2,0.0,555,1042,115904,1045,1256,0,1,1,""
990230,DATA,61.2,0.0,826,783,96004,1045,1260,0,1,1,""
990730,DATA,61.5,0.0,2320,1485,28797,1045,1260,0,1,1,""
991230,DATA,61.5,0.0,2072,2075,93598,1045,1260,0,1,1,""
991730,DATA,61.5,0.0,781,1558,108601,1045,1260,0,1,1,""
992230,DATA,61.5,2.1,2550,1628,4200,1045,1260,0,1,1,""
992730,DATA,61.5,2.1,4457,2907,91805,1045,1260,0,1,1,""
993230,DATA,61.2,-2.1,5214,4132,4200,1045,1260,0,1,1,""
993730,DATA,61.5,0.0,4924,4739,115798,1045,1260,0,1,1,""
994230,DATA,61.2,-2.1,4320,4452,8999,1045,1260,0,1,1,""
995230,DATA,61.5,0.0,1877,3498,124205,1045,1260,0,1,1,""
995730,DATA,61.5,0.0,649,2095,148201,1045,1260,0,1,1,""
996105,EVENT,61.5,0.0,269,1270,141607,1045,1260,0,1,1,"STARTER 1280"
996230,DATA,61.5,0.0,215,1112,164999,1045,1264,0,1,1,""
996730,DATA,61.2,0.0,71,553,80398,1045,1275,0,1,1,""
997230,DATA,61.5,0.0,784,712,149985,1045,1280,0,1,1,""
997730,DATA,61.2,0.0,316,569,148796,1045,1280,0,1,1,""
998230,DATA,61.2,0.0,108,343,112207,1045,1280,0,1,1,""
998730,DATA,61.2,0.0, 0, 0,74406,1045,1280,0,1,1,""
999230,DATA,61.5,2.1,5448,5448,88805,1045,1280,0,1,1,""
999730,DATA,61.2,0.0,2602,4414,140396,1045,1280,0,1,1,""
1000152,EVENT,61.2,0.0,1137,3039,151803,1045,1280,0,1,1,"STARTER 1300"
1000230,DATA,61.2,0.0,1137,3039,151803,1045,1283,0,1,1,""
1000730,DATA,61.0,0.0,915,1745,144612,1045,1294,0,1,1,""
1001230,DATA,61.2,2.1,454,1194,152994,1045,1300,0,1,1,""
1001730,DATA,61.2,0.0,158,662,151189,1045,1300,0,1,1,""
1002230,DATA,61.0,-2.1,574,373,72593,1045,1300,0,1,1,""
1002730,DATA,61.2,0.0,587,560,142800,1045,1300,0,1,1,""
1003230,DATA,61.2,0.0,223,430,150003,1045,1300,0,1,1,""
1003730,DATA,61.2,0.0,76,254,138610,1045,1300,0,1,1,""
1004230,DATA,61.2,0.0, 0, 0,134995,1045,1300,0,1,1,""
1004730,DATA,61.0,-2.1, 0, 0,73800,1045,1300,0,1,1,""
1005230,DATA,61.0,0.0, 0, 0,124204,1045,1300,0,1,1,""
1005730,DATA,61.0,0.0, 0, 0,120601,1045,1300,0,1,1,""
1006230,DATA,61.0,0.0, 0, 0,75006,1045,1300,0,1,1,""
1006730,DATA,61.0,0.0,6332,6573,84600,1045,1300,0,1,1,""
1007230,DATA,61.0,0.0,5455,6137,4800,1045,1300,0,1,1,""
1007730,DATA,61.0,0.0,6023,5957,6600,1045,1300,0,1,1,""
1008230,DATA,60.8,-2.1,6088,6083,7800,1045,1300,0,1,1,""
1008730,DATA,61.0,0.0,6086,6081,6600,1045,1300,0,1,1,""
1009230,DATA,61.0,0.0,6102,6059,8400,1045,1300,0,1,1,""
1009730,DATA,61.0,0.0,5931,6031,9600,1045,1300,0,1,1,""
1010230,DATA,61.0,2.1,5925,5983,6600,1045,1300,0,1,1,""
1010730,DATA,60.8,-2.1,6076,5999,10800,1045,1300,0,1,1,""
1011230,DATA,61.0,2.1,6213,6095,10200,1045,1300,0,1,1,""
1011730,DATA,60.8,0.0,6214,6164,6600,1045,1300,0,1,1,""
1012230,DATA,60.8,0.0,6196,6185,5400,1045,1300,0,1,1,""
1012730,DATA,60.8,0.0,6189,6188,6000,1045,1300,0,1,1,""
1013230,DATA,60.8,0.0,6187,6188,3600,1045,1300,0,1,1,""
1013730,DATA,60.8,0.0,6186,6187,9000,1045,1300,0,1,1,""
1014230,DATA,60.8,0.0,6186,6187,7200,1045,1300,0,1,1,""
1014730,DATA,60.5,-2.1,5885,6068,6000,1045,1300,0,1,1,""
1015230,DATA,60.8,0.0,6000,6007,6600,1045,1300,0,1,1,""
1015730,DATA,60.5,0.0,6072,6032,5400,1045,1300,0,1,1,""
1016230,DATA,60.5,-2.1,6099,6066,4800,1045,1300,0,1,1,""
1016730,DATA,60.5,-2.1,6108,6088,6000,1045,1300,0,1,1,""
1017230,DATA,60.5,-2.1,5938,6026,1200,1045,1300,0,1,1,""
1017730,DATA,60.8,2.1,5984,5994,38396,1045,1300,0,1,1,""
1018230,DATA,60.5,-2.0,5478,5877,24589,1045,1300,0,1,1,""
1018731,DATA,60.5,0.0,4578,5406,144268,1045,1300,0,1,1,""
1019232,DATA,60.5,0.0,1930,3926,149636,1045,1300,0,1,1,""
1019733,DATA,60.5,2.1,666,2299,65359,1045,1300,0,1,1,""
1020234,DATA,60.5,0.0,1388,1444,5296,1045,1300,0,1,1,""
1020735,DATA,60.5,0.0,2327,2039,138731,1045,1300,0,1,1,""
1021236,DATA,60.5,0.0,934,1653,149608,1045,1300,0,1,1,""
1021737,DATA,60.2,0.0,319,1001,131833,1045,1300,0,1,1,""
1022238,DATA,60.5,2.1,592,607,7722,1045,1300,0,1,1,""
1022739,DATA,60.2,0.0,3734,1802,4159,1045,1300,0,1,1,""
1023240,DATA,60.2,-2.1,5268,3503,5292,1045,1300,0,1,1,""
1023741,DATA,60.2,0.0,5810,4708,6536,1045,1300,0,1,1,""
1024242,DATA,60.2,0.0,5991,5396,8234,1045,1300,0,1,1,""
1024743,DATA,60.2,0.0,6050,5751,7724,1045,1300,0,1,1,""
1025244,DATA,60.2,0.0,6070,5926,5296,1045,1300,0,1,1,""
1025745,DATA,60.2,2.1,6076,6008,5880,1045,1300,0,1,1,""
1026246,DATA,60.2,0.0,6078,6047,5939,1045,1300,0,1,1,""
1026747,DATA,60.2,0.0,6079,6064,2971,1045,1300,0,1,1,""
1027248,DATA,60.2,2.0,6079,6072,12350,1045,1300,0,1,1,""
1027749,DATA,60.0,0.0,6095,6079,9507,1045,1300,0,1,1,""
1028250,DATA,60.0,0.0,6092,6088,6470,1045,1300,0,1,1,""
1028751,DATA,60.0,0.0,6087,6088,8314,1045,1300,0,1,1,""
1029252,DATA,60.0,0.0,6084,6086,4752,1045,1300,0,1,1,""
1029753,DATA,60.0,0.0,6078,6084,10101,1045,1300,0,1,1,""
1030254,DATA,60.0,0.0,6321,6170,9998,1045,1300,0,1,1,""
1030755,DATA,60.0,0.0,6206,6212,6535,1045,1300,0,1,1,""
1031240,EVENT,59.7,0.0,6139,6186,9000,1045,1300,0,1,1,"STARTER 1320"
1031256,DATA,59.7,0.0,6128,6177,15287,1045,1301,0,1,1,""
1031757,DATA,59.7,2.1,6102,6145,10843,1045,1313,0,1,1,""
1032258,DATA,59.7,0.0,6090,6116,9600,1045,1320,0,1,1,""
1032759,DATA,59.7,0.0,6130,6094,11999,1045,1320,0,1,1,""
1033260,DATA,59.7,0.0,6115,6155,9000,1045,1320,0,1,1,""
1033761,DATA,59.7,0.0,5937,6064,10200,1045,1320,0,1,1,""
1034262,DATA,59.5,-2.1,5730,5883,9599,1045,1320,0,1,1,""
1034763,DATA,59.5,-2.1,5864,5849,7800,1045,1320,0,1,1,""
1035264,DATA,59.7,2.1,5786,5836,7800,1045,1320,0,1,1,""
1035765,DATA,59.5,0.0,5835,5825,7800,1045,1320,0,1,1,""
1036266,DATA,59.5,2.0,5657,5779,7800,1045,1320,0,1,1,""
1036767,DATA,59.5,2.1,5733,5735,5400,1045,1320,0,1,1,""
1037268,DATA,59.2,0.0,5570,5695,9600,1045,1320,0,1,1,""
1037769,DATA,59.2,0.0,5626,5633,8400,1045,1320,0,1,1,""
1038270,DATA,59.2,0.0,5729,5670,6000,1045,1320,0,1,1,""
1038771,DATA,59.2,0.0,5633,5659,98401,1045,1320,0,1,1,""
1039272,DATA,59.2,0.0,5702,5669,87002,1045,1320,0,1,1,""
1039773,DATA,59.0,-2.1,5756,5717,2400,1045,1320,0,1,1,""
1040085,EVENT,59.0,-2.1,5776,5735,128400,1045,1320,0,1,1,"STARTER 1340"
1040290,DATA,59.0,0.0,5804,5753,56199,1045,1326,0,1,1,""
1040790,DATA,58.7,0.0,5850,5800,1200,1045,1336,0,1,1,""
1041290,DATA,58.7,0.0,5867,5835,4200,1045,1340,0,1,1,""
1041790,DATA,59.0,0.0,5873,5855,107996,1045,1340,0,1,1,""
1042290,DATA,59.0,0.0,5060,5519,6600,1045,1340,0,1,1,""
1042790,DATA,58.7,0.0,5470,5413,6600,1045,1340,0,1,1,""
1043290,DATA,58.5,-2.1,5527,5503,4200,1045,1340,0,1,1,""
1043790,DATA,58.5,0.0,5625,5544,5400,1045,1340,0,1,1,""
1044290,DATA,58.5,2.1,5725,5630,7200,1045,1340,0,1,1,""
1044790,DATA,58.3,0.0,5764,5699,6600,1045,1340,0,1,1,""
1045290,DATA,58.3,0.0,5777,5740,6601,1045,1340,0,1,1,""
1045790,DATA,58.3,0.0,5778,5762,8400,1045,1340,0,1,1,""
1046290,DATA,58.3,0.0,5499,5672,9601,1045,1340,0,1,1,""
1046790,DATA,58.3,2.1,5560,5590,4800,1045,1340,0,1,1,""
1047290,DATA,58.0,0.0,5631,5603,3600,1045,1340,0,1,1,""
1047790,DATA,58.0,0.0,5645,5625,100199,1045,1340,0,1,1,""
1048290,DATA,57.7,0.0,5587,5629,60604,1045,1340,0,1,1,""
1048791,DATA,57.7,0.0,4948,5305,6001,1045,1340,0,1,1,""
1049292,DATA,57.5,-2.1,5323,5249,2400,1045,1340,0,1,1,""
1049793,DATA,57.7,2.1,5514,5368,4800,1045,1340,0,1,1,""
1050294,DATA,57.5,0.0,5582,5477,58198,1045,1340,0,1,1,""
1050795,DATA,57.5,0.0,5619,5552,24001,1045,1340,0,1,1,""
1051296,DATA,57.2,-2.1,5436,5496,3000,1045,1340,0,1,1,""
1051797,DATA,57.2,0.0,4887,5275,4800,1045,1340,0,1,1,""
1052298,DATA,57.2,0.0,5188,5168,73200,1045,1340,0,1,1,""
1052799,DATA,57.2,0.0,4947,4968,83402,1045,1340,0,1,1,""
1053300,DATA,57.2,2.1,5368,5126,5401,1045,1340,0,1,1,""
1053801,DATA,57.0,0.0,5530,5327,3000,1045,1340,0,1,1,""
1054302,DATA,56.7,0.0,5585,5462,5400,1045,1340,0,1,1,""
1054803,DATA,56.7,0.0,5498,5514,4800,1045,1340,0,1,1,""
1055304,DATA,56.7,0.0,5568,5535,3000,1045,1340,0,1,1,""
1055805,DATA,56.5,-2.1,5587,5561,7800,1045,1340,0,1,1,""
1056306,DATA,56.2,0.0,5593,5578,5401,1045,1340,0,1,1,""
1056807,DATA,56.2,0.0,5579,5578,6601,1045,1340,0,1,1,""
1057308,DATA,56.2,0.0,5587,5582,58199,1045,1340,0,1,1,""
1057809,DATA,56.0,-2.0,5595,5587,101998,1045,1340,0,1,1,""
1058310,DATA,56.0,0.0,5597,5593,51599,1045,1340,0,1,1,""
1058811,DATA,55.8,0.0,5526,5556,10799,1045,1340,0,1,1,""
1059312,DATA,55.8,0.0,5554,5550,9600,1045,1340,0,1,1,""
1059813,DATA,55.5,0.0,5474,5527,47997,1045,1340,0,1,1,""
1060314,DATA,55.5,0.0,5416,5479,13801,1045,1340,0,1,1,""
1060815,DATA,55.2,-2.0,5435,5462,33597,1045,1340,0,1,1,""
1061316,DATA,55.2,0.0,5388,5436,4200,1045,1340,0,1,1,""
1061817,DATA,55.0,0.0,5774,5553,53999,1045,1340,0,1,1,""
1062318,DATA,54.7,-2.1,5709,5651,5400,1045,1340,0,1,1,""
1062819,DATA,54.7,0.0,5629,5653,3600,1045,1340,0,1,1,""
1063320,DATA,54.5,-2.1,5589,5623,32997,1045,1340,0,1,1,""
1063821,DATA,54.0,-2.0,5575,5599,3000,1045,1340,0,1,1,""
1064322,DATA,53.7,-2.1,5568,5583,2400,1045,1340,0,1,1,""
1064823,DATA,53.5,0.0,5548,5567,4200,1045,1340,0,1,1,""
1065324,DATA,53.3,0.0,5543,5553,28202,1045,1340,0,1,1,""
1065808,EVENT,53.3,0.0,5541,5547,6000,1045,1340,1,1,1,"IGN ON"
1065825,DATA,53.3,0.0,5541,5547,6000,1045,1340,1,1,1,""
1066326,DATA,52.5,0.0,5537,5542,5999,1045,1340,1,1,1,""
1066827,DATA,52.2,0.0,5559,5537,4800,1045,1340,1,1,1,""
1067328,DATA,52.2,0.0,5579,5562,25804,1045,1340,1,1,1,""
1067829,DATA,52.2,0.0,5562,5565,3000,1045,1340,1,1,1,""
1068330,DATA,52.0,0.0,5554,5560,4200,1045,1340,1,1,1,""
1068831,DATA,51.7,0.0,5551,5556,3000,1045,1340,1,1,1,""
1069332,DATA,51.7,0.0,5647,5576,27003,1045,1340,1,1,1,""
1069833,DATA,52.0,2.0,5627,5612,75010,1045,1340,1,1,1,""
1070334,DATA,52.7,0.0,5515,5561,24602,1045,1340,1,1,1,""
1070835,DATA,53.7,2.1,5550,5548,69603,1045,1340,1,1,1,""
1071096,EVENT,54.2,2.1,5562,5552,6600,1045,1340,0,1,1,"IGN OFF"
1071336,DATA,55.0,4.2,5567,5556,4800,1045,1340,0,1,1,""
1071837,DATA,56.0,2.1,5573,5564,4200,1045,1340,0,1,1,""
1072338,DATA,56.5,2.1,5575,5570,3600,1045,1340,0,1,1,""
1072839,DATA,57.0,0.0,5575,5573,4200,1045,1340,0,1,1,""
1073340,DATA,57.5,0.0,5575,5574,4800,1045,1340,0,1,1,""
1073841,DATA,57.7,0.0,5576,5575,82197,1045,1340,0,1,1,""
1074342,DATA,58.3,2.1,3232,4851,120602,1045,1340,0,1,1,""
1074843,DATA,58.3,0.0,2453,3630,89400,1045,1340,0,1,1,""
1075344,DATA,58.3,0.0,2947,3306,153014,1045,1340,0,1,1,""
1075845,DATA,58.3,0.0,1641,2503,53401,1045,1340,0,1,1,""
1076346,DATA,58.0,0.0,2624,2221,26399,1045,1340,0,1,1,""
1076847,DATA,58.3,2.1,3187,2662,7799,1045,1340,0,1,1,""
1077348,DATA,58.0,0.0,4546,3480,6000,1045,1340,0,1,1,""
1077699,EVENT,58.0,2.1,5185,4211,21001,1045,1340,1,1,1,"IGN ON"
1077849,DATA,57.5,-4.2,5207,4360,46796,1045,1340,1,1,1,""
1078350,DATA,57.0,0.0,5460,4927,4200,1045,1340,1,1,1,""
1078851,DATA,56.5,-2.0,3136,4538,182263,1045,1340,1,1,1,""
1079352,DATA,56.2,0.0,1132,2948,146042,1045,1340,1,1,1,""
1079853,DATA,56.0,-2.1,829,1695,45724,1045,1340,1,1,1,""
1080354,DATA,56.0,0.0,2248,1604,5345,1045,1340,1,1,1,""
1080855,DATA,55.8,0.0,4313,2783,5943,1045,1340,1,1,1,""
1081356,DATA,55.8,0.0,5111,3960,4707,1045,1340,1,1,1,""
1081857,DATA,56.2,0.0,5424,4728,5882,1045,1340,1,1,1,""
1082358,DATA,56.7,2.1,5532,5160,3563,1045,1340,1,1,1,""
1082859,DATA,57.2,0.0,5568,5382,4158,1045,1340,1,1,1,""
1083161,EVENT,57.5,0.0,5591,5458,113394,1045,1340,0,1,1,"IGN OFF"
1083360,DATA,57.7,2.1,4529,5280,139522,1045,1340,0,1,1,""
1083861,DATA,58.3,2.1,1790,3783,127184,1045,1340,0,1,1,""
1084362,DATA,58.3,0.0,1905,2571,89956,1045,1340,0,1,1,""
1084863,DATA,58.7,4.0,3221,2554,10096,1045,1340,0,1,1,""
1085364,DATA,59.0,0.0,4710,3526,13668,1045,1340,0,1,1,""
1085865,DATA,59.2,0.0,4663,4172,89450,1045,1340,0,1,1,""
1086366,DATA,59.2,0.0,4569,4499,14698,1045,1340,0,1,1,""
1086867,DATA,59.2,0.0,4927,4639,48139,1045,1340,0,1,1,""
1087368,DATA,59.2,0.0,5301,4949,45892,1045,1340,0,1,1,""
1087869,DATA,59.2,0.0,5448,5205,99369,1045,1340,0,1,1,""
1088370,DATA,59.2,0.0,2613,4313,112213,1045,1340,0,1,1,""
1088871,DATA,59.5,2.1,921,2679,131239,1045,1340,0,1,1,""
1089372,DATA,59.5,2.1,307,1448,122917,1045,1340,0,1,1,""
1089873,DATA,59.2,-2.1,1428,1256,149045,1045,1340,0,1,1,""
1090374,DATA,59.2,2.1,669,1073,138362,1045,1340,0,1,1,""
1090875,DATA,59.0,0.0,1302,888,14254,1045,1340,0,1,1,""
1091376,DATA,59.0,0.0,3108,1917,109239,1045,1340,0,1,1,""
1091877,DATA,58.7,-2.1,1590,2052,77780,1045,1340,0,1,1,""
1092378,DATA,58.7,0.0,2318,1902,40378,1045,1340,0,1,1,""
1092879,DATA,58.5,0.0,2540,2456,124698,1045,1340,0,1,1,""
1093380,DATA,58.3,0.0,994,1892,138317,1045,1340,0,1,1,""
1093387,EVENT,58.3,0.0,994,1892,138317,1045,1340,1,1,1,"IGN ON"
1093881,DATA,57.5,0.0,338,1124,167444,1045,1340,1,1,1,""
1094382,DATA,57.2,0.0,112,593,158579,1045,1340,1,1,1,""
1094883,DATA,57.0,0.0, 0, 0,174042,1045,1340,1,1,1,""
1095384,DATA,56.7,0.0,5088,5460,190569,1045,1340,1,1,1,""
1095885,DATA,56.5,-2.1,2166,4132,190619,1045,1340,1,1,1,""
1096386,DATA,56.2,-2.1,749,2459,190561,1045,1340,1,1,1,""
1096887,DATA,56.2,0.0,248,1301,190587,1045,1340,1,1,1,""
1097388,DATA,56.5,0.0,82,647,190050,1045,1340,1,1,1,""
1097889,DATA,57.0,2.1, 0, 0,190650,1045,1340,1,1,1,""
1098355,EVENT,57.5,2.1, 0, 0,191371,1045,1340,1,1,1,"STARTER 1360"
1098390,DATA,57.5,2.1, 0, 0,193569,1045,1341,1,1,1,""
1098891,DATA,58.0,2.1, 0, 0,191303,1045,1354,1,1,1,""
1099392,DATA,58.3,2.1, 0, 0,191227,1045,1360,1,1,1,""
1099893,DATA,58.7,2.0, 0, 0,190670,1045,1360,1,1,1,""
1100364,EVENT,58.7,0.0, 0, 0,191421,1045,1360,1,1,1,"STARTER 1380"
1100394,DATA,59.0,2.1, 0, 0,186422,1045,1361,1,1,1,""
1100895,DATA,59.2,0.0, 0, 0,100600,1045,1373,1,1,1,""
1101396,DATA,59.2,0.0, 0, 0,86410,1045,1380,1,1,1,""
1101897,DATA,59.5,0.0,5426,5426,33600,1045,1380,1,1,1,""
1102398,DATA,59.5,0.0,3134,4715,79198,1045,1380,1,1,1,""
1102899,DATA,59.7,2.0,1132,3027,109200,1045,1380,1,1,1,""
1103400,DATA,59.7,0.0,2064,2096,4200,1045,1380,1,1,1,""
1103901,DATA,59.5,-2.1,4149,2909,3000,1045,1380,1,1,1,""
1104053,EVENT,59.7,2.1,4594,3351,600,1045,1380,1,1,1,"STARTER 1400"
1104410,DATA,59.7,0.0,4994,3946,3586,1045,1390,1,1,1,""
1104910,DATA,59.7,0.0,5284,4648,66000,1045,1398,1,1,1,""
1105410,DATA,59.7,0.0,5354,5014, 0,1045,1400,1,1,1,""
1105910,DATA,60.0,0.0,5477,5252,4200,1045,1400,1,1,1,""
1106410,DATA,60.0,0.0,5571,5404,184217,1045,1400,1,1,1,""
1106910,DATA,60.2,2.1,5036,5185,9600,1045,1400,1,1,1,""
1107410,DATA,60.2,0.0,4651,4990,5400,1045,1400,1,1,1,""
1107778,EVENT,60.2,0.0,5012,4938,6000,1045,1400,1,1,1,"STARTER 1420"
1107910,DATA,60.2,0.0,5102,4963,6575,1045,1404,1,1,1,""
1108410,DATA,60.2,0.0,5384,5155, 0,1045,1415,1,1,1,""
1108910,DATA,60.2,0.0,5486,5324,176398,1045,1420,1,1,1,""
1109410,DATA,60.5,2.1,2628,4378,151203,1045,1420,1,1,1,""
1109910,DATA,60.5,0.0,1369,2779,3600,1045,1420,1,1,1,""
1110410,DATA,60.5,0.0,3679,2863,58791,1045,1420,1,1,1,""
1110910,DATA,60.5,0.0,3678,3310,13798,1045,1420,1,1,1,""
1111410,DATA,60.5,0.0,4788,3946,4800,1045,1420,1,1,1,""
1111910,DATA,60.8,0.0,5229,4606,6599,1045,1420,1,1,1,""
1112119,EVENT,60.8,0.0,5380,4814,5400,1045,1420,1,1,1,"STARTER 1440"
1112410,DATA,60.8,0.0,5384,4971,4184,1045,1428,1,1,1,""
1112910,DATA,60.8,0.0,5456,5228,7799,1045,1438,1,1,1,""
1113410,DATA,60.8,0.0,5493,5370,4800,1045,1440,1,1,1,""
1113910,DATA,60.8,0.0,5666,5514,13199,1045,1440,1,1,1,""
1114410,DATA,61.0,0.0,5843,5671,1800,1045,1440,1,1,1,""
1114910,DATA,60.8,-2.1,5786,5746,138607,1045,1440,1,1,1,""
1115410,DATA,60.8,-2.1,4651,5531,108008,1045,1440,1,1,1,""
1115910,DATA,61.0,0.0,4927,5074,6600,1045,1440,1,1,1,""
1116410,DATA,61.0,0.0,5450,5202,126006,1045,1440,1,1,1,""
1116522,EVENT,61.0,0.0,5510,5248,107996,1045,1440,1,1,1,"STARTER 1460"
1116930,DATA,61.0,0.0,5678,5429,2000,1045,1451,1,1,1,""
1117430,DATA,61.0,0.0,6394,5833,32398,1045,1459,1,1,1,""
1117930,DATA,61.0,-2.1,6556,6240,20400,1045,1460,1,1,1,""
1118430,DATA,61.2,2.1,6716,6464,28199,1045,1460,1,1,1,""
1118930,DATA,61.5,0.0,6861,6663,70204,1045,1460,1,1,1,""
1119430,DATA,61.2,0.0,6910,6795,5400,1045,1460,1,1,1,""
1119930,DATA,61.5,2.1,6724,6813,3600,1045,1460,1,1,1,""
1120192,EVENT,61.5,2.1,6718,6773,56998,1045,1460,1,1,1,"STARTER 1480"
1120430,DATA,61.2,-2.0,6596,6728,29295,1045,1467,1,1,1,""
1120930,DATA,61.5,0.0,6680,6681,6000,1045,1477,1,1,1,""
1121430,DATA,61.2,0.0,6752,6709,4200,1045,1480,1,1,1,""
1121930,DATA,61.2,0.0,6778,6744,41998,1045,1480,1,1,1,""
1122430,DATA,61.2,0.0,5576,6512,150606,1045,1480,1,1,1,""
1122930,DATA,61.2,0.0,5771,5964,5400,1045,1480,1,1,1,""
1123430,DATA,61.2,0.0,6409,6112,7200,1045,1480,1,1,1,""
1123687,EVENT,61.2,0.0,6450,6258,11401,1045,1480,1,1,1,"STARTER 1500"
1123930,DATA,61.2,0.0,6141,6247,6999,1045,1487,1,1,1,""
1124430,DATA,61.0,-2.1,6328,6233,6600,1045,1497,1,1,1,""
1124930,DATA,61.2,0.0,7219,6549,2400,1045,1500,1,1,1,""
1125430,DATA,61.2,2.1,8225,7325,1800,1045,1500,1,1,1,""
1125930,DATA,61.2,0.0,8619,7987,121207,1045,1500,1,1,1,""
1126430,DATA,61.0,-2.1,8669,8322,75007,1045,1500,1,1,1,""
1126930,DATA,61.0,0.0,8799,8574,5400,1045,1500,1,1,1,""
1127430,DATA,61.0,0.0,8815,8706,4800,1045,1500,1,1,1,""
1127930,DATA,61.0,0.0,8481,8719,15600,1045,1500,1,1,1,""
1128430,DATA,61.0,0.0,7627,8368,36601,1045,1500,1,1,1,""
1128930,DATA,61.0,0.0,7296,7988,25801,1045,1500,1,1,1,""
1129430,DATA,61.2,2.1,7609,7778,154212,1045,1500,1,1,1,""
1129930,DATA,61.0,0.0,5215,6483,59402,1045,1500,1,1,1,""
1130430,DATA,61.0,0.0,6401,6187,145200,1045,1500,1,1,1,""
1130930,DATA,60.8,-2.1,6365,6552,42002,1045,1500,1,1,1,""
1131430,DATA,61.0,0.0,7419,6807,3000,1045,1500,1,1,1,""
1131513,EVENT,61.0,0.0,7625,6930,3000,1045,1500,0,1,1,"IGN OFF"
1131930,DATA,61.0,0.0,8170,7452,2400,1045,1500,0,1,1,""
1132430,DATA,61.0,0.0,8448,7966,6000,1045,1500,0,1,1,""
1132930,DATA,61.0,0.0,8542,8273,6600,1045,1500,0,1,1,""
1133430,DATA,60.8,-2.1,8573,8435,6000,1045,1500,0,1,1,""
1133930,DATA,60.8,0.0,8583,8516,4200,1045,1500,0,1,1,""
1134430,DATA,60.5,0.0,8586,8554,5400,1045,1500,0,1,1,""
1134930,DATA,60.5,0.0,8367,8539,125996,1045,1500,0,1,1,""
1135430,DATA,60.5,0.0,6300,7642,7800,1045,1500,0,1,1,""
1135930,DATA,60.2,0.0,7562,7319,97211,1045,1500,0,1,1,""
1136430,DATA,60.0,-2.1,8346,7795,37202,1045,1500,0,1,1,""
1136930,DATA,60.0,0.0,8788,8298,1800,1045,1500,0,1,1,""
1137430,DATA,59.7,0.0,8683,8532,7800,1045,1500,0,1,1,""
1137587,EVENT,59.7,0.0,8651,8567,5293,1045,1500,0,1,1,"STARTER 1520"
1137950,DATA,59.7,0.0,8621,8591,4499,1045,1510,0,1,1,""
1138450,DATA,59.5,0.0,8599,8599,1200,1045,1518,0,1,1,""
1138950,DATA,59.2,-2.1,8591,8596,6000,1045,1520,0,1,1,""
1139450,DATA,59.0,0.0,8589,8592,8999,1045,1520,0,1,1,""
1139950,DATA,58.5,0.0,8588,8590,3000,1045,1520,0,1,1,""
1140450,DATA,58.0,0.0,8588,8589,6600,1045,1520,0,1,1,""
1140708,EVENT,57.7,0.0,8588,8588,9000,1045,1520,1,1,1,"IGN ON"
1140950,DATA,57.2,0.0,8588,8588,3600,1045,1520,1,1,1,""
1141450,DATA,57.0,0.0,8588,8588,5400,1045,1520,1,1,1,""
1141950,DATA,56.7,0.0,8588,8588,115788,1045,1520,1,1,1,""
1142450,DATA,56.2,-2.1,8588,8588,4800,1045,1520,1,1,1,""
1142950,DATA,56.2,0.0,8588,8588,3600,1045,1520,1,1,1,""
1143450,DATA,55.8,-2.1,8588,8588,7200,1045,1520,1,1,1,""
1143950,DATA,55.5,0.0,8588,8588,5400,1045,1520,1,1,1,""
1144450,DATA,55.2,0.0,8588,8588,4200,1045,1520,1,1,1,""
1144950,DATA,55.5,0.0,8588,8588,5400,1045,1520,1,1,1,""
1145450,DATA,55.8,0.0,8588,8588,5400,1045,1520,1,1,1,""
1145950,DATA,56.0,0.0,8588,8588,3600,1045,1520,1,1,1,""
1146450,DATA,56.2,0.0,8588,8588,4200,1045,1520,1,1,1,""
1146950,DATA,56.5,0.0,8588,8588, 0,1045,1520,1,1,1,""
1147450,DATA,56.5,0.0,8588,8588,3600,1045,1520,1,1,1,""
1147950,DATA,56.7,0.0,8412,8528,3000,1045,1520,1,1,1,""
1148450,DATA,56.7,0.0,8473,8484,4800,1045,1520,1,1,1,""
1148950,DATA,56.7,0.0,8520,8497,5400,1045,1520,1,1,1,""
1149072,EVENT,56.7,0.0,8525,8501,8400,1000,1520,0,0,0,"EV:A03_ESTOP"
1149450,DATA,56.7,0.0,8537,8517,8401,1000,1520,0,0,0,""
1149950,DATA,56.5,-2.1,8542,8530,5399,1000,1520,0,0,0,""
1150450,DATA,56.2,-2.1,8544,8538,4800,1000,1520,0,0,0,""
1150950,DATA,56.0,0.0,8545,8542,2400,1000,1520,0,0,0,""
1151450,DATA,55.5,0.0,8538,8543,10800,1000,1520,0,0,0,""
1151950,DATA,55.0,-2.1,8443,8505,8400,1000,1520,0,0,0,""
1152450,DATA,54.7,0.0,8218,8423,9600,1000,1520,0,0,0,""
1152950,DATA,54.5,0.0,8152,8261,4800,1000,1520,0,0,0,""
1153450,DATA,54.0,0.0,8241,8235,1800,1000,1520,0,0,0,""
1153950,DATA,53.5,-2.1,8279,8254,9000,1000,1520,0,0,0,""
1154450,DATA,53.3,-2.1,8187,8246,8399,1000,1520,0,0,0,""
1154950,DATA,53.0,-2.1,8228,8225,8400,1000,1520,0,0,0,""
1155450,DATA,52.7,0.0,8270,8244,3600,1000,1520,0,0,0,""
1155950,DATA,52.5,0.0,8285,8265,7200,1000,1520,0,0,0,""
1156024,EVENT,52.5,0.0,8287,8268,4199,1000,1520,0,0,0,"STARTER 1500"
1156450,DATA,52.0,-2.1,8291,8278,3000,1000,1509,0,0,0,""
1156838,EVENT,52.0,0.0,8292,8285,3600,1000,1502,0,0,0,"STARTER 1480"
1156970,DATA,52.0,0.0,8165,8267,4782,1000,1498,0,0,0,""
1157470,DATA,51.5,-2.1,7458,7986,3614,1000,1485,0,0,0,""
1157879,EVENT,51.5,0.0,7028,7584, 0,1000,1480,0,0,0,"STARTER 1460"
1157970,DATA,51.2,-2.1,6964,7491,59395,1000,1477,0,0,0,""
1158470,DATA,51.2,2.1,6784,7124,133212,1000,1465,0,0,0,""
1158541,EVENT,51.0,-2.1,6784,7124,133212,1000,1464,0,0,0,"STARTER 1440"
1158990,DATA,50.8,-2.1,6685,6907,1500,1000,1451,0,0,0,""
1159191,EVENT,50.8,0.0,6627,6837,1500,1000,1446,0,0,0,"STARTER 1420"
1159510,DATA,50.8,0.0,6441,6740,1500,1000,1435,0,0,0,""
1160010,DATA,50.5,0.0,6090,6433,1800,1000,1423,0,0,0,""
1160143,EVENT,50.2,-2.1,6050,6376,19199,1000,1421,0,0,0,"STARTER 1400"
1160510,DATA,50.2,-1.7,5968,6226,1000,1000,1411,0,0,0,""
1161010,DATA,50.0,0.0,5909,6058,4200,1000,1402,0,0,0,""
1161510,DATA,49.7,-2.1,5889,5967,93600,1000,1400,0,0,0,""
1161619,EVENT,49.7,0.0,5887,5955,136190,1000,1400,0,0,0,"STARTER 1380"
1162030,DATA,49.5,-2.1,4494,5372,8500,1000,1389,0,0,0,""
1162530,DATA,49.5,0.0,5113,5106,8399,1000,1381,0,0,0,""
1163030,DATA,49.2,0.0,5494,5265,3000,1000,1380,0,0,0,""
1163530,DATA,49.0,0.0,5633,5450,4200,1000,1380,0,0,0,""
1164030,DATA,48.7,-2.1,5680,5571,4800,1000,1380,0,0,0,""
1164530,DATA,48.5,-2.1,5695,5638,43200,1000,1380,0,0,0,""
1164542,EVENT,48.5,-2.1,5695,5638,43200,1000,1380,0,0,0,"STARTER 1360"
1164711,EVENT,48.7,2.1,5697,5647,598,1000,1375,0,0,0,"STARTER 1340"
1164951,EVENT,48.7,1.6,5699,5661,2024,1000,1364,0,0,0,"STARTER 1320"
1165030,DATA,48.5,-2.1,5700,5667,1482,1000,1361,0,0,0,""
1165550,DATA,48.7,0.0,5668,5676,1500,1000,1333,0,0,0,""
1166070,DATA,48.5,0.0,5582,5638,1500,1000,1317,0,0,0,""
1166570,DATA,48.3,-2.1,5550,5600,2000,1000,1304,0,0,0,""
1167070,DATA,48.0,0.0,5493,5555,21002,1000,1300,0,0,0,""
1167570,DATA,47.7,0.0,6061,5727,15001,1000,1300,0,0,0,""
1168070,DATA,47.5,-2.1,6244,5986,17399,1000,1300,0,0,0,""
1168570,DATA,47.5,0.0,6250,6151,15000,1000,1300,0,0,0,""
1169070,DATA,47.0,-2.1,6206,6167,31202,1000,1300,0,0,0,""
1169570,DATA,47.2,0.0,6312,6230,4800,1000,1300,0,0,0,""
1170070,DATA,47.2,2.1,6472,6338,5400,1000,1300,0,0,0,""
1170570,DATA,47.0,0.0,6545,6443,3000,1000,1300,0,0,0,""
1171070,DATA,46.5,-2.1,6570,6510,7800,1000,1300,0,0,0,""
1171570,DATA,46.7,2.1,6579,6547,31798,1000,1300,0,0,0,""
1172070,DATA,46.5,0.0,6582,6566,3000,1000,1300,0,0,0,""
1172570,DATA,46.5,0.0,6582,6575,4800,1000,1300,0,0,0,""
1173070,DATA,46.2,0.0,6583,6579,3600,1000,1300,0,0,0,""
1173570,DATA,46.0,0.0,6583,6581,3600,1000,1300,0,0,0,""
1174070,DATA,45.8,-2.1,6583,6582,3600,1000,1300,0,0,0,""
1174570,DATA,45.8,0.0,6583,6583,4800,1000,1300,0,0,0,""
1175070,DATA,45.5,0.0,6226,6479,3600,1000,1300,0,0,0,""
1175570,DATA,45.5,0.0,6351,6375,4800,1000,1300,0,0,0,""
1176070,DATA,45.2,0.0,6452,6405,6000,1000,1300,0,0,0,""
1176570,DATA,45.2,0.0,6472,6440,8400,1000,1300,0,0,0,""
1177070,DATA,45.0,-2.1,6477,6460,9000,1000,1300,0,0,0,""
1177570,DATA,45.0,0.0,6478,6470,5400,1000,1300,0,0,0,""
1178070,DATA,45.0,0.0,6479,6475,3600,1000,1300,0,0,0,""
1178570,DATA,44.7,0.0,6479,6477, 0,1000,1300,0,0,0,""
1179070,DATA,44.7,0.0,6479,6478,7200,1000,1300,0,0,0,""
1179570,DATA,44.5,0.0,6479,6479,7201,1000,1300,0,0,0,""
1180070,DATA,44.2,-2.1,6479,6479,4201,1000,1300,0,0,0,""
1180570,DATA,44.2,0.0,6479,6479,4200,1000,1300,0,0,0,""
1181070,DATA,44.0,-2.1,6479,6479,3600,1000,1300,0,0,0,""
1181570,DATA,44.0,0.0,6479,6479,5400,1000,1300,0,0,0,""
1182070,DATA,44.0,0.0,6479,6479,3600,1000,1300,0,0,0,""
1182570,DATA,43.7,0.0,6479,6479,3000,1000,1300,0,0,0,""
1183070,DATA,43.7,2.1,6479,6479,10801,1000,1300,0,0,0,""
1183570,DATA,43.7,2.1,6370,6438,7800,1000,1300,0,0,0,""
1184070,DATA,43.5,0.0,6413,6415,6000,1000,1300,0,0,0,""
1184570,DATA,43.5,0.0,6439,6425,7800,1000,1300,0,0,0,""
1185070,DATA,43.5,0.0,6448,6436,2400,1000,1300,0,0,0,""
1185570,DATA,43.3,0.0,6452,6444,2400,1000,1300,0,0,0,""
1186070,DATA,43.0,0.0,6453,6449,27598,1000,1300,0,0,0,""
1186570,DATA,43.0,0.0,6212,6376,3000,1000,1300,0,0,0,""
1187070,DATA,43.0,0.0,6308,6315,3000,1000,1300,0,0,0,""
1187570,DATA,43.0,0.0,6388,6344,11400,1000,1300,0,0,0,""
1188070,DATA,42.7,-2.1,6418,6381,2400,1000,1300,0,0,0,""
1188570,DATA,42.5,-2.1,6428,6406,1800,1000,1300,0,0,0,""
1189070,DATA,42.5,0.0,6356,6398,32405,1000,1300,0,0,0,""
1189570,DATA,42.2,0.0,6198,6305,4800,1000,1300,0,0,0,""
1190070,DATA,42.2,0.0,6264,6270,7200,1000,1300,0,0,0,""
1190570,DATA,42.2,0.0,6300,6281,6000,1000,1300,0,0,0,""
1191070,DATA,42.2,0.0,6313,6297,6600,1000,1300,0,0,0,""
1191570,DATA,42.0,-2.1,6317,6308,3600,1000,1300,0,0,0,""
1192070,DATA,42.2,2.1,6319,6314,3000,1000,1300,0,0,0,""
1192570,DATA,42.0,0.0,6319,6317,2400,1000,1300,0,0,0,""
1193070,DATA,42.0,0.0,6320,6318,4200,1000,1300,0,0,0,""
1193570,DATA,41.7,0.0,6320,6319,7200,1000,1300,0,0,0,""
1194070,DATA,41.5,-2.1,6320,6319,5400,1000,1300,0,0,0,""
1194570,DATA,41.7,0.0,6320,6320,7800,1000,1300,0,0,0,""
1195070,DATA,41.5,0.0,6217,6285,3000,1000,1300,0,0,0,""
1195570,DATA,41.5,0.0,6253,6259,5400,1000,1300,0,0,0,""
1196070,DATA,41.5,0.0,6270,6265,7200,1000,1300,0,0,0,""
1196570,DATA,41.2,-2.1,6116,6190,5400,1000,1300,0,0,0,""
1197070,DATA,41.2,0.0,6140,6157,4800,1000,1300,0,0,0,""
1197570,DATA,41.2,0.0,6153,6153,6601,1000,1300,0,0,0,""
1198070,DATA,41.0,-2.1,6158,6155,4800,1000,1300,0,0,0,""
1198570,DATA,41.0,-2.1,6160,6158,5400,1000,1300,0,0,0,""
1199070,DATA,40.8,-2.1,6161,6159,4800,1000,1300,0,0,0,""
1199570,DATA,40.8,0.0,6161,6160,4800,1000,1300,0,0,0,""
1200070,DATA,41.0,0.0,6161,6160,5400,1000,1300,0,0,0,""
1200270,EVENT,40.8,0.0,6161,6161,7200,1000,1300,0,0,0,"STARTER OFF"
1200590,DATA,41.2,2.1,5915,6116,1500,1000,1177,0,0,0,""
1201110,DATA,41.0,-2.1,3854,5351,2000,1000,1035,0,0,0,""
1201610,DATA,41.2,0.0,2354,3904,6001,1000,1000,0,0,0,""
1202110,DATA,41.2,0.0,2386,2989,6000,1000,1000,0,0,0,""
1202610,DATA,41.2,0.0,2438,2717,3000,1000,1000,0,0,0,""
1203110,DATA,41.2,0.0,1980,2384,5400,1000,1000,0,0,0,""
1203610,DATA,41.2,0.0,2481,2333,7199,1000,1000,0,0,0,""
1204110,DATA,41.2,0.0,2684,2637,3600,1000,1000,0,0,0,""
1204610,DATA,41.2,0.0,2208,2484,6000,1000,1000,0,0,0,""
1205110,DATA,41.2,2.1,1478,1863,2400,1000,1000,0,0,0,""
1205610,DATA,41.2,0.0,1205,1406,3000,1000,1000,0,0,0,""
1206110,DATA,41.2,0.0,1127,1195,3600,1000,1000,0,0,0,""
1206610,DATA,41.0,0.0,1091,1151,4200,1000,1000,0,0,0,""
1207110,DATA,41.0,0.0,1035,1066,2400,1000,1000,0,0,0,""
1207610,DATA,41.0,0.0,887,960,2400,1000,1000,0,0,0,""
1208110,DATA,41.0,-2.1,795,851,1200,1000,1000,0,0,0,""
1208610,DATA,41.0,0.0,730,772,1800,1000,1000,0,0,0,""
1209110,DATA,41.0,0.0,672,708,1200,1000,1000,0,0,0,""
1209610,DATA,41.0,0.0,790,709,600,1000,1000,0,0,0,""
1210110,DATA,41.0,0.0,983,892,1200,1000,1000,0,0,0,""
1210610,DATA,41.0,0.0,1013,983, 0,1000,1000,0,0,0,""
1211110,DATA,41.0,-2.1,956,986,1200,1000,1000,0,0,0,""
1211610,DATA,41.0,0.0,865,909,1200,1000,1000,0,0,0,""
1212110,DATA,41.0,0.0,794,837,600,1000,1000,0,0,0,""
1212610,DATA,41.0,0.0,725,767,600,1000,1000,0,0,0,""
1213110,DATA,41.0,0.0,658,698, 0,1000,1000,0,0,0,""
1213610,DATA,41.0,0.0,598,636,600,1000,1000,0,0,0,""
1214110,DATA,41.0,0.0,536,573,600,1000,1000,0,0,0,""
1214610,DATA,41.0,0.0,478,514,600,1000,1000,0,0,0,""
1215110,DATA,41.0,0.0, 0, 0,600,1000,1000,0,0,0,""
1215610,DATA,41.0,0.0, 0, 0, 0,1000,1000,0,0,0,""
1216110,DATA,41.0,0.0, 0, 0, 0,1000,1000,0,0,0,""
1216610,DATA,41.0,0.0, 0, 0, 0,1000,1000,0,0,0,""
1217110,DATA,41.0,0.0, 0, 0,1800,1000,1000,0,0,0,""
1217610,DATA,41.0,2.1, 0, 0, 0,1000,1000,0,0,0,""
1218110,DATA,41.0,0.0, 0, 0, 0,1000,1000,0,0,0,""
1218610,DATA,41.0,0.0, 0, 0, 0,1000,1000,0,0,0,""
1219110,DATA,40.8,-2.1, 0, 0,47999,1000,1000,0,0,0,""
1219610,DATA,41.0,0.0, 0, 0,55801,1000,1000,0,0,0,""
1220110,DATA,40.8,-2.1, 0, 0,46203,1000,1000,0,0,0,""
1220610,DATA,41.0,2.1, 0, 0,32400,1000,1000,0,0,0,""
1221110,DATA,40.8,-2.1, 0, 0,82193,1000,1000,0,0,0,""
1221610,DATA,40.8,-2.1, 0, 0,34202,1000,1000,0,0,0,""
1222110,DATA,41.0,0.0, 0, 0,76810,1000,1000,0,0,0,""
1222610,DATA,41.0,2.1, 0, 0,42601,1000,1000,0,0,0,""
1223110,DATA,41.0,0.0, 0, 0,86997,1000,1000,0,0,0,""
1223610,DATA,40.8,0.0, 0, 0,75002,1000,1000,0,0,0,""
1224110,DATA,40.8,0.0, 0, 0,50402,1000,1000,0,0,0,""
1224610,DATA,40.8,0.0, 0, 0,97811,1000,1000,0,0,0,""
1225110,DATA,40.8,0.0, 0, 0,74401,1000,1000,0,0,0,""
1225610,DATA,40.8,0.0, 0, 0,65397,1000,1000,0,0,0,""
1226110,DATA,40.8,0.0, 0, 0,41999,1000,1000,0,0,0,""
1226610,DATA,40.8,0.0, 0, 0,57601,1000,1000,0,0,0,""
1227110,DATA,40.8,0.0, 0, 0,65398,1000,1000,0,0,0,""
1227610,DATA,40.8,0.0, 0, 0,73804,1000,1000,0,0,0,""
1228110,DATA,40.8,0.0, 0, 0,85197,1000,1000,0,0,0,""
1228610,DATA,40.8,0.0, 0, 0,62995,1000,1000,0,0,0,""
1229110,DATA,40.8,0.0, 0, 0,96598,1000,1000,0,0,0,""
1229610,DATA,40.8,0.0, 0, 0,84000,1000,1000,0,0,0,""
1230110,DATA,40.8,0.0, 0, 0,46203,1000,1000,0,0,0,""
1230610,DATA,40.5,-2.1, 0, 0,91204,1000,1000,0,0,0,""
1231110,DATA,40.5,-2.1, 0, 0,47996,1000,1000,0,0,0,""
1231610,DATA,40.8,0.0, 0, 0,64800,1000,1000,0,0,0,""
1232110,DATA,40.5,-2.1, 0, 0,40203,1000,1000,0,0,0,""
1232610,DATA,40.8,0.0, 0, 0,64196,1000,1000,0,0,0,""
1233110,DATA,40.8,2.1, 0, 0,89403,1000,1000,0,0,0,""
1233610,DATA,40.5,0.0, 0, 0,65393,1000,1000,0,0,0,""
1234110,DATA,40.8,2.1, 0, 0,68992,1000,1000,0,0,0,""
1234610,DATA,40.5,-2.1, 0, 0,57597,1000,1000,0,0,0,""
1235110,DATA,40.8,2.1, 0, 0,61802,1000,1000,0,0,0,""
1235610,DATA,40.5,0.0, 0, 0,87005,1000,1000,0,0,0,""
1236110,DATA,40.5,0.0, 0, 0,100807,1000,1000,0,0,0,""
1236610,DATA,40.5,0.0, 0, 0,54000,1000,1000,0,0,0,""
1237110,DATA,40.5,0.0, 0, 0,41998,1000,1000,0,0,0,""
1237610,DATA,40.8,2.1, 0, 0,101397,1000,1000,0,0,0,""
1238110,DATA,40.5,0.0, 0, 0,87602,1000,1000,0,0,0,""
1238610,DATA,40.5,-2.1, 0, 0,63010,1000,1000,0,0,0,""
1239110,DATA,40.5,0.0, 0, 0,35398,1000,1000,0,0,0,""
1239610,DATA,40.5,0.0, 0, 0,21000,1000,1000,0,0,0,""
1240110,DATA,40.5,0.0, 0, 0,51603,1000,1000,0,0,0,""
1240610,DATA,40.5,0.0, 0, 0,77395,1000,1000,0,0,0,""
1241110,DATA,40.5,0.0, 0, 0,68400,1000,1000,0,0,0,""
1241610,DATA,40.5,0.0, 0, 0,28802,1000,1000,0,0,0,""
1242110,DATA,40.5,0.0, 0, 0,19799,1000,1000,0,0,0,""
1242610,DATA,40.5,0.0, 0, 0,50999,1000,1000,0,0,0,""
1243110,DATA,40.5,0.0, 0, 0,95396,1000,1000,0,0,0,""
1243610,DATA,40.5,0.0, 0, 0,56399,1000,1000,0,0,0,""
1244110,DATA,40.5,0.0, 0, 0,42600,1000,1000,0,0,0,""
1244610,DATA,40.5,0.0, 0, 0,53401,1000,1000,0,0,0,""
1245110,DATA,40.5,0.0, 0, 0,42600,1000,1000,0,0,0,""
1245610,DATA,40.5,0.0, 0, 0,23401,1000,1000,0,0,0,""
1246110,DATA,40.5,0.0, 0, 0,20400,1000,1000,0,0,0,""
1246610,DATA,40.5,0.0, 0, 0,30901,1000,1000,0,0,0,""
1247110,DATA,40.2,-2.1, 0, 0,66647,1000,1000,0,0,0,""
1247610,DATA,40.2,-2.1, 0, 0,72653,1000,1000,0,0,0,""
1248110,DATA,40.2,-2.1, 0, 0,48636,1000,1000,0,0,0,""
1248610,DATA,40.5,0.0, 0, 0,66653,1000,1000,0,0,0,""
1249110,DATA,40.5,2.1, 0, 0,78053,1000,1000,0,0,0,""
1249610,DATA,40.2,0.0, 0, 0,12726,1000,1000,0,0,0,""
1250110,DATA,40.2,0.0, 0, 0,35142,1000,1000,0,0,0,""
1250610,DATA,40.2,0.0, 0, 0,88271,1000,1000,0,0,0,""
1251110,DATA,40.2,0.0, 0, 0,112703,1000,1000,0,0,0,""
1251610,DATA,40.2,0.0, 0, 0,23028,1000,1000,0,0,0,""
1252110,DATA,40.2,0.0, 0, 0,82863,1000,1000,0,0,0,""
1252610,DATA,40.2,0.0, 0, 0,37224,1000,1000,0,0,0,""
1253110,DATA,40.2,0.0, 0, 0,85255,1000,1000,0,0,0,""
1253610,DATA,40.2,0.0, 0, 0,71499,1000,1000,0,0,0,""
1254110,DATA,40.2,0.0, 0, 0,72644,1000,1000,0,0,0,""
1254610,DATA,40.2,0.0, 0, 0,76253,1000,1000,0,0,0,""
1255110,DATA,40.2,0.0, 0, 0,96054,1000,1000,0,0,0,""
1255610,DATA,40.2,0.0, 0, 0,36356,1000,1000,0,0,0,""
1256110,DATA,40.2,0.0, 0, 0,66643,1000,1000,0,0,0,""
1256610,DATA,40.2,0.0, 0, 0,64836,1000,1000,0,0,0,""
1257110,DATA,40.2,0.0, 0, 0,30904,1000,1000,0,0,0,""
1257610,DATA,40.2,0.0, 0, 0,48636,1000,1000,0,0,0,""
1258110,DATA,40.2,0.0, 0, 0,49686,1000,1000,0,0,0,""
1258610,DATA,40.2,0.0, 0, 0,58839,1000,1000,0,0,0,""
1259110,DATA,40.2,0.0, 0, 0,74451,1000,1000,0,0,0,""
1259610,DATA,40.2,0.0, 0, 0,48032,1000,1000,0,0,0,""
1260110,DATA,40.0,-2.1, 0, 0,47263,1000,1000,0,0,0,""
1260610,DATA,40.2,0.0, 0, 0,51637,1000,1000,0,0,0,""
1261110,DATA,40.2,2.1, 0, 0,48034,1000,1000,0,0,0,""
1261610,DATA,40.2,0.0, 0, 0,67842,1000,1000,0,0,0,""
1262110,DATA,40.0,-2.1, 0, 0,21209,1000,1000,0,0,0,""
1262610,DATA,40.0,-2.1, 0, 0,37570,1000,1000,0,0,0,""
1263110,DATA,40.0,-2.1, 0, 0,9006,1000,1000,0,0,0,""
1263610,DATA,40.0,0.0, 0, 0,49829,1000,1000,0,0,0,""
1264110,DATA,40.0,0.0, 0, 0,18614,1000,1000,0,0,0,""
1264610,DATA,40.0,0.0, 0, 0,54532,1000,1000,0,0,0,""
1265110,DATA,40.0,0.0, 0, 0,15151,1000,1000,0,0,0,""
1265610,DATA,40.0,0.0, 0, 0,5453,1000,1000,0,0,0,""
1266110,DATA,40.0,0.0, 0, 0,11511,1000,1000,0,0,0,""
1266610,DATA,40.0,0.0, 0, 0,28479,1000,1000,0,0,0,""
1267110,DATA,40.0,0.0, 0, 0,32111,1000,1000,0,0,0,""
1267610,DATA,40.0,0.0, 0, 0,22421,1000,1000,0,0,0,""
1268110,DATA,40.0,0.0, 0, 0,13937,1000,1000,0,0,0,""
1268610,DATA,40.0,0.0, 0, 0,7271,1000,1000,0,0,0,""
1269110,DATA,40.0,0.0, 0, 0,10906,1000,1000,0,0,0,""
1269610,DATA,40.0,0.0, 0, 0,20416,1000,1000,0,0,0,""
1270110,DATA,40.0,0.0, 0, 0,36024,1000,1000,0,0,0,""
1270610,DATA,40.0,0.0, 0, 0,35746,1000,1000,0,0,0,""
1271110,DATA,40.0,0.0, 0, 0,27873,1000,1000,0,0,0,""
1271610,DATA,40.0,0.0, 0, 0,13937,1000,1000,0,0,0,""
1272110,DATA,40.0,0.0, 0, 0,62420,1000,1000,0,0,0,""
1272610,DATA,40.0,0.0, 0, 0,10907,1000,1000,0,0,0,""
1273110,DATA,40.0,0.0, 0, 0,18785,1000,1000,0,0,0,""
1273610,DATA,40.0,0.0, 0, 0,16966,1000,1000,0,0,0,""
1274110,DATA,40.0,0.0, 0, 0,10300,1000,1000,0,0,0,""
1274610,DATA,40.0,0.0, 0, 0,30902,1000,1000,0,0,0,""
1275110,DATA,40.0,0.0, 0, 0,41808,1000,1000,0,0,0,""
1275610,DATA,40.0,0.0, 0, 0,7272,1000,1000,0,0,0,""
1276110,DATA,40.0,0.0, 0, 0,7878,1000,1000,0,0,0,""
1276610,DATA,40.0,0.0, 0, 0,12118,1000,1000,0,0,0,""
1277110,DATA,39.7,-2.1, 0, 0,15610,1000,1000,0,0,0,""
1277610,DATA,40.0,0.0, 0, 0,16967,1000,1000,0,0,0,""
1278610,DATA,39.7,0.0, 0, 0,7805,1000,1000,0,0,0,""
1279110,DATA,40.0,0.0, 0, 0,7272,1000,1000,0,0,0,""
1279610,DATA,39.7,-2.1, 0, 0,1212,1000,1000,0,0,0,""
1280110,DATA,39.7,-2.1, 0, 0,9606,1000,1000,0,0,0,""
1280610,DATA,39.7,0.0, 0, 0,15149,1000,1000,0,0,0,""
1281110,DATA,39.7,0.0, 0, 0,7805,1000,1000,0,0,0,""
1281610,DATA,39.7,0.0, 0, 0,10907,1000,1000,0,0,0,""
1282110,DATA,39.7,0.0, 0, 0,1212,1000,1000,0,0,0,""
1282610,DATA,39.7,0.0, 0, 0,1818,1000,1000,0,0,0,""
1283110,DATA,39.7,0.0, 0, 0,13936,1000,1000,0,0,0,""
1283610,DATA,39.7,0.0, 0, 0,8484,1000,1000,0,0,0,""
1284110,DATA,39.7,0.0, 0, 0,4242,1000,1000,0,0,0,""
1284610,DATA,39.7,0.0, 0, 0,606,1000,1000,0,0,0,""
1285110,DATA,39.7,0.0, 0, 0,12009,1000,1000,0,0,0,""
1285610,DATA,39.7,0.0, 0, 0,7270,1000,1000,0,0,0,""
1286110,DATA,39.7,0.0, 0, 0,4241,1000,1000,0,0,0,""
1286610,DATA,39.7,0.0, 0, 0,13331,1000,1000,0,0,0,""
1287110,DATA,39.7,0.0, 0, 0,16361,1000,1000,0,0,0,""
1287610,DATA,39.7,0.0, 0, 0,8483,1000,1000,0,0,0,""
1288110,DATA,39.7,0.0, 0, 0,4242,1000,1000,0,0,0,""
1288610,DATA,39.7,0.0, 0, 0,2424,1000,1000,0,0,0,""
1289110,DATA,39.7,0.0, 0, 0,9695,1000,1000,0,0,0,""
1289610,DATA,39.7,0.0, 0, 0,6665,1000,1000,0,0,0,""
1290110,DATA,39.7,0.0, 0, 0,3030,1000,1000,0,0,0,""
1290610,DATA,39.7,0.0, 0, 0,1212,1000,1000,0,0,0,""
1291110,DATA,39.7,0.0, 0, 0,1801,1000,1000,0,0,0,""
1291610,DATA,39.7,0.0, 0, 0,2423,1000,1000,0,0,0,""
1292110,DATA,39.7,0.0, 0, 0,12119,1000,1000,0,0,0,""
1292610,DATA,39.5,-2.1, 0, 0,17412,1000,1000,0,0,0,""
1293110,DATA,39.7,0.0, 0, 0,9089,1000,1000,0,0,0,""
1293610,DATA,39.7,2.1, 0, 0,4241,1000,1000,0,0,0,""
1294110,DATA,39.5,-2.1, 0, 0,5453,1000,1000,0,0,0,""
1294610,DATA,39.7,0.0, 0, 0,5454,1000,1000,0,0,0,""
1295110,DATA,39.7,0.0, 0, 0,1818,1000,1000,0,0,0,""
1295610,DATA,39.7,0.0, 0, 0,3636,1000,1000,0,0,0,""
1296110,DATA,39.5,0.0, 0, 0,5454,1000,1000,0,0,0,""
1296610,DATA,39.7,2.1, 0, 0, 0,1000,1000,0,0,0,""
1297110,DATA,39.5,-2.1, 0, 0,3530,1000,1000,0,0,0,""
1297610,DATA,39.5,0.0, 0, 0,2939,1000,1000,0,0,0,""
1298110,DATA,39.5,0.0, 0, 0, 0,1000,1000,0,0,0,""
1298610,DATA,39.5,0.0, 0, 0,2942,1000,1000,0,0,0,""
1299110,DATA,39.5,0.0, 0, 0,5297,1000,1000,0,0,0,""
1299610,DATA,39.5,0.0, 0, 0,6472,1000,1000,0,0,0,""
1300110,DATA,39.5,0.0, 0, 0,588,1000,1000,0,0,0,""
1300610,DATA,39.5,0.0, 0, 0,2942,1000,1000,0,0,0,""
1301110,DATA,39.5,0.0, 0, 0,4118,1000,1000,0,0,0,""
1301610,DATA,39.5,0.0, 0, 0,4707,1000,1000,0,0,0,""
1302110,DATA,39.5,0.0, 0, 0,5296,1000,1000,0,0,0,""
1302610,DATA,39.5,0.0, 0, 0,7642,1000,1000,0,0,0,""
1303110,DATA,39.5,0.0, 0, 0,2377,1000,1000,0,0,0,""
1303610,DATA,39.5,0.0, 0, 0,5884,1000,1000,0,0,0,""
1304110,DATA,39.5,0.0, 0, 0,2942,1000,1000,0,0,0,""
1304610,DATA,39.5,0.0, 0, 0,1765,1000,1000,0,0,0,""
1305110,DATA,39.5,0.0, 0, 0,1765,1000,1000,0,0,0,""
1305610,DATA,39.5,0.0, 0, 0,2942,1000,1000,0,0,0,""
1306110,DATA,39.5,0.0, 0, 0,6472,1000,1000,0,0,0,""
1306610,DATA,39.5,0.0, 0, 0,3530,1000,1000,0,0,0,""
1307110,DATA,39.5,0.0, 0, 0,2353,1000,1000,0,0,0,""
1307610,DATA,39.5,0.0, 0, 0,4119,1000,1000,0,0,0,""
1308110,DATA,39.5,0.0, 0, 0,4119,1000,1000,0,0,0,""
1308610,DATA,39.5,0.0, 0, 0,10002,1000,1000,0,0,0,""
1309110,DATA,39.5,0.0, 0, 0,6471,1000,1000,0,0,0,""
1309610,DATA,39.5,0.0, 0, 0,1765,1000,1000,0,0,0,""
1310110,DATA,39.5,0.0, 0, 0,4118,1000,1000,0,0,0,""
1310610,DATA,39.2,-2.1, 0, 0,2351,1000,1000,0,0,0,""
1311110,DATA,39.5,0.0, 0, 0,1188,1000,1000,0,0,0,""
1311610,DATA,39.5,0.0, 0, 0,4703,1000,1000,0,0,0,""
1312110,DATA,39.5,0.0, 0, 0,3565,1000,1000,0,0,0,""
1312610,DATA,39.5,0.0, 0, 0,588,1000,1000,0,0,0,""
1313110,DATA,39.5,0.0, 0, 0,1765,1000,1000,0,0,0,""
1313610,DATA,39.5,0.0, 0, 0,588,1000,1000,0,0,0,""
1314110,DATA,39.5,0.0, 0, 0,2942,1000,1000,0,0,0,""
1314610,DATA,39.2,0.0, 0, 0,9995,1000,1000,0,0,0,""
1315110,DATA,39.5,0.0, 0, 0,2971,1000,1000,0,0,0,""
1315610,DATA,39.2,-2.1, 0, 0,6472,1000,1000,0,0,0,""
1316110,DATA,39.2,0.0, 0, 0,5295,1000,1000,0,0,0,""
1316610,DATA,39.5,2.1, 0, 0,14710,1000,1000,0,0,0,""
1317110,DATA,39.5,2.1, 0, 0,4117,1000,1000,0,0,0,""
1317610,DATA,39.2,0.0, 0, 0,17825,1000,1000,0,0,0,""
1318110,DATA,39.2,0.0, 0, 0,9414,1000,1000,0,0,0,""
1318610,DATA,39.2,0.0, 0, 0,2353,1000,1000,0,0,0,""
1319110,DATA,39.2,0.0, 0, 0,12944,1000,1000,0,0,0,""
1319610,DATA,39.2,0.0, 0, 0,6472,1000,1000,0,0,0,""
1320110,DATA,39.2,0.0, 0, 0, 0,1000,1000,0,0,0,""
1320610,DATA,39.2,0.0, 0, 0,4707,1000,1000,0,0,0,""
1321110,DATA,39.2,0.0, 0, 0,9414,1000,1000,0,0,0,""
1321610,DATA,39.2,0.0, 0, 0,4707,1000,1000,0,0,0,""
1322110,DATA,39.2,-2.0, 0, 0,1765,1000,1000,0,0,0,""
1322610,DATA,39.2,0.0, 0, 0,2942,1000,1000,0,0,0,""
1323110,DATA,39.2,0.0, 0, 0,2354,1000,1000,0,0,0,""
1323610,DATA,39.2,0.0, 0, 0,4707,1000,1000,0,0,0,""
1324110,DATA,39.2,0.0, 0, 0,5884,1000,1000,0,0,0,""
1324610,DATA,39.2,0.0, 0, 0,5290,1000,1000,0,0,0,""
1325110,DATA,39.2,0.0, 0, 0,2377,1000,1000,0,0,0,""
1325610,DATA,39.2,0.0, 0, 0,5883,1000,1000,0,0,0,""
1326110,DATA,39.2,0.0, 0, 0,7649,1000,1000,0,0,0,""
1326610,DATA,39.2,0.0, 0, 0,5884,1000,1000,0,0,0,""
1327110,DATA,39.2,0.0, 0, 0,5296,1000,1000,0,0,0,""
1327610,DATA,39.2,0.0, 0, 0,2353,1000,1000,0,0,0,""
1328110,DATA,39.2,0.0, 0, 0,1765,1000,1000,0,0,0,""
1328610,DATA,39.2,0.0, 0, 0,1176,1000,1000,0,0,0,""
1329110,DATA,39.2,0.0, 0, 0, 0,1000,1000,0,0,0,""
1329610,DATA,39.2,0.0, 0, 0, 0,1000,1000,0,0,0,""
1330110,DATA,39.2,0.0, 0, 0,6468,1000,1000,0,0,0,""
1330610,DATA,39.2,0.0, 0, 0,2971,1000,1000,0,0,0,""
1331110,DATA,39.2,0.0, 0, 0,2353,1000,1000,0,0,0,""
1331610,DATA,39.2,0.0, 0, 0,8233,1000,1000,0,0,0,""
1332110,DATA,39.2,0.0, 0, 0,2971,1000,1000,0,0,0,""
1332610,DATA,39.2,0.0, 0, 0,22360,1000,1000,0,0,0,""
1333110,DATA,39.2,0.0, 0, 0,11769,1000,1000,0,0,0,""
1333610,DATA,39.2,0.0, 0, 0,7061,1000,1000,0,0,0,""
1334110,DATA,39.2,0.0, 0, 0,8824,1000,1000,0,0,0,""
1334610,DATA,39.2,0.0, 0, 0,5883,1000,1000,0,0,0,""
1335110,DATA,39.2,0.0, 0, 0,3531,1000,1000,0,0,0,""
1335610,DATA,39.2,0.0, 0, 0,1765,1000,1000,0,0,0,""
1336110,DATA,39.2,0.0, 0, 0,12358,1000,1000,0,0,0,""
1336610,DATA,39.2,2.1, 0, 0,7642,1000,1000,0,0,0,""
1337110,DATA,39.2,0.0, 0, 0, 0,1000,1000,0,0,0,""
1337610,DATA,39.2,0.0, 0, 0, 0,1000,1000,0,0,0,""
1338110,DATA,39.0,-2.1, 0, 0,16461,1000,1000,0,0,0,""
1338610,DATA,39.2,2.1, 0, 0,594,1000,1000,0,0,0,""
1339110,DATA,39.2,2.1, 0, 0,5885,1000,1000,0,0,0,""
1339610,DATA,39.0,-2.1, 0, 0,2351,1000,1000,0,0,0,""
1340110,DATA,39.2,0.0, 0, 0,2971,1000,1000,0,0,0,""
1340610,DATA,39.0,0.0, 0, 0,6472,1000,1000,0,0,0,""
1341110,DATA,39.2,0.0, 0, 0,4707,1000,1000,0,0,0,""
1341610,DATA,39.0,-2.1, 0, 0,10581,1000,1000,0,0,0,""
1342110,DATA,39.0,-2.1, 0, 0,6531,1000,1000,0,0,0,""
1342610,DATA,39.0,0.0, 0, 0,10695,1000,1000,0,0,0,""
1343110,DATA,39.0,-2.0, 0, 0,7650,1000,1000,0,0,0,""
1343610,DATA,39.0,0.0, 0, 0,6472,1000,1000,0,0,0,""
1344110,DATA,39.0,0.0, 0, 0,3531,1000,1000,0,0,0,""
1344610,DATA,39.0,0.0, 0, 0,2942,1000,1000,0,0,0,""
1345110,DATA,39.0,0.0, 0, 0,7061,1000,1000,0,0,0,""
1345610,DATA,39.2,2.1, 0, 0, 0,1000,1000,0,0,0,""
1346111,DATA,39.0,-2.0, 0, 0,1765,1000,1000,0,0,0,""
1346612,DATA,39.0,0.0, 0, 0,588,1000,1000,0,0,0,""
1347113,DATA,39.0,0.0, 0, 0,3531,1000,1000,0,0,0,""
1347614,DATA,39.0,0.0, 0, 0,2939,1000,1000,0,0,0,""
1348115,DATA,39.0,0.0, 0, 0,1189,1000,1000,0,0,0,""
1348616,DATA,39.0,0.0, 0, 0,2352,1000,1000,0,0,0,""
1349117,DATA,39.0,0.0, 0, 0, 0,1000,1000,0,0,0,""
1349618,DATA,39.0,0.0, 0, 0,1188,1000,1000,0,0,0,""
1350119,DATA,39.0,0.0, 0, 0,3531,1000,1000,0,0,0,""
1350620,DATA,39.0,0.0, 0, 0,5884,1000,1000,0,0,0,""
1351121,DATA,39.0,0.0, 0, 0,1177,1000,1000,0,0,0,""
1351622,DATA,39.0,0.0, 0, 0,3530,1000,1000,0,0,0,""
1352123,DATA,39.0,0.0, 0, 0,1766,1000,1000,0,0,0,""
1352624,DATA,39.0,0.0, 0, 0,2942,1000,1000,0,0,0,""
1353125,DATA,39.0,0.0, 0, 0,6473,1000,1000,0,0,0,""
1353626,DATA,39.0,0.0, 0, 0,2354,1000,1000,0,0,0,""
1354127,DATA,39.0,0.0, 0, 0,3529,1000,1000,0,0,0,""
1354628,DATA,39.0,0.0, 0, 0,2377,1000,1000,0,0,0,""
1355129,DATA,39.0,0.0, 0, 0,6473,1000,1000,0,0,0,""
1355630,DATA,39.0,0.0, 0, 0,1177,1000,1000,0,0,0,""
1356131,DATA,39.0,0.0, 0, 0,14122,1000,1000,0,0,0,""
1356632,DATA,39.0,0.0, 0, 0,5883,1000,1000,0,0,0,""
1357133,DATA,39.0,0.0, 0, 0,4119,1000,1000,0,0,0,""
1357634,DATA,39.0,0.0, 0, 0,2353,1000,1000,0,0,0,""
1358135,DATA,39.0,0.0, 0, 0,1766,1000,1000,0,0,0,""
1358636,DATA,39.0,0.0, 0, 0,5295,1000,1000,0,0,0,""
1359137,DATA,39.0,0.0, 0, 0,2942,1000,1000,0,0,0,""
1359638,DATA,39.0,0.0, 0, 0,4119,1000,1000,0,0,0,""
1360139,DATA,39.0,0.0, 0, 0,588,1000,1000,0,0,0,""
1360640,DATA,39.0,0.0, 0, 0,594,1000,1000,0,0,0,""
1361141,DATA,39.0,0.0, 0, 0,6472,1000,1000,0,0,0,""
1361642,DATA,39.0,0.0, 0, 0, 0,1000,1000,0,0,0,""
1362143,DATA,39.0,0.0, 0, 0,10002,1000,1000,0,0,0,""
1362644,DATA,39.0,0.0, 0, 0,3527,1000,1000,0,0,0,""
1363145,DATA,39.0,0.0, 0, 0,5943,1000,1000,0,0,0,""
1363646,DATA,39.0,0.0, 0, 0,5295,1000,1000,0,0,0,""
1364147,DATA,39.0,0.0, 0, 0,1766,1000,1000,0,0,0,""
1364648,DATA,39.0,0.0, 0, 0,588,1000,1000,0,0,0,""
1365149,DATA,39.0,0.0, 0, 0,4119,1000,1000,0,0,0,""
1365650,DATA,39.0,0.0, 0, 0,6472,1000,1000,0,0,0,""
1366151,DATA,39.0,0.0, 0, 0,4705,1000,1000,0,0,0,""
1366652,DATA,39.0,0.0, 0, 0,5348,1000,1000,0,0,0,""
1367153,DATA,39.0,0.0, 0, 0,7061,1000,1000,0,0,0,""
1367654,DATA,39.0,0.0, 0, 0,4115,1000,1000,0,0,0,""
1368155,DATA,39.0,0.0, 0, 0,1783,1000,1000,0,0,0,""
1368656,DATA,39.0,0.0, 0, 0,2942,1000,1000,0,0,0,""
1369157,DATA,39.0,0.0, 0, 0,2354,1000,1000,0,0,0,""
1369658,DATA,39.0,0.0, 0, 0,2353,1000,1000,0,0,0,""
1370159,DATA,39.0,0.0, 0, 0,2354,1000,1000,0,0,0,""
1370660,DATA,39.0,2.1, 0, 0,5295,1000,1000,0,0,0,""
1371161,DATA,39.0,0.0, 0, 0,7061,1000,1000,0,0,0,""
1371662,DATA,39.0,0.0, 0, 0,8825,1000,1000,0,0,0,""
1372163,DATA,39.0,2.1, 0, 0,5885,1000,1000,0,0,0,""
1372664,DATA,39.0,0.0, 0, 0,4707,1000,1000,0,0,0,""
1373165,DATA,39.0,0.0, 0, 0,14710,1000,1000,0,0,0,""
1373666,DATA,38.7,-2.1, 0, 0,4703,1000,1000,0,0,0,""
1374167,DATA,39.0,0.0, 0, 0,10697,1000,1000,0,0,0,""
1374668,DATA,39.0,0.0, 0, 0,6473,1000,1000,0,0,0,""
1375169,DATA,39.0,0.0, 0, 0,4707,1000,1000,0,0,0,""
1375670,DATA,39.0,0.0, 0, 0,8238,1000,1000,0,0,0,""
1376171,DATA,39.0,0.0, 0, 0,4119,1000,1000,0,0,0,""
1376672,DATA,38.7,-2.1, 0, 0, 0,1000,1000,0,0,0,""
1377173,DATA,39.0,0.0, 0, 0,13072,1000,1000,0,0,0,""
1377674,DATA,39.0,2.1, 0, 0,5883,1000,1000,0,0,0,""
1378175,DATA,39.0,0.0, 0, 0,2354,1000,1000,0,0,0,""
1378676,DATA,39.0,2.1, 0, 0,7054,1000,1000,0,0,0,""
1379177,DATA,38.7,0.0, 0, 0,4157,1000,1000,0,0,0,""
1379678,DATA,38.7,0.0, 0, 0,10695,1000,1000,0,0,0,""
1380179,DATA,38.7,0.0, 0, 0,6473,1000,1000,0,0,0,""
1380680,DATA,38.7,0.0, 0, 0,4118,1000,1000,0,0,0,""
1381181,DATA,38.7,0.0, 0, 0,10592,1000,1000,0,0,0,""
1381682,DATA,38.7,0.0, 0, 0,12356,1000,1000,0,0,0,""
1382183,DATA,38.7,0.0, 0, 0,8238,1000,1000,0,0,0,""
1382684,DATA,38.7,0.0, 0, 0,2942,1000,1000,0,0,0,""
1383185,DATA,38.7,0.0, 0, 0,11180,1000,1000,0,0,0,""
1383686,DATA,38.7,0.0, 0, 0,2354,1000,1000,0,0,0,""
1384187,DATA,38.7,0.0, 0, 0, 0,1000,1000,0,0,0,""
1384688,DATA,38.7,0.0, 0, 0,8826,1000,1000,0,0,0,""
1385189,DATA,38.7,0.0, 0, 0,5296,1000,1000,0,0,0,""
1385690,DATA,38.7,0.0, 0, 0,3530,1000,1000,0,0,0,""
1386191,DATA,38.7,0.0, 0, 0,588,1000,1000,0,0,0,""
1386692,DATA,38.7,0.0, 0, 0,3530,1000,1000,0,0,0,""
1387193,DATA,38.7,0.0, 0, 0,4708,1000,1000,0,0,0,""
1387694,DATA,38.7,0.0, 0, 0,7060,1000,1000,0,0,0,""
1388195,DATA,38.7,0.0, 0, 0,8231,1000,1000,0,0,0,""
1388696,DATA,38.7,0.0, 0, 0,3565,1000,1000,0,0,0,""
1389197,DATA,38.7,0.0, 0, 0, 0,1000,1000,0,0,0,""
1389698,DATA,38.7,0.0, 0, 0,3530,1000,1000,0,0,0,""
1390165,EVENT,38.7,0.0, 0, 0,3000,1000,1000,0,0,0,"STARTER 1200"
1390230,DATA,38.7,0.0,245,245,569,1000,1012,0,0,0,""
1390750,DATA,37.2,-4.2,886,461,500,1000,1140,0,0,0,""
1391250,DATA,36.7,7.6,1289,822, 0,1000,1200,0,0,0,""
1391750,DATA,37.2,2.1,2778,1656,1200,1000,1200,0,0,0,""
1392250,DATA,37.0,0.0,3394,2542,12601,1000,1200,0,0,0,""
1392750,DATA,37.2,0.0,3430,3021,9601,1000,1200,0,0,0,""
1393250,DATA,37.5,0.0,3525,3290,10200,1000,1200,0,0,0,""
1393750,DATA,37.7,0.0,3648,3481,6600,1000,1200,0,0,0,""
1394250,DATA,37.7,0.0,3526,3512,8400,1000,1200,0,0,0,""
1394750,DATA,37.7,-2.1,3502,3510,9000,1000,1200,0,0,0,""
1394954,EVENT,37.7,0.0,3435,3492,4200,1000,1200,0,1,0,"VALVE1 ON"
1395250,DATA,37.7,-2.1,3398,3460,8994,1000,1200,0,1,0,""
1395751,DATA,37.5,-2.1,3138,3315,7126,1000,1200,0,1,0,""
1395902,EVENT,38.0,4.2,3122,3286,4202,1000,1200,0,1,1,"VALVE2 ON"
1396252,DATA,37.7,0.0,3097,3197,5343,1000,1200,0,1,1,""
1396753,DATA,37.7,0.0,3024,3119,3566,1000,1200,0,1,1,""
1397254,DATA,37.7,2.0,2792,2987,5293,1000,1200,0,1,1,""
1397320,EVENT,37.7,2.0,2792,2987,5293,1000,1200,0,1,1,"PUMP 1045"
1397770,DATA,37.7,0.0,2716,2867,8401,1009,1200,0,1,1,""
1398290,DATA,37.7,2.1,2578,2724,1500,1030,1200,0,1,1,""
1398531,EVENT,37.5,-2.1,2543,2676,2000,1039,1200,1,1,1,"IGN ON"
1398790,DATA,36.7,0.0,2502,2631,46997,1045,1200,1,1,1,""
1399290,DATA,37.2,0.0,2373,2499,45602,1045,1200,1,1,1,""
1399790,DATA,37.2,0.0,2477,2459,6600,1045,1200,1,1,1,""
1400290,DATA,37.2,0.0,2566,2507,9000,1045,1200,1,1,1,""
1400790,DATA,37.2,-2.1,2467,2519,117600,1045,1200,1,1,1,""
1401290,DATA,37.2,-2.1,2038,2411,182996,1045,1200,1,1,1,""
1401790,DATA,37.5,0.0,1342,1862,78595,1045,1200,1,1,1,""
1402290,DATA,38.2,2.1,1543,1704,72000,1045,1200,1,1,1,""
1402790,DATA,39.0,0.0,1247,1517,130790,1045,1200,1,1,1,""
1403285,EVENT,40.2,2.1,1024,1288,22800,1045,1200,0,1,1,"IGN OFF"
1403290,DATA,40.2,2.1,1024,1288,22800,1045,1200,0,1,1,""
1403790,DATA,41.7,2.1,1442,1386,100198,1045,1200,0,1,1,""
1404290,DATA,42.7,2.1,1577,1432,107997,1045,1200,0,1,1,""
1404790,DATA,43.7,6.2,728,1198,152998,1045,1200,0,1,1,""
1405290,DATA,44.5,2.1,255,744,94190,1045,1200,0,1,1,""
1405790,DATA,45.0,0.0,85,402,153597,1045,1200,0,1,1,""
1406290,DATA,45.5,2.1, 0, 0,151203,1045,1200,0,1,1,""
1406790,DATA,45.8,0.0, 0, 0,154198,1045,1200,0,1,1,""
1407290,DATA,46.2,0.0, 0, 0,152398,1045,1200,0,1,1,""
1407790,DATA,46.7,2.1, 0, 0,153606,1045,1200,0,1,1,""
1408290,DATA,47.2,2.1, 0, 0,152400,1045,1200,0,1,1,""
1408520,EVENT,47.2,0.0, 0, 0,165684,1045,1200,0,0,1,"VALVE1 OFF"
1408790,DATA,47.5,2.1, 0, 0,143987,1045,1200,0,0,1,""
1409290,DATA,47.7,2.1, 0, 0,151200,1045,1200,0,0,1,""
1409790,DATA,47.7,0.0, 0, 0,152997,1045,1200,0,0,1,""
1410290,DATA,47.5,0.0, 0, 0,143400,1045,1200,0,0,1,""
1410790,DATA,47.2,0.0, 0, 0,152391,1045,1200,0,0,1,""
1411290,DATA,47.2,0.0, 0, 0,151202,1045,1200,0,0,1,""
1411790,DATA,47.2,0.0, 0, 0,152400,1045,1200,0,0,1,""
1411875,EVENT,47.2,0.0, 0, 0,163198,1045,1200,0,1,1,"VALVE1 ON"
1412290,DATA,47.2,2.1, 0, 0,152994,1045,1200,0,1,1,""
1412790,DATA,47.0,0.0, 0, 0,153602,1045,1200,0,1,1,""
1413095,EVENT,47.0,0.0, 0, 0,152997,1045,1200,1,1,1,"IGN ON"
1413290,DATA,46.2,0.0, 0, 0,187251,1045,1200,1,1,1,""
1413790,DATA,47.0,4.2, 0, 0,162589,1045,1200,1,1,1,""
1414290,DATA,48.5,4.2, 0, 0,191981,1045,1200,1,1,1,""
1414790,DATA,50.2,4.2, 0, 0,177593,1045,1200,1,1,1,""
1415290,DATA,51.0,0.0,2855,2855,12000,1045,1200,1,1,1,""
1415790,DATA,52.2,2.1,2490,2669,3000,1045,1200,1,1,1,""
1416290,DATA,53.3,4.2,2508,2579,97803,1045,1200,1,1,1,""
1416612,EVENT,53.5,2.1,2648,2593,18601,1045,1200,0,1,1,"IGN OFF"
1416790,DATA,54.0,2.1,2712,2622,30001,1045,1200,0,1,1,""
1417290,DATA,54.7,2.1,1602,2337,106805,1045,1200,0,1,1,""
1417790,DATA,55.5,2.1,2148,2080,131397,1045,1200,0,1,1,""
1418290,DATA,56.0,2.1,2434,2177,54000,1045,1200,0,1,1,""
1418790,DATA,56.5,2.1,1883,2195,79203,1045,1200,0,1,1,""
1419073,EVENT,57.0,2.1,1108,1859,145800,1045,1200,0,1,0,"VALVE2 OFF"
1419290,DATA,57.2,0.0,739,1570,57612,1045,1200,0,1,0,""
1419790,DATA,57.7,0.0,1132,1201,28197,1045,1200,0,1,0,""
1420290,DATA,58.0,0.0,2279,1611,30001,1045,1200,0,1,0,""
1420790,DATA,58.3,2.1,2952,2258,84004,1045,1200,0,1,0,""
1421290,DATA,58.5,2.1,3431,2822,11999,1045,1200,0,1,0,""
1421456,EVENT,58.5,0.0,3529,3014,8405,1045,1200,0,1,1,"VALVE2 ON"
1421675,EVENT,58.7,2.1,3572,3166,3601,1045,1200,0,1,0,"VALVE2 OFF"
1421790,DATA,58.7,0.0,3580,3228,9599,1045,1200,0,1,0,""
1422290,DATA,58.7,0.0,3431,3369,6600,1045,1200,0,1,0,""
1422790,DATA,59.0,0.0,3518,3447,15599,1045,1200,0,1,0,""
1422901,EVENT,59.0,0.0,3517,3458,13663,1045,1200,0,1,1,"VALVE2 ON"
1423290,DATA,59.2,2.1,3515,3509,5400,1045,1200,0,1,1,""
1423790,DATA,59.2,0.0,3677,3545,9000,1045,1200,0,1,1,""
1424290,DATA,59.2,0.0,3716,3664,4800,1045,1200,0,1,1,""
1424415,EVENT,59.5,2.1,3696,3669,7719,1045,1200,1,1,1,"IGN ON"
1424790,DATA,58.7,0.0,3672,3662,7199,1045,1200,1,1,1,""
1425290,DATA,59.5,0.0,3531,3616,7200,1045,1200,1,1,1,""
1425790,DATA,61.0,0.0,3399,3546,7800,1045,1200,1,1,1,""
1426290,DATA,62.0,2.1,3464,3449,9601,1045,1200,1,1,1,""
1426790,DATA,62.7,0.0,3718,3568,1200,1045,1200,1,1,1,""
1427290,DATA,63.5,2.1,3640,3632,6600,1045,1200,1,1,1,""
1427312,EVENT,63.5,2.1,3640,3632,6600,1045,1200,1,1,0,"VALVE2 OFF"
1427790,DATA,64.0,0.0,3440,3564,6600,1045,1200,1,1,0,""
1428117,EVENT,64.5,2.1,3258,3459,7801,1045,1200,1,1,1,"VALVE2 ON"
1428290,DATA,64.7,2.1,3231,3397,1200,1045,1200,1,1,1,""
1428790,DATA,65.5,2.1,3161,3284,10200,1045,1200,1,1,1,""
1428828,EVENT,65.5,2.1,3161,3284,10200,1045,1200,1,0,1,"VALVE1 OFF"
1429290,DATA,66.0,2.1,2936,3145,600,1045,1200,1,0,1,""
1429790,DATA,66.2,0.0,2655,2968,178193,1045,1200,1,0,1,""
1430290,DATA,66.2,0.0,1689,2322,159584,1045,1200,1,0,1,""
1430790,DATA,66.0,0.0,854,1677,168593,1045,1200,1,0,1,""
1431290,DATA,65.8,-2.1,303,995,186585,1045,1200,1,0,1,""
1431790,DATA,65.5,0.0,101,527,192604,1045,1200,1,0,1,""
1432290,DATA,65.2,0.0,379,381,192617,1045,1200,1,0,1,""
1432790,DATA,65.0,0.0,187,311,153618,1045,1200,1,0,1,""
1433111,EVENT,64.7,0.0,335,274,15601,1045,1200,1,1,1,"VALVE1 ON"
1433290,DATA,64.7,0.0,985,428,1200,1045,1200,1,1,1,""
1433790,DATA,64.5,-2.1,2295,1268,1200,1045,1200,1,1,1,""
1434290,DATA,65.0,0.0,2664,1990,130190,1045,1200,1,1,1,""
1434790,DATA,65.8,2.1,2613,2271,63003,1045,1200,1,1,1,""
1435290,DATA,66.0,0.0,2569,2465,34798,1045,1200,1,1,1,""
1435790,DATA,66.5,2.1,2536,2481,68406,1045,1200,1,1,1,""
1436290,DATA,66.5,0.0,2736,2646,137996,1045,1200,1,1,1,""
1436770,EVENT,66.7,0.0,1453,2272,157778,1000,1200,1,0,0,"PUMP OFF"
1436790,DATA,66.7,0.0,1193,2110,103695,1000,1200,1,0,0,""
1437290,DATA,67.2,0.0,414,1282,104400,1000,1200,1,0,0,""
1437699,EVENT,67.2,2.1,830,916,45598,1000,1200,1,0,0,"PUMP OFF"
1437790,DATA,67.2,2.1,1188,957,147562,1000,1200,1,0,0,""
1438290,DATA,66.7,-2.1,783,987,156017,1000,1200,1,0,0,""
1438790,DATA,66.5,0.0,287,674,185420,1000,1200,1,0,0,""
1438989,EVENT,66.5,0.0,557,634,144062,1000,1200,0,0,0,"IGN OFF"
1439290,DATA,66.2,0.0,798,664,133199,1000,1200,0,0,0,""
1439790,DATA,66.0,0.0,1169,907,84001,1000,1200,0,0,0,""
1440290,DATA,65.8,0.0,1865,1219,53998,1000,1200,0,0,0,""
1440790,DATA,65.5,0.0,1395,1520,91208,1000,1200,0,0,0,""
1441290,DATA,65.2,0.0,1219,1382,84604,1000,1200,0,0,0,""
1441790,DATA,65.0,-4.2,1162,1281,17401,1000,1200,0,0,0,""
1442290,DATA,65.0,0.0,965,1235,84595,1000,1200,0,0,0,""
1442790,DATA,64.7,0.0,1432,1117,46803,1000,1200,0,0,0,""
1443290,DATA,64.7,2.1,2309,1617,3000,1000,1200,0,0,0,""
1443790,DATA,64.5,0.0,2528,2058,66600,1000,1200,0,0,0,""
1444290,DATA,64.2,0.0,2380,2376,129600,1000,1200,0,0,0,""
1444790,DATA,64.0,0.0,2336,2263,18001,1000,1200,0,0,0,""
1445290,DATA,64.0,2.1,2940,2541,4200,1000,1200,0,0,0,""
1445790,DATA,63.5,-2.1,3111,2839,133815,1000,1200,0,0,0,""
1446290,DATA,63.5,2.1,2512,2666,71404,1000,1200,0,0,0,""
1446790,DATA,63.3,2.1,3010,2769,34200,1000,1200,0,0,0,""
1447290,DATA,63.0,0.0,3380,3061,14399,1000,1200,0,0,0,""
1447790,DATA,62.7,-2.1,2815,3061,85797,1000,1200,0,0,0,""
1448290,DATA,62.5,-2.1,2359,2603,7200,1000,1200,0,0,0,""
1448790,DATA,62.2,-2.1,3114,2747,43203,1000,1200,0,0,0,""
1449290,DATA,62.2,0.0,3464,3100,48007,1000,1200,0,0,0,""
1449790,DATA,62.0,0.0,3549,3333,31199,1000,1200,0,0,0,""
1450290,DATA,61.7,0.0,3616,3491,28199,1000,1200,0,0,0,""
1450790,DATA,61.5,0.0,3385,3484,84604,1000,1200,0,0,0,""
1451290,DATA,61.0,-2.1,3581,3502,75602,1000,1200,0,0,0,""
1451790,DATA,61.2,2.1,2424,3017,105603,1000,1200,0,0,0,""
1452290,DATA,60.8,0.0,2319,2534,35400,1000,1200,0,0,0,""
1452790,DATA,60.8,0.0,3274,2782,57601,1000,1200,0,0,0,""
1453290,DATA,60.2,-2.1,3604,3199,75600,1000,1200,0,0,0,""
1453790,DATA,60.2,0.0,3456,3353,33004,1000,1200,0,0,0,""
1454290,DATA,60.0,0.0,3422,3399,9599,1000,1200,0,0,0,""
1454790,DATA,59.7,0.0,2768,3196,83400,1000,1200,0,0,0,""
1455290,DATA,59.5,0.0,1971,2664,40199,1000,1200,0,0,0,""
1455790,DATA,59.2,0.0,2588,2472,97800,1000,1200,0,0,0,""
1456290,DATA,59.0,-2.1,3234,2785,17400,1000,1200,0,0,0,""
1456790,DATA,58.7,-2.1,3106,2975,2400,1000,1200,0,0,0,""
1457290,DATA,58.7,0.0,3266,3117,86397,1000,1200,0,0,0,""
1457790,DATA,58.5,0.0,3322,3235,15001,1000,1200,0,0,0,""
1458290,DATA,58.3,-2.1,3355,3308,132000,1000,1200,0,0,0,""
1458790,DATA,58.0,-2.1,2882,3176,39600,1000,1200,0,0,0,""
1459290,DATA,58.0,2.1,3077,3091,3000,1000,1200,0,0,0,""
1459790,DATA,57.7,0.0,3166,3126,67200,1000,1200,0,0,0,""
1460290,DATA,57.5,0.0,3135,3120,19200,1000,1200,0,0,0,""
1460790,DATA,57.0,-2.1,3110,3122,3600,1000,1200,0,0,0,""
1461290,DATA,57.0,-2.1,3052,3098,3000,1000,1200,0,0,0,""
1461790,DATA,56.7,-2.1,2852,3007,6600,1000,1200,0,0,0,""
1462290,DATA,56.5,0.0,2792,2888,4200,1000,1200,0,0,0,""
1462790,DATA,56.5,0.0,2777,2827,106204,1000,1200,0,0,0,""
1463290,DATA,56.2,0.0,2112,2535,3000,1000,1200,0,0,0,""
1463790,DATA,56.0,0.0,2500,2440,92399,1000,1200,0,0,0,""
1464290,DATA,56.0,0.0,2374,2380,2400,1000,1200,0,0,0,""
1464790,DATA,55.8,0.0,2320,2411,122407,1000,1200,0,0,0,""
1465290,DATA,55.5,0.0,2343,2345,3000,1000,1200,0,0,0,""
1465790,DATA,55.2,-2.1,2485,2399,111594,1000,1200,0,0,0,""
1466290,DATA,55.0,-2.1,2535,2469,6000,1000,1200,0,0,0,""
1466790,DATA,55.0,-2.1,2327,2431,3600,1000,1200,0,0,0,""
1467290,DATA,54.7,0.0,2288,2346,49202,1000,1200,0,0,0,""
1467790,DATA,54.5,-2.1,2103,2284,93597,1000,1200,0,0,0,""
1468290,DATA,54.2,0.0,2212,2185,3600,1000,1200,0,0,0,""
1468790,DATA,54.2,2.1,2346,2277,150005,1000,1200,0,0,0,""
1469290,DATA,54.0,-2.1,1302,1895,91805,1000,1200,0,0,0,""
1469790,DATA,53.7,0.0,1703,1712,3000,1000,1200,0,0,0,""
1470290,DATA,53.7,2.1,2030,1836,63596,1000,1200,0,0,0,""
1470790,DATA,53.5,0.0,1489,1828,138610,1000,1200,0,0,0,""
1471290,DATA,53.3,0.0,1712,1687,33601,1000,1200,0,0,0,""
1471790,DATA,53.3,0.0,1614,1746,150612,1000,1200,0,0,0,""
1472290,DATA,53.0,2.1,648,1294,104999,1000,1200,0,0,0,""
1472790,DATA,52.7,-2.1,747,915,97195,1000,1200,0,0,0,""
1473290,DATA,52.7,2.1,1640,1140,4200,1000,1200,0,0,0,""
1473790,DATA,52.5,0.0,2126,1624,11401,1000,1200,0,0,0,""
1474290,DATA,52.2,0.0,2304,1959,3600,1000,1200,0,0,0,""
1474790,DATA,52.2,0.0,2415,2195,18600,1000,1200,0,0,0,""
1475290,DATA,52.0,0.0,2516,2354,47398,1000,1200,0,0,0,""
1475790,DATA,51.7,-2.1,1826,2219,129601,1000,1200,0,0,0,""
1476290,DATA,51.7,2.1,933,1596,21000,1000,1200,0,0,0,""
1476790,DATA,51.5,0.0,1579,1475,56397,1000,1200,0,0,0,""
1477290,DATA,51.5,2.1,1375,1463,60600,1000,1200,0,0,0,""
1477790,DATA,51.2,0.0,2129,1689,8401,1000,1200,0,0,0,""
1478290,DATA,51.0,0.0,2611,2135,35399,1000,1200,0,0,0,""
1478790,DATA,50.8,-2.1,2639,2470,120605,1000,1200,0,0,0,""
1479290,DATA,50.8,0.0,2046,2261,101399,1000,1200,0,0,0,""
1479790,DATA,50.5,0.0,2020,2032,31202,1000,1200,0,0,0,""
1480290,DATA,50.2,-2.1,2706,2293,27597,1000,1200,0,0,0,""
1480790,DATA,50.5,0.0,2671,2456,3600,1000,1200,0,0,0,""
1481290,DATA,50.2,0.0,2772,2603,100196,1000,1200,0,0,0,""
1481790,DATA,50.0,0.0,1944,2492,101405,1000,1200,0,0,0,""
1482290,DATA,50.0,0.0,730,1702,104999,1000,1200,0,0,0,""
1482790,DATA,49.7,0.0,247,963,124791,1000,1200,0,0,0,""
1483290,DATA,49.5,-2.1,653,685,17400,1000,1200,0,0,0,""
1483790,DATA,49.5,0.0,728,788,79810,1000,1200,0,0,0,""
1484290,DATA,49.2,-2.1,1147,866,65403,1000,1200,0,0,0,""
1484790,DATA,49.2,2.1,2309,1473,3600,1000,1200,0,0,0,""
1485290,DATA,49.0,0.0,3076,2245,6000,1000,1200,0,0,0,""
1485790,DATA,48.7,0.0,3290,2810,7800,1000,1200,0,0,0,""
1486290,DATA,48.7,2.1,3175,3051,5999,1000,1200,0,0,0,""
1486790,DATA,48.7,2.1,3216,3110,39600,1000,1200,0,0,0,""
1487290,DATA,48.5,0.0,3518,3264,10200,1000,1200,0,0,0,""
1487790,DATA,48.3,-2.1,3387,3365,5400,1000,1200,0,0,0,""
1488290,DATA,48.3,0.0,3220,3326,6000,1000,1200,0,0,0,""
1488790,DATA,47.7,-2.1,3101,3219,4800,1000,1200,0,0,0,""
1488969,EVENT,48.0,2.1,3128,3205,155377,1000,1200,0,1,0,"VALVE1 ON"
1489290,DATA,47.7,-2.1,2868,3075,38400,1000,1200,0,1,0,""
1489790,DATA,47.7,-2.1,1379,2421,85797,1000,1200,0,1,0,""
1490290,DATA,47.7,0.0,1592,1768,120002,1000,1200,0,1,0,""
1490448,EVENT,47.7,0.0,1882,1785,8999,1000,1200,1,1,0,"IGN ON"
1490790,DATA,47.0,0.0,2632,2098,4800,1000,1200,1,1,0,""
1491290,DATA,47.0,0.0,2699,2478,4800,1000,1200,1,1,0,""
1491672,EVENT,47.0,0.0,2835,2597,4241,1000,1200,1,1,0,"PUMP 1045"
1491790,DATA,47.0,0.0,2705,2652,134426,1001,1200,1,1,0,""
1492310,DATA,47.0,0.0,2458,2567,2367,1016,1200,1,1,0,""
1492830,DATA,47.0,0.0,2893,2678,2000,1038,1200,1,1,0,""
1493330,DATA,46.7,0.0,2978,2815,73800,1045,1200,1,1,0,""
1493830,DATA,46.7,2.1,2947,2882,74396,1045,1200,1,1,0,""
1494330,DATA,46.5,-2.1,3222,3004,5400,1045,1200,1,1,0,""
1494830,DATA,46.5,0.0,3255,3148,6000,1045,1200,1,1,0,""
1495330,DATA,46.2,0.0,3315,3228,82191,1045,1200,1,1,0,""
1495830,DATA,46.5,0.0,1945,2735,147601,1045,1200,1,1,0,""
1496330,DATA,46.5,0.0,2109,2260,13199,1045,1200,1,1,0,""
1496830,DATA,47.2,2.1,2541,2407,184800,1045,1200,1,1,0,""
1497330,DATA,47.7,2.1,1122,1945,149401,1045,1200,1,1,0,""
1497830,DATA,48.3,0.0,766,1361,48001,1045,1200,1,1,0,""
1498330,DATA,48.7,2.1,1069,1071,134992,1045,1200,1,1,0,""
1498340,EVENT,48.7,2.1,1069,1071,134992,1045,1200,0,1,0,"IGN OFF"
1498830,DATA,49.2,0.0,2275,1527,7800,1045,1200,0,1,0,""
1499330,DATA,49.5,-2.1,1931,1958,121195,1045,1200,0,1,0,""
1499830,DATA,49.7,0.0,1079,1668,99608,1045,1200,0,1,0,""
1500330,DATA,50.0,-2.1,727,1260,46202,1045,1200,0,1,0,""
1500830,DATA,50.0,-2.1,2054,1436,19201,1045,1200,0,1,0,""
1501330,DATA,50.5,0.0,2285,1921,80399,1045,1200,0,1,0,""
1501830,DATA,50.8,2.1,1813,1879,61201,1045,1200,0,1,0,""
1502330,DATA,51.0,2.1,1093,1510,61198,1045,1200,0,1,0,""
1502830,DATA,51.0,0.0,1320,1489,86404,1045,1200,0,1,0,""
1503330,DATA,51.5,2.1,522,1081,119392,1045,1200,0,1,0,""
1503830,DATA,51.5,2.1,1212,1056,12599,1045,1200,0,1,0,""
1504330,DATA,51.7,0.0,2342,1570,3600,1045,1200,0,1,0,""
1504830,DATA,52.0,0.0,2873,2222,5400,1045,1200,0,1,0,""
1505330,DATA,52.2,0.0,3292,2732,5400,1045,1200,0,1,0,""
1505830,DATA,52.2,0.0,3333,3091,4200,1045,1200,0,1,0,""
1506330,DATA,52.2,-2.1,3224,3173,3600,1045,1200,0,1,0,""
1506830,DATA,52.5,0.0,3117,3170,5400,1045,1200,0,1,0,""
1507330,DATA,52.7,0.0,2966,3093,4800,1045,1200,0,1,0,""
1507830,DATA,52.7,2.1,2909,2981,4200,1045,1200,0,1,0,""
1508330,DATA,52.7,0.0,3033,2990,6000,1045,1200,0,1,0,""
1508830,DATA,52.7,0.0,2945,2974,6000,1045,1200,0,1,0,""
1509330,DATA,52.7,0.0,2850,2902,4800,1045,1200,0,1,0,""
1509830,DATA,52.5,-2.1,2822,2879,6600,1045,1200,0,1,0,""
1510330,DATA,52.5,0.0,2876,2853,5400,1045,1200,0,1,0,""
1510830,DATA,52.5,0.0,3096,2964,5399,1045,1200,0,1,0,""
1511330,DATA,52.2,0.0,2906,2986,7200,1045,1200,0,1,0,""
1511538,EVENT,52.2,0.0,2972,2978,87611,1045,1200,1,1,0,"IGN ON"
1511830,DATA,51.5,0.0,3075,3003,5400,1045,1200,1,1,0,""
1512330,DATA,51.5,0.0,2856,2970,7200,1045,1200,1,1,0,""
1512830,DATA,51.5,2.1,2672,2857,4800,1045,1200,1,1,0,""
1513330,DATA,51.5,0.0,2680,2760,49200,1045,1200,1,1,0,""
1513830,DATA,51.5,0.0,3029,2835,40196,1045,1200,1,1,0,""
1514330,DATA,51.2,-2.1,2843,2929,51600,1045,1200,1,1,0,""
1514830,DATA,51.2,0.0,3213,3011,26401,1045,1200,1,1,0,""
1515330,DATA,51.5,2.1,3458,3220,3000,1045,1200,1,1,0,""
1515830,DATA,52.2,2.1,3525,3383,103193,1045,1200,1,1,0,""
1516330,DATA,52.7,2.1,3287,3387,68399,1045,1200,1,1,0,""
1516830,DATA,53.7,4.2,1867,2882,96607,1045,1200,1,1,0,""
1517330,DATA,54.2,0.0,2080,2271,4200,1045,1200,1,1,0,""
1517830,DATA,55.0,2.1,2959,2509,17401,1045,1200,1,1,0,""
1518330,DATA,55.2,0.0,3244,2894,13799,1045,1200,1,1,0,""
1518830,DATA,55.8,2.1,3234,3088,2400,1045,1200,1,1,0,""
1519330,DATA,56.0,2.1,3130,3131,142789,1045,1200,1,1,0,""
1519830,DATA,56.2,2.1,3077,3108,73797,1045,1200,1,1,0,""
1520330,DATA,56.2,0.0,3191,3121,46193,1045,1200,1,1,0,""
1520830,DATA,56.5,0.0,3045,3164,106813,1045,1200,1,1,0,""
1521330,DATA,56.7,0.0,1635,2626,93589,1045,1200,1,1,0,""
1521830,DATA,57.0,0.0,2248,2260,135596,1045,1200,1,1,0,""
1522330,DATA,57.2,2.1,2606,2330,40802,1045,1200,1,1,0,""
1522830,DATA,57.5,0.0,2455,2553,36600,1045,1200,1,1,0,""
1523330,DATA,57.5,0.0,2591,2498,76807,1045,1200,1,1,0,""
1523830,DATA,57.7,0.0,3165,2766,79799,1045,1200,1,1,0,""
1524330,DATA,58.0,0.0,3380,3069,54599,1045,1200,1,1,0,""
1524830,DATA,58.3,0.0,3096,3107,37198,1045,1200,1,1,0,""
1525330,DATA,58.5,0.0,3547,3257,93002,1045,1200,1,1,0,""
1525830,DATA,58.7,0.0,2865,3104,91795,1045,1200,1,1,0,""
1526330,DATA,59.0,2.1,2655,3016,32400,1045,1200,1,1,0,""
1526830,DATA,59.2,0.0,3072,2938,6600,1045,1200,1,1,0,""
1527330,DATA,59.2,0.0,2759,2973,169807,1045,1200,1,1,0,""
1527830,DATA,59.5,0.0,1621,2352,109193,1045,1200,1,1,0,""
1528330,DATA,59.7,0.0,698,1593,134387,1045,1200,1,1,0,""
1528830,DATA,60.0,0.0,1019,1066,135593,1045,1200,1,1,0,""
1529330,DATA,60.2,0.0,723,985,173983,1045,1200,1,1,0,""
1529830,DATA,60.5,0.0,1417,954,115813,1045,1200,1,1,0,""
1530330,DATA,60.8,0.0,908,1078,96602,1045,1200,1,1,0,""
1530830,DATA,61.0,0.0,332,751,193192,1045,1200,1,1,0,""
1531330,DATA,61.2,0.0,111,427,154178,1045,1200,1,1,0,""
1531830,DATA,61.2,0.0,1168,516,99584,1045,1200,1,1,0,""
1532330,DATA,61.5,0.0,1278,965,184200,1045,1200,1,1,0,""
1532830,DATA,61.7,0.0,538,854,193204,1045,1200,1,1,0,""
1533330,DATA,62.2,2.1,1420,854,145204,1045,1200,1,1,0,""
1533830,DATA,62.2,0.0,1668,1337,29401,1045,1200,1,1,0,""
1534330,DATA,62.5,2.1,860,1242,90596,1045,1200,1,1,0,""
1534830,DATA,62.5,0.0,1251,1082,107402,1045,1200,1,1,0,""
1535330,DATA,62.7,0.0,1911,1293,3600,1045,1200,1,1,0,""
1535830,DATA,63.0,2.1,3130,2133,49806,1045,1200,1,1,0,""
1536330,DATA,63.0,0.0,3364,2803,3600,1045,1200,1,1,0,""
1536830,DATA,63.5,2.1,3320,3093,59399,1045,1200,1,1,0,""
1537330,DATA,63.5,0.0,3374,3224,16201,1045,1200,1,1,0,""
1537830,DATA,63.7,2.1,3420,3313,131476,1045,1200,1,1,0,""
1538330,DATA,63.7,0.0,3138,3320,23416,1045,1200,1,1,0,""
1538830,DATA,64.0,0.0,2700,3028,168721,1045,1200,1,1,0,""
1539330,DATA,64.2,0.0,1611,2416,78645,1045,1200,1,1,0,""
1539830,DATA,64.5,0.0,630,1580,180551,1045,1200,1,1,0,""
1540330,DATA,64.5,0.0,214,881,78762,1045,1200,1,1,0,""
1540830,DATA,64.7,0.0,71,451,153070,1045,1200,1,1,0,""
1541330,DATA,64.7,0.0, 0, 0,152438,1045,1200,1,1,0,""
1541830,DATA,65.0,0.0, 0, 0,159037,1045,1200,1,1,0,""
1542330,DATA,65.2,2.1, 0, 0,183044,1045,1200,1,1,0,""
1542830,DATA,65.5,2.1, 0, 0,192667,1045,1200,1,1,0,""
1543330,DATA,65.5,0.0, 0, 0,192073,1045,1200,1,1,0,""
1543830,DATA,65.8,0.0, 0, 0,193241,1045,1200,1,1,0,""
1544330,DATA,65.8,0.0, 0, 0,145251,1045,1200,1,1,0,""
1544830,DATA,66.0,0.0, 0, 0,193275,1045,1200,1,1,0,""
1545330,DATA,66.2,0.0, 0, 0,159056,1045,1200,1,1,0,""
1545830,DATA,66.2,0.0, 0, 0,171056,1045,1200,1,1,0,""
1546330,DATA,66.5,2.1, 0, 0,171056,1045,1200,1,1,0,""
1546830,DATA,66.5,0.0, 0, 0,129045,1045,1200,1,1,0,""
1547330,DATA,66.7,0.0, 0, 0,141034,1045,1200,1,1,0,""
1547830,DATA,67.0,2.1, 0, 0,123622,1045,1200,1,1,0,""
1548330,DATA,67.0,0.0,3377,3626,147124,1045,1200,1,1,0,""
1548830,DATA,67.2,0.0,2171,2892,48630,1045,1200,1,1,0,""
1549330,DATA,67.2,0.0,3199,2867,30617,1045,1200,1,1,0,""
1549830,DATA,67.5,0.0,3012,3138,125434,1045,1200,1,1,0,""
1550330,DATA,67.5,-2.1,2604,2713,26413,1045,1200,1,1,0,""
1550830,DATA,68.0,2.1,3500,2993,49086,1045,1200,1,1,0,""
1551330,DATA,68.0,0.0,3831,3446,76956,1045,1200,1,1,0,""
1551830,DATA,68.0,0.0,4045,3748,10806,1045,1200,1,1,0,""
1552330,DATA,68.3,0.0,4310,4018,67244,1045,1200,1,1,0,""
1552830,DATA,68.3,0.0,4456,4216,103010,1045,1200,1,1,0,""
1553330,DATA,68.5,0.0,3487,4075,63625,1045,1200,1,1,0,""
1553830,DATA,68.5,0.0,4008,3909,122409,1045,1200,1,1,0,""
1554330,DATA,68.7,0.0,3428,3682,100593,1045,1200,1,1,0,""
1554830,DATA,68.7,-2.1,1685,2918,177708,1045,1200,1,1,0,""
1555330,DATA,69.0,-2.1,596,1789,103851,1045,1200,1,1,0,""
1555830,DATA,69.2,0.0,199,962,177074,1045,1200,1,1,0,""
1556330,DATA,69.5,2.1,65,482,168059,1045,1200,1,1,0,""
1556830,DATA,69.5,0.0, 0, 0,172835,1045,1200,1,1,0,""
1557330,DATA,69.5,0.0, 0, 0,192050,1045,1200,1,1,0,""
1557830,DATA,69.7,0.0, 0, 0,192660,1045,1200,1,1,0,""
1558330,DATA,69.7,0.0, 0, 0,192646,1045,1200,1,1,0,""
1558830,DATA,70.0,0.0, 0, 0,192666,1045,1200,1,1,0,""
1559330,DATA,70.0,0.0, 0, 0,193268,1045,1200,1,1,0,""
1559830,DATA,70.2,0.0, 0, 0,193272,1045,1200,1,1,0,""
1560330,DATA,70.2,0.0, 0, 0,176464,1045,1200,1,1,0,""
1560830,DATA,70.5,2.1, 0, 0,192687,1045,1200,1,1,0,""
1561330,DATA,70.8,2.1, 0, 0,192673,1045,1200,1,1,0,""
1561830,DATA,70.8,0.0, 0, 0,192683,1045,1200,1,1,0,""
1562330,DATA,70.8,-2.1, 0, 0,192669,1045,1200,1,1,0,""
1562830,DATA,71.0,0.0, 0, 0,184861,1045,1200,1,1,0,""
1563330,DATA,71.2,0.0, 0, 0,192065,1045,1200,1,1,0,""
1563830,DATA,71.2,0.0, 0, 0,192685,1045,1200,1,1,0,""
1564330,DATA,71.2,0.0, 0, 0,192085,1045,1200,1,1,0,""
1564830,DATA,71.5,0.0, 0, 0,190249,1045,1200,1,1,0,""
1565330,DATA,71.7,2.1, 0, 0,192069,1045,1200,1,1,0,""
1565830,DATA,71.7,0.0, 0, 0,192666,1045,1200,1,1,0,""
1566330,DATA,72.0,2.1, 0, 0,177650,1045,1200,1,1,0,""
1566830,DATA,72.0,0.0, 0, 0,156658,1045,1200,1,1,0,""
1567330,DATA,72.2,2.1, 0, 0,192054,1045,1200,1,1,0,""
1567830,DATA,72.2,0.0, 0, 0,192639,1045,1200,1,1,0,""
1568330,DATA,72.2,-2.1, 0, 0,192644,1045,1200,1,1,0,""
1568830,DATA,72.2,-2.1, 0, 0,193256,1045,1200,1,1,0,""
1569330,DATA,72.7,0.0, 0, 0,177037,1045,1200,1,1,0,""
1569830,DATA,72.7,0.0, 0, 0,172848,1045,1200,1,1,0,""
1570330,DATA,73.0,2.1, 0, 0,180058,1045,1200,1,1,0,""
1570830,DATA,73.0,0.0, 0, 0,184274,1045,1200,1,1,0,""
1571330,DATA,73.3,2.1, 0, 0,192633,1045,1200,1,1,0,""
1571830,DATA,73.3,0.0, 0, 0,192044,1045,1200,1,1,0,""
1572330,DATA,73.3,0.0, 0, 0,154249,1045,1200,1,1,0,""
1572830,DATA,73.5,2.1, 0, 0,191475,1045,1200,1,1,0,""
1573330,DATA,73.5,0.0, 0, 0,172257,1045,1200,1,1,0,""
1573830,DATA,73.5,0.0, 0, 0,192683,1045,1200,1,1,0,""
1574330,DATA,73.7,2.1, 0, 0,180636,1045,1200,1,1,0,""
1574830,DATA,73.7,0.0, 0, 0,192650,1045,1200,1,1,0,""
1575330,DATA,73.7,-2.1, 0, 0,191456,1045,1200,1,1,0,""
1575830,DATA,74.0,2.1, 0, 0,175275,1045,1200,1,1,0,""
1576330,DATA,74.0,0.0, 0, 0,180056,1045,1200,1,1,0,""
1576830,DATA,74.0,0.0, 0, 0,193235,1045,1200,1,1,0,""
1577330,DATA,74.2,0.0, 0, 0,167442,1045,1200,1,1,0,""
1577830,DATA,74.2,2.1, 0, 0,186677,1045,1200,1,1,0,""
1578330,DATA,74.2,0.0, 0, 0,191461,1045,1200,1,1,0,""
1578830,DATA,74.5,2.1, 0, 0,192065,1045,1200,1,1,0,""
1579330,DATA,74.5,0.0, 0, 0,192069,1045,1200,1,1,0,""
1579830,DATA,74.7,2.1, 0, 0,192042,1045,1200,1,1,0,""
1580330,DATA,74.7,0.0, 0, 0,176460,1045,1200,1,1,0,""
1580830,DATA,75.0,0.0, 0, 0,192056,1045,1200,1,1,0,""
1581330,DATA,75.0,0.0, 0, 0,192063,1045,1200,1,1,0,""
1581830,DATA,75.0,0.0, 0, 0,192635,1045,1200,1,1,0,""
1582330,DATA,75.0,0.0, 0, 0,192056,1045,1200,1,1,0,""
1582830,DATA,75.0,0.0, 0, 0,119433,1045,1200,1,1,0,""
1583330,DATA,75.2,0.0, 0, 0,192646,1045,1200,1,1,0,""
1583830,DATA,75.2,0.0, 0, 0,168081,1045,1200,1,1,0,""
1584330,DATA,75.2,0.0, 0, 0,168064,1045,1200,1,1,0,""
1584830,DATA,75.5,2.1, 0, 0,192635,1045,1200,1,1,0,""
1585330,DATA,75.5,0.0, 0, 0,191471,1045,1200,1,1,0,""
1585830,DATA,75.8,0.0, 0, 0,192652,1045,1200,1,1,0,""
1586330,DATA,75.8,2.0, 0, 0,192092,1045,1200,1,1,0,""
1586830,DATA,75.8,0.0, 0, 0,192671,1045,1200,1,1,0,""
1587330,DATA,75.8,0.0, 0, 0,168055,1045,1200,1,1,0,""
1587702,EVENT,75.8,-2.1, 0, 0,192002,1045,1200,1,1,0,"STARTER 1220"
1587830,DATA,76.0,2.0, 0, 0,194169,1045,1204,1,1,0,""
1588330,DATA,76.0,0.0,3212,4286,175214,1045,1215,1,1,0,""
1588830,DATA,75.8,-2.1,1203,2885,192008,1045,1220,1,1,0,""
1589330,DATA,76.0,2.0,406,1622,191985,1045,1220,1,1,0,""
1589830,DATA,76.0,-2.1,134,833,191417,1045,1220,1,1,0,""
1590330,DATA,76.2,0.0,417,463,113392,1045,1220,1,1,0,""
1590830,DATA,76.2,0.0,416,485,160192,1045,1220,1,1,0,""
1590996,EVENT,76.2,0.0,291,439,186028,1045,1220,1,1,0,"STARTER 1240"
1591330,DATA,76.2,-2.1,1045,525,1500,1045,1229,1,1,0,""
1591830,DATA,76.5,2.1,2694,1560,164382,1045,1238,1,1,0,""
1592330,DATA,76.5,0.0,1248,1657,136205,1045,1240,1,1,0,""
1592830,DATA,76.7,2.1,437,1099,147000,1045,1240,1,1,0,""
1593330,DATA,76.7,2.1,146,611,192006,1045,1240,1,1,0,""
1593830,DATA,76.7,0.0, 0, 0,170405,1045,1240,1,1,0,""
1594330,DATA,76.5,0.0, 0, 0,162010,1045,1240,1,1,0,""
1594830,DATA,76.7,2.1, 0, 0,159003,1045,1240,1,1,0,""
1595330,DATA,76.5,-2.1, 0, 0,191400,1045,1240,1,1,0,""
1595830,DATA,76.7,2.1, 0, 0,149403,1045,1240,1,1,0,""
1596330,DATA,76.5,-2.1, 0, 0,168015,1045,1240,1,1,0,""
1596830,DATA,76.7,0.0, 0, 0,100192,1045,1240,1,1,0,""
1597330,DATA,76.5,-2.1, 0, 0,191423,1045,1240,1,1,0,""
1597830,DATA,76.5,0.0, 0, 0,167385,1045,1240,1,1,0,""
1598330,DATA,76.5,-2.1, 0, 0,145193,1045,1240,1,1,0,""
1598830,DATA,76.5,0.0, 0, 0,139808,1045,1240,1,1,0,""
1599330,DATA,76.7,2.1, 0, 0,181175,1045,1240,1,1,0,""
1599830,DATA,76.5,-2.1, 0, 0,191994,1045,1240,1,1,0,""
1600330,DATA,76.5,0.0, 0, 0,190792,1045,1240,1,1,0,""
1600830,DATA,76.7,2.0, 0, 0,179409,1045,1240,1,1,0,""
1601330,DATA,76.7,2.1, 0, 0,191400,1045,1240,1,1,0,""
1601830,DATA,76.7,0.0,5085,5331,119414,1045,1240,1,1,0,""
1602330,DATA,76.7,0.0,3774,4786,120004,1045,1240,1,1,0,""
1602830,DATA,76.7,0.0,1538,3352,178202,1045,1240,1,1,0,""
1603330,DATA,76.7,0.0,528,1929,166800,1045,1240,1,1,0,""
1603830,DATA,76.7,0.0,175,1004,97800,1045,1240,1,1,0,""
1604330,DATA,76.7,0.0,57,494,142803,1045,1240,1,1,0,""
1604830,DATA,76.5,0.0,3538,4208,117600,1045,1240,1,1,0,""
1605330,DATA,76.7,0.0,2324,3474,136816,1045,1240,1,1,0,""
1605830,DATA,76.5,0.0,871,2252,119988,1045,1240,1,1,0,""
1606330,DATA,76.7,2.1,599,1293,23402,1045,1240,1,1,0,""
1606830,DATA,76.5,0.0,1867,1533,175793,1045,1240,1,1,0,""
1607072,EVENT,76.5,-2.1,1421,1532,150592,1045,1240,1,1,0,"PUMP 1050"
1607247,EVENT,76.2,-2.1,991,1408,106204,1045,1240,1,1,0,"PUMP 1055"
1607330,DATA,76.5,2.1,814,1319,169186,1045,1240,1,1,0,""
1607474,EVENT,76.7,2.1,664,1220,192610,1046,1240,1,1,0,"PUMP 1060"
1607830,DATA,76.7,2.1,283,821,137404,1048,1240,1,1,0,""
1608330,DATA,76.5,0.0,94,444,98993,1054,1240,1,1,0,""
1608830,DATA,76.5,-2.1,1016,731,168595,1060,1240,1,1,0,""
1609330,DATA,76.7,2.1,921,890,99002,1060,1240,1,1,0,""
1609830,DATA,77.0,0.0,366,689,165578,1060,1240,1,1,0,""
1609863,EVENT,77.0,0.0,366,689,165578,1060,1240,1,1,0,"PUMP 1065"
1610330,DATA,77.5,2.1,125,410,135589,1061,1240,1,1,0,""
1610830,DATA,77.5,0.0, 0, 0,169800,1064,1240,1,1,0,""
1611330,DATA,78.0,2.1, 0, 0,51600,1065,1240,1,1,0,""
1611585,EVENT,78.0,0.0,4028,4326,169208,1065,1240,1,1,0,"PUMP 1070"
1611830,DATA,78.3,0.0,2529,3804,142184,1065,1240,1,1,0,""
1612330,DATA,78.5,0.0,914,2442,186617,1067,1240,1,1,0,""
1612830,DATA,78.7,0.0,744,1599,85798,1070,1240,1,1,0,""
1613330,DATA,79.2,2.1,278,937,167395,1070,1240,1,1,0,""
1613830,DATA,79.5,2.1,501,556,62399,1070,1240,1,1,0,""
1614330,DATA,79.5,0.0,469,565,168000,1070,1240,1,1,0,""
1614830,DATA,79.7,0.0,178,395,174605,1070,1240,1,1,0,""
1615330,DATA,80.2,2.1,60,226,169137,1070,1240,1,1,0,""
1615830,DATA,80.5,0.0, 0, 0,191219,1070,1240,1,1,0,""
1616330,DATA,80.8,0.0, 0, 0,191826,1070,1240,1,1,0,""
1616830,DATA,81.2,2.1, 0, 0,174617,1070,1240,1,1,0,""
1617330,DATA,81.5,2.1, 0, 0,191832,1070,1240,1,1,0,""
1617830,DATA,81.7,0.0, 0, 0,191836,1070,1240,1,1,0,""
1618330,DATA,82.0,0.0, 0, 0,191811,1070,1240,1,1,0,""
1618830,DATA,82.3,0.0, 0, 0,191832,1070,1240,1,1,0,""
1619330,DATA,82.7,2.1, 0, 0,191813,1070,1240,1,1,0,""
1619830,DATA,82.7,0.0, 0, 0,192428,1070,1240,1,1,0,""
1620330,DATA,83.0,0.0, 0, 0,191208,1070,1240,1,1,0,""
1620830,DATA,83.5,2.1, 0, 0,191851,1070,1240,1,1,0,""
1621330,DATA,83.7,2.1, 0, 0,191230,1070,1240,1,1,0,""
1621607,EVENT,83.7,0.0, 0, 0,190215,1070,1240,1,1,1,"VALVE2 ON"
1621830,DATA,84.0,0.0, 0, 0,191813,1070,1240,1,1,1,""
1622330,DATA,84.2,0.0, 0, 0,191813,1070,1240,1,1,1,""
1622830,DATA,84.5,2.1, 0, 0,191855,1070,1240,1,1,1,""
1623330,DATA,84.8,0.0, 0, 0,190604,1070,1240,1,1,1,""
1623830,DATA,85.0,0.0, 0, 0,191855,1070,1240,1,1,1,""
1624330,DATA,85.2,0.0, 0, 0,165706,1070,1240,1,1,1,""
1624830,DATA,85.5,0.0, 0, 0,191830,1070,1240,1,1,1,""
1625330,DATA,85.8,0.0, 0, 0,191236,1070,1240,1,1,1,""
1625831,DATA,86.2,2.1, 0, 0,174589,1070,1240,1,1,1,""
1626332,DATA,86.2,0.0, 0, 0,191225,1070,1240,1,1,1,""
1626833,DATA,86.5,0.0, 0, 0,191858,1070,1240,1,1,1,""
1627334,DATA,87.0,2.1, 0, 0,156794,1070,1240,1,1,1,""
1627835,DATA,87.3,0.0, 0, 0,191849,1070,1240,1,1,1,""
1628336,DATA,87.5,0.0, 0, 0,191807,1070,1240,1,1,1,""
1628837,DATA,87.7,0.0, 0, 0,168087,1070,1240,1,1,1,""
1629338,DATA,88.3,2.1, 0, 0,191826,1070,1240,1,1,1,""
1629839,DATA,88.3,0.0, 0, 0,191232,1070,1240,1,1,1,""
1630340,DATA,88.7,2.1, 0, 0,191824,1070,1240,1,1,1,""
1630841,DATA,89.0,2.0, 0, 0,191813,1070,1240,1,1,1,""
1631342,DATA,89.2,2.1, 0, 0,177566,1070,1240,1,1,1,""
1631843,DATA,89.5,0.0, 0, 0,157985,1070,1240,1,1,1,""
1632225,EVENT,89.8,0.0, 0, 0,147016,1070,1240,1,1,1,"STARTER 1260"
1632350,DATA,90.0,2.1, 0, 0,179963,1070,1244,1,1,1,""
1632850,DATA,90.0,2.1, 0, 0,153595,1070,1255,1,1,1,""
1633350,DATA,90.0,-2.1, 0, 0,185989,1070,1260,1,1,1,""
1633850,DATA,90.8,2.1, 0, 0,184793,1070,1260,1,1,1,""
1634350,DATA,91.0,2.1, 0, 0,175819,1070,1260,1,1,1,""
1634850,DATA,91.5,2.1, 0, 0,192617,1070,1260,1,1,1,""
1635350,DATA,91.5,0.0, 0, 0,192000,1070,1260,1,1,1,""
1635851,DATA,91.7,0.0, 0, 0,185413,1070,1260,1,1,1,""
1636352,DATA,92.0,0.0, 0, 0,142793,1070,1260,1,1,1,""
1636853,DATA,92.3,2.1, 0, 0,151186,1070,1260,1,1,1,""
1637354,DATA,92.5,0.0, 0, 0,173991,1070,1260,1,1,1,""
1637855,DATA,92.7,2.1, 0, 0,178193,1070,1260,1,1,1,""
1638356,DATA,93.0,0.0, 0, 0,148218,1070,1260,1,1,1,""
1638857,DATA,93.3,0.0, 0, 0,191411,1070,1260,1,1,1,""
1639358,DATA,93.3,0.0, 0, 0,135005,1070,1260,1,1,1,""
1639859,DATA,93.7,0.0, 0, 0,184215,1070,1260,1,1,1,""
1640173,EVENT,94.0,2.1, 0, 0,107405,1070,1260,1,1,1,"STARTER 1280"
1640370,DATA,94.0,2.0, 0, 0,114220,1070,1266,1,1,1,""
1640870,DATA,94.0,0.0, 0, 0,192592,1070,1276,1,1,1,""
1641370,DATA,94.2,0.0, 0, 0,178214,1070,1280,1,1,1,""
1641870,DATA,94.5,0.0, 0, 0,192012,1070,1280,1,1,1,""
1642370,DATA,94.8,0.0, 0, 0,192592,1070,1280,1,1,1,""
1642870,DATA,95.0,0.0, 0, 0,150595,1070,1280,1,1,1,""
1643106,EVENT,95.0,0.0, 0, 0,194402,1070,1280,0,1,1,"IGN OFF"
1643370,DATA,95.2,2.1, 0, 0,146404,1070,1280,0,1,1,""
1643870,DATA,95.5,2.0, 0, 0,129009,1070,1280,0,1,1,""
1644370,DATA,95.5,0.0,3757,5013,136200,1070,1280,0,1,1,""
1644870,DATA,95.8,0.0,1407,3374,154798,1070,1280,0,1,1,""
1645370,DATA,95.8,0.0,475,1897,153603,1070,1280,0,1,1,""
1645871,DATA,96.0,2.1,157,975,154797,1070,1280,0,1,1,""
1646372,DATA,96.0,0.0,51,476,139786,1070,1280,0,1,1,""
1646873,DATA,96.0,0.0, 0, 0,148804,1070,1280,0,1,1,""
1647374,DATA,96.2,2.1,3757,5013,153602,1070,1280,0,1,1,""
1647875,DATA,96.2,0.0,2052,3596,154800,1070,1280,0,1,1,""
1648376,DATA,96.2,0.0,2889,2783,70194,1070,1280,0,1,1,""
1648877,DATA,96.2,0.0,1758,2516,155394,1070,1280,0,1,1,""
1649309,EVENT,96.5,0.0,791,1820,154194,1070,1280,0,1,1,"STARTER 1300"
1649378,DATA,96.5,0.0,639,1643,153575,1070,1282,0,1,1,""
1649879,DATA,96.2,0.0,214,910,131416,1070,1294,0,1,1,""
1650380,DATA,96.2,-2.1,71,464,115798,1070,1300,0,1,1,""
1650881,DATA,96.5,0.0, 0, 0,154194,1070,1300,0,1,1,""
1651382,DATA,96.2,-2.1, 0, 0,154198,1070,1300,0,1,1,""
1651883,DATA,96.2,0.0, 0, 0,154215,1070,1300,0,1,1,""
1652384,DATA,96.2,0.0, 0, 0,154198,1070,1300,0,1,1,""
1652885,DATA,96.2,2.0, 0, 0,148801,1070,1300,0,1,1,""
1653386,DATA,96.0,-2.1, 0, 0,125999,1070,1300,0,1,1,""
1653887,DATA,96.0,0.0, 0, 0,155997,1070,1300,0,1,1,""
1654388,DATA,95.8,0.0, 0, 0,154208,1070,1300,0,1,1,""
1654889,DATA,95.5,-2.1, 0, 0,151803,1070,1300,0,1,1,""
1655390,DATA,95.2,-2.1, 0, 0,146413,1070,1300,0,1,1,""
1655891,DATA,95.2,0.0, 0, 0,154800,1070,1300,0,1,1,""
1656392,DATA,95.0,0.0, 0, 0,146403,1070,1300,0,1,1,""
1656893,DATA,94.8,0.0, 0, 0,155405,1070,1300,0,1,1,""
1657224,EVENT,94.5,0.0, 0, 0,153600,1070,1300,0,1,1,"PUMP 1075"
1657394,DATA,94.2,-2.1, 0, 0,174035,1070,1300,0,1,1,""
1657895,DATA,94.2,0.0, 0, 0,154820,1072,1300,0,1,1,""
1658396,DATA,93.7,-2.1, 0, 0,154200,1074,1300,0,1,1,""
1658897,DATA,93.3,-2.0, 0, 0,155994,1075,1300,0,1,1,""
1659398,DATA,93.0,-2.1, 0, 0,154198,1075,1300,0,1,1,""
1659527,EVENT,93.0,0.0, 0, 0,161411,1075,1300,1,1,1,"IGN ON"
1659899,DATA,92.0,-2.1, 0, 0,190200,1075,1300,1,1,1,""
1660400,DATA,92.5,0.0, 0, 0,190792,1075,1300,1,1,1,""
1660901,DATA,93.5,0.0, 0, 0,193198,1075,1300,1,1,1,""
1661402,DATA,94.2,0.0, 0, 0,191987,1075,1300,1,1,1,""
1661903,DATA,95.0,2.0, 0, 0,192017,1075,1300,1,1,1,""
1661912,EVENT,95.0,2.0, 0, 0,192017,1075,1300,0,1,1,"IGN OFF"
1662404,DATA,95.5,0.0,5779,6207,117599,1075,1300,0,1,1,""
1662905,DATA,95.8,0.0,3906,5120,117594,1075,1300,0,1,1,""
1663406,DATA,96.0,0.0,1686,3598,140389,1075,1300,0,1,1,""
1663907,DATA,96.2,2.1,584,2084,113997,1075,1300,0,1,1,""
1664408,DATA,96.2,0.0,194,1089,154200,1075,1300,0,1,1,""
1664909,DATA,96.5,0.0,64,537,133797,1075,1300,0,1,1,""
1665410,DATA,96.2,-2.1, 0, 0,154198,1075,1300,0,1,1,""
1665911,DATA,96.2,-2.1, 0, 0,155400,1075,1300,0,1,1,""
1666412,DATA,96.2,0.0, 0, 0,154191,1075,1300,0,1,1,""
1666913,DATA,96.2,0.0, 0, 0,155408,1075,1300,0,1,1,""
1667414,DATA,96.0,-2.1, 0, 0,90605,1075,1300,0,1,1,""
1667915,DATA,96.0,0.0, 0, 0,155406,1075,1300,0,1,1,""
1668416,DATA,95.8,-2.1, 0, 0,153608,1075,1300,0,1,1,""
1668917,DATA,95.8,2.1, 0, 0,155384,1075,1300,0,1,1,""
1669418,DATA,95.2,-2.1, 0, 0,154208,1075,1300,0,1,1,""
1669919,DATA,95.0,-2.1, 0, 0,155398,1075,1300,0,1,1,""
1670370,EVENT,95.0,0.0, 0, 0,154191,1075,1300,0,0,1,"VALVE1 OFF"
1670420,DATA,95.0,0.0, 0, 0,154191,1075,1300,0,0,1,""
1670921,DATA,94.5,0.0, 0, 0,137389,1075,1300,0,0,1,""
1671422,DATA,94.2,0.0,3628,5458,152405,1075,1300,0,0,1,""
1671923,DATA,93.7,-2.1,1311,3504,154203,1075,1300,0,0,1,""
1672424,DATA,93.3,0.0,439,1925,153002,1075,1300,0,0,1,""
1672925,DATA,92.7,0.0,145,977,153600,1075,1300,0,0,1,""
1673426,DATA,92.0,-2.1, 0, 0,73810,1075,1300,0,0,1,""
1673704,EVENT,91.7,0.0,3962,4712,154795,1075,1300,1,0,1,"IGN ON"
1673927,DATA,90.8,0.0,2832,4261,163811,1075,1300,1,0,1,""
1674428,DATA,90.2,-2.1,1585,2819,112798,1075,1300,1,0,1,""
1674929,DATA,89.8,-2.1,948,1944,192021,1075,1300,1,0,1,""
1675430,DATA,89.2,-2.1,277,1016,191871,1075,1300,1,0,1,""
1675931,DATA,88.5,-2.1,92,529,179936,1075,1300,1,0,1,""
1676418,EVENT,88.3,-2.1, 0, 0,94801,1075,1300,1,1,1,"VALVE1 ON"
1676432,DATA,88.3,-2.1, 0, 0,111587,1075,1300,1,1,1,""
1676933,DATA,87.5,-2.0, 0, 0,191247,1075,1300,1,1,1,""
1677434,DATA,87.0,0.0, 0, 0,192391,1075,1300,1,1,1,""
1677935,DATA,86.5,-2.1, 0, 0,193642,1075,1300,1,1,1,""
1678436,DATA,86.5,0.0, 0, 0,166886,1075,1300,1,1,1,""
1678937,DATA,87.5,2.1, 0, 0,191242,1075,1300,1,1,1,""
1679395,EVENT,88.5,4.2, 0, 0,193183,1075,1300,0,1,1,"IGN OFF"
1679438,DATA,88.5,4.2, 0, 0,187613,1075,1300,0,1,1,""
1679939,DATA,89.2,0.0, 0, 0,152637,1075,1300,0,1,1,""
1680440,DATA,90.0,2.1, 0, 0,151463,1075,1300,0,1,1,""
1680941,DATA,90.5,2.1, 0, 0,144344,1075,1300,0,1,1,""
1681442,DATA,90.5,-2.1, 0, 0,152043,1075,1300,0,1,1,""
1681943,DATA,91.0,0.0, 0, 0,152064,1075,1300,0,1,1,""
1681956,EVENT,91.0,0.0, 0, 0,152064,1075,1300,0,0,1,"VALVE1 OFF"
1682444,DATA,91.2,0.0, 0, 0,150894,1075,1300,0,0,1,""
1682945,DATA,91.5,0.0, 0, 0,152622,1075,1300,0,0,1,""
1683446,DATA,91.0,-2.1, 0, 0,150254,1075,1300,0,0,1,""
1683947,DATA,90.2,-2.1, 0, 0,152051,1075,1300,0,0,1,""
1684448,DATA,89.5,-2.1, 0, 0,150848,1075,1300,0,0,1,""
1684949,DATA,88.7,0.0, 0, 0,152067,1075,1300,0,0,1,""
1685269,EVENT,88.3,0.0, 0, 0,153003,1075,1300,1,0,1,"IGN ON"
1685450,DATA,87.5,-6.2, 0, 0,190659,1075,1300,1,0,1,""
1685951,DATA,86.7,-2.0, 0, 0,191855,1075,1300,1,0,1,""
1686018,EVENT,86.7,-2.0, 0, 0,191855,1075,1300,1,1,1,"VALVE1 ON"
1686452,DATA,86.2,0.0, 0, 0,191830,1075,1300,1,1,1,""
1686953,DATA,85.8,-2.1, 0, 0,175788,1075,1300,1,1,1,""
1687454,DATA,85.2,-2.1, 0, 0,191805,1075,1300,1,1,1,""
1687955,DATA,84.8,-2.1, 0, 0,193039,1075,1300,1,1,1,""
1688456,DATA,84.2,-2.1, 0, 0,193029,1075,1300,1,1,1,""
1688957,DATA,83.7,0.0, 0, 0,192454,1075,1300,1,1,1,""
1689458,DATA,83.0,-2.1, 0, 0,193016,1075,1300,1,1,1,""
1689959,DATA,82.7,0.0, 0, 0,193048,1075,1300,1,1,1,""
1690460,DATA,83.3,2.1, 0, 0,192403,1075,1300,1,1,1,""
1690961,DATA,84.0,2.1, 0, 0,193044,1075,1300,1,1,1,""
1691462,DATA,84.8,2.1, 0, 0,192420,1075,1300,1,1,1,""
1691963,DATA,85.5,0.0, 0, 0,192449,1075,1300,1,1,1,""
1692464,DATA,86.2,2.1, 0, 0,175786,1075,1300,1,1,1,""
1692965,DATA,86.5,2.1, 0, 0,186503,1075,1300,1,1,1,""
1693466,DATA,86.7,2.1, 0, 0,143107,1075,1300,1,1,1,""
1693967,DATA,86.7,-2.1, 0, 0,193041,1075,1300,1,1,1,""
1694468,DATA,87.3,0.0, 0, 0,192410,1075,1300,1,1,1,""
1694969,DATA,87.7,2.0, 0, 0,181762,1075,1300,1,1,1,""
1695470,DATA,87.7,0.0, 0, 0,192430,1075,1300,1,1,1,""
1695600,EVENT,87.7,0.0, 0, 0,190232,1075,1300,1,1,1,"PUMP 1070"
1695971,DATA,88.3,2.1, 0, 0,159747,1074,1300,1,1,1,""
1696161,EVENT,88.0,-2.1, 0, 0,195668,1073,1300,1,1,1,"PUMP 1065"
1696472,DATA,88.3,0.0, 0, 0,167483,1072,1300,1,1,1,""
1696973,DATA,88.5,2.1, 0, 0,165713,1069,1300,1,1,1,""
1697039,EVENT,88.5,0.0, 0, 0,165713,1068,1300,1,1,1,"PUMP 1060"
1697474,DATA,88.7,0.0,3605,5422,180481,1066,1300,1,1,1,""
1697975,DATA,89.0,0.0,1802,3556,594,1063,1300,1,1,1,""
1698476,DATA,89.0,-2.1,3610,3123,3562,1060,1300,1,1,1,""
1698977,DATA,89.2,0.0,5287,4071, 0,1060,1300,1,1,1,""
1699478,DATA,89.2,0.0,5921,5008,1765,1060,1300,1,1,1,""
1699979,DATA,89.2,0.0,6135,5605,3529,1060,1300,1,1,1,""
1700480,DATA,89.0,-2.1,6206,5929,5343,1060,1300,1,1,1,""
1700981,DATA,89.2,2.0,6229,6093,80748,1060,1300,1,1,1,""
1701482,DATA,89.2,2.1,3536,5315,191777,1060,1300,1,1,1,""
1701983,DATA,89.2,0.0,1275,3411,159706,1060,1300,1,1,1,""
1702484,DATA,89.2,0.0,1317,2180,105091,1060,1300,1,1,1,""
1702985,DATA,89.2,0.0,3702,2578,135401,1060,1300,1,1,1,""
1703486,DATA,89.2,0.0,4715,3481,137249,1060,1300,1,1,1,""
1703987,DATA,89.2,-2.0,4662,4403,149315,1060,1300,1,1,1,""
1704488,DATA,89.2,0.0,1880,3459,137120,1060,1300,1,1,1,""
1704989,DATA,89.2,0.0,643,2074,160344,1060,1300,1,1,1,""
1705490,DATA,89.5,2.1,833,1465,87931,1060,1300,1,1,1,""
1705991,DATA,89.8,0.0,1512,1152,117581,1060,1300,1,1,1,""
1706492,DATA,90.0,0.0,3042,1786,59977,1060,1300,1,1,1,""
1706993,DATA,90.0,0.0,5022,3245,124213,1060,1300,1,1,1,""
1707494,DATA,90.2,0.0,5442,4437,20004,1060,1300,1,1,1,""
1707995,DATA,90.2,0.0,5829,5128,42957,1060,1300,1,1,1,""
1708496,DATA,90.2,0.0,5517,5507,29980,1060,1300,1,1,1,""
1708997,DATA,90.5,2.1,4387,5098,52291,1060,1300,1,1,1,""
1709498,DATA,90.5,0.0,5290,5020,72316,1060,1300,1,1,1,""
1709999,DATA,90.5,-2.0,3111,4510,188834,1060,1300,1,1,1,""
1710500,DATA,90.8,0.0,1127,2930,165634,1060,1300,1,1,1,""
1711001,DATA,90.8,-2.1,378,1619,176338,1060,1300,1,1,1,""
1711502,DATA,91.0,2.1,124,824,192388,1060,1300,1,1,1,""
1712003,DATA,91.0,0.0, 0, 0,193002,1060,1300,1,1,1,""
1712504,DATA,91.2,0.0, 0, 0,192409,1060,1300,1,1,1,""
1713005,DATA,91.2,0.0, 0, 0,180549,1060,1300,1,1,1,""
1713506,DATA,91.2,0.0, 0, 0,152033,1060,1300,1,1,1,""
1714007,DATA,91.2,0.0, 0, 0,117589,1060,1300,1,1,1,""
1714508,DATA,91.2,0.0, 0, 0,191838,1060,1300,1,1,1,""
1715009,DATA,91.5,2.1, 0, 0,139585,1060,1300,1,1,1,""
1715510,DATA,91.5,0.0,6953,6953,67703,1060,1300,1,1,1,""
1716011,DATA,91.5,0.0,3321,5633,132520,1060,1300,1,1,1,""
1716512,DATA,91.5,0.0,2485,4155,158708,1060,1300,1,1,1,""
1717013,DATA,91.5,0.0,949,2615,145481,1060,1300,1,1,1,""
1717514,DATA,91.7,0.0,321,1431,128815,1060,1300,1,1,1,""
1718015,DATA,91.7,0.0,106,725,158573,1060,1300,1,1,1,""
1718516,DATA,91.7,2.1, 0, 0,124119,1060,1300,1,1,1,""
1719017,DATA,91.7,0.0,5014,5964,164470,1060,1300,1,1,1,""
1719518,DATA,91.7,0.0,2598,4603,82514,1060,1300,1,1,1,""
1720019,DATA,91.7,0.0,926,2810,107549,1060,1300,1,1,1,""
1720520,DATA,91.7,-2.1,1013,1750,26455,1060,1300,1,1,1,""
1721021,DATA,92.0,0.0,2676,2121,174593,1060,1300,1,1,1,""
1721522,DATA,92.0,0.0,1182,1865,191752,1060,1300,1,1,1,""
1722023,DATA,92.0,-2.0,411,1171,142518,1060,1300,1,1,1,""
1722524,DATA,92.0,-2.1,137,635,138334,1060,1300,1,1,1,""
1723025,DATA,92.0,0.0, 0, 0,141961,1060,1300,1,1,1,""
1723526,DATA,92.0,0.0, 0, 0,182328,1060,1300,1,1,1,""
1724027,DATA,92.0,0.0, 0, 0,174612,1060,1300,1,1,1,""
1724528,DATA,92.0,0.0, 0, 0,176958,1060,1300,1,1,1,""
1725029,DATA,92.3,0.0, 0, 0,191832,1060,1300,1,1,1,""
1725491,EVENT,92.3,0.0,5047,6003,184183,1060,1300,0,1,1,"IGN OFF"
1725530,DATA,92.0,-2.1,4308,5749,179868,1060,1300,0,1,1,""
1726031,DATA,92.3,0.0,1614,3869,153190,1060,1300,0,1,1,""
1726532,DATA,92.3,-2.1,545,2175,148427,1060,1300,0,1,1,""
1727033,DATA,92.5,2.1,180,1118,153232,1060,1300,0,1,1,""
1727534,DATA,92.5,2.1,59,546,153220,1060,1300,0,1,1,""
1728035,DATA,92.3,-2.0, 0, 0,153245,1060,1300,0,1,1,""
1728162,EVENT,92.5,2.1, 0, 0,175216,1060,1300,1,1,1,"IGN ON"
1728536,DATA,92.3,0.0, 0, 0,192426,1060,1300,1,1,1,""
1729037,DATA,92.3,0.0, 0, 0,192430,1060,1300,1,1,1,""
1729538,DATA,92.3,0.0, 0, 0,191801,1060,1300,1,1,1,""
1730039,DATA,92.3,-2.1, 0, 0,149088,1060,1300,1,1,1,""
1730540,DATA,92.5,0.0, 0, 0,137194,1060,1300,1,1,1,""
1731041,DATA,92.3,0.0, 0, 0,174641,1060,1300,1,1,1,""
1731542,DATA,92.5,0.0, 0, 0,154993,1060,1300,1,1,1,""
1732043,DATA,92.3,-2.1, 0, 0,192426,1060,1300,1,1,1,""
1732544,DATA,92.5,0.0, 0, 0,182317,1060,1300,1,1,1,""
1733045,DATA,92.3,-2.1, 0, 0,154420,1060,1300,1,1,1,""
1733121,EVENT,92.3,0.0, 0, 0,154420,1060,1300,0,1,1,"IGN OFF"
1733546,DATA,92.5,0.0, 0, 0,35042,1060,1300,0,1,1,""
1734047,DATA,92.5,2.0,3214,4159,113986,1060,1300,0,1,1,""
1734548,DATA,92.5,0.0,1519,3014,151403,1060,1300,0,1,1,""
1735049,DATA,92.5,0.0,534,1782,144912,1060,1300,0,1,1,""
1735550,DATA,92.5,2.1,178,941,146656,1060,1300,0,1,1,""
1736051,DATA,92.3,-2.1,58,467,153234,1060,1300,0,1,1,""
1736552,DATA,92.5,2.1, 0, 0,152028,1060,1300,0,1,1,""
1737053,DATA,92.3,0.0, 0, 0,153845,1060,1300,0,1,1,""
1737554,DATA,92.3,0.0, 0, 0,141953,1060,1300,0,1,1,""
1738055,DATA,92.0,-2.1, 0, 0,134247,1060,1300,0,1,1,""
1738060,EVENT,92.0,-2.1, 0, 0,134247,1060,1300,0,1,1,"STARTER 1320"
1738562,DATA,92.0,0.0,6339,6331,48512,1060,1313,0,1,1,""
1739063,DATA,91.7,0.0,4249,5384,21000,1060,1320,0,1,1,""
1739564,DATA,91.7,0.0,5438,5193,5399,1060,1320,0,1,1,""
1740065,DATA,91.7,0.0,6095,5597,6600,1060,1320,0,1,1,""
1740566,DATA,91.5,0.0,6309,5964,5400,1060,1320,0,1,1,""
1741067,DATA,91.5,0.0,6368,6181,6600,1060,1320,0,1,1,""
1741568,DATA,91.2,-2.1,6387,6293,6599,1060,1320,0,1,1,""
1742069,DATA,91.2,0.0,6393,6348,6000,1060,1320,0,1,1,""
1742570,DATA,91.0,0.0,6395,6374,6001,1060,1320,0,1,1,""
1743071,DATA,91.0,0.0,6396,6386,5400,1060,1320,0,1,1,""
1743391,EVENT,91.0,0.0,6396,6390,7800,1060,1320,1,1,1,"IGN ON"
1743572,DATA,90.2,-2.1,6306,6378,6001,1060,1320,1,1,1,""
1744073,DATA,90.5,2.1,6374,6359,7800,1060,1320,1,1,1,""
1744574,DATA,90.8,0.0,6114,6312,10200,1060,1320,1,1,1,""
1744654,EVENT,90.8,0.0,5986,6263,8400,1060,1320,0,1,1,"IGN OFF"
1745075,DATA,91.0,0.0,5972,6114,8400,1060,1320,0,1,1,""
1745576,DATA,90.8,-2.1,5881,6004,10800,1060,1320,0,1,1,""
1746077,DATA,90.8,0.0,6183,6055,9599,1060,1320,0,1,1,""
1746578,DATA,90.8,0.0,6357,6199,7200,1060,1320,0,1,1,""
1747079,DATA,90.5,0.0,6273,6247,9000,1060,1320,0,1,1,""
1747580,DATA,90.5,0.0,6115,6208,10801,1060,1320,0,1,1,""
1748081,DATA,90.2,-2.1,6146,6166,7200,1060,1320,0,1,1,""
1748582,DATA,90.5,0.0,6176,6167,3000,1060,1320,0,1,1,""
1749083,DATA,90.2,0.0,5692,6103,138600,1060,1320,0,1,1,""
1749584,DATA,90.0,0.0,4345,5114,46202,1060,1320,0,1,1,""
1750085,DATA,90.0,0.0,3508,4614,138601,1060,1320,0,1,1,""
1750586,DATA,89.8,-2.1,1833,3209,51597,1060,1320,0,1,1,""
1751087,DATA,89.8,0.0,1601,2522,138597,1060,1320,0,1,1,""
1751588,DATA,89.5,-2.1,1021,1673,40797,1060,1320,0,1,1,""
1752089,DATA,89.2,-2.0,3899,2387,67195,1060,1320,0,1,1,""
1752590,DATA,89.2,0.0,5436,3876,59397,1060,1320,0,1,1,""
1753091,DATA,89.0,0.0,5947,4947,12599,1060,1320,0,1,1,""
1753332,EVENT,88.7,0.0,6099,5376,26397,1060,1320,1,1,1,"IGN ON"
1753592,DATA,88.3,0.0,6153,5589,70818,1060,1320,1,1,1,""
1754093,DATA,88.5,0.0,6225,5932,6600,1060,1320,1,1,1,""
1754594,DATA,89.0,0.0,6122,6081,7800,1060,1320,1,1,1,""
1755095,DATA,89.2,0.0,6087,6077,4200,1060,1320,1,1,1,""
1755596,DATA,89.2,0.0,6140,6104,7199,1060,1320,1,1,1,""
1756097,DATA,89.2,2.1,6141,6126,7800,1060,1320,1,1,1,""
1756598,DATA,89.0,0.0,6130,6130,1800,1060,1320,1,1,1,""
1757099,DATA,89.0,0.0,6125,6128,7800,1060,1320,1,1,1,""
1757600,DATA,89.0,0.0,6123,6126,6000,1060,1320,1,1,1,""
1758101,DATA,89.0,0.0,4942,5791,7800,1060,1320,1,1,1,""
1758602,DATA,89.0,0.0,5520,5529,106797,1060,1320,1,1,1,""
1759103,DATA,89.0,0.0,3440,4771,165020,1060,1320,1,1,1,""
1759604,DATA,89.0,0.0,1331,3194,179382,1060,1320,1,1,1,""
1760105,DATA,89.0,0.0,1636,2038,69601,1060,1320,1,1,1,""
1760606,DATA,89.0,0.0,4021,2751,6600,1060,1320,1,1,1,""
1761107,DATA,89.0,0.0,5289,3971,4200,1060,1320,1,1,1,""
1761608,DATA,89.0,0.0,5759,4898,4200,1060,1320,1,1,1,""
1762109,DATA,88.7,-2.1,5757,5381,6000,1060,1320,1,1,1,""
1762320,EVENT,89.0,0.0,5704,5503,6000,1060,1320,1,1,1,"STARTER 1340"
1762610,DATA,89.0,0.0,5759,5570,3499,1060,1328,1,1,1,""
1763110,DATA,89.0,2.1,5871,5720,5400,1060,1338,1,1,1,""
1763610,DATA,88.7,0.0,5916,5823,10200,1060,1340,1,1,1,""
1764110,DATA,88.7,0.0,5932,5881,5400,1060,1340,1,1,1,""
1764610,DATA,88.7,0.0,5937,5911,4200,1060,1340,1,1,1,""
1765110,DATA,88.7,0.0,5938,5926,6000,1060,1340,1,1,1,""
1765610,DATA,88.5,-2.1,5939,5933,33600,1060,1340,1,1,1,""
1766110,DATA,88.5,0.0,5939,5936,5400,1060,1340,1,1,1,""
1766610,DATA,88.5,0.0,5795,5888,59400,1060,1340,1,1,1,""
1767110,DATA,88.5,0.0,5750,5802,91805,1060,1340,1,1,1,""
1767610,DATA,88.5,0.0,5863,5820,4800,1060,1340,1,1,1,""
1768110,DATA,88.3,-2.1,5898,5858,3600,1060,1340,1,1,1,""
1768610,DATA,88.5,0.0,5909,5885,19198,1060,1340,1,1,1,""
1769110,DATA,88.3,0.0,5913,5900,3600,1060,1340,1,1,1,""
1769254,EVENT,88.3,0.0,5913,5902,3000,1060,1340,1,1,0,"VALVE2 OFF"
1769610,DATA,88.3,0.0,5914,5908,13201,1060,1340,1,1,0,""
1770110,DATA,88.3,0.0,5915,5912,31798,1060,1340,1,1,0,""
1770610,DATA,88.3,0.0,5915,5913,3600,1060,1340,1,1,0,""
1771110,DATA,88.0,0.0,5915,5914,4800,1060,1340,1,1,0,""
1771610,DATA,88.0,0.0,5915,5915,4800,1060,1340,1,1,0,""
1772110,DATA,88.0,0.0,5854,5906,8999,1060,1340,1,1,0,""
1772610,DATA,88.0,0.0,5951,5930,15001,1060,1340,1,1,0,""
1773110,DATA,88.0,0.0,5917,5928,3600,1060,1340,1,1,0,""
1773610,DATA,88.0,0.0,5901,5915,20998,1060,1340,1,1,0,""
1774110,DATA,87.7,0.0,5873,5898,18599,1060,1340,1,1,0,""
1774610,DATA,87.7,0.0,5733,5837,19199,1060,1340,1,1,0,""
1775110,DATA,87.7,0.0,5818,5803,99011,1060,1340,1,1,0,""
1775340,EVENT,87.5,0.0,5877,5821,6001,1060,1340,0,1,0,"IGN OFF"
1775610,DATA,87.7,0.0,5882,5845,4800,1060,1340,0,1,0,""
1775941,EVENT,87.7,0.0,5672,5816,22800,1060,1340,1,1,0,"IGN ON"
1776110,DATA,87.5,-2.1,5612,5761,21604,1060,1340,1,1,0,""
1776610,DATA,87.5,0.0,5699,5708,62402,1060,1340,1,1,0,""
1777110,DATA,87.5,0.0,5697,5711,8999,1060,1340,1,1,0,""
1777610,DATA,87.5,2.1,5262,5647,129009,1060,1340,1,1,0,""
1778110,DATA,87.3,0.0,5318,5392,17998,1060,1340,1,1,0,""
1778610,DATA,87.3,0.0,4550,5266,150611,1060,1340,1,1,0,""
1779110,DATA,87.3,0.0,1808,3789,159022,1060,1340,1,1,0,""
1779610,DATA,87.3,0.0,1686,2619,20403,1060,1340,1,1,0,""
1780110,DATA,87.3,0.0,1550,2217,162000,1060,1340,1,1,0,""
1780610,DATA,87.3,0.0,1362,1818,113403,1060,1340,1,1,0,""
1780891,EVENT,87.3,0.0,1480,1650,84599,1000,1340,1,0,0,"PUMP OFF"
1781110,DATA,87.3,0.0,1211,1549,189638,1000,1340,1,0,0,""
1781610,DATA,87.0,-2.1,482,1074,129601,1000,1340,1,0,0,""
1782110,DATA,86.5,-2.1,164,615,171003,1000,1340,1,0,0,""
1782610,DATA,86.0,0.0,54,319,141600,1000,1340,1,0,0,""
1783110,DATA,85.2,-2.1, 0, 0,164398,1000,1340,1,0,0,""
1783610,DATA,84.5,-2.1, 0, 0,189589,1000,1340,1,0,0,""
1784110,DATA,84.0,0.0, 0, 0,193212,1000,1340,1,0,0,""
1784610,DATA,83.3,-2.1, 0, 0,194427,1000,1340,1,0,0,""
1785110,DATA,83.0,0.0, 0, 0,163203,1000,1340,1,0,0,""
1785610,DATA,82.3,-2.1, 0, 0,76205,1000,1340,1,0,0,""
1786110,DATA,82.0,0.0,4582,6167,123584,1000,1340,1,0,0,""
1786523,EVENT,81.5,0.0,4524,5443,193802,1000,1340,0,0,0,"IGN OFF"
1786610,DATA,81.2,-2.1,4012,5228,166792,1000,1340,0,0,0,""
1787110,DATA,81.0,0.0,1609,3610,94203,1000,1340,0,0,0,""
1787610,DATA,80.2,-2.1,550,2063,151203,1000,1340,0,0,0,""
1788610,DATA,79.5,0.0,60,525,148784,1000,1340,0,0,0,""
1789110,DATA,79.0,-2.1, 0, 0,69006,1000,1340,0,0,0,""
1789610,DATA,78.5,0.0, 0, 0,135003,1000,1340,0,0,0,""
1790110,DATA,78.0,0.0, 0, 0,94199,1000,1340,0,0,0,""
1790610,DATA,77.2,-2.1, 0, 0,117589,1000,1340,0,0,0,""
1791110,DATA,76.7,-2.1, 0, 0,96592,1000,1340,0,0,0,""
1791610,DATA,76.5,0.0, 0, 0,125413,1000,1340,0,0,0,""
1792110,DATA,76.0,0.0, 0, 0,150605,1000,1340,0,0,0,""
1792610,DATA,75.2,-2.1, 0, 0,70198,1000,1340,0,0,0,""
1793110,DATA,75.0,0.0,5969,5969,82802,1000,1340,0,0,0,""
1793610,DATA,74.5,-2.1,2851,4836,121202,1000,1340,0,0,0,""
1794110,DATA,73.7,-4.2,2150,3213,130197,1000,1340,0,0,0,""
1794610,DATA,73.5,-2.1,3727,3128,54602,1000,1340,0,0,0,""
1795110,DATA,73.0,-2.1,2020,2895,101401,1000,1340,0,0,0,""
1795610,DATA,72.5,-2.1,1431,2126,132588,1000,1340,0,0,0,""
1796110,DATA,72.0,-2.1,603,1420,26999,1000,1340,0,0,0,""
1796610,DATA,71.7,0.0,804,1154,108599,1000,1340,0,0,0,""
1797110,DATA,71.2,0.0,1422,991,74399,1000,1340,0,0,0,""
1797610,DATA,70.8,0.0,1017,1159,98399,1000,1340,0,0,0,""
1798110,DATA,70.2,-2.1,973,1173,133795,1000,1340,0,0,0,""
1798610,DATA,70.0,0.0,1352,1229,64197,1000,1340,0,0,0,""
1799110,DATA,69.5,-2.1,784,1122,128392,1000,1340,0,0,0,""
1799610,DATA,69.0,0.0,283,731,127196,1000,1340,0,0,0,""
1800110,DATA,68.5,0.0,95,405,59994,1000,1340,0,0,0,""
1800610,DATA,68.3,0.0,1816,872,31797,1000,1340,0,0,0,""
1801110,DATA,67.7,0.0,2319,1648,22199,1000,1340,0,0,0,""
1801610,DATA,67.5,0.0,4296,2754,77402,1000,1340,0,0,0,""
1802110,DATA,67.2,0.0,3607,3392,130210,1000,1340,0,0,0,""
1802610,DATA,66.5,-2.1,3964,3444,41399,1000,1340,0,0,0,""
1803110,DATA,66.0,-2.1,2541,3178,33599,1000,1340,0,0,0,""
1803610,DATA,65.8,0.0,4322,3465,98999,1000,1340,0,0,0,""
1804110,DATA,65.5,0.0,2754,3316,16200,1000,1340,0,0,0,""
1804610,DATA,65.0,-2.1,1929,2841,135004,1000,1340,0,0,0,""
1805110,DATA,64.7,-2.1,1423,2089,148203,1000,1340,0,0,0,""
1805610,DATA,64.2,0.0,1947,1874,134407,1000,1340,0,0,0,""
1806110,DATA,64.0,0.0,942,1552,148199,1000,1340,0,0,0,""
1806610,DATA,63.5,0.0,2901,1758,99004,1000,1340,0,0,0,""
1807110,DATA,63.3,0.0,4222,3039,98391,1000,1340,0,0,0,""
1807610,DATA,63.0,0.0,3077,3216,117008,1000,1340,0,0,0,""
1808110,DATA,62.5,-2.1,2434,2680,49194,1000,1340,0,0,0,""
1808610,DATA,62.2,0.0,4424,3301,3600,1000,1340,0,0,0,""
1809110,DATA,62.0,0.0,5070,4290,137410,1000,1340,0,0,0,""
1809610,DATA,61.5,-2.1,2907,3815,62998,1000,1340,0,0,0,""
1810110,DATA,61.2,0.0,1212,2655,127786,1000,1340,0,0,0,""
1810610,DATA,61.0,0.0,417,1527,57603,1000,1340,0,0,0,""
1811110,DATA,60.5,-2.1,2589,1621,19198,1000,1340,0,0,0,""
1811610,DATA,60.2,0.0,4716,3013,6000,1000,1340,0,0,0,""
1812110,DATA,60.0,0.0,5505,4296,25198,1000,1340,0,0,0,""
1812610,DATA,59.7,0.0,4634,4843,79202,1000,1340,0,0,0,""
1813110,DATA,59.5,0.0,3052,4254,75597,1000,1340,0,0,0,""
1813610,DATA,59.2,2.1,1145,2822,152395,1000,1340,0,0,0,""
1814110,DATA,59.0,0.0,386,1578,154205,1000,1340,0,0,0,""
1814610,DATA,58.5,0.0,127,808,152397,1000,1340,0,0,0,""
1815110,DATA,58.0,-2.1, 0, 0,153600,1000,1340,0,0,0,""
1815610,DATA,58.0,0.0, 0, 0,152402,1000,1340,0,0,0,""
1816110,DATA,57.5,-2.1, 0, 0,154202,1000,1340,0,0,0,""
1816610,DATA,57.5,2.1, 0, 0,152395,1000,1340,0,0,0,""
1817110,DATA,57.2,2.1,6800,7303,154200,1000,1340,0,0,0,""
1817610,DATA,57.0,0.0,2893,5524,152395,1000,1340,0,0,0,""
1818110,DATA,56.5,0.0,1000,3287,154200,1000,1340,0,0,0,""
1818610,DATA,56.2,0.0,332,1739,151803,1000,1340,0,0,0,""
1819110,DATA,56.2,0.0,109,864,153600,1000,1340,0,0,0,""
1819610,DATA,55.8,-2.1, 0, 0,152395,1000,1340,0,0,0,""
1820110,DATA,55.5,-2.1, 0, 0,154206,1000,1340,0,0,0,""
1820610,DATA,55.2,-2.1, 0, 0,152994,1000,1340,0,0,0,""
1821110,DATA,55.2,0.0, 0, 0,153603,1000,1340,0,0,0,""
1821610,DATA,54.7,0.0, 0, 0,152394,1000,1340,0,0,0,""
1822110,DATA,54.5,-2.1, 0, 0,153602,1000,1340,0,0,0,""
1822610,DATA,54.5,0.0, 0, 0,152389,1000,1340,0,0,0,""
1823110,DATA,54.0,-2.1, 0, 0,154194,1000,1340,0,0,0,""
1823610,DATA,53.7,0.0, 0, 0,152997,1000,1340,0,0,0,""
1824110,DATA,53.7,0.0, 0, 0,153608,1000,1340,0,0,0,""
1824610,DATA,53.5,0.0, 0, 0,152400,1000,1340,0,0,0,""
1825110,DATA,53.3,0.0, 0, 0,153586,1000,1340,0,0,0,""
1825610,DATA,53.0,0.0, 0, 0,152985,1000,1340,0,0,0,""
1826110,DATA,52.7,0.0, 0, 0,145185,1000,1340,0,0,0,""
1826610,DATA,52.5,0.0, 0, 0,148201,1000,1340,0,0,0,""
1827110,DATA,52.2,0.0,5955,5955,600,1000,1340,0,0,0,""
1827610,DATA,52.2,0.0,5904,5937,152397,1000,1340,0,0,0,""
1828110,DATA,51.7,0.0,2818,4797,154192,1000,1340,0,0,0,""
1828610,DATA,51.7,0.0,992,2953,152391,1000,1340,0,0,0,""
1829110,DATA,51.7,0.0,330,1590,154206,1000,1340,0,0,0,""
1829610,DATA,51.5,0.0,109,798,152995,1000,1340,0,0,0,""
1830110,DATA,51.2,0.0, 0, 0,153606,1000,1340,0,0,0,""
1830610,DATA,51.0,0.0, 0, 0,151806,1000,1340,0,0,0,""
1831110,DATA,50.8,-2.1, 0, 0,154203,1000,1340,0,0,0,""
1831610,DATA,50.5,0.0, 0, 0,152397,1000,1340,0,0,0,""
1832110,DATA,50.2,-2.1, 0, 0,154206,1000,1340,0,0,0,""
1832610,DATA,50.2,0.0, 0, 0,152408,1000,1340,0,0,0,""
1833110,DATA,50.2,0.0, 0, 0,153595,1000,1340,0,0,0,""
1833610,DATA,50.0,0.0, 0, 0,152992,1000,1340,0,0,0,""
1834110,DATA,49.7,0.0, 0, 0,154791,1000,1340,0,0,0,""
1834610,DATA,49.5,0.0, 0, 0,152402,1000,1340,0,0,0,""
1835110,DATA,49.5,0.0, 0, 0,154205,1000,1340,0,0,0,""
1835610,DATA,49.0,-2.1, 0, 0,151792,1000,1340,0,0,0,""
1836110,DATA,49.2,2.1, 0, 0,149393,1000,1340,0,0,0,""
1836610,DATA,49.0,0.0, 0, 0,151208,1000,1340,0,0,0,""
1837110,DATA,48.7,0.0,5955,5955,67805,1000,1340,0,0,0,""
1837610,DATA,48.5,-2.1,3885,5041,15600,1000,1340,0,0,0,""
1838110,DATA,48.5,0.0,4823,4753,12601,1000,1340,0,0,0,""
1838610,DATA,48.3,0.0,5308,4959,7801,1000,1340,0,0,0,""
1838776,EVENT,48.3,0.0,5473,5092,5293,1000,1340,0,0,0,"STARTER 1320"
1838951,EVENT,48.3,0.0,5535,5158,4201,1000,1335,0,0,0,"STARTER 1300"
1839110,DATA,48.3,0.0,5586,5222,2062,1000,1328,0,0,0,""
1839111,EVENT,48.3,0.0,5586,5222,2062,1000,1328,0,0,0,"STARTER 1280"
1839391,EVENT,48.3,0.0,5690,5393,3000,1000,1311,0,0,0,"STARTER 1260"
1839630,DATA,48.3,0.0,5701,5480,1500,1000,1295,0,0,0,""
1839911,EVENT,48.3,0.0,5645,5529,2500,1000,1279,0,0,0,"STARTER 1240"
1840150,DATA,48.0,0.0,5587,5549,1500,1000,1267,0,0,0,""
1840631,EVENT,48.0,0.0,5509,5540,1500,1000,1248,0,0,0,"STARTER 1220"
1840670,DATA,48.0,0.0,5509,5540,1500,1000,1247,0,0,0,""
1841190,DATA,48.0,0.0,4783,5265,1500,1000,1229,0,0,0,""
1841690,DATA,47.7,0.0,4160,4757,5401,1000,1220,0,0,0,""
1842190,DATA,47.5,0.0,3786,4278,1800,1000,1220,0,0,0,""
1842251,EVENT,47.5,0.0,3786,4278,1800,1000,1220,0,0,0,"STARTER 1200"
1842690,DATA,47.5,0.0,2559,3717,61002,1000,1208,0,0,0,""
1843190,DATA,47.2,0.0,955,2431,165602,1000,1201,0,0,0,""
1843690,DATA,47.2,0.0,322,1350,152397,1000,1200,0,0,0,""
1844190,DATA,47.2,0.0,106,689,153598,1000,1200,0,0,0,""
1844690,DATA,47.0,0.0, 0, 0,152995,1000,1200,0,0,0,""
1845190,DATA,47.0,0.0, 0, 0,153586,1000,1200,0,0,0,""
1845690,DATA,46.7,-2.1, 0, 0,152403,1000,1200,0,0,0,""
1846190,DATA,46.7,0.0, 0, 0,154211,1000,1200,0,0,0,""
1846690,DATA,46.7,0.0, 0, 0,153003,1000,1200,0,0,0,""
1847190,DATA,46.5,0.0, 0, 0,154214,1000,1200,0,0,0,""
1847690,DATA,46.5,0.0, 0, 0,153002,1000,1200,0,0,0,""
1848190,DATA,46.2,0.0, 0, 0,153603,1000,1200,0,0,0,""
1848690,DATA,46.2,0.0, 0, 0,152392,1000,1200,0,0,0,""
1849190,DATA,46.2,0.0, 0, 0,154194,1000,1200,0,0,0,""
1849690,DATA,46.0,0.0, 0, 0,153006,1000,1200,0,0,0,""
1850190,DATA,46.0,0.0, 0, 0,154191,1000,1200,0,0,0,""
1850690,DATA,45.8,0.0, 0, 0,152408,1000,1200,0,0,0,""
1851190,DATA,45.8,0.0, 0, 0,154200,1000,1200,0,0,0,""
1851690,DATA,45.8,0.0, 0, 0,145204,1000,1200,0,0,0,""
1852190,DATA,45.8,2.1, 0, 0,153600,1000,1200,0,0,0,""
1852690,DATA,45.5,0.0, 0, 0,152400,1000,1200,0,0,0,""
1853190,DATA,45.2,-2.1, 0, 0,153602,1000,1200,0,0,0,""
1853690,DATA,45.5,2.1, 0, 0,152988,1000,1200,0,0,0,""
1854190,DATA,45.2,0.0, 0, 0,154202,1000,1200,0,0,0,""
1854690,DATA,45.2,0.0, 0, 0,152403,1000,1200,0,0,0,""
1855190,DATA,45.0,-2.1, 0, 0,153600,1000,1200,0,0,0,""
1855690,DATA,45.0,0.0, 0, 0,152397,1000,1200,0,0,0,""
1856190,DATA,45.0,0.0, 0, 0,153600,1000,1200,0,0,0,""
1856690,DATA,45.0,0.0, 0, 0,152998,1000,1200,0,0,0,""
1857190,DATA,45.0,0.0, 0, 0,153600,1000,1200,0,0,0,""
1857690,DATA,44.7,0.0, 0, 0,152400,1000,1200,0,0,0,""
1858190,DATA,44.7,0.0, 0, 0,150592,1000,1200,0,0,0,""
1858690,DATA,44.7,0.0, 0, 0,152394,1000,1200,0,0,0,""
1859190,DATA,44.5,0.0, 0, 0,153602,1000,1200,0,0,0,""
1859690,DATA,44.5,0.0, 0, 0,151806,1000,1200,0,0,0,""
1860190,DATA,44.2,-2.1, 0, 0,153582,1000,1200,0,0,0,""
1860690,DATA,44.2,0.0, 0, 0,151206,1000,1200,0,0,0,""
1861190,DATA,44.2,0.0, 0, 0,153600,1000,1200,0,0,0,""
1861690,DATA,44.2,0.0, 0, 0,152403,1000,1200,0,0,0,""
1862190,DATA,44.2,0.0, 0, 0,154202,1000,1200,0,0,0,""
1862690,DATA,44.2,0.0, 0, 0,151785,1000,1200,0,0,0,""
1863190,DATA,44.0,-2.1, 0, 0,154205,1000,1200,0,0,0,""
1863690,DATA,44.0,0.0, 0, 0,152389,1000,1200,0,0,0,""
1864190,DATA,44.0,0.0, 0, 0,154802,1000,1200,0,0,0,""
1864690,DATA,44.0,0.0, 0, 0,152995,1000,1200,0,0,0,""
1865190,DATA,43.7,0.0, 0, 0,153603,1000,1200,0,0,0,""
1865690,DATA,43.7,0.0, 0, 0,152402,1000,1200,0,0,0,""
1866190,DATA,43.7,0.0, 0, 0,148791,1000,1200,0,0,0,""
1866690,DATA,43.7,0.0, 0, 0,152417,1000,1200,0,0,0,""
1867190,DATA,43.5,0.0, 0, 0,154194,1000,1200,0,0,0,""
1867690,DATA,43.5,0.0, 0, 0,152408,1000,1200,0,0,0,""
1868190,DATA,43.3,0.0, 0, 0,153595,1000,1200,0,0,0,""
1868690,DATA,43.3,0.0, 0, 0,152397,1000,1200,0,0,0,""
1869190,DATA,43.3,0.0, 0, 0,153597,1000,1200,0,0,0,""
1869690,DATA,43.3,0.0, 0, 0,152391,1000,1200,0,0,0,""
1870190,DATA,43.0,-2.1, 0, 0,154217,1000,1200,0,0,0,""
1870690,DATA,43.0,0.0, 0, 0,152400,1000,1200,0,0,0,""
1871190,DATA,43.0,0.0, 0, 0,153600,1000,1200,0,0,0,""
1871690,DATA,43.0,-2.1, 0, 0,153003,1000,1200,0,0,0,""
1872190,DATA,43.0,0.0, 0, 0,153586,1000,1200,0,0,0,""
1872690,DATA,42.7,-2.1, 0, 0,153009,1000,1200,0,0,0,""
1873190,DATA,42.7,-2.1, 0, 0,154202,1000,1200,0,0,0,""
1873690,DATA,42.7,-2.1, 0, 0,152408,1000,1200,0,0,0,""
1874190,DATA,42.5,0.0, 0, 0,154215,1000,1200,0,0,0,""
1874690,DATA,42.5,-2.1, 0, 0,152400,1000,1200,0,0,0,""
1875190,DATA,42.5,0.0, 0, 0,153598,1000,1200,0,0,0,""
1875690,DATA,42.2,-2.1, 0, 0,152414,1000,1200,0,0,0,""
1876190,DATA,42.2,-2.1, 0, 0,154797,1000,1200,0,0,0,""
1876690,DATA,42.2,0.0, 0, 0,153002,1000,1200,0,0,0,""
1877190,DATA,42.2,0.0, 0, 0,153605,1000,1200,0,0,0,""
1877690,DATA,42.2,0.0, 0, 0,152420,1000,1200,0,0,0,""
1878190,DATA,42.2,0.0, 0, 0,153603,1000,1200,0,0,0,""
1878690,DATA,42.0,-2.1, 0, 0,153003,1000,1200,0,0,0,""
1879190,DATA,42.2,0.0, 0, 0,153606,1000,1200,0,0,0,""
1879690,DATA,42.0,-2.1, 0, 0,152405,1000,1200,0,0,0,""
1880190,DATA,42.2,2.1, 0, 0,153600,1000,1200,0,0,0,""
1880690,DATA,42.0,0.0, 0, 0,152403,1000,1200,0,0,0,""
1881190,DATA,42.0,0.0, 0, 0,154206,1000,1200,0,0,0,""
1881690,DATA,42.0,0.0, 0, 0,153002,1000,1200,0,0,0,""
1882190,DATA,42.0,0.0, 0, 0,153592,1000,1200,0,0,0,""
1883190,DATA,41.7,0.0, 0, 0,164402,1000,1200,0,0,0,""
1883690,DATA,41.7,0.0, 0, 0,151800,1000,1200,0,0,0,""
1884190,DATA,41.7,0.0, 0, 0,154192,1000,1200,0,0,0,""
1884690,DATA,41.5,-2.1, 0, 0,153006,1000,1200,0,0,0,""
1885190,DATA,41.5,0.0, 0, 0,154791,1000,1200,0,0,0,""
1885690,DATA,41.5,0.0, 0, 0,153000,1000,1200,0,0,0,""
1886190,DATA,41.2,-2.1, 0, 0,153605,1000,1200,0,0,0,""
1886690,DATA,41.5,0.0, 0, 0,152397,1000,1200,0,0,0,""
1887190,DATA,41.2,-2.1, 0, 0,153592,1000,1200,0,0,0,""
1887690,DATA,41.2,0.0, 0, 0,152411,1000,1200,0,0,0,""
1888190,DATA,41.2,0.0, 0, 0,154195,1000,1200,0,0,0,""
1888690,DATA,41.2,0.0, 0, 0,152406,1000,1200,0,0,0,""
1889190,DATA,41.2,0.0, 0, 0,154211,1000,1200,0,0,0,""
1889690,DATA,41.0,-2.1, 0, 0,153002,1000,1200,0,0,0,""
1890190,DATA,41.0,0.0, 0, 0,154192,1000,1200,0,0,0,""
1890690,DATA,41.0,0.0, 0, 0,152994,1000,1200,0,0,0,""
1891190,DATA,41.0,0.0, 0, 0,154194,1000,1200,0,0,0,""
1891690,DATA,40.8,0.0, 0, 0,152403,1000,1200,0,0,0,""
1892190,DATA,41.0,0.0, 0, 0,154778,1000,1200,0,0,0,""
1892690,DATA,40.8,0.0, 0, 0,152398,1000,1200,0,0,0,""
1893190,DATA,40.8,0.0, 0, 0,153600,1000,1200,0,0,0,""
1893690,DATA,40.8,0.0, 0, 0,152417,1000,1200,0,0,0,""
1894190,DATA,40.8,0.0, 0, 0,153615,1000,1200,0,0,0,""
1894690,DATA,40.8,0.0, 0, 0,152997,1000,1200,0,0,0,""
1895082,EVENT,40.8,0.0, 0, 0,154237,1000,1200,0,0,0,"STARTER OFF"
1895190,DATA,40.8,0.0, 0, 0,154237,1000,1178,0,0,0,""
1895710,DATA,40.8,-1.7,1175,1011,2000,1000,1055,0,0,0,""
1896210,DATA,41.2,8.4,1355,1151,1500,1000,1000,0,0,0,""
1896710,DATA,41.0,-2.1,1010,1199,152392,1000,1000,0,0,0,""
1897210,DATA,41.0,0.0,381,843,154197,1000,1000,0,0,0,""
1897710,DATA,41.0,0.0,129,482,152982,1000,1000,0,0,0,""
1898210,DATA,41.0,0.0, 0, 0,153617,1000,1000,0,0,0,""
1898710,DATA,41.0,0.0, 0, 0,6000,1000,1000,0,0,0,""
1899210,DATA,41.0,0.0, 0, 0,23401,1000,1000,0,0,0,""
1899710,DATA,41.0,0.0, 0, 0,80404,1000,1000,0,0,0,""
1900210,DATA,41.0,0.0, 0, 0,54000,1000,1000,0,0,0,""
1900710,DATA,41.0,0.0, 0, 0,151815,1000,1000,0,0,0,""
1901210,DATA,41.0,0.0, 0, 0,46800,1000,1000,0,0,0,""
1901710,DATA,41.0,0.0, 0, 0,142203,1000,1000,0,0,0,""
1902210,DATA,41.0,0.0, 0, 0,119402,1000,1000,0,0,0,""
1902710,DATA,41.0,0.0, 0, 0,152411,1000,1000,0,0,0,""
1903210,DATA,41.0,0.0, 0, 0,153603,1000,1000,0,0,0,""
1903710,DATA,41.0,0.0, 0, 0,152405,1000,1000,0,0,0,""
1904210,DATA,41.0,0.0, 0, 0,153605,1000,1000,0,0,0,""
1904710,DATA,41.0,0.0, 0, 0,153002,1000,1000,0,0,0,""
1905210,DATA,41.0,0.0, 0, 0,154198,1000,1000,0,0,0,""
1905710,DATA,41.0,0.0, 0, 0,152400,1000,1000,0,0,0,""
1906210,DATA,41.0,0.0, 0, 0,154195,1000,1000,0,0,0,""
1906710,DATA,41.0,0.0, 0, 0,152395,1000,1000,0,0,0,""
1907210,DATA,41.0,0.0, 0, 0,153603,1000,1000,0,0,0,""
1907710,DATA,41.0,0.0, 0, 0,152994,1000,1000,0,0,0,""
1908210,DATA,41.0,0.0, 0, 0,154208,1000,1000,0,0,0,""
1908710,DATA,41.0,0.0, 0, 0,152989,1000,1000,0,0,0,""
1909210,DATA,41.0,0.0, 0, 0,154183,1000,1000,0,0,0,""
1909710,DATA,41.0,0.0, 0, 0,152405,1000,1000,0,0,0,""
1910210,DATA,41.0,0.0, 0, 0,154194,1000,1000,0,0,0,""
1910710,DATA,41.0,0.0, 0, 0,152403,1000,1000,0,0,0,""
1911210,DATA,41.0,0.0, 0, 0,154200,1000,1000,0,0,0,""
1911710,DATA,41.0,0.0, 0, 0,152398,1000,1000,0,0,0,""
1912210,DATA,41.0,0.0, 0, 0,153602,1000,1000,0,0,0,""
1912710,DATA,41.0,0.0, 0, 0,152406,1000,1000,0,0,0,""
1913210,DATA,41.0,0.0, 0, 0,154205,1000,1000,0,0,0,""
1913710,DATA,41.0,0.0, 0, 0,152403,1000,1000,0,0,0,""
1914210,DATA,41.0,0.0, 0, 0,154197,1000,1000,0,0,0,""
1914710,DATA,41.0,0.0, 0, 0,152405,1000,1000,0,0,0,""
1915210,DATA,41.0,0.0, 0, 0,153595,1000,1000,0,0,0,""
1915710,DATA,41.0,0.0, 0, 0,152403,1000,1000,0,0,0,""
1916210,DATA,41.0,0.0, 0, 0,154202,1000,1000,0,0,0,""
1916710,DATA,41.0,0.0, 0, 0,153002,1000,1000,0,0,0,""
1917210,DATA,41.0,0.0, 0, 0,153600,1000,1000,0,0,0,""
1917710,DATA,41.0,0.0, 0, 0,152400,1000,1000,0,0,0,""
1918210,DATA,41.0,0.0, 0, 0,154194,1000,1000,0,0,0,""
1918710,DATA,41.0,0.0, 0, 0,152394,1000,1000,0,0,0,""
1919210,DATA,41.0,0.0, 0, 0,154194,1000,1000,0,0,0,""
1919710,DATA,41.0,0.0, 0, 0,152403,1000,1000,0,0,0,""
1920210,DATA,41.0,0.0, 0, 0,153692,1000,1000,0,0,0,""
1920710,DATA,41.0,0.0, 0, 0,152493,1000,1000,0,0,0,""
1921210,DATA,41.0,0.0, 0, 0,153694,1000,1000,0,0,0,""
1921710,DATA,41.0,0.0, 0, 0,153126,1000,1000,0,0,0,""
1922210,DATA,41.0,0.0, 0, 0,154311,1000,1000,0,0,0,""
1922710,DATA,41.0,0.0, 0, 0,152505,1000,1000,0,0,0,""
1923210,DATA,41.0,0.0, 0, 0,153709,1000,1000,0,0,0,""
1923710,DATA,41.0,0.0, 0, 0,152482,1000,1000,0,0,0,""
1924210,DATA,41.0,0.0, 0, 0,153691,1000,1000,0,0,0,""
1924710,DATA,41.0,0.0, 0, 0,152484,1000,1000,0,0,0,""
1925210,DATA,41.0,0.0, 0, 0,153695,1000,1000,0,0,0,""
1925710,DATA,41.0,0.0, 0, 0,153087,1000,1000,0,0,0,""
1926210,DATA,41.0,2.1, 0, 0,153697,1000,1000,0,0,0,""
1926710,DATA,41.0,0.0, 0, 0,152507,1000,1000,0,0,0,""
1927210,DATA,40.8,0.0, 0, 0,154291,1000,1000,0,0,0,""
1927710,DATA,41.0,2.1, 0, 0,153092,1000,1000,0,0,0,""
1928210,DATA,40.8,0.0, 0, 0,153706,1000,1000,0,0,0,""
1928710,DATA,41.0,2.1, 0, 0,152491,1000,1000,0,0,0,""
1929210,DATA,41.0,0.0, 0, 0,154302,1000,1000,0,0,0,""
1929710,DATA,40.8,-2.1, 0, 0,152490,1000,1000,0,0,0,""
1930210,DATA,40.8,-2.1, 0, 0,154293,1000,1000,0,0,0,""
1930710,DATA,40.8,-2.1, 0, 0,152493,1000,1000,0,0,0,""
1931210,DATA,40.8,-2.1, 0, 0,153692,1000,1000,0,0,0,""
1931710,DATA,40.8,0.0, 0, 0,152493,1000,1000,0,0,0,""
1932210,DATA,40.8,0.0, 0, 0,153698,1000,1000,0,0,0,""
1932710,DATA,40.8,-2.1, 0, 0,152496,1000,1000,0,0,0,""
1933210,DATA,40.8,0.0, 0, 0,154311,1000,1000,0,0,0,""
1933710,DATA,40.8,0.0, 0, 0,152490,1000,1000,0,0,0,""
1934210,DATA,40.8,0.0, 0, 0,153688,1000,1000,0,0,0,""
1934710,DATA,40.8,0.0, 0, 0,152490,1000,1000,0,0,0,""
1935210,DATA,40.8,0.0, 0, 0,153691,1000,1000,0,0,0,""
1935710,DATA,40.8,0.0, 0, 0,152491,1000,1000,0,0,0,""
1936210,DATA,40.8,0.0, 0, 0,153728,1000,1000,0,0,0,""
1936710,DATA,40.8,0.0, 0, 0,152501,1000,1000,0,0,0,""
1937210,DATA,40.8,0.0, 0, 0,153698,1000,1000,0,0,0,""
1937710,DATA,40.8,0.0, 0, 0,152520,1000,1000,0,0,0,""
1938210,DATA,40.8,0.0, 0, 0,154297,1000,1000,0,0,0,""
1938710,DATA,40.8,0.0, 0, 0,153086,1000,1000,0,0,0,""
1939210,DATA,40.8,0.0, 0, 0,154286,1000,1000,0,0,0,""
1939710,DATA,40.8,0.0, 0, 0,152496,1000,1000,0,0,0,""
1940210,DATA,40.8,0.0, 0, 0,154293,1000,1000,0,0,0,""
1940710,DATA,40.8,0.0, 0, 0,152485,1000,1000,0,0,0,""
1941210,DATA,40.8,0.0, 0, 0,153689,1000,1000,0,0,0,""
1941710,DATA,40.8,0.0, 0, 0,152495,1000,1000,0,0,0,""
1942210,DATA,40.8,0.0, 0, 0,153695,1000,1000,0,0,0,""
1942710,DATA,40.8,0.0, 0, 0,152488,1000,1000,0,0,0,""
1943210,DATA,40.8,0.0, 0, 0,153681,1000,1000,0,0,0,""
1943710,DATA,40.8,0.0, 0, 0,153084,1000,1000,0,0,0,""
1944210,DATA,40.8,0.0, 0, 0,154311,1000,1000,0,0,0,""
1944710,DATA,40.8,0.0, 0, 0,152516,1000,1000,0,0,0,""
1945210,DATA,40.8,0.0, 0, 0,153698,1000,1000,0,0,0,""
1945710,DATA,40.8,0.0, 0, 0,152481,1000,1000,0,0,0,""
1946210,DATA,40.8,0.0, 0, 0,153691,1000,1000,0,0,0,""
1946710,DATA,40.8,0.0, 0, 0,151893,1000,1000,0,0,0,""
1947210,DATA,40.8,0.0, 0, 0,154306,1000,1000,0,0,0,""
1947710,DATA,40.8,0.0, 0, 0,152488,1000,1000,0,0,0,""
1948210,DATA,40.8,2.1, 0, 0,154323,1000,1000,0,0,0,""
1948710,DATA,40.8,0.0, 0, 0,152488,1000,1000,0,0,0,""
1949210,DATA,40.8,2.1, 0, 0,154320,1000,1000,0,0,0,""
1949710,DATA,40.8,2.1, 0, 0,152510,1000,1000,0,0,0,""
1950210,DATA,40.5,0.0, 0, 0,153694,1000,1000,0,0,0,""
1950710,DATA,40.8,0.0, 0, 0,150208,1000,1000,0,0,0,""
1951210,DATA,40.8,2.1, 0, 0,151400,1000,1000,0,0,0,""
1951710,DATA,40.8,0.0, 0, 0,149636,1000,1000,0,0,0,""
1952210,DATA,40.5,-2.1, 0, 0,151406,1000,1000,0,0,0,""
1952710,DATA,40.8,0.0, 0, 0,150209,1000,1000,0,0,0,""
1953210,DATA,40.8,2.1, 0, 0,151401,1000,1000,0,0,0,""
1953710,DATA,40.5,0.0, 0, 0,149619,1000,1000,0,0,0,""
1954210,DATA,40.5,0.0, 0, 0,151401,1000,1000,0,0,0,""
1954710,DATA,40.8,0.0, 0, 0,150224,1000,1000,0,0,0,""
1955210,DATA,40.8,2.1, 0, 0,151377,1000,1000,0,0,0,""
1955710,DATA,40.5,0.0, 0, 0,150206,1000,1000,0,0,0,""
1956210,DATA,40.5,0.0, 0, 0,151987,1000,1000,0,0,0,""
1956710,DATA,40.5,0.0, 0, 0,150200,1000,1000,0,0,0,""
1957210,DATA,40.5,0.0, 0, 0,151400,1000,1000,0,0,0,""
1957710,DATA,40.5,0.0, 0, 0,150224,1000,1000,0,0,0,""
1958210,DATA,40.5,0.0, 0, 0,151409,1000,1000,0,0,0,""
1958710,DATA,40.5,0.0, 0, 0,150804,1000,1000,0,0,0,""
1959210,DATA,40.5,0.0, 0, 0,151397,1000,1000,0,0,0,""
1959710,DATA,40.5,0.0, 0, 0,150217,1000,1000,0,0,0,""
1960210,DATA,40.5,0.0, 0, 0,151993,1000,1000,0,0,0,""
1960710,DATA,40.5,0.0, 0, 0,149614,1000,1000,0,0,0,""
1961210,DATA,40.5,0.0, 0, 0,151957,1000,1000,0,0,0,""
1961710,DATA,40.5,0.0, 0, 0,149620,1000,1000,0,0,0,""
1962210,DATA,40.5,0.0, 0, 0,151382,1000,1000,0,0,0,""
1962710,DATA,40.5,0.0, 0, 0,149607,1000,1000,0,0,0,""
1963210,DATA,40.5,0.0, 0, 0,151989,1000,1000,0,0,0,""
1963710,DATA,40.5,0.0, 0, 0,149638,1000,1000,0,0,0,""
1964210,DATA,40.5,0.0, 0, 0,151359,1000,1000,0,0,0,""
1964710,DATA,40.5,0.0, 0, 0,150203,1000,1000,0,0,0,""
1965210,DATA,40.5,0.0, 0, 0,151394,1000,1000,0,0,0,""
1965710,DATA,40.5,2.0, 0, 0,149614,1000,1000,0,0,0,""
1966210,DATA,40.5,0.0, 0, 0,151380,1000,1000,0,0,0,""
1966710,DATA,40.5,0.0, 0, 0,149642,1000,1000,0,0,0,""
1967210,DATA,40.2,0.0, 0, 0,151388,1000,1000,0,0,0,""
1967710,DATA,40.5,2.1, 0, 0,150212,1000,1000,0,0,0,""
1968210,DATA,40.2,-2.1, 0, 0,151400,1000,1000,0,0,0,""
1968710,DATA,40.2,-2.0, 0, 0,149620,1000,1000,0,0,0,""
1969210,DATA,40.2,0.0, 0, 0,150810,1000,1000,0,0,0,""
1969710,DATA,40.2,0.0, 0, 0,150212,1000,1000,0,0,0,""
1970210,DATA,40.2,0.0, 0, 0,151386,1000,1000,0,0,0,""
1970710,DATA,40.2,0.0, 0, 0,150212,1000,1000,0,0,0,""
1971210,DATA,40.2,0.0, 0, 0,151365,1000,1000,0,0,0,""
1971710,DATA,40.2,0.0, 0, 0,149592,1000,1000,0,0,0,""
1972210,DATA,40.2,0.0, 0, 0,151401,1000,1000,0,0,0,""
1972710,DATA,40.2,0.0, 0, 0,149622,1000,1000,0,0,0,""
1973210,DATA,40.2,0.0, 0, 0,151397,1000,1000,0,0,0,""
1973710,DATA,40.2,0.0, 0, 0,150227,1000,1000,0,0,0,""
1974210,DATA,40.2,0.0, 0, 0,151987,1000,1000,0,0,0,""
1974710,DATA,40.2,0.0, 0, 0,150214,1000,1000,0,0,0,""
1975210,DATA,40.2,0.0, 0, 0,151998,1000,1000,0,0,0,""
1975710,DATA,40.2,0.0, 0, 0,150232,1000,1000,0,0,0,""
1976210,DATA,40.2,0.0, 0, 0,151406,1000,1000,0,0,0,""
1976710,DATA,40.2,0.0, 0, 0,150211,1000,1000,0,0,0,""
1977210,DATA,40.2,0.0, 0, 0,151389,1000,1000,0,0,0,""
1977710,DATA,40.2,0.0, 0, 0,150199,1000,1000,0,0,0,""
1978210,DATA,40.2,0.0, 0, 0,150806,1000,1000,0,0,0,""
1978710,DATA,40.2,0.0, 0, 0,150202,1000,1000,0,0,0,""
1979210,DATA,40.2,0.0, 0, 0,151395,1000,1000,0,0,0,""
1979710,DATA,40.2,0.0, 0, 0,149635,1000,1000,0,0,0,""
1980210,DATA,40.2,0.0, 0, 0,151963,1000,1000,0,0,0,""
1980710,DATA,40.2,0.0, 0, 0,149623,1000,1000,0,0,0,""
1981210,DATA,40.2,0.0, 0, 0,151407,1000,1000,0,0,0,""
1981710,DATA,40.2,0.0, 0, 0,150224,1000,1000,0,0,0,""
1982210,DATA,40.2,0.0, 0, 0,151406,1000,1000,0,0,0,""
1982710,DATA,40.2,0.0, 0, 0,150221,1000,1000,0,0,0,""
1983210,DATA,40.2,0.0, 0, 0,151386,1000,1000,0,0,0,""
1983710,DATA,40.2,0.0, 0, 0,150209,1000,1000,0,0,0,""
1984210,DATA,40.0,-2.1, 0, 0,151993,1000,1000,0,0,0,""
1984710,DATA,40.2,2.1, 0, 0,149638,1000,1000,0,0,0,""
1985210,DATA,40.2,0.0, 0, 0,151992,1000,1000,0,0,0,""
1985710,DATA,40.0,-2.1, 0, 0,149632,1000,1000,0,0,0,""
1986210,DATA,40.2,0.0, 0, 0,151969,1000,1000,0,0,0,""
1986710,DATA,40.2,0.0, 0, 0,150211,1000,1000,0,0,0,""
1987210,DATA,40.2,0.0, 0, 0,151986,1000,1000,0,0,0,""
1987710,DATA,40.2,0.0, 0, 0,150224,1000,1000,0,0,0,""
1988210,DATA,40.2,2.1, 0, 0,151388,1000,1000,0,0,0,""
1988710,DATA,40.0,0.0, 0, 0,150227,1000,1000,0,0,0,""
1989210,DATA,40.0,0.0, 0, 0,152578,1000,1000,0,0,0,""
1989710,DATA,40.0,0.0, 0, 0,150212,1000,1000,0,0,0,""
1990210,DATA,40.0,-2.1, 0, 0,42153,1000,1000,0,0,0,""
1990710,DATA,40.0,-2.1, 0, 0,150227,1000,1000,0,0,0,""
1991210,DATA,40.2,2.1, 0, 0,151395,1000,1000,0,0,0,""
1991710,DATA,40.0,0.0, 0, 0,150226,1000,1000,0,0,0,""
1992210,DATA,40.2,2.1, 0, 0,150803,1000,1000,0,0,0,""
1992710,DATA,40.2,2.0, 0, 0,150215,1000,1000,0,0,0,""
1993210,DATA,40.2,2.1, 0, 0,151990,1000,1000,0,0,0,""
1993710,DATA,40.0,-2.1, 0, 0,149633,1000,1000,0,0,0,""
1994210,DATA,40.2,2.1, 0, 0,151992,1000,1000,0,0,0,""
1994710,DATA,40.2,2.1, 0, 0,150822,1000,1000,0,0,0,""
1995210,DATA,40.2,2.1, 0, 0,150807,1000,1000,0,0,0,""
1995710,DATA,40.2,2.0, 0, 0,150224,1000,1000,0,0,0,""
1996210,DATA,40.0,-2.1, 0, 0,151400,1000,1000,0,0,0,""
1996710,DATA,40.2,2.1, 0, 0,149633,1000,1000,0,0,0,""
1997210,DATA,40.2,0.0, 0, 0,151986,1000,1000,0,0,0,""
1997710,DATA,40.2,2.1, 0, 0,150229,1000,1000,0,0,0,""
1998210,DATA,40.0,0.0, 0, 0,151394,1000,1000,0,0,0,""
1998710,DATA,40.0,-2.0, 0, 0,150233,1000,1000,0,0,0,""
1999210,DATA,40.0,0.0, 0, 0,151990,1000,1000,0,0,0,""
1999710,DATA,40.0,-2.1, 0, 0,150226,1000,1000,0,0,0,""
2000210,DATA,40.0,0.0, 0, 0,151404,1000,1000,0,0,0,""
2000711,DATA,40.0,0.0, 0, 0,150824,1000,1000,0,0,0,""
2001212,DATA,40.0,0.0, 0, 0,151370,1000,1000,0,0,0,""
2001713,DATA,40.0,0.0, 0, 0,150221,1000,1000,0,0,0,""
2002214,DATA,40.0,0.0, 0, 0,151986,1000,1000,0,0,0,""
2002715,DATA,40.0,0.0, 0, 0,150227,1000,1000,0,0,0,""
2003216,DATA,40.0,0.0, 0, 0,151397,1000,1000,0,0,0,""
2003717,DATA,40.0,0.0, 0, 0,150211,1000,1000,0,0,0,""
2004218,DATA,40.0,0.0, 0, 0,151983,1000,1000,0,0,0,""
2004719,DATA,40.0,0.0, 0, 0,150821,1000,1000,0,0,0,""
2005220,DATA,40.0,0.0, 0, 0,151385,1000,1000,0,0,0,""
2005721,DATA,40.0,0.0, 0, 0,149623,1000,1000,0,0,0,""
2006222,DATA,40.0,0.0, 0, 0,151398,1000,1000,0,0,0,""
2006723,DATA,40.0,0.0, 0, 0,150226,1000,1000,0,0,0,""
2007224,DATA,40.0,0.0, 0, 0,151980,1000,1000,0,0,0,""
2007725,DATA,40.0,0.0, 0, 0,150235,1000,1000,0,0,0,""
2008226,DATA,40.0,0.0, 0, 0,150806,1000,1000,0,0,0,""
2008727,DATA,40.0,0.0, 0, 0,150229,1000,1000,0,0,0,""
2009228,DATA,40.0,0.0, 0, 0,151989,1000,1000,0,0,0,""
2009729,DATA,40.0,0.0, 0, 0,150215,1000,1000,0,0,0,""
2010230,DATA,40.0,0.0, 0, 0,151377,1000,1000,0,0,0,""
2010731,DATA,40.0,0.0, 0, 0,150229,1000,1000,0,0,0,""
2011232,DATA,40.0,0.0, 0, 0,150807,1000,1000,0,0,0,""
2011733,DATA,40.0,0.0, 0, 0,149626,1000,1000,0,0,0,""
2012234,DATA,40.0,0.0, 0, 0,151401,1000,1000,0,0,0,""
2012735,DATA,40.0,0.0, 0, 0,5346,1000,1000,0,0,0,""
2013236,DATA,40.0,0.0, 0, 0,2377,1000,1000,0,0,0,""
2013737,DATA,40.0,0.0, 0, 0,1765,1000,1000,0,0,0,""
2014238,DATA,40.0,0.0, 0, 0,3528,1000,1000,0,0,0,""
2014739,DATA,40.0,2.1, 0, 0,2377,1000,1000,0,0,0,""
2015240,DATA,40.0,0.0, 0, 0,7648,1000,1000,0,0,0,""
2015741,DATA,40.0,2.1, 0, 0,4119,1000,1000,0,0,0,""
2016242,DATA,40.0,0.0, 0, 0,1765,1000,1000,0,0,0,""
2016743,DATA,40.0,0.0, 0, 0,8238,1000,1000,0,0,0,""
2017244,DATA,40.0,0.0, 0, 0,8237,1000,1000,0,0,0,""
2017745,DATA,40.0,0.0, 0, 0,2354,1000,1000,0,0,0,""
2018246,DATA,39.7,-2.1, 0, 0,11169,1000,1000,0,0,0,""
2018747,DATA,40.0,2.1, 0, 0,3565,1000,1000,0,0,0,""
2019248,DATA,40.0,2.1, 0, 0,5884,1000,1000,0,0,0,""
2019749,DATA,40.0,0.0, 0, 0,8238,1000,1000,0,0,0,""
2020250,DATA,40.0,0.0, 0, 0, 0,1000,1000,0,0,0,""
2020751,DATA,40.0,0.0, 0, 0,588,1000,1000,0,0,0,""
2021252,DATA,39.7,0.0, 0, 0,1177,1000,1000,0,0,0,""
2021753,DATA,39.7,-2.1, 0, 0,5880,1000,1000,0,0,0,""
2022254,DATA,39.7,0.0, 0, 0,594,1000,1000,0,0,0,""
2022755,DATA,39.7,-2.0, 0, 0,6473,1000,1000,0,0,0,""
2023256,DATA,40.0,2.1, 0, 0,588,1000,1000,0,0,0,""
2023757,DATA,40.0,2.1, 0, 0,6472,1000,1000,0,0,0,""
2024258,DATA,39.7,0.0, 0, 0,1765,1000,1000,0,0,0,""
2024759,DATA,39.7,0.0, 0, 0,4707,1000,1000,0,0,0,""
2025260,DATA,40.0,2.1, 0, 0,1177,1000,1000,0,0,0,""
2025761,DATA,40.0,2.0, 0, 0,5291,1000,1000,0,0,0,""
2026262,DATA,39.7,-2.1, 0, 0,5343,1000,1000,0,0,0,""
2026763,DATA,39.7,0.0, 0, 0,4754,1000,1000,0,0,0,""
2027264,DATA,40.0,2.1, 0, 0,7060,1000,1000,0,0,0,""
2027765,DATA,39.7,0.0, 0, 0,588,1000,1000,0,0,0,""
2028266,DATA,39.7,0.0, 0, 0,13073,1000,1000,0,0,0,""
2028767,DATA,39.7,0.0, 0, 0,7649,1000,1000,0,0,0,""
2029268,DATA,39.7,0.0, 0, 0,8238,1000,1000,0,0,0,""
2029769,DATA,39.7,-2.1, 0, 0,4703,1000,1000,0,0,0,""
2030270,DATA,39.7,0.0, 0, 0,6536,1000,1000,0,0,0,""
2030771,DATA,39.7,0.0, 0, 0,5296,1000,1000,0,0,0,""
2031272,DATA,39.7,0.0, 0, 0,7648,1000,1000,0,0,0,""
2031773,DATA,39.7,0.0, 0, 0,4120,1000,1000,0,0,0,""
2032274,DATA,39.7,0.0, 0, 0,1177,1000,1000,0,0,0,""
2032775,DATA,39.7,0.0, 0, 0,3529,1000,1000,0,0,0,""
2033276,DATA,39.7,0.0, 0, 0,594,1000,1000,0,0,0,""
2033777,DATA,39.7,0.0, 0, 0,6473,1000,1000,0,0,0,""
2034278,DATA,39.7,0.0, 0, 0,19414,1000,1000,0,0,0,""
2034779,DATA,39.7,0.0, 0, 0,8826,1000,1000,0,0,0,""
2035280,DATA,39.7,0.0, 0, 0,14708,1000,1000,0,0,0,""
2035781,DATA,39.7,0.0, 0, 0,12946,1000,1000,0,0,0,""
2036282,DATA,39.7,0.0, 0, 0,25300,1000,1000,0,0,0,""
2036783,DATA,39.7,0.0, 0, 0,59424,1000,1000,0,0,0,""
2037284,DATA,39.7,0.0, 0, 0,24709,1000,1000,0,0,0,""
2037785,DATA,39.7,0.0, 0, 0,31189,1000,1000,0,0,0,""
2038286,DATA,39.7,0.0, 0, 0,32951,1000,1000,0,0,0,""
2038787,DATA,39.7,0.0, 0, 0,31776,1000,1000,0,0,0,""
2039288,DATA,39.7,0.0, 0, 0,30006,1000,1000,0,0,0,""
2039789,DATA,39.7,0.0, 0, 0,34713,1000,1000,0,0,0,""
2040290,DATA,39.7,0.0, 0, 0,10002,1000,1000,0,0,0,""
2040791,DATA,39.7,0.0, 0, 0,44680,1000,1000,0,0,0,""
2041292,DATA,39.7,0.0, 0, 0,38621,1000,1000,0,0,0,""
2041793,DATA,39.7,0.0, 0, 0,14713,1000,1000,0,0,0,""
2042294,DATA,39.7,0.0, 0, 0,12345,1000,1000,0,0,0,""
2042795,DATA,39.7,0.0, 0, 0,10102,1000,1000,0,0,0,""
2043296,DATA,39.7,0.0, 0, 0,16475,1000,1000,0,0,0,""
2043797,DATA,39.7,0.0, 0, 0,43541,1000,1000,0,0,0,""
2044298,DATA,39.7,0.0, 0, 0,15297,1000,1000,0,0,0,""
2044799,DATA,39.7,0.0, 0, 0,21773,1000,1000,0,0,0,""
2045300,DATA,39.7,0.0, 0, 0,14120,1000,1000,0,0,0,""
2045801,DATA,39.7,0.0, 0, 0,26479,1000,1000,0,0,0,""
2046302,DATA,39.7,0.0, 0, 0,19399,1000,1000,0,0,0,""
2046803,DATA,39.7,0.0, 0, 0,11886,1000,1000,0,0,0,""
2047304,DATA,39.5,-2.1, 0, 0,10581,1000,1000,0,0,0,""
2047805,DATA,39.7,0.0, 0, 0,45131,1000,1000,0,0,0,""
2048306,DATA,39.5,-2.1, 0, 0,10685,1000,1000,0,0,0,""
2048807,DATA,39.7,0.0, 0, 0,45756,1000,1000,0,0,0,""
2049308,DATA,39.5,-2.1, 0, 0,34096,1000,1000,0,0,0,""
2049809,DATA,39.7,0.0, 0, 0,42191,1000,1000,0,0,0,""
2050310,DATA,39.7,0.0, 0, 0,10581,1000,1000,0,0,0,""
2050811,DATA,39.5,-2.1, 0, 0,20187,1000,1000,0,0,0,""
2051312,DATA,39.5,0.0, 0, 0,30304,1000,1000,0,0,0,""
2051813,DATA,39.7,0.0, 0, 0,14121,1000,1000,0,0,0,""
2052314,DATA,39.7,0.0, 0, 0,26478,1000,1000,0,0,0,""
2052815,DATA,39.7,0.0, 0, 0,61199,1000,1000,0,0,0,""
2053316,DATA,39.7,2.1, 0, 0,73539,1000,1000,0,0,0,""
2053817,DATA,39.5,0.0, 0, 0,62961,1000,1000,0,0,0,""
2054318,DATA,39.5,0.0, 0, 0,60545,1000,1000,0,0,0,""
2054819,DATA,39.5,-2.1, 0, 0,87284,1000,1000,0,0,0,""
2055320,DATA,39.5,0.0, 0, 0,17230,1000,1000,0,0,0,""
2055821,DATA,39.7,0.0, 0, 0,50607,1000,1000,0,0,0,""
2056322,DATA,39.5,-2.1, 0, 0,96984,1000,1000,0,0,0,""
2056823,DATA,39.7,0.0, 0, 0,53482,1000,1000,0,0,0,""
2057324,DATA,39.5,0.0, 0, 0,50596,1000,1000,0,0,0,""
2057825,DATA,39.5,0.0, 0, 0,47618,1000,1000,0,0,0,""
2058326,DATA,39.5,0.0, 0, 0,52285,1000,1000,0,0,0,""
2058827,DATA,39.7,2.0, 0, 0,56439,1000,1000,0,0,0,""
2059328,DATA,39.5,-2.1, 0, 0,21374,1000,1000,0,0,0,""
2059829,DATA,39.5,-2.1, 0, 0,54029,1000,1000,0,0,0,""
2060330,DATA,39.5,0.0, 0, 0,58230,1000,1000,0,0,0,""
2060831,DATA,39.5,0.0, 0, 0,53547,1000,1000,0,0,0,""
2061332,DATA,39.5,0.0, 0, 0,81124,1000,1000,0,0,0,""
2061833,DATA,39.5,0.0, 0, 0,60557,1000,1000,0,0,0,""
2062334,DATA,39.5,0.0, 0, 0,39212,1000,1000,0,0,0,""
2062835,DATA,39.5,0.0, 0, 0,55261,1000,1000,0,0,0,""
2063336,DATA,39.5,0.0, 0, 0,58229,1000,1000,0,0,0,""
2063837,DATA,39.5,0.0, 0, 0,61146,1000,1000,0,0,0,""
2064338,DATA,39.5,0.0, 0, 0,51104,1000,1000,0,0,0,""
2064839,DATA,39.5,0.0, 0, 0,69368,1000,1000,0,0,0,""
2065340,DATA,39.5,0.0, 0, 0,78363,1000,1000,0,0,0,""
2065841,DATA,39.5,0.0, 0, 0,27338,1000,1000,0,0,0,""
2066342,DATA,39.5,0.0, 0, 0,27063,1000,1000,0,0,0,""
2066843,DATA,39.5,0.0, 0, 0,12357,1000,1000,0,0,0,""
2067344,DATA,39.5,0.0, 0, 0,69420,1000,1000,0,0,0,""
2067845,DATA,39.5,0.0, 0, 0,24714,1000,1000,0,0,0,""
2068346,DATA,39.5,0.0, 0, 0,11178,1000,1000,0,0,0,""
2068847,DATA,39.5,0.0, 0, 0,27655,1000,1000,0,0,0,""
2069348,DATA,39.5,0.0, 0, 0,27063,1000,1000,0,0,0,""
2069849,DATA,39.5,0.0, 0, 0,58246,1000,1000,0,0,0,""
2070350,DATA,39.5,0.0, 0, 0,64663,1000,1000,0,0,0,""
2070851,DATA,39.5,0.0, 0, 0,53439,1000,1000,0,0,0,""
2071352,DATA,39.5,0.0, 0, 0,46941,1000,1000,0,0,0,""
2071853,DATA,39.5,0.0, 0, 0,98849,1000,1000,0,0,0,""
2072354,DATA,39.5,0.0, 0, 0,85307,1000,1000,0,0,0,""
2072855,DATA,39.5,0.0, 0, 0,49383,1000,1000,0,0,0,""
2073356,DATA,39.5,0.0, 0, 0,33836,1000,1000,0,0,0,""
2073857,DATA,39.5,0.0, 0, 0,41000,1000,1000,0,0,0,""
2074358,DATA,39.5,0.0, 0, 0,61782,1000,1000,0,0,0,""
2074859,DATA,39.5,0.0, 0, 0,37070,1000,1000,0,0,0,""
2075360,DATA,39.5,0.0, 0, 0,39422,1000,1000,0,0,0,""
2075861,DATA,39.5,0.0, 0, 0,21182,1000,1000,0,0,0,""
2076362,DATA,39.5,0.0, 0, 0,62318,1000,1000,0,0,0,""
2076863,DATA,39.5,0.0, 0, 0,47547,1000,1000,0,0,0,""
2077364,DATA,39.5,0.0, 0, 0,84057,1000,1000,0,0,0,""
2077865,DATA,39.5,0.0, 0, 0,38598,1000,1000,0,0,0,""
2078366,DATA,39.5,0.0, 0, 0,93297,1000,1000,0,0,0,""
2078867,DATA,39.5,0.0, 0, 0,82376,1000,1000,0,0,0,""
2079368,DATA,39.5,0.0, 0, 0,25299,1000,1000,0,0,0,""
2079869,DATA,39.5,0.0, 0, 0,22362,1000,1000,0,0,0,""
2080370,DATA,39.2,-2.1, 0, 0,37623,1000,1000,0,0,0,""
2080871,DATA,39.5,0.0, 0, 0,25550,1000,1000,0,0,0,""
2081372,DATA,39.2,-2.1, 0, 0,58199,1000,1000,0,0,0,""
2081873,DATA,39.5,0.0, 0, 0,10093,1000,1000,0,0,0,""
2082374,DATA,39.2,-2.1, 0, 0,92610,1000,1000,0,0,0,""
2082875,DATA,39.5,0.0, 0, 0,121722,1000,1000,0,0,0,""
2083376,DATA,39.5,0.0, 0, 0,97371,1000,1000,0,0,0,""
2083877,DATA,39.5,0.0, 0, 0,42190,1000,1000,0,0,0,""
2084378,DATA,39.5,0.0, 0, 0,77596,1000,1000,0,0,0,""
2084879,DATA,39.5,0.0, 0, 0,68338,1000,1000,0,0,0,""
2085380,DATA,39.5,0.0, 0, 0,72310,1000,1000,0,0,0,""
2085881,DATA,39.5,0.0, 0, 0,67738,1000,1000,0,0,0,""
2086007,EVENT,39.5,0.0, 0, 0,52102,1000,1000,0,0,0,"STARTER 1200"
2086390,DATA,38.5,-8.3,499,219,1500,1000,1097,0,0,0,""
2086910,DATA,37.7,-2.1,939,518, 0,1000,1185,0,0,0,""
2087410,DATA,38.2,2.1,1971,1094,154803,1000,1200,0,0,0,""
2087910,DATA,38.2,4.2,1404,1480,150598,1000,1200,0,0,0,""
2088410,DATA,38.2,2.1,519,1082,117004,1000,1200,0,0,0,""
2088910,DATA,38.5,0.0,175,627,106806,1000,1200,0,0,0,""
2089321,EVENT,38.7,0.0,72,375,131407,1000,1200,0,1,0,"VALVE1 ON"
2089410,DATA,38.5,-2.1,58,327,101992,1000,1200,0,1,0,""
2089910,DATA,38.5,0.0,2742,3261,103788,1000,1200,0,1,0,""
2090410,DATA,38.5,0.0,1801,2608,99008,1000,1200,0,1,0,""
2090910,DATA,38.5,0.0,1915,2159,123001,1000,1200,0,1,0,""
2091079,EVENT,38.5,0.0,1508,2007,89399,1000,1200,1,1,0,"IGN ON"
2091410,DATA,37.7,0.0,879,1639,108064,1000,1200,1,1,0,""
2091910,DATA,38.0,0.0,1095,1214,148194,1000,1200,1,1,0,""
2092410,DATA,38.2,0.0,557,960,58796,1000,1200,1,1,0,""
2092910,DATA,38.2,0.0,198,590,176391,1000,1200,1,1,0,""
2093410,DATA,38.2,0.0,66,318,149378,1000,1200,1,1,0,""
2093421,EVENT,38.2,0.0,66,318,149378,1000,1200,1,1,0,"PUMP 1045"
2093910,DATA,38.2,-2.1, 0, 0,78896,1010,1200,1,1,0,""
2094430,DATA,38.2,-2.1,3405,3431,1500,1032,1200,1,1,0,""
2094930,DATA,38.2,0.0,3249,3362,192017,1045,1200,1,1,0,""
2095430,DATA,38.2,0.0,1838,2850,196198,1045,1200,1,1,0,""
2095930,DATA,38.2,0.0,662,1812,195592,1045,1200,1,1,0,""
2096430,DATA,38.2,0.0,222,991,196178,1045,1200,1,1,0,""
2096930,DATA,38.2,0.0,73,502,195602,1045,1200,1,1,0,""
2097430,DATA,38.5,0.0, 0, 0,196200,1045,1200,1,1,0,""
2097930,DATA,39.2,2.1, 0, 0,195602,1045,1200,1,1,0,""
2098430,DATA,40.2,4.2, 0, 0,196794,1045,1200,1,1,0,""
2098930,DATA,41.2,2.1, 0, 0,195620,1045,1200,1,1,0,""
2099430,DATA,42.0,0.0, 0, 0,196812,1045,1200,1,1,0,""
2099930,DATA,43.0,0.0, 0, 0,196196,1045,1200,1,1,0,""
2100430,DATA,43.7,0.0, 0, 0,196202,1045,1200,1,1,0,""
2100930,DATA,44.5,2.1, 0, 0,195002,1045,1200,1,1,0,""
2101430,DATA,45.0,0.0, 0, 0,196229,1045,1200,1,1,0,""
2101930,DATA,45.5,0.0, 0, 0,195027,1045,1200,1,1,0,""
2102430,DATA,46.2,2.1, 0, 0,195012,1045,1200,1,1,0,""
2102930,DATA,46.5,0.0, 0, 0,195600,1045,1200,1,1,0,""
2103430,DATA,47.2,0.0, 0, 0,196206,1045,1200,1,1,0,""
2103930,DATA,47.7,2.1, 0, 0,195004,1045,1200,1,1,0,""
2104371,EVENT,48.0,0.0, 0, 0,195004,1045,1200,1,1,0,"STARTER 1220"
2104430,DATA,48.0,0.0, 0, 0,196161,1045,1202,1,1,0,""
2104930,DATA,48.5,0.0, 0, 0,140920,1045,1214,1,1,0,""
2105430,DATA,49.0,0.0, 0, 0,195598,1045,1220,1,1,0,""
2105930,DATA,49.5,0.0, 0, 0,196200,1045,1220,1,1,0,""
2106430,DATA,50.2,0.0, 0, 0,195594,1045,1220,1,1,0,""
2106930,DATA,50.8,0.0, 0, 0,194996,1045,1220,1,1,0,""
2107430,DATA,51.2,2.1, 0, 0,195586,1045,1220,1,1,0,""
2107930,DATA,51.7,0.0, 0, 0,195014,1045,1220,1,1,0,""
2108430,DATA,52.2,2.1, 0, 0,196184,1045,1220,1,1,0,""
2108930,DATA,52.5,0.0, 0, 0,195029,1045,1220,1,1,0,""
2109430,DATA,53.0,0.0, 0, 0,196198,1045,1220,1,1,0,""
2109930,DATA,53.5,0.0, 0, 0,195014,1045,1220,1,1,0,""
2110430,DATA,53.7,0.0, 0, 0,195600,1045,1220,1,1,0,""
2110930,DATA,54.2,0.0, 0, 0,195575,1045,1220,1,1,0,""
2111430,DATA,54.7,2.1, 0, 0,195014,1045,1220,1,1,0,""
2111930,DATA,55.0,0.0, 0, 0,194992,1045,1220,1,1,0,""
2112430,DATA,55.5,0.0, 0, 0,195016,1045,1220,1,1,0,""
2112930,DATA,56.2,2.1, 0, 0,195600,1045,1220,1,1,0,""
2113430,DATA,56.5,2.1, 0, 0,195612,1045,1220,1,1,0,""
2113930,DATA,57.0,2.1, 0, 0,195010,1045,1220,1,1,0,""
2114430,DATA,57.2,2.1, 0, 0,195000,1045,1220,1,1,0,""
2114930,DATA,57.5,2.1, 0, 0,195590,1045,1220,1,1,0,""
2115430,DATA,58.0,2.1, 0, 0,195573,1045,1220,1,1,0,""
2115930,DATA,58.5,2.1, 0, 0,172797,1045,1220,1,1,0,""
2116430,DATA,58.7,0.0, 0, 0,195578,1045,1220,1,1,0,""
2116930,DATA,59.0,0.0, 0, 0,195610,1045,1220,1,1,0,""
2117430,DATA,59.5,0.0, 0, 0,195018,1045,1220,1,1,0,""
2117452,EVENT,59.5,0.0, 0, 0,195018,1045,1220,0,1,0,"IGN OFF"
2117930,DATA,59.7,0.0, 0, 0,153606,1045,1220,0,1,0,""
2118430,DATA,60.2,0.0, 0, 0,155417,1045,1220,0,1,0,""
2118930,DATA,60.8,2.1, 0, 0,154791,1045,1220,0,1,0,""
2119430,DATA,61.0,0.0, 0, 0,155402,1045,1220,0,1,0,""
2119930,DATA,61.5,2.1, 0, 0,154203,1045,1220,0,1,0,""
2120430,DATA,61.7,0.0, 0, 0,156000,1045,1220,0,1,0,""
2120930,DATA,62.0,0.0, 0, 0,154202,1045,1220,0,1,0,""
2121430,DATA,62.2,0.0, 0, 0,155389,1045,1220,0,1,0,""
2121930,DATA,62.7,2.1, 0, 0,153609,1045,1220,0,1,0,""
2122430,DATA,63.0,2.1, 0, 0,155998,1045,1220,0,1,0,""
2122930,DATA,63.5,2.1, 0, 0,154806,1045,1220,0,1,0,""
2123430,DATA,63.7,0.0, 0, 0,155991,1045,1220,0,1,0,""
2123930,DATA,64.0,0.0, 0, 0,154797,1045,1220,0,1,0,""
2124430,DATA,64.2,0.0, 0, 0,157205,1045,1220,0,1,0,""
2124930,DATA,64.5,0.0, 0, 0,154206,1045,1220,0,1,0,""
2125430,DATA,64.7,0.0, 0, 0,156011,1045,1220,0,1,0,""
2125930,DATA,65.0,2.1, 0, 0,154208,1045,1220,0,1,0,""
2126430,DATA,65.0,-2.1, 0, 0,156616,1045,1220,0,1,0,""
2126930,DATA,65.2,0.0, 0, 0,154806,1045,1220,0,1,0,""
2127430,DATA,65.5,0.0, 0, 0,155997,1045,1220,0,1,0,""
2127930,DATA,65.5,-2.1, 0, 0,154800,1045,1220,0,1,0,""
2128430,DATA,66.0,0.0, 0, 0,156008,1045,1220,0,1,0,""
2128930,DATA,66.0,0.0, 0, 0,155392,1045,1220,0,1,0,""
2129430,DATA,66.0,0.0, 0, 0,156603,1045,1220,0,1,0,""
2129930,DATA,66.2,0.0, 0, 0,154797,1045,1220,0,1,0,""
2130430,DATA,66.2,0.0, 0, 0,156597,1045,1220,0,1,0,""
2130930,DATA,66.2,0.0, 0, 0,154797,1045,1220,0,1,0,""
2131430,DATA,66.2,0.0, 0, 0,155998,1045,1220,0,1,0,""
2131930,DATA,66.2,2.1, 0, 0,154800,1045,1220,0,1,0,""
2132430,DATA,66.0,2.1, 0, 0,155995,1045,1220,0,1,0,""
2132930,DATA,65.8,-2.1, 0, 0,155392,1045,1220,0,1,0,""
2133235,EVENT,66.0,0.0, 0, 0,156027,1045,1220,0,1,0,"PUMP 1050"
2133430,DATA,65.8,-2.1, 0, 0,170443,1045,1220,0,1,0,""
2133930,DATA,65.8,-2.1, 0, 0,154795,1047,1220,0,1,0,""
2134413,EVENT,65.5,-2.1, 0, 0,157203,1049,1220,1,1,0,"IGN ON"
2134430,DATA,65.5,-2.1, 0, 0,157203,1049,1220,1,1,0,""
2134930,DATA,65.2,2.1, 0, 0,193785,1050,1220,1,1,0,""
2135430,DATA,66.2,4.2, 0, 0,194971,1050,1220,1,1,0,""
2135930,DATA,67.7,2.1, 0, 0,194998,1050,1220,1,1,0,""
2136430,DATA,68.7,2.1, 0, 0,195582,1050,1220,1,1,0,""
2136930,DATA,69.2,0.0, 0, 0,195602,1050,1220,1,1,0,""
2137430,DATA,70.0,2.1, 0, 0,195588,1050,1220,1,1,0,""
2137930,DATA,70.8,2.1, 0, 0,195620,1050,1220,1,1,0,""
2138430,DATA,71.2,2.1, 0, 0,195600,1050,1220,1,1,0,""
2138930,DATA,71.7,0.0, 0, 0,195582,1050,1220,1,1,0,""
2139430,DATA,72.2,0.0, 0, 0,195620,1050,1220,1,1,0,""
2139930,DATA,72.7,2.1, 0, 0,195002,1050,1220,1,1,0,""
2140430,DATA,73.3,2.1, 0, 0,195594,1050,1220,1,1,0,""
2140930,DATA,73.5,0.0, 0, 0,196196,1050,1220,1,1,0,""
2141430,DATA,74.0,0.0, 0, 0,195592,1050,1220,1,1,0,""
2141930,DATA,74.5,2.1, 0, 0,195575,1050,1220,1,1,0,""
2142430,DATA,74.7,2.1, 0, 0,173410,1050,1220,1,1,0,""
2142930,DATA,75.0,0.0,3066,3066,61805,1050,1220,1,1,0,""
2143430,DATA,75.2,0.0,3135,3096,131397,1050,1220,1,1,0,""
2143930,DATA,75.8,2.1,1500,2524,195569,1050,1220,1,1,0,""
2144430,DATA,76.0,0.0,528,1559,195625,1050,1220,1,1,0,""
2144749,EVENT,76.2,2.1,274,1088,160290,1050,1220,0,1,0,"IGN OFF"
2144930,DATA,76.5,2.1,176,841,153615,1050,1220,0,1,0,""
2145430,DATA,76.7,0.0,58,422,150003,1050,1220,0,1,0,""
2145930,DATA,77.0,0.0, 0, 0,154197,1050,1220,0,1,0,""
2146430,DATA,77.5,2.1, 0, 0,156005,1050,1220,0,1,0,""
2146930,DATA,77.7,0.0, 0, 0,154802,1050,1220,0,1,0,""
2147430,DATA,78.0,0.0, 0, 0,156595,1050,1220,0,1,0,""
2147848,EVENT,78.3,0.0, 0, 0,154808,1050,1220,1,1,0,"IGN ON"
2147930,DATA,78.3,0.0, 0, 0,151168,1050,1220,1,1,0,""
2148430,DATA,78.3,-2.1, 0, 0,195021,1050,1220,1,1,0,""
2148930,DATA,78.7,0.0, 0, 0,195584,1050,1220,1,1,0,""
2149430,DATA,79.2,2.1, 0, 0,194977,1050,1220,1,1,0,""
2149930,DATA,79.5,0.0, 0, 0,195573,1050,1220,1,1,0,""
2150430,DATA,79.7,0.0, 0, 0,195590,1050,1220,1,1,0,""
2150930,DATA,80.0,0.0, 0, 0,195025,1050,1220,1,1,0,""
2151430,DATA,80.2,0.0, 0, 0,195008,1050,1220,1,1,0,""
2151930,DATA,80.5,0.0, 0, 0,194992,1050,1220,1,1,0,""
2152430,DATA,80.8,-2.1, 0, 0,194977,1050,1220,1,1,0,""
2152930,DATA,81.0,-2.1, 0, 0,194973,1050,1220,1,1,0,""
2153430,DATA,81.5,2.1, 0, 0,195000,1050,1220,1,1,0,""
2153930,DATA,82.0,0.0, 0, 0,195004,1050,1220,1,1,0,""
2154430,DATA,82.0,0.0, 0, 0,195584,1050,1220,1,1,0,""
2154930,DATA,82.5,2.1, 0, 0,195019,1050,1220,1,1,0,""
2155430,DATA,82.7,0.0, 0, 0,195588,1050,1220,1,1,0,""
2155930,DATA,83.0,2.1, 0, 0,195004,1050,1220,1,1,0,""
2156430,DATA,83.3,2.1, 0, 0,195577,1050,1220,1,1,0,""
2156930,DATA,83.5,0.0, 0, 0,195602,1050,1220,1,1,0,""
2157430,DATA,83.7,0.0, 0, 0,195029,1050,1220,1,1,0,""
2157930,DATA,84.2,2.1, 0, 0,194984,1050,1220,1,1,0,""
2158430,DATA,84.5,2.1, 0, 0,195580,1050,1220,1,1,0,""
2158930,DATA,84.8,2.1, 0, 0,194971,1050,1220,1,1,0,""
2159430,DATA,85.0,2.1, 0, 0,195016,1050,1220,1,1,0,""
2159930,DATA,85.2,2.1, 0, 0,195606,1050,1220,1,1,0,""
2160430,DATA,85.5,0.0, 0, 0,195584,1050,1220,1,1,0,""
2160930,DATA,85.8,0.0, 0, 0,195586,1050,1220,1,1,0,""
2161430,DATA,86.0,0.0, 0, 0,195002,1050,1220,1,1,0,""
2161930,DATA,86.2,0.0, 0, 0,195025,1050,1220,1,1,0,""
2162430,DATA,86.5,0.0, 0, 0,195000,1050,1220,1,1,0,""
2162930,DATA,86.7,0.0, 0, 0,196188,1050,1220,1,1,0,""
2163430,DATA,87.0,0.0, 0, 0,195025,1050,1220,1,1,0,""
2163930,DATA,87.3,0.0, 0, 0,195002,1050,1220,1,1,0,""
2164430,DATA,87.5,0.0, 0, 0,194996,1050,1220,1,1,0,""
2164930,DATA,88.0,2.1, 0, 0,195019,1050,1220,1,1,0,""
2165430,DATA,88.5,2.1, 0, 0,194981,1050,1220,1,1,0,""
2165538,EVENT,88.5,0.0, 0, 0,194400,1050,1220,0,1,0,"IGN OFF"
2165930,DATA,88.7,0.0, 0, 0,154198,1050,1220,0,1,0,""
2166430,DATA,89.2,0.0, 0, 0,155997,1050,1220,0,1,0,""
2166930,DATA,89.5,0.0, 0, 0,154181,1050,1220,0,1,0,""
2167430,DATA,89.5,-2.1, 0, 0,155978,1050,1220,0,1,0,""
2167930,DATA,90.0,0.0, 0, 0,154803,1050,1220,0,1,0,""
2168430,DATA,90.2,0.0, 0, 0,155994,1050,1220,0,1,0,""
2168930,DATA,90.5,0.0, 0, 0,154802,1050,1220,0,1,0,""
2169430,DATA,90.8,0.0, 0, 0,156605,1050,1220,0,1,0,""
2169930,DATA,91.0,0.0, 0, 0,154798,1050,1220,0,1,0,""
2170430,DATA,91.2,0.0, 0, 0,156012,1050,1220,0,1,0,""
2170930,DATA,91.5,0.0, 0, 0,155412,1050,1220,0,1,0,""
2171430,DATA,92.0,2.1, 0, 0,155402,1050,1220,0,1,0,""
2171930,DATA,92.3,2.1, 0, 0,154808,1050,1220,0,1,0,""
2172430,DATA,92.3,0.0, 0, 0,155977,1050,1220,0,1,0,""
2172930,DATA,92.5,0.0, 0, 0,154209,1050,1220,0,1,0,""
2173430,DATA,92.5,0.0, 0, 0,156598,1050,1220,0,1,0,""
2173930,DATA,92.7,0.0, 0, 0,154792,1050,1220,0,1,0,""
2174430,DATA,93.0,0.0, 0, 0,156597,1050,1220,0,1,0,""
2174930,DATA,93.0,0.0, 0, 0,155400,1050,1220,0,1,0,""
2175430,DATA,93.0,0.0, 0, 0,156587,1050,1220,0,1,0,""
2175930,DATA,93.3,2.1, 0, 0,154811,1050,1220,0,1,0,""
2176430,DATA,93.3,2.1, 0, 0,156592,1050,1220,0,1,0,""
2176930,DATA,93.3,2.1, 0, 0,155406,1050,1220,0,1,0,""
2177430,DATA,93.0,-2.1, 0, 0,156603,1050,1220,0,1,0,""
2177930,DATA,93.0,0.0, 0, 0,154806,1050,1220,0,1,0,""
2178090,EVENT,93.0,0.0, 0, 0,172802,1050,1220,0,1,0,"PUMP 1055"
2178430,DATA,93.0,0.0, 0, 0,156598,1051,1220,0,1,0,""
2178930,DATA,92.7,2.1, 0, 0,156014,1053,1220,0,1,0,""
2179430,DATA,92.5,0.0, 0, 0,156589,1055,1220,0,1,0,""
2179930,DATA,92.5,0.0, 0, 0,154819,1055,1220,0,1,0,""
2180430,DATA,92.3,0.0, 0, 0,156603,1055,1220,0,1,0,""
2180743,EVENT,92.3,0.0, 0, 0,153235,1055,1220,1,1,0,"IGN ON"
2180930,DATA,91.5,-6.2, 0, 0,170410,1055,1220,1,1,0,""
2181430,DATA,92.5,6.2, 0, 0,194400,1055,1220,1,1,0,""
2181930,DATA,94.2,2.1, 0, 0,194410,1055,1220,1,1,0,""
2182430,DATA,95.5,2.1, 0, 0,195600,1055,1220,1,1,0,""
2182930,DATA,95.8,2.1, 0, 0,195025,1055,1220,1,1,0,""
2183430,DATA,96.2,2.1, 0, 0,196190,1055,1220,1,1,0,""
2183930,DATA,96.5,0.0, 0, 0,194988,1055,1220,1,1,0,""
2184430,DATA,97.0,2.1, 0, 0,194996,1055,1220,1,1,0,""
2184930,DATA,97.3,0.0, 0, 0,194410,1055,1220,1,1,0,""
2185430,DATA,97.7,0.0, 0, 0,194990,1055,1220,1,1,0,""
2185930,DATA,98.3,0.0, 0, 0,195598,1055,1220,1,1,0,""
2186430,DATA,98.7,2.1, 0, 0,195598,1055,1220,1,1,0,""
2186930,DATA,99.0,0.0, 0, 0,195584,1055,1220,1,1,0,""
2187430,DATA,99.5,2.1, 0, 0,195584,1055,1220,1,1,0,""
2187930,DATA,100.5,4.2, 0, 0,195025,1055,1220,1,1,0,""
2188430,DATA,101.0,2.1, 0, 0,196182,1055,1220,1,1,0,""
2188930,DATA,101.2,2.1, 0, 0,195002,1055,1220,1,1,0,""
2189430,DATA,101.5,0.0, 0, 0,195582,1055,1220,1,1,0,""
2189930,DATA,101.5,0.0, 0, 0,194988,1055,1220,1,1,0,""
2190355,EVENT,101.8,0.0, 0, 0,195080,1055,1220,0,1,0,"IGN OFF"
2190430,DATA,101.8,0.0, 0, 0,193183,1055,1220,0,1,0,""
2190930,DATA,102.0,-2.1, 0, 0,154803,1055,1220,0,1,0,""
2191430,DATA,102.5,0.0, 0, 0,155998,1055,1220,0,1,0,""
2191930,DATA,102.8,0.0, 0, 0,154805,1055,1220,0,1,0,""
2192430,DATA,103.0,0.0, 0, 0,156011,1055,1220,0,1,0,""
2192930,DATA,103.2,0.0, 0, 0,154791,1055,1220,0,1,0,""
2193430,DATA,103.5,2.1, 0, 0,155995,1055,1220,0,1,0,""
2193930,DATA,103.8,2.1, 0, 0,155391,1055,1220,0,1,0,""
2194430,DATA,104.0,0.0, 0, 0,156602,1055,1220,0,1,0,""
2194930,DATA,104.2,0.0, 0, 0,155398,1055,1220,0,1,0,""
2195430,DATA,104.5,2.1, 0, 0,156589,1055,1220,0,1,0,""
2195930,DATA,104.5,2.1, 0, 0,154803,1055,1220,0,1,0,""
2196430,DATA,104.5,0.0, 0, 0,156592,1055,1220,0,1,0,""
2196930,DATA,104.8,2.1, 0, 0,155403,1055,1220,0,1,0,""
2197430,DATA,104.5,0.0, 0, 0,157189,1055,1220,0,1,0,""
2197930,DATA,104.5,0.0, 0, 0,155398,1055,1220,0,1,0,""
2198430,DATA,104.5,0.0, 0, 0,156603,1055,1220,0,1,0,""
2198930,DATA,104.5,0.0, 0, 0,155412,1055,1220,0,1,0,""
2198990,EVENT,104.5,0.0, 0, 0,155412,1055,1220,0,1,0,"PUMP 1060"
2199430,DATA,104.5,0.0, 0, 0,157208,1056,1220,0,1,0,""
2199930,DATA,104.5,2.1, 0, 0,155991,1058,1220,0,1,0,""
2200430,DATA,104.2,0.0, 0, 0,157202,1060,1220,0,1,0,""
2200854,EVENT,104.0,0.0, 0, 0,154845,1060,1220,1,1,0,"IGN ON"
2200930,DATA,104.0,0.0, 0, 0,122384,1060,1220,1,1,0,""
2201430,DATA,103.5,2.1, 0, 0,194381,1060,1220,1,1,0,""
2201930,DATA,104.5,2.1, 0, 0,195002,1060,1220,1,1,0,""
2202430,DATA,105.5,2.1, 0, 0,194971,1060,1220,1,1,0,""
2202930,DATA,106.0,0.0, 0, 0,195602,1060,1220,1,1,0,""
2203430,DATA,106.5,0.0, 0, 0,195604,1060,1220,1,1,0,""
2203930,DATA,106.8,0.0, 0, 0,196200,1060,1220,1,1,0,""
2204430,DATA,107.2,0.0, 0, 0,196196,1060,1220,1,1,0,""
2204930,DATA,107.5,0.0, 0, 0,196192,1060,1220,1,1,0,""
2205430,DATA,107.8,-2.1, 0, 0,195616,1060,1220,1,1,0,""
2205930,DATA,108.5,2.1, 0, 0,195606,1060,1220,1,1,0,""
2206430,DATA,108.8,0.0, 0, 0,196194,1060,1220,1,1,0,""
2206930,DATA,109.2,0.0, 0, 0,196178,1060,1220,1,1,0,""
2207430,DATA,109.7,0.0, 0, 0,196204,1060,1220,1,1,0,""
2207930,DATA,110.2,0.0, 0, 0,196178,1060,1220,1,1,0,""
2208430,DATA,110.5,2.1, 0, 0,195569,1060,1220,1,1,0,""
2208930,DATA,110.7,2.1, 0, 0,194986,1060,1220,1,1,0,""
2209430,DATA,111.0,0.0, 0, 0,195608,1060,1220,1,1,0,""
2209930,DATA,111.2,0.0, 0, 0,195612,1060,1220,1,1,0,""
2210430,DATA,111.5,0.0, 0, 0,195584,1060,1220,1,1,0,""
2210930,DATA,111.7,0.0, 0, 0,196196,1060,1220,1,1,0,""
2211430,DATA,112.0,0.0, 0, 0,196200,1060,1220,1,1,0,""
2211930,DATA,112.2,0.0, 0, 0,196202,1060,1220,1,1,0,""
2212430,DATA,112.5,-2.1, 0, 0,195580,1060,1220,1,1,0,""
2212930,DATA,112.7,0.0, 0, 0,195006,1060,1220,1,1,0,""
2213430,DATA,113.0,0.0, 0, 0,195014,1060,1220,1,1,0,""
2213930,DATA,113.3,2.1, 0, 0,196200,1060,1220,1,1,0,""
2214430,DATA,113.7,2.1, 0, 0,196186,1060,1220,1,1,0,""
2214930,DATA,114.0,2.1, 0, 0,196180,1060,1220,1,1,0,""
2215147,EVENT,114.0,0.0, 0, 0,195610,1060,1220,1,1,0,"PUMP 1065"
2215430,DATA,114.0,0.0, 0, 0,194994,1060,1220,1,1,0,""
2215930,DATA,114.3,0.0, 0, 0,195580,1063,1220,1,1,0,""
2216430,DATA,114.5,2.1, 0, 0,195600,1065,1220,1,1,0,""
2216930,DATA,114.7,0.0, 0, 0,196186,1065,1220,1,1,0,""
2217430,DATA,115.0,0.0, 0, 0,194998,1065,1220,1,1,0,""
2217930,DATA,115.5,2.1, 0, 0,195004,1065,1220,1,1,0,""
2218430,DATA,115.7,2.1, 0, 0,195610,1065,1220,1,1,0,""
2218930,DATA,116.0,2.1, 0, 0,195672,1065,1220,1,1,0,""
2219430,DATA,116.3,2.1, 0, 0,195657,1065,1220,1,1,0,""
2219930,DATA,116.5,0.0, 0, 0,195663,1065,1220,1,1,0,""
2220430,DATA,116.5,-2.1, 0, 0,195661,1065,1220,1,1,0,""
2220930,DATA,117.0,0.0, 0, 0,195649,1065,1220,1,1,0,""
2221430,DATA,117.3,2.1, 0, 0,195051,1065,1220,1,1,0,""
2221930,DATA,117.5,2.1, 0, 0,195078,1065,1220,1,1,0,""
2222430,DATA,117.7,2.1, 0, 0,195074,1065,1220,1,1,0,""
2222930,DATA,118.0,2.1, 0, 0,195049,1065,1220,1,1,0,""
2223430,DATA,118.3,2.1, 0, 0,195064,1065,1220,1,1,0,""
2223930,DATA,118.3,0.0, 0, 0,195064,1065,1220,1,1,0,""
2224430,DATA,118.5,0.0, 0, 0,195633,1065,1220,1,1,0,""
2224930,DATA,118.5,0.0, 0, 0,195661,1065,1220,1,1,0,""
2225430,DATA,118.5,0.0, 0, 0,196277,1065,1220,1,1,0,""
2225930,DATA,118.7,0.0, 0, 0,195647,1065,1220,1,1,0,""
2226430,DATA,119.0,0.0, 0, 0,195672,1065,1220,1,1,0,""
2226930,DATA,119.0,0.0, 0, 0,194486,1065,1220,1,1,0,""
2227430,DATA,119.3,0.0, 0, 0,195055,1065,1220,1,1,0,""
2227930,DATA,119.5,0.0, 0, 0,195672,1065,1220,1,1,0,""
2228430,DATA,119.5,0.0, 0, 0,195657,1065,1220,1,1,0,""
2228930,DATA,119.7,-2.1, 0, 0,195651,1065,1220,1,1,0,""
2229430,DATA,120.0,0.0, 0, 0,195651,1065,1220,1,1,0,""
2229930,DATA,120.3,0.0, 0, 0,195670,1065,1220,1,1,0,""
2230430,DATA,120.3,0.0, 0, 0,195084,1065,1220,1,1,0,""
2230930,DATA,120.5,0.0, 0, 0,195078,1065,1220,1,1,0,""
2231430,DATA,120.5,0.0, 0, 0,195068,1065,1220,1,1,0,""
2231848,EVENT,120.5,-2.1, 0, 0,194175,1065,1220,0,1,0,"IGN OFF"
2231930,DATA,120.5,-2.1, 0, 0,194437,1065,1220,0,1,0,""
2232430,DATA,121.0,0.0, 0, 0,156041,1065,1220,0,1,0,""
2232930,DATA,121.3,0.0, 0, 0,155461,1065,1220,0,1,0,""
2233430,DATA,121.5,2.1, 0, 0,156039,1065,1220,0,1,0,""
2233930,DATA,121.5,0.0, 0, 0,155453,1065,1220,0,1,0,""
2234430,DATA,121.7,0.0, 0, 0,156639,1065,1220,0,1,0,""
2234930,DATA,121.7,-2.1, 0, 0,154837,1065,1220,0,1,0,""
2235430,DATA,122.0,0.0, 0, 0,156650,1065,1220,0,1,0,""
2235930,DATA,122.2,0.0, 0, 0,155431,1065,1220,0,1,0,""
2236430,DATA,122.5,2.1, 0, 0,157233,1065,1220,0,1,0,""
2236930,DATA,122.5,-2.1, 0, 0,155436,1065,1220,0,1,0,""
2237430,DATA,122.7,2.1, 0, 0,156656,1065,1220,0,1,0,""
2237930,DATA,122.7,0.0, 0, 0,155430,1065,1220,0,1,0,""
2238430,DATA,122.5,-2.1, 0, 0,156645,1065,1220,0,1,0,""
2238930,DATA,122.5,0.0, 0, 0,155439,1065,1220,0,1,0,""
2239430,DATA,122.5,0.0, 0, 0,156636,1065,1220,0,1,0,""
2239930,DATA,122.5,0.0, 0, 0,154843,1065,1220,0,1,0,""
2240430,DATA,122.2,-2.1, 0, 0,156053,1065,1220,0,1,0,""
2240930,DATA,122.0,-2.1, 0, 0,155439,1065,1220,0,1,0,""
2241430,DATA,121.7,-2.1, 0, 0,156034,1065,1220,0,1,0,""
2241758,EVENT,121.7,0.0, 0, 0,155394,1065,1220,1,1,0,"IGN ON"
2241930,DATA,121.3,-4.2, 0, 0,186706,1065,1220,1,1,0,""
2242430,DATA,121.3,2.1, 0, 0,193868,1065,1220,1,1,0,""
2242930,DATA,122.0,0.0, 0, 0,195057,1065,1220,1,1,0,""
2243430,DATA,122.7,2.1, 0, 0,195678,1065,1220,1,1,0,""
2243930,DATA,123.0,0.0, 0, 0,195053,1065,1220,1,1,0,""
2244430,DATA,123.2,0.0, 0, 0,195659,1065,1220,1,1,0,""
2244635,EVENT,123.2,0.0, 0, 0,195622,1065,1220,1,1,0,"PUMP 1070"
2244930,DATA,123.2,0.0, 0, 0,195035,1066,1220,1,1,0,""
2245430,DATA,123.7,2.1, 0, 0,196261,1068,1220,1,1,0,""
2245930,DATA,123.7,0.0, 0, 0,195672,1070,1220,1,1,0,""
2246430,DATA,124.0,0.0, 0, 0,195072,1070,1220,1,1,0,""
2246930,DATA,124.2,2.1, 0, 0,195676,1070,1220,1,1,0,""
2247430,DATA,124.5,0.0, 0, 0,195659,1070,1220,1,1,0,""
2247930,DATA,124.7,2.1, 0, 0,195076,1070,1220,1,1,0,""
2248430,DATA,124.7,0.0, 0, 0,195645,1070,1220,1,1,0,""
2248930,DATA,125.0,2.1, 0, 0,195676,1070,1220,1,1,0,""
2249430,DATA,125.2,0.0, 0, 0,195043,1070,1220,1,1,0,""
2249930,DATA,125.2,0.0, 0, 0,195070,1070,1220,1,1,0,""
2250430,DATA,125.2,-2.1, 0, 0,194480,1070,1220,1,1,0,""
2250930,DATA,125.5,0.0, 0, 0,194476,1070,1220,1,1,0,""
2251430,DATA,125.8,0.0, 0, 0,195086,1070,1220,1,1,0,""
2251930,DATA,126.0,0.0, 0, 0,195062,1070,1220,1,1,0,""
2252430,DATA,126.0,0.0, 0, 0,194482,1070,1220,1,1,0,""
2252930,DATA,126.0,0.0, 0, 0,195078,1070,1220,1,1,0,""
2253430,DATA,126.5,2.1, 0, 0,195060,1070,1220,1,1,0,""
2253930,DATA,126.2,0.0, 0, 0,195062,1070,1220,1,1,0,""
2254268,EVENT,126.5,0.0, 0, 0,194992,1070,1220,0,1,0,"IGN OFF"
2254430,DATA,126.5,0.0, 0, 0,167499,1070,1220,0,1,0,""
2254930,DATA,127.0,2.1, 0, 0,154862,1070,1220,0,1,0,""
2255430,DATA,127.0,0.0, 0, 0,156039,1070,1220,0,1,0,""
2255930,DATA,127.2,0.0, 0, 0,154232,1070,1220,0,1,0,""
2256430,DATA,127.2,0.0, 0, 0,157224,1070,1220,0,1,0,""
2256930,DATA,127.8,2.1, 0, 0,154829,1070,1220,0,1,0,""
2257430,DATA,127.5,0.0, 0, 0,156636,1070,1220,0,1,0,""
2257930,DATA,128.0,0.0, 0, 0,154828,1070,1220,0,1,0,""
2258430,DATA,128.0,0.0, 0, 0,156045,1070,1220,0,1,0,""
2258930,DATA,128.5,2.1, 0, 0,154840,1070,1220,0,1,0,""
2259430,DATA,128.5,0.0, 0, 0,156675,1070,1220,0,1,0,""
2259930,DATA,128.5,0.0, 0, 0,155426,1070,1220,0,1,0,""
2260430,DATA,128.5,0.0, 0, 0,156653,1070,1220,0,1,0,""
2260826,EVENT,128.5,0.0, 0, 0,153234,1070,1220,0,1,0,"PUMP 1075"
2260930,DATA,128.5,0.0, 0, 0,176428,1070,1220,0,1,0,""
2261430,DATA,128.3,0.0, 0, 0,156674,1072,1220,0,1,0,""
2261930,DATA,128.0,0.0, 0, 0,154860,1074,1220,0,1,0,""
2262430,DATA,128.0,0.0, 0, 0,156037,1075,1220,0,1,0,""
2262930,DATA,127.8,-2.1, 0, 0,155456,1075,1220,0,1,0,""
2263283,EVENT,127.8,0.0, 0, 0,156605,1075,1220,1,1,0,"IGN ON"
2263430,DATA,127.0,-6.2, 0, 0,164490,1075,1220,1,1,0,""
2263930,DATA,127.0,-2.0, 0, 0,195055,1075,1220,1,1,0,""
2264430,DATA,128.0,2.1, 0, 0,195059,1075,1220,1,1,0,""
2264930,DATA,128.8,2.1, 0, 0,195064,1075,1220,1,1,0,""
2265430,DATA,129.0,0.0, 0, 0,195068,1075,1220,1,1,0,""
2265930,DATA,129.3,0.0, 0, 0,195078,1075,1220,1,1,0,""
2266430,DATA,129.5,0.0, 0, 0,195672,1075,1220,1,1,0,""
2266930,DATA,129.8,0.0, 0, 0,195060,1075,1220,1,1,0,""
2267430,DATA,130.3,2.1, 0, 0,195639,1075,1220,1,1,0,""
2267930,DATA,130.5,0.0, 0, 0,195639,1075,1220,1,1,0,""
2268430,DATA,130.8,0.0, 0, 0,195639,1075,1220,1,1,0,""
2268930,DATA,131.0,2.1, 0, 0,195070,1075,1220,1,1,0,""
2269430,DATA,131.3,2.1, 0, 0,194786,1075,1220,1,1,0,""
2269930,DATA,131.5,2.0, 0, 0,194186,1075,1220,1,1,0,""
2270430,DATA,131.5,0.0, 0, 0,194204,1075,1220,1,1,0,""
2270930,DATA,131.8,0.0, 0, 0,194242,1075,1220,1,1,0,""
2271430,DATA,132.0,0.0, 0, 0,194815,1075,1220,1,1,0,""
2271930,DATA,132.0,0.0, 0, 0,195374,1075,1220,1,1,0,""
2272430,DATA,132.3,0.0, 0, 0,194811,1075,1220,1,1,0,""
2272930,DATA,132.5,0.0, 0, 0,194186,1075,1220,1,1,0,""
2273430,DATA,132.5,-2.1, 0, 0,194192,1075,1220,1,1,0,""
2273930,DATA,132.8,0.0, 0, 0,193637,1075,1220,1,1,0,""
2274430,DATA,133.0,0.0, 0, 0,194774,1075,1220,1,1,0,""
2274930,DATA,133.3,0.0, 0, 0,195393,1075,1220,1,1,0,""
2275430,DATA,133.5,2.1, 0, 0,194786,1075,1220,1,1,0,""
2275930,DATA,133.5,0.0, 0, 0,194824,1075,1220,1,1,0,""
2276430,DATA,133.8,2.1, 0, 0,195382,1075,1220,1,1,0,""
2276930,DATA,133.8,0.0, 0, 0,194240,1075,1220,1,1,0,""
2276941,EVENT,133.8,0.0, 0, 0,194240,1075,1220,0,1,0,"IGN OFF"
2277430,DATA,134.0,0.0, 0, 0,153811,1075,1220,0,1,0,""
2277930,DATA,134.3,0.0, 0, 0,152626,1075,1220,0,1,0,""
2278430,DATA,134.5,0.0, 0, 0,153835,1075,1220,0,1,0,""
2278930,DATA,134.8,2.0, 0, 0,153225,1075,1220,0,1,0,""
2279430,DATA,135.0,2.1, 0, 0,153829,1075,1220,0,1,0,""
2279930,DATA,135.0,-2.1, 0, 0,152648,1075,1220,0,1,0,""
2280430,DATA,135.3,0.0, 0, 0,154423,1075,1220,0,1,0,""
2280930,DATA,135.5,0.0, 0, 0,152625,1075,1220,0,1,0,""
2281430,DATA,135.8,0.0, 0, 0,153811,1075,1220,0,1,0,""
2281930,DATA,135.8,0.0, 0, 0,152617,1075,1220,0,1,0,""
2282430,DATA,135.8,0.0, 0, 0,153832,1075,1220,0,1,0,""
2282930,DATA,135.8,0.0, 0, 0,152658,1075,1220,0,1,0,""
2283430,DATA,135.5,0.0, 0, 0,153804,1075,1220,0,1,0,""
2283930,DATA,135.3,-2.1, 0, 0,152637,1075,1220,0,1,0,""
2284430,DATA,135.3,0.0, 0, 0,153829,1075,1220,0,1,0,""
2284742,EVENT,135.0,0.0, 0, 0,154209,1075,1220,1,1,0,"IGN ON"
2284930,DATA,134.5,-4.0, 0, 0,167465,1075,1220,1,1,0,""
2285430,DATA,134.5,0.0, 0, 0,194227,1075,1220,1,1,0,""
2285930,DATA,135.3,2.1, 0, 0,193642,1075,1220,1,1,0,""
2286257,EVENT,135.8,2.1, 0, 0,195002,1075,1220,1,1,0,"PUMP 1080"
2286430,DATA,135.8,0.0, 0, 0,185303,1075,1220,1,1,0,""
2286930,DATA,136.0,0.0, 0, 0,194780,1077,1220,1,1,0,""
2287430,DATA,136.3,0.0, 0, 0,194757,1079,1220,1,1,0,""
2287930,DATA,136.5,0.0, 0, 0,194805,1080,1220,1,1,0,""
2288430,DATA,136.8,0.0, 0, 0,194207,1080,1220,1,1,0,""
2288930,DATA,137.0,0.0, 0, 0,194838,1080,1220,1,1,0,""
2289430,DATA,137.5,0.0, 0, 0,194181,1080,1220,1,1,0,""
2289930,DATA,137.5,0.0, 0, 0,194772,1080,1220,1,1,0,""
2290430,DATA,137.8,0.0, 0, 0,194769,1080,1220,1,1,0,""
2290930,DATA,138.0,2.0, 0, 0,194182,1080,1220,1,1,0,""
2291430,DATA,138.3,0.0, 0, 0,194778,1080,1220,1,1,0,""
2291930,DATA,138.8,2.1, 0, 0,194828,1080,1220,1,1,0,""
2292430,DATA,139.0,0.0, 0, 0,194772,1080,1220,1,1,0,""
2292930,DATA,139.5,0.0, 0, 0,194200,1080,1220,1,1,0,""
2293430,DATA,139.5,0.0, 0, 0,194813,1080,1220,1,1,0,""
2293930,DATA,139.8,2.0, 0, 0,194186,1080,1220,1,1,0,""
2294430,DATA,140.0,0.0, 0, 0,194217,1080,1220,1,1,0,""
2295430,DATA,140.3,0.0, 0, 0,195358,1080,1220,1,1,0,""
2295930,DATA,140.8,2.1, 0, 0,188281,1080,1220,1,1,0,""
2296430,DATA,141.0,2.1, 0, 0,193596,1080,1220,1,1,0,""
2296930,DATA,141.0,0.0, 0, 0,194744,1080,1220,1,1,0,""
2297430,DATA,141.3,2.1, 0, 0,193615,1080,1220,1,1,0,""
2297930,DATA,141.5,2.1, 0, 0,194780,1080,1220,1,1,0,""
2298430,DATA,141.5,0.0, 0, 0,194179,1080,1220,1,1,0,""
2298631,EVENT,141.8,2.1, 0, 0,194419,1080,1220,0,1,0,"IGN OFF"
2298930,DATA,142.0,0.0, 0, 0,152014,1080,1220,0,1,0,""
2299430,DATA,142.3,0.0, 0, 0,153816,1080,1220,0,1,0,""
2299930,DATA,142.5,2.0, 0, 0,152623,1080,1220,0,1,0,""
2300430,DATA,142.5,0.0, 0, 0,153808,1080,1220,0,1,0,""
2300930,DATA,142.8,2.1, 0, 0,152648,1080,1220,0,1,0,""
2301430,DATA,143.0,0.0, 0, 0,154410,1080,1220,0,1,0,""
2301930,DATA,143.5,4.2, 0, 0,153229,1080,1220,0,1,0,""
2302430,DATA,143.5,0.0, 0, 0,154417,1080,1220,0,1,0,""
2302930,DATA,143.8,0.0, 0, 0,152616,1080,1220,0,1,0,""
2303430,DATA,143.8,2.1, 0, 0,154390,1080,1220,0,1,0,""
2303930,DATA,143.5,-2.1, 0, 0,152645,1080,1220,0,1,0,""
2304430,DATA,143.5,0.0, 0, 0,154399,1080,1220,0,1,0,""
2304930,DATA,143.3,0.0, 0, 0,153251,1080,1220,0,1,0,""
2305430,DATA,143.0,0.0, 0, 0,154402,1080,1220,0,1,0,""
2305930,DATA,142.8,0.0, 0, 0,153217,1080,1220,0,1,0,""
2306098,EVENT,142.8,0.0, 0, 0,177652,1080,1220,1,1,0,"IGN ON"
2306430,DATA,142.0,0.0, 0, 0,192433,1080,1220,1,1,0,""
2306930,DATA,143.0,2.1, 0, 0,193027,1080,1220,1,1,0,""
2307240,EVENT,144.0,2.1, 0, 0,194396,1080,1220,1,1,0,"PUMP 1085"
2307430,DATA,144.5,4.2, 0, 0,194826,1080,1220,1,1,0,""
2307930,DATA,144.8,-2.1, 0, 0,194211,1082,1220,1,1,0,""
2308430,DATA,145.3,0.0, 0, 0,194774,1084,1220,1,1,0,""
2308930,DATA,145.3,0.0, 0, 0,194803,1085,1220,1,1,0,""
2309430,DATA,145.3,-2.1, 0, 0,194213,1085,1220,1,1,0,""
2309930,DATA,145.5,-2.1, 0, 0,193619,1085,1220,1,1,0,""
2310430,DATA,145.8,-2.1, 0, 0,194202,1085,1220,1,1,0,""
2310930,DATA,146.3,0.0, 0, 0,194807,1085,1220,1,1,0,""
2311430,DATA,146.5,0.0, 0, 0,194797,1085,1220,1,1,0,""
2311930,DATA,147.0,0.0, 0, 0,194209,1085,1220,1,1,0,""
2312430,DATA,147.3,2.1, 0, 0,194767,1085,1220,1,1,0,""
2312930,DATA,147.5,0.0, 0, 0,194815,1085,1220,1,1,0,""
2313430,DATA,147.8,0.0, 0, 0,194786,1085,1220,1,1,0,""
2313930,DATA,148.3,0.0, 0, 0,194236,1085,1220,1,1,0,""
2314430,DATA,148.5,2.1, 0, 0,194770,1085,1220,1,1,0,""
2314930,DATA,148.8,0.0, 0, 0,194230,1085,1220,1,1,0,""
2315430,DATA,149.3,2.1, 0, 0,195382,1085,1220,1,1,0,""
2315930,DATA,149.5,0.0, 0, 0,194232,1085,1220,1,1,0,""
2316430,DATA,149.8,0.0, 0, 0,194200,1085,1220,1,1,0,""
2316930,DATA,150.0,0.0, 0, 0,194198,1085,1220,1,1,0,""
2317430,DATA,150.3,0.0, 0, 0,194790,1085,1220,1,1,0,""
2317930,DATA,150.5,2.0, 0, 0,194209,1085,1220,1,1,0,""
2318430,DATA,150.8,0.0, 0, 0,194194,1085,1220,1,1,0,""
2318930,DATA,150.8,0.0, 0, 0,194238,1085,1220,1,1,0,""
2319431,DATA,151.3,2.1, 0, 0,194205,1085,1220,1,1,0,""
2319932,DATA,151.3,0.0, 0, 0,194815,1085,1220,1,1,0,""
2320433,DATA,151.3,0.0, 0, 0,194202,1085,1220,1,1,0,""
2320934,DATA,151.7,2.0, 0, 0,194225,1085,1220,1,1,0,""
2321435,DATA,151.7,0.0, 0, 0,194782,1085,1220,1,1,0,""
2321532,EVENT,151.7,0.0, 0, 0,194782,1085,1220,1,1,1,"VALVE2 ON"
2321936,DATA,152.0,0.0, 0, 0,194215,1085,1220,1,1,1,""
2322437,DATA,152.3,0.0, 0, 0,194192,1085,1220,1,1,1,""
2322938,DATA,152.5,0.0, 0, 0,194248,1085,1220,1,1,1,""
2323439,DATA,152.8,0.0, 0, 0,194200,1085,1220,1,1,1,""
2323940,DATA,153.0,0.0, 0, 0,194842,1085,1220,1,1,1,""
2324441,DATA,153.0,-2.1, 0, 0,194186,1085,1220,1,1,1,""
2324942,DATA,153.3,0.0, 0, 0,194202,1085,1220,1,1,1,""
2325217,EVENT,153.5,0.0, 0, 0,195616,1085,1220,1,1,1,"PUMP 1090"
2325443,DATA,153.5,0.0, 0, 0,194202,1085,1220,1,1,1,""
2325944,DATA,153.8,0.0, 0, 0,194797,1087,1220,1,1,1,""
2326445,DATA,154.0,2.1, 0, 0,194209,1090,1220,1,1,1,""
2326946,DATA,154.3,0.0, 0, 0,194813,1090,1220,1,1,1,""
2327447,DATA,154.5,0.0, 0, 0,194188,1090,1220,1,1,1,""
2327638,EVENT,154.5,0.0, 0, 0,184861,1090,1220,1,1,1,"PUMP 1095"
2327948,DATA,154.8,2.1, 0, 0,194221,1091,1220,1,1,1,""
2328449,DATA,154.8,0.0, 0, 0,194217,1093,1220,1,1,1,""
2328950,DATA,155.0,0.0, 0, 0,194786,1095,1220,1,1,1,""
2329451,DATA,155.3,0.0, 0, 0,194227,1095,1220,1,1,1,""
2329952,DATA,155.5,2.0, 0, 0,193589,1095,1220,1,1,1,""
2330453,DATA,155.8,0.0, 0, 0,194792,1095,1220,1,1,1,""
2330954,DATA,156.0,2.1, 0, 0,194797,1095,1220,1,1,1,""
2330958,EVENT,156.0,2.1, 0, 0,194797,1095,1220,1,1,1,"PUMP 1100"
2331455,DATA,156.3,2.1, 0, 0,194173,1096,1220,1,1,1,""
2331956,DATA,156.5,2.1, 0, 0,193619,1099,1220,1,1,1,""
2332457,DATA,156.8,2.1, 0, 0,194805,1100,1220,1,1,1,""
2332958,DATA,157.0,0.0,3113,3113,2970,1100,1220,1,1,1,""
2333459,DATA,157.5,2.1,3046,3087,194715,1100,1220,1,1,1,""
2333960,DATA,158.0,2.1,2175,2776,194134,1100,1220,1,1,1,""
2334461,DATA,158.5,2.1,856,1921,194711,1100,1220,1,1,1,""
2334685,EVENT,158.5,0.0,560,1561,194408,1100,1220,1,1,1,"STARTER 1240"
2334970,DATA,158.8,1.9,363,1239,104410,1100,1228,1,1,1,""
2335470,DATA,159.0,0.0,120,652,191406,1100,1237,1,1,1,""
2335970,DATA,159.3,0.0, 0, 0,194396,1100,1240,1,1,1,""
2336470,DATA,159.5,0.0, 0, 0,194408,1100,1240,1,1,1,""
2336970,DATA,160.3,2.1, 0, 0,194400,1100,1240,1,1,1,""
2337470,DATA,160.5,0.0, 0, 0,194990,1100,1240,1,1,1,""
2337865,EVENT,160.8,0.0, 0, 0,194371,1100,1240,1,1,1,"STARTER 1260"
2337970,DATA,160.8,0.0, 0, 0,194392,1100,1243,1,1,1,""
2338470,DATA,161.3,2.1, 0, 0,182420,1100,1255,1,1,1,""
2338970,DATA,161.3,-2.1,4898,4898,1800,1100,1260,1,1,1,""
2339470,DATA,161.8,0.0,4673,4891,43800,1100,1260,1,1,1,""
2339970,DATA,162.3,2.1,3881,4603,194396,1100,1260,1,1,1,""
2340470,DATA,162.5,0.0,1549,3285,194848,1100,1260,1,1,1,""
2340970,DATA,163.0,2.1,1000,1972,32400,1100,1260,1,1,1,""
2341470,DATA,163.3,2.1,1209,1671,181193,1100,1260,1,1,1,""
2341970,DATA,163.3,0.0,465,1119,194996,1100,1260,1,1,1,""
2342109,EVENT,163.3,0.0,376,1007,193786,1100,1260,1,1,1,"STARTER 1280"
2342470,DATA,163.5,0.0,196,712,86481,1100,1270,1,1,1,""
2342970,DATA,163.8,-2.1,52,323,195018,1100,1278,1,1,1,""
2343470,DATA,164.0,0.0, 0, 0,195010,1100,1280,1,1,1,""
2343970,DATA,164.2,0.0, 0, 0,194400,1100,1280,1,1,1,""
2344470,DATA,164.5,0.0, 0, 0,195012,1100,1280,1,1,1,""
2344853,EVENT,164.8,0.0, 0, 0,194381,1100,1280,1,1,1,"STARTER 1300"
2344970,DATA,164.8,0.0, 0, 0,194169,1100,1284,1,1,1,""
2345470,DATA,165.3,0.0, 0, 0,194467,1100,1295,1,1,1,""
2345970,DATA,165.8,0.0, 0, 0,181805,1100,1300,1,1,1,""
2346470,DATA,166.3,2.1, 0, 0,177002,1100,1300,1,1,1,""
2346970,DATA,166.3,0.0,5853,5853,3600,1100,1300,1,1,1,""
2347470,DATA,166.5,0.0,4697,5610,133195,1100,1300,1,1,1,""
2347970,DATA,166.8,0.0,3177,4511,95401,1100,1300,1,1,1,""
2348470,DATA,167.0,0.0,3481,3824,78009,1100,1300,1,1,1,""
2348937,EVENT,167.0,0.0,2389,3399,194998,1100,1300,1,1,1,"STARTER 1320"
2348970,DATA,167.0,0.0,2389,3399,194998,1100,1301,1,1,1,""
2349470,DATA,167.0,0.0,2708,2701,119870,1100,1314,1,1,1,""
2349970,DATA,167.3,0.0,2708,2952,193802,1100,1320,1,1,1,""
2350470,DATA,167.5,2.1,1050,2159,194388,1100,1320,1,1,1,""
2350970,DATA,167.8,0.0,357,1258,194408,1100,1320,1,1,1,""
2351470,DATA,167.8,0.0,118,658,194386,1100,1320,1,1,1,""
2351970,DATA,167.8,-2.1, 0, 0,194410,1100,1320,1,1,1,""
2352470,DATA,168.0,0.0, 0, 0,194982,1100,1320,1,1,1,""
2352970,DATA,168.3,0.0, 0, 0,194396,1100,1320,1,1,1,""
2353470,DATA,168.5,2.1, 0, 0,194371,1100,1320,1,1,1,""
2353970,DATA,168.5,0.0, 0, 0,194388,1100,1320,1,1,1,""
2354470,DATA,168.8,2.1, 0, 0,194396,1100,1320,1,1,1,""
2354970,DATA,168.8,0.0, 0, 0,194377,1100,1320,1,1,1,""
2355470,DATA,169.0,0.0, 0, 0,195002,1100,1320,1,1,1,""
2355970,DATA,169.3,0.0, 0, 0,193816,1100,1320,1,1,1,""
2356470,DATA,169.3,0.0, 0, 0,193796,1100,1320,1,1,1,""
2356970,DATA,169.5,0.0, 0, 0,193798,1100,1320,1,1,1,""
2357470,DATA,169.5,0.0, 0, 0,193794,1100,1320,1,1,1,""
2357970,DATA,169.8,0.0, 0, 0,194402,1100,1320,1,1,1,""
2358470,DATA,169.8,0.0, 0, 0,193790,1100,1320,1,1,1,""
2358970,DATA,170.0,0.0, 0, 0,194404,1100,1320,1,1,1,""
2359470,DATA,170.0,0.0, 0, 0,194998,1100,1320,1,1,1,""
2359970,DATA,170.0,0.0, 0, 0,194400,1100,1320,1,1,1,""
2360000,EVENT,170.0,0.0, 0, 0,194400,1100,1320,0,1,1,"IGN OFF"
2360470,DATA,170.0,0.0, 0, 0,158408,1100,1320,0,1,1,""
2360970,DATA,170.3,0.0, 0, 0,157214,1100,1320,0,1,1,""
2361470,DATA,170.0,-2.1, 0, 0,157803,1100,1320,0,1,1,""
2361970,DATA,170.0,0.0, 0, 0,157195,1100,1320,0,1,1,""
2362470,DATA,169.8,0.0, 0, 0,158395,1100,1320,0,1,1,""
2362970,DATA,169.5,0.0, 0, 0,157213,1100,1320,0,1,1,""
2363470,DATA,169.3,0.0, 0, 0,158400,1100,1320,0,1,1,""
2363970,DATA,169.0,0.0, 0, 0,157217,1100,1320,0,1,1,""
2364033,EVENT,169.0,0.0, 0, 0,157192,1100,1320,1,1,1,"IGN ON"
2364470,DATA,168.3,0.0, 0, 0,193186,1100,1320,1,1,1,""
2364970,DATA,168.0,0.0, 0, 0,193817,1100,1320,1,1,1,""
2365470,DATA,168.3,0.0, 0, 0,194398,1100,1320,1,1,1,""
2365970,DATA,168.3,0.0, 0, 0,194404,1100,1320,1,1,1,""
2366470,DATA,168.0,0.0, 0, 0,194412,1100,1320,1,1,1,""
2366970,DATA,168.0,0.0, 0, 0,184200,1100,1320,1,1,1,""
2367470,DATA,168.3,0.0, 0, 0,83398,1100,1320,1,1,1,""
2367970,DATA,168.3,0.0, 0, 0,194986,1100,1320,1,1,1,""
2368470,DATA,168.3,0.0, 0, 0,194414,1100,1320,1,1,1,""
2368970,DATA,168.3,0.0, 0, 0,194416,1100,1320,1,1,1,""
2369470,DATA,168.3,0.0, 0, 0,194406,1100,1320,1,1,1,""
2369970,DATA,168.3,-2.1, 0, 0,193823,1100,1320,1,1,1,""
2370470,DATA,168.3,0.0, 0, 0,194994,1100,1320,1,1,1,""
2370970,DATA,168.3,0.0,5821,5821,50996,1100,1320,1,1,1,""
2371470,DATA,168.0,-2.1,5834,5812,21002,1100,1320,1,1,1,""
2371970,DATA,168.0,-2.1,4063,5381,195014,1100,1320,1,1,1,""
2372470,DATA,168.3,0.0,1524,3632,194419,1100,1320,1,1,1,""
2372970,DATA,168.3,0.0,514,2045,194392,1100,1320,1,1,1,""
2373470,DATA,168.3,0.0,170,1051,194984,1100,1320,1,1,1,""
2373970,DATA,168.3,2.1,56,514,194414,1100,1320,1,1,1,""
2374308,EVENT,168.3,0.0, 0, 0,194408,1100,1320,1,1,1,"PUMP 1105"
2374470,DATA,168.0,0.0, 0, 0,190171,1100,1320,1,1,1,""
2374970,DATA,167.8,0.0, 0, 0,193800,1102,1320,1,1,1,""
2375470,DATA,167.5,0.0, 0, 0,195006,1104,1320,1,1,1,""
2375970,DATA,167.3,0.0, 0, 0,194394,1105,1320,1,1,1,""
2376470,DATA,167.3,0.0, 0, 0,193802,1105,1320,1,1,1,""
2376970,DATA,167.3,0.0, 0, 0,194410,1105,1320,1,1,1,""
2377470,DATA,167.3,0.0, 0, 0,194400,1105,1320,1,1,1,""
2377970,DATA,167.3,0.0, 0, 0,186606,1105,1320,1,1,1,""
2378470,DATA,167.3,2.1, 0, 0,191996,1105,1320,1,1,1,""
2378970,DATA,167.0,0.0, 0, 0,194402,1105,1320,1,1,1,""
2379470,DATA,167.3,2.1, 0, 0,194388,1105,1320,1,1,1,""
2379970,DATA,167.3,0.0,5951,5951,130792,1105,1320,1,1,1,""
2380470,DATA,167.0,0.0,2843,4822,187207,1105,1320,1,1,1,""
2380970,DATA,166.8,-2.1,1001,2972,183615,1105,1320,1,1,1,""
2381363,EVENT,166.8,0.0,416,1824,195006,1105,1320,1,1,1,"PUMP 1110"
2381470,DATA,166.8,0.0,333,1600,180560,1105,1320,1,1,1,""
2381970,DATA,166.5,0.0,110,803,191392,1107,1320,1,1,1,""
2382470,DATA,166.5,0.0, 0, 0,183005,1109,1320,1,1,1,""
2382970,DATA,166.3,0.0, 0, 0,193808,1110,1320,1,1,1,""
2383470,DATA,166.0,-2.1, 0, 0,130799,1110,1320,1,1,1,""
2383970,DATA,166.0,0.0,6051,6167,141618,1110,1320,1,1,1,""
2384470,DATA,165.8,0.0,5973,6070,94196,1110,1320,1,1,1,""
2384970,DATA,165.5,0.0,4978,5833,97798,1110,1320,1,1,1,""
2385470,DATA,165.3,0.0,5183,5358,73796,1110,1320,1,1,1,""
2385970,DATA,165.0,0.0,3163,4681,87006,1110,1320,1,1,1,""
2386470,DATA,164.5,-2.1,2460,3690,158403,1110,1320,1,1,1,""
2386626,EVENT,164.5,-2.0,1733,3191,178707,1110,1320,1,1,1,"STARTER 1300"
2386990,DATA,164.5,0.0,947,2405,49997,1110,1310,1,1,1,""
2387298,EVENT,164.5,0.0,498,1714,153578,1110,1304,1,1,1,"STARTER 1280"
2387510,DATA,164.5,0.0,841,1415,11997,1110,1298,1,1,1,""
2388010,DATA,164.2,0.0,2975,1847,108433,1110,1284,1,1,1,""
2388510,DATA,164.0,0.0,2643,2574,171619,1110,1280,1,1,1,""
2389010,DATA,163.8,0.0,1012,1964,152415,1110,1280,1,1,1,""
2389510,DATA,163.5,0.0,920,1299,121805,1110,1280,1,1,1,""
2390010,DATA,163.3,-2.1,1040,1025,52195,1110,1280,1,1,1,""
2390510,DATA,163.3,0.0,1937,1338,66603,1110,1280,1,1,1,""
2390635,EVENT,163.0,-2.1,2289,1603,96600,1110,1280,1,1,0,"VALVE2 OFF"
2391010,DATA,162.8,-2.1,2183,1893,133212,1110,1280,1,1,0,""
2391510,DATA,162.8,0.0,900,1556,77405,1110,1280,1,1,0,""
2392010,DATA,162.5,0.0,2109,1750,184807,1110,1280,1,1,0,""
2392510,DATA,162.5,2.1,1507,1769,118182,1110,1280,1,1,0,""
2393010,DATA,162.0,-2.1,579,1255,181205,1110,1280,1,1,0,""
2393510,DATA,161.8,-2.1,197,722,193808,1110,1280,1,1,0,""
2393650,EVENT,161.8,0.0,126,561,195008,1110,1280,1,1,1,"VALVE2 ON"
2394010,DATA,161.5,-2.1,65,375,194400,1110,1280,1,1,1,""
2394510,DATA,161.3,-2.1, 0, 0,194398,1110,1280,1,1,1,""
2395010,DATA,161.3,0.0, 0, 0,194377,1110,1280,1,1,1,""
2395510,DATA,161.0,0.0, 0, 0,194390,1110,1280,1,1,1,""
2396010,DATA,160.8,-2.1, 0, 0,194402,1110,1280,1,1,1,""
2396510,DATA,160.8,0.0, 0, 0,194414,1110,1280,1,1,1,""
2397010,DATA,160.5,0.0, 0, 0,116399,1110,1280,1,1,1,""
2397510,DATA,160.5,0.0, 0, 0,191423,1110,1280,1,1,1,""
2398010,DATA,160.3,0.0, 0, 0,158994,1110,1280,1,1,1,""
2398510,DATA,160.0,-2.1, 0, 0,186028,1110,1280,1,1,1,""
2399010,DATA,159.8,0.0, 0, 0,150598,1110,1280,1,1,1,""
2399510,DATA,159.8,0.0, 0, 0,195012,1110,1280,1,1,1,""
2400010,DATA,159.5,0.0, 0, 0,194384,1110,1280,1,1,1,""
2400510,DATA,159.3,-2.1, 0, 0,194386,1110,1280,1,1,1,""
2401010,DATA,159.3,0.0, 0, 0,193804,1110,1280,1,1,1,""
2401510,DATA,158.8,-2.1, 0, 0,171593,1110,1280,1,1,1,""
2402010,DATA,158.8,0.0, 0, 0,192002,1110,1280,1,1,1,""
2402510,DATA,158.5,0.0, 0, 0,180573,1110,1280,1,1,1,""
2403010,DATA,158.3,0.0, 0, 0,193817,1110,1280,1,1,1,""
2403510,DATA,158.0,0.0, 0, 0,194423,1110,1280,1,1,1,""
2404010,DATA,158.0,2.1, 0, 0,193808,1110,1280,1,1,1,""
2404510,DATA,157.8,0.0, 0, 0,176991,1110,1280,1,1,1,""
2405010,DATA,157.8,0.0, 0, 0,170993,1110,1280,1,1,1,""
2405510,DATA,157.3,-2.1, 0, 0,195023,1110,1280,1,1,1,""
2406010,DATA,157.3,0.0, 0, 0,177018,1110,1280,1,1,1,""
2406510,DATA,157.0,-2.1, 0, 0,194386,1110,1280,1,1,1,""
2407010,DATA,157.0,0.0, 0, 0,194429,1110,1280,1,1,1,""
2407510,DATA,156.8,0.0,4179,4971,154803,1110,1280,1,1,1,""
2408010,DATA,156.5,0.0,1649,3533,195010,1110,1280,1,1,1,""
2408510,DATA,156.3,-2.1,562,2040,194404,1110,1280,1,1,1,""
2409010,DATA,156.3,0.0,186,1062,194375,1110,1280,1,1,1,""
2409510,DATA,156.0,0.0,61,523,195584,1110,1280,1,1,1,""
2410010,DATA,156.0,0.0, 0, 0,194419,1110,1280,1,1,1,""
2410510,DATA,155.8,0.0, 0, 0,194400,1110,1280,1,1,1,""
2411010,DATA,155.5,0.0, 0, 0,184217,1110,1280,1,1,1,""
2411510,DATA,155.5,0.0, 0, 0,195021,1110,1280,1,1,1,""
2412010,DATA,155.3,0.0, 0, 0,154797,1110,1280,1,1,1,""
2412510,DATA,155.0,-2.1, 0, 0,174017,1110,1280,1,1,1,""
2413010,DATA,155.3,0.0, 0, 0,193804,1110,1280,1,1,1,""
2413510,DATA,155.3,-2.1, 0, 0,194392,1110,1280,1,1,1,""
2413544,EVENT,155.5,2.1, 0, 0,194386,1110,1280,1,1,1,"PUMP 1115"
2414010,DATA,155.3,0.0, 0, 0,193827,1111,1280,1,1,1,""
2414510,DATA,155.0,0.0, 0, 0,194406,1114,1280,1,1,1,""
2414882,EVENT,154.8,-2.1, 0, 0,194421,1115,1280,1,1,1,"PUMP 1109"
2415010,DATA,154.8,0.0, 0, 0,193163,1115,1280,1,1,1,""
2415510,DATA,154.5,-2.1, 0, 0,195000,1113,1280,1,1,1,""
2416010,DATA,154.5,0.0, 0, 0,194394,1110,1280,1,1,1,""
2416510,DATA,154.3,0.0, 0, 0,194971,1109,1280,1,1,1,""
2417010,DATA,154.0,0.0, 0, 0,194400,1109,1280,1,1,1,""
2417365,EVENT,153.8,0.0, 0, 0,194373,1109,1280,1,0,1,"VALVE1 OFF"
2417510,DATA,153.5,-2.1, 0, 0,187779,1109,1280,1,0,1,""
2418010,DATA,153.3,0.0, 0, 0,194979,1109,1280,1,0,1,""
2418510,DATA,152.3,-4.2, 0, 0,194977,1109,1280,1,0,1,""
2419010,DATA,151.3,0.0, 0, 0,194414,1109,1280,1,0,1,""
2419317,EVENT,150.3,-2.1, 0, 0,187224,1109,1280,1,1,1,"VALVE1 ON"
2419510,DATA,149.8,-4.2, 0, 0,192631,1109,1280,1,1,1,""
2420010,DATA,149.0,-2.1, 0, 0,195025,1109,1280,1,1,1,""
2420510,DATA,150.3,0.0, 0, 0,195002,1109,1280,1,1,1,""
2421010,DATA,151.5,2.1, 0, 0,190194,1109,1280,1,1,1,""
2421510,DATA,152.3,2.1, 0, 0,193817,1109,1280,1,1,1,""
2422010,DATA,152.8,2.1, 0, 0,195010,1109,1280,1,1,1,""
2422510,DATA,153.3,2.1, 0, 0,194979,1109,1280,1,1,1,""
2423010,DATA,154.0,2.1, 0, 0,180623,1109,1280,1,1,1,""
2423510,DATA,155.3,0.0, 0, 0,192602,1109,1280,1,1,1,""
2424010,DATA,155.8,2.1, 0, 0,194381,1109,1280,1,1,1,""
2424510,DATA,155.8,0.0, 0, 0,194979,1109,1280,1,1,1,""
2425010,DATA,156.3,2.1, 0, 0,194414,1109,1280,1,1,1,""
2425510,DATA,156.5,0.0, 0, 0,186591,1109,1280,1,1,1,""
2426010,DATA,157.0,0.0, 0, 0,193792,1109,1280,1,1,1,""
2426510,DATA,157.3,0.0, 0, 0,193196,1109,1280,1,1,1,""
2427010,DATA,157.5,0.0, 0, 0,193802,1109,1280,1,1,1,""
2427510,DATA,157.8,0.0, 0, 0,194998,1109,1280,1,1,1,""
2428010,DATA,158.0,0.0, 0, 0,190213,1109,1280,1,1,1,""
2428510,DATA,158.5,2.1, 0, 0,191389,1109,1280,1,1,1,""
2429010,DATA,158.8,-2.1, 0, 0,184811,1109,1280,1,1,1,""
2429510,DATA,159.5,0.0, 0, 0,155392,1109,1280,1,1,1,""
2430010,DATA,160.3,2.1,7133,7491,61794,1109,1280,1,1,1,""
2430510,DATA,161.3,2.1,5597,6786,151203,1109,1280,1,1,1,""
2431010,DATA,162.3,2.1,4060,5592,141007,1109,1280,1,1,1,""
2431510,DATA,162.3,0.0,1673,3813,165582,1109,1280,1,1,1,""
2432010,DATA,162.3,0.0,575,2173,194410,1109,1280,1,1,1,""
2432510,DATA,162.3,0.0,190,1125,194979,1109,1280,1,1,1,""
2433010,DATA,162.8,0.0,63,552,177004,1109,1280,1,1,1,""
2433510,DATA,163.3,2.1, 0, 0,194398,1109,1280,1,1,1,""
2434010,DATA,163.5,2.1, 0, 0,193192,1109,1280,1,1,1,""
2434510,DATA,163.8,0.0, 0, 0,194369,1109,1280,1,1,1,""
2435010,DATA,164.2,2.1, 0, 0,194971,1109,1280,1,1,1,""
2435510,DATA,164.5,0.0, 0, 0,194404,1109,1280,1,1,1,""
2436010,DATA,164.8,0.0, 0, 0,194400,1109,1280,1,1,1,""
2436510,DATA,165.3,2.1, 0, 0,194404,1109,1280,1,1,1,""
2437010,DATA,165.3,0.0, 0, 0,193816,1109,1280,1,1,1,""
2437510,DATA,165.8,2.1, 0, 0,194369,1109,1280,1,1,1,""
2438010,DATA,166.0,0.0, 0, 0,194396,1109,1280,1,1,1,""
2438510,DATA,166.3,2.1, 0, 0,194988,1109,1280,1,1,1,""
2439010,DATA,166.8,2.1, 0, 0,194982,1109,1280,1,1,1,""
2439510,DATA,167.0,2.1, 0, 0,195010,1109,1280,1,1,1,""
2440010,DATA,167.3,2.1, 0, 0,194418,1109,1280,1,1,1,""
2440195,EVENT,167.3,0.0, 0, 0,194412,1109,1280,0,1,1,"IGN OFF"
2440510,DATA,167.5,2.1, 0, 0,158408,1109,1280,0,1,1,""
2441010,DATA,167.5,0.0, 0, 0,157181,1109,1280,0,1,1,""
2441510,DATA,167.5,0.0, 0, 0,158411,1109,1280,0,1,1,""
2442010,DATA,167.5,0.0, 0, 0,156602,1109,1280,0,1,1,""
2442510,DATA,167.5,0.0, 0, 0,158395,1109,1280,0,1,1,""
2443010,DATA,167.5,0.0, 0, 0,157202,1109,1280,0,1,1,""
2443510,DATA,167.8,2.1, 0, 0,159595,1109,1280,0,1,1,""
2444010,DATA,167.5,-2.1, 0, 0,156589,1109,1280,0,1,1,""
2444510,DATA,167.5,0.0, 0, 0,158394,1109,1280,0,1,1,""
2445010,DATA,167.3,0.0, 0, 0,157778,1109,1280,0,1,1,""
2445385,EVENT,167.0,0.0, 0, 0,159040,1109,1280,1,1,1,"IGN ON"
2445510,DATA,166.5,-4.2, 0, 0,157805,1109,1280,1,1,1,""
2446010,DATA,166.3,0.0, 0, 0,192602,1109,1280,1,1,1,""
2446510,DATA,166.8,2.1, 0, 0,193816,1109,1280,1,1,1,""
2447010,DATA,167.0,2.1, 0, 0,195598,1109,1280,1,1,1,""
2447510,DATA,166.8,0.0, 0, 0,193781,1109,1280,1,1,1,""
2448010,DATA,167.0,0.0, 0, 0,193829,1109,1280,1,1,1,""
2448510,DATA,167.0,0.0, 0, 0,194381,1109,1280,1,1,1,""
2448618,EVENT,167.0,0.0, 0, 0,180005,1109,1280,1,1,1,"PUMP 1114"
2449010,DATA,167.0,0.0, 0, 0,194381,1110,1280,1,1,1,""
2449510,DATA,167.3,0.0, 0, 0,193800,1112,1280,1,1,1,""
2450010,DATA,167.3,0.0, 0, 0,194421,1114,1280,1,1,1,""
2450510,DATA,167.3,0.0, 0, 0,194427,1114,1280,1,1,1,""
2451010,DATA,167.5,0.0, 0, 0,194992,1114,1280,1,1,1,""
2451510,DATA,167.5,0.0, 0, 0,194412,1114,1280,1,1,1,""
2452010,DATA,167.0,0.0, 0, 0,194975,1114,1280,1,1,1,""
2452510,DATA,166.8,0.0, 0, 0,194379,1114,1280,1,1,1,""
2453010,DATA,166.3,-2.1, 0, 0,194396,1114,1280,1,1,1,""
2453510,DATA,166.0,0.0, 0, 0,195614,1114,1280,1,1,1,""
2454510,DATA,165.5,0.0, 0, 0,195002,1114,1280,1,1,1,""
2455010,DATA,165.0,-2.1, 0, 0,194402,1114,1280,1,1,1,""
2455510,DATA,164.8,0.0, 0, 0,195000,1114,1280,1,1,1,""
2455577,EVENT,164.8,0.0, 0, 0,195000,1114,1280,1,1,0,"VALVE2 OFF"
2456010,DATA,164.5,0.0, 0, 0,194986,1114,1280,1,1,0,""
2456510,DATA,164.0,0.0, 0, 0,194392,1114,1280,1,1,0,""
2457010,DATA,163.5,-2.1, 0, 0,194423,1114,1280,1,1,0,""
2457510,DATA,163.3,0.0, 0, 0,194400,1114,1280,1,1,0,""
2458010,DATA,162.8,0.0, 0, 0,195598,1114,1280,1,1,0,""
2458510,DATA,162.5,0.0, 0, 0,194977,1114,1280,1,1,0,""
2459010,DATA,162.0,-2.1, 0, 0,194418,1114,1280,1,1,0,""
2459510,DATA,161.8,0.0, 0, 0,195000,1114,1280,1,1,0,""
2460010,DATA,161.3,-2.1, 0, 0,194414,1114,1280,1,1,0,""
2460202,EVENT,161.3,0.0, 0, 0,194398,1114,1280,0,1,0,"IGN OFF"
2460510,DATA,161.0,0.0, 0, 0,157191,1114,1280,0,1,0,""
2460594,EVENT,160.8,-2.1, 0, 0,157191,1114,1280,1,1,0,"IGN ON"
2461010,DATA,160.3,-2.1, 0, 0,194419,1114,1280,1,1,0,""
2461510,DATA,160.0,-2.1, 0, 0,195584,1114,1280,1,1,0,""
2462010,DATA,159.5,-2.1, 0, 0,194412,1114,1280,1,1,0,""
2462510,DATA,159.0,0.0, 0, 0,195592,1114,1280,1,1,0,""
2463010,DATA,158.8,0.0, 0, 0,194423,1114,1280,1,1,0,""
2463218,EVENT,158.5,-2.1, 0, 0,195008,1114,1280,1,1,0,"PUMP 1119"
2463510,DATA,158.3,-2.1, 0, 0,194388,1114,1280,1,1,0,""
2464010,DATA,158.0,0.0, 0, 0,195002,1117,1280,1,1,0,""
2464227,EVENT,158.0,0.0, 0, 0,195018,1118,1280,1,1,0,"PUMP 1114"
2464420,EVENT,157.8,0.0, 0, 0,195055,1118,1280,1,1,0,"PUMP 1109"
2464510,DATA,157.8,0.0, 0, 0,167365,1118,1280,1,1,0,""
2464611,EVENT,157.8,0.0, 0, 0,190832,1118,1280,1,1,0,"PUMP 1104"
2465010,DATA,157.5,0.0, 0, 0,195602,1116,1280,1,1,0,""
2465510,DATA,156.8,-2.1, 0, 0,195618,1109,1280,1,1,0,""
2465930,EVENT,156.5,0.0, 0, 0,193889,1105,1280,1,1,0,"PUMP 1101"
2466010,DATA,156.3,-2.1, 0, 0,194386,1105,1280,1,1,0,""
2466510,DATA,156.0,-2.1, 0, 0,195002,1104,1280,1,1,0,""
2467010,DATA,155.5,0.0, 0, 0,195078,1102,1280,1,1,0,""
2467510,DATA,155.0,0.0, 0, 0,195100,1101,1280,1,1,0,""
2468010,DATA,154.5,0.0, 0, 0,195084,1101,1280,1,1,0,""
2468510,DATA,154.0,0.0, 0, 0,193905,1101,1280,1,1,0,""
2469010,DATA,153.3,-2.1, 0, 0,194468,1101,1280,1,1,0,""
2469510,DATA,153.0,0.0, 0, 0,195068,1101,1280,1,1,0,""
2470010,DATA,152.5,0.0, 0, 0,194474,1101,1280,1,1,0,""
2470510,DATA,152.0,-2.1, 0, 0,194462,1101,1280,1,1,0,""
2471010,DATA,151.5,0.0, 0, 0,195072,1101,1280,1,1,0,""
2471510,DATA,151.0,0.0, 0, 0,195665,1101,1280,1,1,0,""
2472010,DATA,150.8,0.0, 0, 0,195076,1101,1280,1,1,0,""
2472510,DATA,150.0,-2.1, 0, 0,195655,1101,1280,1,1,0,""
2472970,EVENT,149.8,-2.1, 0, 0,195055,1101,1280,0,1,0,"IGN OFF"
2473010,DATA,149.8,-2.1, 0, 0,195055,1101,1280,0,1,0,""
2473510,DATA,149.5,0.0, 0, 0,156660,1101,1280,0,1,0,""
2474010,DATA,148.8,-2.1, 0, 0,154856,1101,1280,0,1,0,""
2474264,EVENT,148.5,-2.1, 0, 0,157198,1101,1280,1,1,0,"IGN ON"
2474510,DATA,148.3,0.0, 0, 0,194513,1101,1280,1,1,0,""
2475010,DATA,148.0,0.0, 0, 0,195064,1101,1280,1,1,0,""
2475510,DATA,147.3,-2.1, 0, 0,195647,1101,1280,1,1,0,""
2475981,EVENT,147.0,0.0, 0, 0,195066,1101,1280,0,1,0,"IGN OFF"
2476010,DATA,147.0,0.0, 0, 0,195066,1101,1280,0,1,0,""
2476510,DATA,146.5,-2.1, 0, 0,156652,1101,1280,0,1,0,""
2477010,DATA,146.0,0.0, 0, 0,156037,1101,1280,0,1,0,""
2477510,DATA,145.5,-2.1, 0, 0,157260,1101,1280,0,1,0,""
2478010,DATA,145.0,-2.1, 0, 0,156056,1101,1280,0,1,0,""
2478510,DATA,144.8,0.0, 0, 0,157236,1101,1280,0,1,0,""
2479010,DATA,144.0,-2.1, 0, 0,156041,1101,1280,0,1,0,""
2479510,DATA,143.8,0.0, 0, 0,157257,1101,1280,0,1,0,""
2479948,EVENT,143.3,0.0, 0, 0,156045,1101,1280,1,1,0,"IGN ON"
2480010,DATA,143.3,0.0, 0, 0,156045,1101,1280,1,1,0,""
2480510,DATA,142.5,0.0, 0, 0,195068,1101,1280,1,1,0,""
2481010,DATA,142.3,0.0, 0, 0,195049,1101,1280,1,1,0,""
2481217,EVENT,142.0,0.0, 0, 0,165631,1101,1280,1,1,1,"VALVE2 ON"
2481510,DATA,141.8,0.0, 0, 0,195098,1101,1280,1,1,1,""
2482010,DATA,141.3,0.0, 0, 0,194480,1101,1280,1,1,1,""
2482510,DATA,140.8,0.0, 0, 0,195062,1101,1280,1,1,1,""
2483010,DATA,140.3,-2.1, 0, 0,195647,1101,1280,1,1,1,""
2483510,DATA,139.8,0.0, 0, 0,195053,1101,1280,1,1,1,""
2484010,DATA,139.5,0.0, 0, 0,194460,1101,1280,1,1,1,""
2484510,DATA,139.0,-2.1, 0, 0,195062,1101,1280,1,1,1,""
2485010,DATA,138.8,0.0, 0, 0,194441,1101,1280,1,1,1,""
2485510,DATA,138.3,-2.1, 0, 0,195062,1101,1280,1,1,1,""
2486010,DATA,137.8,-2.1, 0, 0,194466,1101,1280,1,1,1,""
2486457,EVENT,137.5,-2.1, 0, 0,195641,1101,1280,1,1,1,"STARTER 1300"
2486510,DATA,137.5,-2.1, 0, 0,195641,1101,1282,1,1,1,""
2487010,DATA,136.8,-2.1,4444,5285,166839,1101,1294,1,1,1,""
2487510,DATA,136.3,-2.1,2153,4110,194379,1101,1300,1,1,1,""
2488010,DATA,135.8,-2.1,744,2446,194396,1101,1300,1,1,1,""
2488510,DATA,135.3,-2.1,247,1294,194979,1101,1300,1,1,1,""
2489010,DATA,134.8,0.0,81,643,194398,1101,1300,1,1,1,""
2489495,EVENT,134.5,2.1, 0, 0,194392,1101,1300,1,1,1,"STARTER 1320"
2489510,DATA,134.5,2.1, 0, 0,194381,1101,1301,1,1,1,""
2490010,DATA,133.8,0.0, 0, 0,155990,1101,1313,1,1,1,""
2490510,DATA,132.8,-2.1, 0, 0,195014,1101,1320,1,1,1,""
2491010,DATA,132.5,0.0, 0, 0,194400,1101,1320,1,1,1,""
2491510,DATA,131.8,-2.1, 0, 0,195029,1101,1320,1,1,1,""
2492010,DATA,131.3,0.0, 0, 0,194418,1101,1320,1,1,1,""
2492510,DATA,130.8,0.0, 0, 0,194383,1101,1320,1,1,1,""
2493010,DATA,130.3,0.0, 0, 0,195588,1101,1320,1,1,1,""
2493059,EVENT,130.0,-2.1, 0, 0,195588,1101,1320,0,1,1,"IGN OFF"
2493510,DATA,129.5,-2.1, 0, 0,156006,1101,1320,0,1,1,""
2494010,DATA,129.0,0.0, 0, 0,157811,1101,1320,0,1,1,""
2494510,DATA,128.5,0.0, 0, 0,157198,1101,1320,0,1,1,""
2495010,DATA,128.0,0.0, 0, 0,157805,1101,1320,0,1,1,""
2495510,DATA,127.2,-2.1, 0, 0,156606,1101,1320,0,1,1,""
2496010,DATA,126.8,-2.0, 0, 0,157822,1101,1320,0,1,1,""
2496510,DATA,126.0,-2.1, 0, 0,157200,1101,1320,0,1,1,""
2497010,DATA,125.5,-2.1, 0, 0,157794,1101,1320,0,1,1,""
2497417,EVENT,125.0,-2.1, 0, 0,157198,1101,1320,0,0,1,"VALVE1 OFF"
2497510,DATA,125.0,0.0, 0, 0,177584,1101,1320,0,0,1,""
2498010,DATA,124.5,-2.1, 0, 0,154212,1101,1320,0,0,1,""
2498818,EVENT,123.0,0.0, 0, 0,166782,1000,1320,0,0,0,"PUMP OFF"
2499010,DATA,122.7,-2.0, 0, 0,164998,1000,1320,0,0,0,""
2499510,DATA,121.3,-4.2, 0, 0,153005,1000,1320,0,0,0,""
2500010,DATA,120.5,0.0, 0, 0,154214,1000,1320,0,0,0,""
2500510,DATA,119.5,-2.1, 0, 0,156000,1000,1320,0,0,0,""
2501010,DATA,118.7,0.0, 0, 0,152339,1000,1320,0,0,0,""
2501510,DATA,117.7,-2.1, 0, 0,153223,1000,1320,0,0,0,""
2502010,DATA,117.0,0.0, 0, 0,152033,1000,1320,0,0,0,""
2502510,DATA,116.3,0.0, 0, 0,153238,1000,1320,0,0,0,""
2503010,DATA,115.0,-4.2, 0, 0,152061,1000,1320,0,0,0,""
2503510,DATA,114.3,0.0, 0, 0,153220,1000,1320,0,0,0,""
2504010,DATA,113.3,-4.2, 0, 0,152031,1000,1320,0,0,0,""
2504510,DATA,112.7,0.0, 0, 0,153817,1000,1320,0,0,0,""
2505010,DATA,111.7,-2.0, 0, 0,152033,1000,1320,0,0,0,""
2505510,DATA,111.2,0.0, 0, 0,153217,1000,1320,0,0,0,""
2506010,DATA,110.0,-2.1, 0, 0,152054,1000,1320,0,0,0,""
2506510,DATA,109.2,-4.2, 0, 0,154416,1000,1320,0,0,0,""
2507010,DATA,108.8,0.0, 0, 0,152036,1000,1320,0,0,0,""
2507510,DATA,108.0,0.0, 0, 0,153225,1000,1320,0,0,0,""
2508010,DATA,107.0,-2.0, 0, 0,152039,1000,1320,0,0,0,""
2508510,DATA,106.2,-2.1, 0, 0,153813,1000,1320,0,0,0,""
2509010,DATA,105.2,-2.1, 0, 0,152043,1000,1320,0,0,0,""
2509510,DATA,104.5,-4.2, 0, 0,152626,1000,1320,0,0,0,""
2510010,DATA,103.8,-2.1, 0, 0,152635,1000,1320,0,0,0,""
2510510,DATA,103.0,-2.1, 0, 0,153805,1000,1320,0,0,0,""
2511010,DATA,102.5,0.0, 0, 0,152637,1000,1320,0,0,0,""
2511510,DATA,101.8,-2.1, 0, 0,153799,1000,1320,0,0,0,""
2512010,DATA,101.2,0.0, 0, 0,152652,1000,1320,0,0,0,""
2512510,DATA,100.0,-4.2, 0, 0,154414,1000,1320,0,0,0,""
2513010,DATA,99.5,0.0, 0, 0,152022,1000,1320,0,0,0,""
2513510,DATA,98.7,-2.1, 0, 0,154388,1000,1320,0,0,0,""
2514010,DATA,98.0,-2.0, 0, 0,152628,1000,1320,0,0,0,""
2514510,DATA,97.5,0.0, 0, 0,153808,1000,1320,0,0,0,""
2515010,DATA,96.7,-2.1, 0, 0,151467,1000,1320,0,0,0,""
2515510,DATA,96.0,0.0, 0, 0,153802,1000,1320,0,0,0,""
2516010,DATA,95.2,0.0, 0, 0,152037,1000,1320,0,0,0,""
2516510,DATA,94.8,0.0, 0, 0,153813,1000,1320,0,0,0,""
2517010,DATA,94.0,0.0, 0, 0,152629,1000,1320,0,0,0,""
2517510,DATA,93.3,-2.1, 0, 0,153807,1000,1320,0,0,0,""
2518010,DATA,92.7,-2.1, 0, 0,152657,1000,1320,0,0,0,""
2518510,DATA,92.0,-2.1, 0, 0,153816,1000,1320,0,0,0,""
2519010,DATA,91.5,0.0, 0, 0,152629,1000,1320,0,0,0,""
2519510,DATA,90.8,-2.1, 0, 0,154399,1000,1320,0,0,0,""
2520010,DATA,90.0,-2.0, 0, 0,152617,1000,1320,0,0,0,""
2520510,DATA,89.5,-2.1, 0, 0,153816,1000,1320,0,0,0,""
2521010,DATA,89.0,-2.1, 0, 0,152657,1000,1320,0,0,0,""
2521510,DATA,88.3,-2.1, 0, 0,153232,1000,1320,0,0,0,""
2522010,DATA,87.7,-2.1, 0, 0,153222,1000,1320,0,0,0,""
2522510,DATA,87.3,0.0, 0, 0,153825,1000,1320,0,0,0,""
2523010,DATA,86.7,0.0, 0, 0,152623,1000,1320,0,0,0,""
2523510,DATA,86.2,0.0, 0, 0,153814,1000,1320,0,0,0,""
2524010,DATA,85.8,0.0, 0, 0,152061,1000,1320,0,0,0,""
2524510,DATA,85.0,-2.1, 0, 0,153804,1000,1320,0,0,0,""
2525010,DATA,84.5,0.0, 0, 0,152049,1000,1320,0,0,0,""
2525510,DATA,83.7,0.0, 0, 0,153225,1000,1320,0,0,0,""
2526010,DATA,83.3,-2.0, 0, 0,152634,1000,1320,0,0,0,""
2526510,DATA,83.0,0.0, 0, 0,153829,1000,1320,0,0,0,""
2527010,DATA,82.5,0.0, 0, 0,152652,1000,1320,0,0,0,""
2527510,DATA,81.7,-2.1, 0, 0,154413,1000,1320,0,0,0,""
2528010,DATA,81.2,-2.1, 0, 0,152048,1000,1320,0,0,0,""
2528510,DATA,81.0,0.0, 0, 0,154396,1000,1320,0,0,0,""
2529010,DATA,80.2,-2.0, 0, 0,152022,1000,1320,0,0,0,""
2529510,DATA,80.0,0.0, 0, 0,153797,1000,1320,0,0,0,""
2530010,DATA,79.5,0.0, 0, 0,152655,1000,1320,0,0,0,""
2530510,DATA,79.0,-2.1, 0, 0,154420,1000,1320,0,0,0,""
2531010,DATA,78.5,-2.1, 0, 0,152635,1000,1320,0,0,0,""
2531510,DATA,78.0,-2.1, 0, 0,154410,1000,1320,0,0,0,""
2532010,DATA,77.7,-2.0, 0, 0,152634,1000,1320,0,0,0,""
2532510,DATA,77.2,0.0, 0, 0,154396,1000,1320,0,0,0,""
2533010,DATA,76.7,0.0, 0, 0,152654,1000,1320,0,0,0,""
2533510,DATA,76.5,0.0, 0, 0,153811,1000,1320,0,0,0,""
2534010,DATA,75.8,-2.1, 0, 0,152654,1000,1320,0,0,0,""
2534510,DATA,75.5,0.0, 0, 0,154410,1000,1320,0,0,0,""
2535010,DATA,75.0,0.0, 0, 0,152642,1000,1320,0,0,0,""
2535510,DATA,74.7,0.0, 0, 0,153826,1000,1320,0,0,0,""
2536010,DATA,74.2,0.0, 0, 0,149085,1000,1320,0,0,0,""
2536510,DATA,73.7,-2.1,4687,5033,153770,1000,1320,0,0,0,""
2537010,DATA,73.3,-2.1,1994,3808,152595,1000,1320,0,0,0,""
2537510,DATA,73.0,0.0,689,2266,154338,1000,1320,0,0,0,""
2538010,DATA,72.5,-2.0,229,1199,151424,1000,1320,0,0,0,""
2538510,DATA,72.0,-2.1,75,596,153819,1000,1320,0,0,0,""
2539010,DATA,71.7,-2.1, 0, 0,152648,1000,1320,0,0,0,""
2539510,DATA,71.5,0.0, 0, 0,153805,1000,1320,0,0,0,""
2540010,DATA,71.2,0.0, 0, 0,152649,1000,1320,0,0,0,""
2540510,DATA,70.8,0.0, 0, 0,155002,1000,1320,0,0,0,""
2541010,DATA,70.2,0.0, 0, 0,152626,1000,1320,0,0,0,""
2541510,DATA,69.7,-2.1, 0, 0,153826,1000,1320,0,0,0,""
2542010,DATA,69.5,0.0, 0, 0,152654,1000,1320,0,0,0,""
2542510,DATA,69.2,0.0, 0, 0,154417,1000,1320,0,0,0,""
2543010,DATA,69.0,0.0, 0, 0,152652,1000,1320,0,0,0,""
2543510,DATA,68.5,0.0, 0, 0,154422,1000,1320,0,0,0,""
2544010,DATA,68.3,0.0, 0, 0,163934,1000,1320,0,0,0,""
2544510,DATA,67.7,-2.1, 0, 0,153819,1000,1320,0,0,0,""
2545010,DATA,67.5,0.0, 0, 0,153225,1000,1320,0,0,0,""
2545510,DATA,67.2,-2.1, 0, 0,154417,1000,1320,0,0,0,""
2546010,DATA,67.0,0.0, 0, 0,152663,1000,1320,0,0,0,""
2546510,DATA,66.5,-2.1, 0, 0,154393,1000,1320,0,0,0,""
2547010,DATA,66.2,0.0, 0, 0,152642,1000,1320,0,0,0,""
2547510,DATA,66.0,0.0, 0, 0,153823,1000,1320,0,0,0,""
2548010,DATA,65.5,-2.1, 0, 0,153245,1000,1320,0,0,0,""
2548510,DATA,65.5,0.0, 0, 0,153817,1000,1320,0,0,0,""
2549010,DATA,65.0,-2.1, 0, 0,153248,1000,1320,0,0,0,""
2549510,DATA,64.7,-2.1, 0, 0,153823,1000,1320,0,0,0,""
2550010,DATA,64.2,-2.0, 0, 0,153237,1000,1320,0,0,0,""
2550510,DATA,64.0,-2.1, 0, 0,153819,1000,1320,0,0,0,""
2551010,DATA,63.7,-2.1, 0, 0,152643,1000,1320,0,0,0,""
2551511,DATA,63.7,0.0, 0, 0,154405,1000,1320,0,0,0,""
2552012,DATA,63.3,0.0, 0, 0,152064,1000,1320,0,0,0,""
2552513,DATA,63.0,-2.1, 0, 0,154419,1000,1320,0,0,0,""
2553014,DATA,63.0,2.0, 0, 0,152652,1000,1320,0,0,0,""
2553325,EVENT,62.5,-2.1, 0, 0,156611,1000,1320,0,1,0,"VALVE1 ON"
2553515,DATA,62.5,0.0, 0, 0,155604,1000,1320,0,1,0,""
2554016,DATA,62.2,0.0, 0, 0,154440,1000,1320,0,1,0,""
2554517,DATA,62.0,0.0, 0, 0,155602,1000,1320,0,1,0,""
2555018,DATA,61.7,0.0, 0, 0,154417,1000,1320,0,1,0,""
2555519,DATA,61.5,0.0, 0, 0,155607,1000,1320,0,1,0,""
2555672,EVENT,61.2,-2.1, 0, 0,178232,1000,1320,1,1,0,"IGN ON"
2556020,DATA,60.5,0.0, 0, 0,191202,1000,1320,1,1,0,""
2556521,DATA,60.5,0.0, 0, 0,193612,1000,1320,1,1,0,""
2556962,EVENT,60.5,0.0, 0, 0,194982,1000,1320,1,1,0,"PUMP 1045"
2557022,DATA,60.2,-2.1, 0, 0,194765,1000,1320,1,1,0,""
2557530,DATA,60.2,0.0, 0, 0,48127,1013,1320,1,1,0,""
2558050,DATA,60.0,0.0,5986,5986,2500,1035,1320,1,1,0,""
2558550,DATA,59.7,0.0,5986,5986,158995,1045,1320,1,1,0,""
2559050,DATA,59.5,0.0,3458,5201,196202,1045,1320,1,1,0,""
2559550,DATA,59.2,0.0,1249,3339,196227,1045,1320,1,1,0,""
2560050,DATA,59.0,0.0,418,1835,196786,1045,1320,1,1,0,""
2560208,EVENT,59.0,0.0,269,1409,172222,1045,1320,1,1,0,"PUMP 1050"
2560550,DATA,58.7,-2.1,138,931,196180,1046,1320,1,1,0,""
2561050,DATA,58.7,0.0, 0, 0,196788,1048,1320,1,1,0,""
2561550,DATA,58.5,0.0, 0, 0,196200,1050,1320,1,1,0,""
2562050,DATA,58.3,0.0, 0, 0,196196,1050,1320,1,1,0,""
2562550,DATA,58.3,0.0, 0, 0,196200,1050,1320,1,1,0,""
2563050,DATA,58.3,0.0, 0, 0,196204,1050,1320,1,1,0,""
2563550,DATA,58.5,0.0, 0, 0,196229,1050,1320,1,1,0,""
2564022,EVENT,58.5,0.0, 0, 0,195610,1050,1320,1,1,0,"PUMP 1055"
2564050,DATA,58.5,0.0, 0, 0,195610,1050,1320,1,1,0,""
2564550,DATA,58.5,-2.1, 0, 0,196780,1051,1320,1,1,0,""
2565050,DATA,58.5,0.0, 0, 0,196206,1054,1320,1,1,0,""
2565550,DATA,58.5,0.0, 0, 0,195598,1055,1320,1,1,0,""
2566050,DATA,58.3,-2.1, 0, 0,195614,1055,1320,1,1,0,""
2566550,DATA,58.5,2.1, 0, 0,196198,1055,1320,1,1,0,""
2567050,DATA,58.5,0.0, 0, 0,195014,1055,1320,1,1,0,""
2567383,EVENT,58.5,0.0, 0, 0,195584,1055,1320,1,1,0,"PUMP 1060"
2567550,DATA,58.3,-2.1, 0, 0,195618,1055,1320,1,1,0,""
2568050,DATA,58.5,0.0, 0, 0,196188,1057,1320,1,1,0,""
2568550,DATA,58.3,0.0, 0, 0,196210,1059,1320,1,1,0,""
2569050,DATA,58.3,0.0, 0, 0,196188,1060,1320,1,1,0,""
2569550,DATA,58.3,0.0, 0, 0,196194,1060,1320,1,1,0,""
2570050,DATA,58.3,0.0, 0, 0,195573,1060,1320,1,1,0,""
2570354,EVENT,58.3,0.0, 0, 0,195618,1060,1320,1,1,0,"PUMP 1065"
2570550,DATA,58.3,0.0, 0, 0,195021,1060,1320,1,1,0,""
2571050,DATA,58.3,0.0, 0, 0,196788,1062,1320,1,1,0,""
2571550,DATA,58.0,-2.1, 0, 0,194986,1064,1320,1,1,0,""
2572050,DATA,58.3,0.0, 0, 0,195600,1065,1320,1,1,0,""
2572500,EVENT,58.3,0.0, 0, 0,196204,1065,1320,1,1,0,"PUMP 1070"
2572550,DATA,58.3,0.0, 0, 0,196204,1065,1320,1,1,0,""
2573050,DATA,58.3,0.0, 0, 0,196206,1067,1320,1,1,0,""
2573550,DATA,58.3,0.0, 0, 0,196784,1069,1320,1,1,0,""
2574050,DATA,58.3,0.0, 0, 0,196200,1070,1320,1,1,0,""
2574550,DATA,58.3,0.0, 0, 0,196224,1070,1320,1,1,0,""
2575050,DATA,58.3,0.0, 0, 0,195600,1070,1320,1,1,0,""
2575550,DATA,58.3,0.0, 0, 0,196202,1070,1320,1,1,0,""
2576050,DATA,58.3,0.0, 0, 0,196173,1070,1320,1,1,0,""
2576550,DATA,58.3,0.0, 0, 0,196786,1070,1320,1,1,0,""
2576717,EVENT,58.0,-2.0, 0, 0,175293,1070,1320,1,1,0,"PUMP 1075"
2577050,DATA,58.3,0.0, 0, 0,196194,1071,1320,1,1,0,""
2577550,DATA,58.3,0.0, 0, 0,196200,1073,1320,1,1,0,""
2578050,DATA,58.3,0.0, 0, 0,195588,1075,1320,1,1,0,""
2578550,DATA,58.3,0.0, 0, 0,195016,1075,1320,1,1,0,""
2579050,DATA,58.3,0.0, 0, 0,196194,1075,1320,1,1,0,""
2579550,DATA,58.3,0.0, 0, 0,195627,1075,1320,1,1,0,""
2580050,DATA,58.3,2.1, 0, 0,196188,1075,1320,1,1,0,""
2580550,DATA,58.3,0.0, 0, 0,196798,1075,1320,1,1,0,""
2581050,DATA,58.0,0.0, 0, 0,196800,1075,1320,1,1,0,""
2581342,EVENT,58.0,0.0, 0, 0,195610,1075,1320,1,1,0,"PUMP 1080"
2581550,DATA,58.0,0.0, 0, 0,191415,1075,1320,1,1,0,""
2582050,DATA,58.0,0.0, 0, 0,196192,1077,1320,1,1,0,""
2582550,DATA,58.0,2.1, 0, 0,196208,1080,1320,1,1,0,""
2583050,DATA,58.0,0.0, 0, 0,196798,1080,1320,1,1,0,""
2583550,DATA,58.0,2.1, 0, 0,195602,1080,1320,1,1,0,""
2584050,DATA,57.7,0.0, 0, 0,196176,1080,1320,1,1,0,""
2584550,DATA,57.7,0.0, 0, 0,195580,1080,1320,1,1,0,""
2585050,DATA,57.5,0.0, 0, 0,169780,1080,1320,1,1,0,""
2585071,EVENT,57.5,0.0, 0, 0,169780,1080,1320,1,1,0,"PUMP 1085"
2585550,DATA,57.5,0.0, 0, 0,193802,1081,1320,1,1,0,""
2586050,DATA,57.5,-2.1, 0, 0,196198,1084,1320,1,1,0,""
2586118,EVENT,57.5,0.0, 0, 0,196198,1084,1320,0,1,0,"IGN OFF"
2586550,DATA,57.7,0.0, 0, 0,157794,1085,1320,0,1,0,""
2586750,EVENT,57.5,0.0, 0, 0,156206,1085,1320,1,1,0,"IGN ON"
2587050,DATA,57.5,-2.1, 0, 0,162602,1085,1320,1,1,0,""
2587550,DATA,57.5,0.0, 0, 0,175205,1085,1320,1,1,0,""
2588050,DATA,57.2,-2.1, 0, 0,189008,1085,1320,1,1,0,""
2588550,DATA,57.2,-2.1, 0, 0,196784,1085,1320,1,1,0,""
2589050,DATA,57.2,0.0, 0, 0,196192,1085,1320,1,1,0,""
2589550,DATA,57.2,0.0, 0, 0,196206,1085,1320,1,1,0,""
2590050,DATA,57.2,0.0, 0, 0,195620,1085,1320,1,1,0,""
2590550,DATA,57.0,0.0, 0, 0,196180,1085,1320,1,1,0,""
2591050,DATA,57.2,2.1, 0, 0,195578,1085,1320,1,1,0,""
2591550,DATA,57.0,-2.1, 0, 0,195594,1085,1320,1,1,0,""
2592050,DATA,57.0,0.0, 0, 0,192621,1085,1320,1,1,0,""
2592550,DATA,56.7,-2.1, 0, 0,196200,1085,1320,1,1,0,""
2593050,DATA,56.7,0.0, 0, 0,196200,1085,1320,1,1,0,""
2593550,DATA,56.7,0.0, 0, 0,196204,1085,1320,1,1,0,""
2594050,DATA,56.7,0.0, 0, 0,194992,1085,1320,1,1,0,""
2594550,DATA,56.7,0.0, 0, 0,195598,1085,1320,1,1,0,""
2595007,EVENT,56.7,0.0, 0, 0,195602,1085,1320,1,1,0,"PUMP 1090"
2595050,DATA,56.7,0.0, 0, 0,194992,1085,1320,1,1,0,""
2595550,DATA,56.5,0.0, 0, 0,196182,1086,1320,1,1,0,""
2596050,DATA,56.5,0.0, 0, 0,196190,1089,1320,1,1,0,""
2596550,DATA,56.5,0.0, 0, 0,195586,1090,1320,1,1,0,""
2597050,DATA,56.2,-2.1, 0, 0,195602,1090,1320,1,1,0,""
2597153,EVENT,56.2,-2.1, 0, 0,185293,1090,1320,0,1,0,"IGN OFF"
2597550,DATA,56.2,-2.1, 0, 0,157809,1090,1320,0,1,0,""
2598050,DATA,56.2,0.0, 0, 0,155998,1090,1320,0,1,0,""
2598550,DATA,56.2,0.0, 0, 0,157800,1090,1320,0,1,0,""
2599050,DATA,56.2,0.0, 0, 0,156602,1090,1320,0,1,0,""
2599057,EVENT,56.2,0.0, 0, 0,156602,1090,1320,0,0,0,"VALVE1 OFF"
2599550,DATA,56.2,0.0, 0, 0,155416,1000,1320,0,0,0,""
2599801,EVENT,56.2,0.0, 0, 0,155433,1000,1320,0,1,0,"VALVE1 ON"
2600050,DATA,56.0,-2.1, 0, 0,156606,1000,1320,0,1,0,""
2600550,DATA,56.0,0.0, 0, 0,158397,1000,1320,0,1,0,""
2601050,DATA,55.8,0.0, 0, 0,156005,1000,1320,0,1,0,""
2601297,EVENT,55.5,-2.1, 0, 0,157855,1000,1320,1,1,0,"IGN ON"
2601550,DATA,55.2,0.0, 0, 0,195000,1000,1320,1,1,0,""
2602050,DATA,55.0,-2.1, 0, 0,195582,1000,1320,1,1,0,""
2602550,DATA,54.7,0.0, 0, 0,195616,1000,1320,1,1,0,""
2603050,DATA,54.5,-2.1, 0, 0,196182,1000,1320,1,1,0,""
2603550,DATA,54.5,0.0, 0, 0,196204,1000,1320,1,1,0,""
2604050,DATA,54.2,0.0, 0, 0,195602,1000,1320,1,1,0,""
2604550,DATA,54.2,0.0, 0, 0,196198,1000,1320,1,1,0,""
2605050,DATA,54.0,0.0, 0, 0,195610,1000,1320,1,1,0,""
2605550,DATA,54.0,0.0, 0, 0,195002,1000,1320,1,1,0,""
2606050,DATA,53.7,0.0, 0, 0,195590,1000,1320,1,1,0,""
2606550,DATA,53.5,0.0, 0, 0,195620,1000,1320,1,1,0,""
2607038,EVENT,53.3,-2.1, 0, 0,196208,1000,1320,1,1,0,"PUMP 1045"
2607050,DATA,53.3,-2.1, 0, 0,196208,1000,1320,1,1,0,""
2607570,DATA,53.3,0.0, 0, 0,85587,1011,1320,1,1,0,""
2608090,DATA,53.0,0.0,5986,5986,1500,1034,1320,1,1,0,""
2608590,DATA,53.0,0.0,5986,5986,186000,1045,1320,1,1,0,""
2609090,DATA,52.7,0.0,3376,5153,190794,1045,1320,1,1,0,""
2609115,EVENT,52.7,0.0,3376,5153,190794,1045,1320,1,1,0,"PUMP 1050"
2609590,DATA,53.0,0.0,1216,3291,196194,1046,1320,1,1,0,""
2609884,EVENT,53.0,0.0,633,2323,196194,1048,1320,1,1,0,"PUMP 1055"
2610090,DATA,53.3,2.1,407,1804,195031,1048,1320,1,1,0,""
2610306,EVENT,53.3,0.0,261,1384,195023,1049,1320,1,1,0,"PUMP 1060"
2610479,EVENT,53.5,2.1,167,1052,195023,1049,1320,1,1,0,"PUMP 1065"
2610590,DATA,53.7,2.1,134,914,188392,1049,1320,1,1,0,""
2610655,EVENT,53.7,0.0,107,793,189604,1050,1320,1,1,0,"PUMP 1070"
2610819,EVENT,53.7,0.0,86,687,192610,1051,1320,1,1,0,"PUMP 1080"
2610959,EVENT,54.0,2.1,55,513,192613,1052,1320,1,1,0,"PUMP 1085"
2611090,DATA,54.2,2.1, 0, 0,194383,1053,1320,1,1,0,""
2611120,EVENT,54.2,0.0, 0, 0,194383,1053,1320,1,1,0,"PUMP 1090"
2611324,EVENT,54.5,2.1, 0, 0,171624,1055,1320,1,1,0,"PUMP 1095"
2611534,EVENT,54.7,2.1, 0, 0,174603,1057,1320,1,1,0,"PUMP 1100"
2611590,DATA,55.0,2.1, 0, 0,174603,1057,1320,1,1,0,""
2611700,EVENT,55.0,0.0, 0, 0,193159,1058,1320,1,1,0,"PUMP 1105"
2611846,EVENT,55.2,2.1, 0, 0,194445,1059,1320,1,1,0,"PUMP 1110"
2611979,EVENT,55.5,2.1, 0, 0,194353,1060,1320,1,1,0,"PUMP 1115"
2612090,DATA,55.5,0.0, 0, 0,194400,1061,1320,1,1,0,""
2612610,DATA,56.2,2.1,5986,5986,2000,1079,1320,1,1,0,""
2613130,DATA,56.7,0.0,5986,5986,2000,1106,1320,1,1,0,""
2613630,DATA,58.0,4.2,5986,5986,195004,1115,1320,1,1,0,""
2614130,DATA,59.2,0.0,2859,4850,195600,1115,1320,1,1,0,""
2614630,DATA,61.0,4.2,1007,2989,195608,1115,1320,1,1,0,""
2615130,DATA,62.2,2.1,335,1610,195596,1115,1320,1,1,0,""
2615630,DATA,63.5,2.1,110,808,195608,1115,1320,1,1,0,""
2616130,DATA,64.7,2.1, 0, 0,195019,1115,1320,1,1,0,""
2616630,DATA,65.8,0.0, 0, 0,195623,1115,1320,1,1,0,""
2617130,DATA,66.7,2.1, 0, 0,195455,1115,1320,1,1,0,""
2617630,DATA,67.7,0.0, 0, 0,195600,1115,1320,1,1,0,""
2618101,EVENT,68.7,2.1, 0, 0,195016,1115,1320,1,1,0,"PUMP 1120"
2618130,DATA,68.7,2.1, 0, 0,195016,1115,1320,1,1,0,""
2618345,EVENT,69.2,2.1, 0, 0,193825,1115,1320,1,1,0,"PUMP 1125"
2618630,DATA,69.7,2.1, 0, 0,195578,1116,1320,1,1,0,""
2619130,DATA,71.0,2.1, 0, 0,194996,1120,1320,1,1,0,""
2619630,DATA,71.7,2.1, 0, 0,195604,1124,1320,1,1,0,""
2620130,DATA,72.7,2.1, 0, 0,195018,1125,1320,1,1,0,""
2620630,DATA,73.7,2.1, 0, 0,195014,1125,1320,1,1,0,""
2621130,DATA,74.2,2.1, 0, 0,194996,1125,1320,1,1,0,""
2621630,DATA,74.7,0.0, 0, 0,194990,1125,1320,1,1,0,""
2622130,DATA,75.5,0.0, 0, 0,195608,1125,1320,1,1,0,""
2622630,DATA,76.5,2.1, 0, 0,195584,1125,1320,1,1,0,""
2623130,DATA,77.0,2.1, 0, 0,195010,1125,1320,1,1,0,""
2623630,DATA,77.7,2.1, 0, 0,194418,1125,1320,1,1,0,""
2624130,DATA,78.3,2.1, 0, 0,195608,1125,1320,1,1,0,""
2624630,DATA,79.0,2.1, 0, 0,195021,1125,1320,1,1,0,""
2625130,DATA,79.2,0.0, 0, 0,195027,1125,1320,1,1,0,""
2625630,DATA,80.0,0.0, 0, 0,195021,1125,1320,1,1,0,""
2626130,DATA,80.5,0.0, 0, 0,195010,1125,1320,1,1,0,""
2626630,DATA,81.0,2.1, 0, 0,195004,1125,1320,1,1,0,""
2627130,DATA,81.5,0.0, 0, 0,195023,1125,1320,1,1,0,""
2627630,DATA,81.7,-2.1, 0, 0,195018,1125,1320,1,1,0,""
2628130,DATA,82.5,2.1, 0, 0,194984,1125,1320,1,1,0,""
2628630,DATA,83.0,2.1, 0, 0,194996,1125,1320,1,1,0,""
2629130,DATA,83.5,2.1, 0, 0,194996,1125,1320,1,1,0,""
2629630,DATA,83.7,0.0, 0, 0,195004,1125,1320,1,1,0,""
2630256,EVENT,84.2,2.1, 0, 0,176989,1125,1320,1,1,0,"PUMP 1130"
2630630,DATA,84.5,0.0, 0, 0,195594,1126,1320,1,1,0,""
2631130,DATA,84.8,2.1, 0, 0,191419,1128,1320,1,1,0,""
2631630,DATA,85.0,0.0, 0, 0,195027,1130,1320,1,1,0,""
2632130,DATA,85.8,2.1, 0, 0,195616,1130,1320,1,1,0,""
2632630,DATA,86.2,2.1, 0, 0,195614,1130,1320,1,1,0,""
2633130,DATA,86.5,0.0, 0, 0,194425,1130,1320,1,1,0,""
2633630,DATA,86.7,0.0, 0, 0,187796,1130,1320,1,1,0,""
2634130,DATA,87.3,2.1, 0, 0,195014,1130,1320,1,1,0,""
2634407,EVENT,87.5,2.1, 0, 0,195602,1130,1320,1,1,0,"PUMP 1135"
2634573,EVENT,87.5,0.0, 0, 0,193786,1130,1320,1,1,0,"PUMP 1140"
2634630,DATA,87.5,0.0, 0, 0,194990,1130,1320,1,1,0,""
2635130,DATA,87.7,0.0, 0, 0,195608,1132,1320,1,1,0,""
2635630,DATA,88.0,-2.1, 0, 0,195018,1138,1320,1,1,0,""
2636130,DATA,88.5,2.1, 0, 0,195018,1144,1320,1,1,0,""
2636630,DATA,88.7,0.0, 0, 0,195598,1145,1320,1,1,0,""
2637130,DATA,89.0,0.0, 0, 0,191404,1145,1320,1,1,0,""
2637630,DATA,89.8,2.1, 0, 0,195025,1145,1320,1,1,0,""
2638130,DATA,90.0,0.0, 0, 0,194973,1145,1320,1,1,0,""
2638630,DATA,90.5,0.0, 0, 0,195023,1145,1320,1,1,0,""
2639130,DATA,90.8,0.0, 0, 0,195018,1145,1320,1,1,0,""
2639630,DATA,91.0,0.0, 0, 0,194998,1145,1320,1,1,0,""
2640130,DATA,91.2,0.0, 0, 0,195008,1145,1320,1,1,0,""
2640630,DATA,91.7,0.0, 0, 0,195622,1145,1320,1,1,0,""
2641130,DATA,91.7,0.0, 0, 0,149407,1145,1320,1,1,0,""
2641630,DATA,92.0,-2.1, 0, 0,195569,1145,1320,1,1,0,""
2642130,DATA,92.3,0.0, 0, 0,195577,1145,1320,1,1,0,""
2642630,DATA,92.3,-2.1, 0, 0,195627,1145,1320,1,1,0,""
2643130,DATA,92.5,0.0, 0, 0,194996,1145,1320,1,1,0,""
2643630,DATA,92.5,0.0, 0, 0,195004,1145,1320,1,1,0,""
2644130,DATA,92.7,0.0, 0, 0,185413,1145,1320,1,1,0,""
2644630,DATA,92.7,0.0, 0, 0,196186,1145,1320,1,1,0,""
2645130,DATA,92.7,-2.1, 0, 0,194994,1145,1320,1,1,0,""
2645630,DATA,93.0,0.0, 0, 0,195578,1145,1320,1,1,0,""
2646130,DATA,93.0,0.0, 0, 0,195600,1145,1320,1,1,0,""
2646630,DATA,93.0,-2.1, 0, 0,195014,1145,1320,1,1,0,""
2647130,DATA,93.3,0.0, 0, 0,194998,1145,1320,1,1,0,""
2647630,DATA,93.3,0.0, 0, 0,196182,1145,1320,1,1,0,""
2648130,DATA,93.3,2.1, 0, 0,195029,1145,1320,1,1,0,""
2648630,DATA,93.3,0.0, 0, 0,195578,1145,1320,1,1,0,""
2649130,DATA,93.5,2.1, 0, 0,196202,1145,1320,1,1,0,""
2649630,DATA,93.5,0.0, 0, 0,195608,1145,1320,1,1,0,""
2650130,DATA,93.5,0.0, 0, 0,195029,1145,1320,1,1,0,""
2650630,DATA,93.5,0.0, 0, 0,195600,1145,1320,1,1,0,""
2651130,DATA,93.3,0.0, 0, 0,195594,1145,1320,1,1,0,""
2651630,DATA,93.3,0.0, 0, 0,194994,1145,1320,1,1,0,""
2652130,DATA,93.5,2.1, 0, 0,195006,1145,1320,1,1,0,""
2652630,DATA,93.3,0.0, 0, 0,175805,1145,1320,1,1,0,""
2653130,DATA,93.3,0.0, 0, 0,192000,1145,1320,1,1,0,""
2653630,DATA,93.3,0.0, 0, 0,195000,1145,1320,1,1,0,""
2653744,EVENT,93.3,0.0, 0, 0,193790,1145,1320,1,1,0,"PUMP 1150"
2653965,EVENT,93.3,0.0, 0, 0,195074,1145,1320,1,1,0,"PUMP 1155"
2654130,DATA,93.3,0.0, 0, 0,184241,1145,1320,1,1,0,""
2654630,DATA,93.0,-2.1, 0, 0,194998,1149,1320,1,1,0,""
2655130,DATA,93.3,0.0, 0, 0,174602,1154,1320,1,1,0,""
2655630,DATA,93.0,0.0, 0, 0,195612,1155,1320,1,1,0,""
2656130,DATA,93.3,0.0, 0, 0,195586,1155,1320,1,1,0,""
2656630,DATA,93.0,-2.1, 0, 0,170419,1155,1320,1,1,0,""
2657130,DATA,93.0,0.0, 0, 0,185983,1155,1320,1,1,0,""
2657194,EVENT,93.0,0.0, 0, 0,185983,1155,1320,1,1,0,"PUMP 1160"
2657630,DATA,93.0,2.1, 0, 0,194412,1156,1320,1,1,0,""
2658130,DATA,92.7,0.0, 0, 0,195600,1158,1320,1,1,0,""
2658630,DATA,92.7,0.0, 0, 0,195580,1160,1320,1,1,0,""
2659130,DATA,92.7,0.0, 0, 0,180589,1160,1320,1,1,0,""
2659630,DATA,92.5,-2.1, 0, 0,195622,1160,1320,1,1,0,""
2660130,DATA,92.5,-2.1, 0, 0,195600,1160,1320,1,1,0,""
2660630,DATA,92.3,-2.1, 0, 0,195606,1160,1320,1,1,0,""
2661130,DATA,92.5,0.0, 0, 0,195027,1160,1320,1,1,0,""
2662130,DATA,92.0,-2.1, 0, 0,195596,1160,1320,1,1,0,""
2662630,DATA,92.0,0.0, 0, 0,195610,1160,1320,1,1,0,""
2662940,EVENT,92.0,0.0, 0, 0,195665,1160,1320,1,1,1,"VALVE2 ON"
2663130,DATA,92.0,0.0, 0, 0,187217,1160,1320,1,1,1,""
2663630,DATA,91.7,0.0, 0, 0,195620,1160,1320,1,1,1,""
2664130,DATA,91.5,0.0, 0, 0,195010,1160,1320,1,1,1,""
2664630,DATA,91.2,0.0, 0, 0,194998,1160,1320,1,1,1,""
2665130,DATA,91.2,0.0, 0, 0,195604,1160,1320,1,1,1,""
2665630,DATA,91.0,0.0, 0, 0,194998,1160,1320,1,1,1,""
2665793,EVENT,91.0,0.0, 0, 0,175788,1160,1320,1,1,0,"VALVE2 OFF"
2666130,DATA,90.8,-2.1, 0, 0,195600,1160,1320,1,1,0,""
2666630,DATA,90.8,0.0, 0, 0,195592,1160,1320,1,1,0,""
2666735,EVENT,90.8,0.0, 0, 0,194975,1160,1320,0,1,0,"IGN OFF"
2667130,DATA,90.8,0.0, 0, 0,156597,1160,1320,0,1,0,""
2667191,EVENT,90.8,0.0, 0, 0,156597,1160,1320,1,1,0,"IGN ON"
2667630,DATA,90.2,-2.1, 0, 0,195625,1160,1320,1,1,0,""
2668130,DATA,90.2,0.0, 0, 0,195602,1160,1320,1,1,0,""
2668630,DATA,90.0,0.0, 0, 0,195596,1160,1320,1,1,0,""
2669130,DATA,89.5,-2.1, 0, 0,195604,1160,1320,1,1,0,""
2669630,DATA,89.5,0.0, 0, 0,195602,1160,1320,1,1,0,""
2670073,EVENT,89.2,-2.1, 0, 0,195014,1160,1320,1,1,0,"PUMP 1155"
2670130,DATA,89.2,0.0, 0, 0,195014,1160,1320,1,1,0,""
2670232,EVENT,89.2,0.0, 0, 0,182973,1160,1320,1,1,0,"PUMP 1150"
2670464,EVENT,89.0,-2.1, 0, 0,195665,1159,1320,1,1,0,"PUMP 1145"
2670630,DATA,89.2,0.0, 0, 0,182965,1159,1320,1,1,0,""
2670633,EVENT,89.2,0.0, 0, 0,182965,1159,1320,1,1,0,"PUMP 1140"
2670803,EVENT,89.0,-2.1, 0, 0,193845,1158,1320,1,1,0,"PUMP 1135"
2670959,EVENT,89.0,0.0, 0, 0,194524,1157,1320,1,1,0,"PUMP 1130"
2671123,EVENT,88.7,-2.1, 0, 0,177568,1156,1320,1,1,0,"PUMP 1125"
2671130,DATA,88.7,-2.1, 0, 0,177568,1156,1320,1,1,0,""
2671296,EVENT,88.7,0.0, 0, 0,166827,1155,1320,1,1,0,"PUMP 1120"
2671535,EVENT,88.5,-2.1, 0, 0,180076,1153,1320,1,1,0,"PUMP 1110"
2671630,DATA,88.7,2.1, 0, 0,195586,1153,1320,1,1,0,""
2671647,EVENT,88.7,2.1, 0, 0,177027,1152,1320,1,1,0,"PUMP 1105"
2671814,EVENT,88.5,0.0, 0, 0,193757,1150,1320,1,1,0,"PUMP 1100"
2671984,EVENT,88.5,0.0, 0, 0,175853,1148,1320,1,1,0,"PUMP 1095"
2672130,DATA,88.5,0.0, 0, 0,193159,1147,1320,1,1,0,""
2672150,EVENT,88.5,0.0, 0, 0,185428,1146,1320,1,1,0,"PUMP 1090"
2672314,EVENT,88.3,0.0, 0, 0,172771,1144,1320,1,1,0,"PUMP 1085"
2672483,EVENT,88.3,0.0, 0, 0,185448,1142,1320,1,1,0,"PUMP 1080"
2672630,DATA,88.3,0.0, 0, 0,182380,1140,1320,1,1,0,""
2672711,EVENT,88.0,-2.1, 0, 0,194427,1138,1320,1,1,0,"PUMP 1075"
2673130,DATA,88.0,0.0, 0, 0,54287,1128,1320,1,1,0,""
2673650,DATA,87.5,-2.1,5986,5986,2000,1097,1320,1,1,0,""
2674170,DATA,87.3,2.1,5986,5986,2000,1075,1320,1,1,0,""
2674670,DATA,86.7,-2.1,4837,5753,195577,1075,1320,1,1,0,""
2675170,DATA,86.2,0.0,1908,4089,181191,1075,1320,1,1,0,""
2675670,DATA,85.8,-4.2,650,2360,195584,1075,1320,1,1,0,""
2675898,EVENT,85.8,0.0,418,1835,195604,1000,1320,0,0,0,"EV:A03_ESTOP"
2676170,DATA,85.5,-2.1,215,1230,154202,1000,1320,0,0,0,""
2676670,DATA,85.0,-2.1,71,606,155997,1000,1320,0,0,0,""
2677170,DATA,84.5,-2.1, 0, 0,154819,1000,1320,0,0,0,""
2677670,DATA,84.0,-2.1, 0, 0,155997,1000,1320,0,0,0,""
2678170,DATA,83.5,0.0, 0, 0,154800,1000,1320,0,0,0,""
2678670,DATA,83.0,0.0, 0, 0,156003,1000,1320,0,0,0,""
2679170,DATA,82.3,-2.1, 0, 0,154795,1000,1320,0,0,0,""
2679670,DATA,81.7,0.0, 0, 0,156087,1000,1320,0,0,0,""
2680170,DATA,81.2,0.0, 0, 0,154778,1000,1320,0,0,0,""
2680670,DATA,80.5,-2.1, 0, 0,156595,1000,1320,0,0,0,""
2681170,DATA,80.2,0.0, 0, 0,155391,1000,1320,0,0,0,""
2681577,EVENT,79.7,-2.1, 0, 0,156595,1000,1320,0,0,0,"STARTER 1300"
2681670,DATA,79.7,-2.1, 0, 0,157232,1000,1317,0,0,0,""
2681751,EVENT,79.7,0.0, 0, 0,157232,1000,1315,0,0,0,"STARTER 1280"
2682031,EVENT,79.5,0.0,7240,7332,1667,1000,1303,0,0,0,"STARTER 1260"
2682190,DATA,79.2,-2.1,7087,7296,13498,1000,1295,0,0,0,""
2682271,EVENT,79.2,0.0,6876,7233,2500,1000,1290,0,0,0,"STARTER 1240"
2682710,DATA,78.7,-2.1,6258,6923,1500,1000,1263,0,0,0,""
2683230,DATA,78.5,0.0,5231,6227,2000,1000,1242,0,0,0,""
2683730,DATA,77.7,-2.1,3263,5003,148810,1000,1240,0,0,0,""
2684230,DATA,77.5,2.1,1238,3228,154802,1000,1240,0,0,0,""
2684730,DATA,77.0,0.0,419,1785,142797,1000,1240,0,0,0,""
2685230,DATA,76.5,-2.1,138,909,148213,1000,1240,0,0,0,""
2685730,DATA,76.0,-2.1,391,561,126599,1000,1240,0,0,0,""
2686230,DATA,75.8,-2.1,191,395,155394,1000,1240,0,0,0,""
2686730,DATA,75.5,0.0,68,231,138597,1000,1240,0,0,0,""
2687230,DATA,75.0,0.0,349,272,150006,1000,1240,0,0,0,""
2687730,DATA,74.7,0.0,152,240,156600,1000,1240,0,0,0,""
2688230,DATA,74.2,0.0,53,151,114610,1000,1240,0,0,0,""
2688730,DATA,73.7,0.0, 0, 0,115802,1000,1240,0,0,0,""
2689230,DATA,73.5,0.0, 0, 0,155378,1000,1240,0,0,0,""
2689730,DATA,73.0,0.0, 0, 0,148801,1000,1240,0,0,0,""
2690230,DATA,72.7,0.0, 0, 0,140996,1000,1240,0,0,0,""
2690730,DATA,72.2,-2.1, 0, 0,150003,1000,1240,0,0,0,""
2691230,DATA,72.0,-2.1,2013,2686,146394,1000,1240,0,0,0,""
2691730,DATA,71.5,-2.1,754,1808,139794,1000,1240,0,0,0,""
2692230,DATA,71.2,0.0,254,1016,154797,1000,1240,0,0,0,""
2692730,DATA,70.8,-2.1,84,522,138596,1000,1240,0,0,0,""
2693230,DATA,70.5,0.0, 0, 0,82806,1000,1240,0,0,0,""
2693730,DATA,70.2,0.0, 0, 0,147603,1000,1240,0,0,0,""
2694230,DATA,69.7,-2.1, 0, 0,155402,1000,1240,0,0,0,""
2694730,DATA,69.5,0.0,2358,2805,157183,1000,1240,0,0,0,""
2695230,DATA,69.0,0.0,930,1994,155402,1000,1240,0,0,0,""
2695730,DATA,68.7,0.0,317,1151,141596,1000,1240,0,0,0,""
2696230,DATA,68.3,0.0,105,599,131407,1000,1240,0,0,0,""
2696730,DATA,68.0,-2.1, 0, 0,150605,1000,1240,0,0,0,""
2697230,DATA,67.7,0.0, 0, 0,154792,1000,1240,0,0,0,""
2697730,DATA,67.2,-2.1, 0, 0,145799,1000,1240,0,0,0,""
2698230,DATA,67.0,-2.1, 0, 0,151797,1000,1240,0,0,0,""
2698730,DATA,66.7,0.0, 0, 0,151820,1000,1240,0,0,0,""
2699230,DATA,66.5,0.0, 0, 0,137399,1000,1240,0,0,0,""
2699730,DATA,66.2,0.0, 0, 0,157203,1000,1240,0,0,0,""
2700230,DATA,66.0,0.0, 0, 0,139218,1000,1240,0,0,0,""
2700730,DATA,65.2,-2.1, 0, 0,79803,1000,1240,0,0,0,""
2701230,DATA,65.2,0.0, 0, 0,137993,1000,1240,0,0,0,""
2701730,DATA,64.7,0.0, 0, 0,156600,1000,1240,0,0,0,""
2702230,DATA,64.5,-2.1, 0, 0,118218,1000,1240,0,0,0,""
2702730,DATA,64.2,-2.1, 0, 0,118217,1000,1240,0,0,0,""
2703230,DATA,64.0,0.0, 0, 0,140401,1000,1240,0,0,0,""
2703730,DATA,63.7,0.0, 0, 0,157219,1000,1240,0,0,0,""
2704230,DATA,63.5,2.1, 0, 0,142804,1000,1240,0,0,0,""
2704730,DATA,63.3,0.0, 0, 0,84603,1000,1240,0,0,0,""
2705230,DATA,63.0,0.0, 0, 0,155398,1000,1240,0,0,0,""
2705730,DATA,62.5,0.0, 0, 0,157197,1000,1240,0,0,0,""
2706230,DATA,62.2,0.0, 0, 0,147590,1000,1240,0,0,0,""
2706730,DATA,62.0,0.0, 0, 0,157194,1000,1240,0,0,0,""
2707230,DATA,61.7,2.1, 0, 0,149401,1000,1240,0,0,0,""
2707730,DATA,61.2,0.0,2013,2686,121796,1000,1240,0,0,0,""
2708230,DATA,61.0,-2.1,754,1808,111612,1000,1240,0,0,0,""
2708730,DATA,61.0,0.0,254,1016,118188,1000,1240,0,0,0,""
2709230,DATA,60.8,0.0,84,522,155400,1000,1240,0,0,0,""
2709730,DATA,60.5,0.0, 0, 0,156619,1000,1240,0,0,0,""
2710230,DATA,60.0,-2.1, 0, 0,155994,1000,1240,0,0,0,""
2710730,DATA,59.7,-2.1, 0, 0,120586,1000,1240,0,0,0,""
2711230,DATA,59.5,0.0, 0, 0,155398,1000,1240,0,0,0,""
2711730,DATA,59.2,-2.1, 0, 0,139801,1000,1240,0,0,0,""
2712230,DATA,59.2,0.0, 0, 0,143386,1000,1240,0,0,0,""
2712730,DATA,59.0,0.0, 0, 0,156606,1000,1240,0,0,0,""
2713230,DATA,58.5,-2.1, 0, 0,155997,1000,1240,0,0,0,""
2713730,DATA,58.5,2.1, 0, 0,157198,1000,1240,0,0,0,""
2714230,DATA,58.3,0.0, 0, 0,155994,1000,1240,0,0,0,""
2714730,DATA,58.0,0.0, 0, 0,156600,1000,1240,0,0,0,""
2715230,DATA,57.7,0.0, 0, 0,155398,1000,1240,0,0,0,""
2715730,DATA,57.7,2.1, 0, 0,151798,1000,1240,0,0,0,""
2716230,DATA,57.2,-2.1, 0, 0,155412,1000,1240,0,0,0,""
2716730,DATA,57.0,-2.1, 0, 0,128991,1000,1240,0,0,0,""
2717230,DATA,56.7,-2.1, 0, 0,149394,1000,1240,0,0,0,""
2717730,DATA,56.7,0.0, 0, 0,157206,1000,1240,0,0,0,""
2718230,DATA,56.5,-2.1, 0, 0,118204,1000,1240,0,0,0,""
2718730,DATA,56.2,-2.1, 0, 0,141013,1000,1240,0,0,0,""
2719230,DATA,56.2,0.0, 0, 0,155383,1000,1240,0,0,0,""
2719730,DATA,56.0,0.0, 0, 0,157184,1000,1240,0,0,0,""
2720230,DATA,55.8,-2.1, 0, 0,155402,1000,1240,0,0,0,""
2720730,DATA,55.5,0.0, 0, 0,118800,1000,1240,0,0,0,""
2721230,DATA,55.2,0.0, 0, 0,155400,1000,1240,0,0,0,""
2721730,DATA,55.0,-2.1, 0, 0,120002,1000,1240,0,0,0,""
2722230,DATA,55.0,0.0, 0, 0,118800,1000,1240,0,0,0,""
2722730,DATA,54.7,0.0, 0, 0,135603,1000,1240,0,0,0,""
2723230,DATA,54.5,0.0, 0, 0,146399,1000,1240,0,0,0,""
2723730,DATA,54.5,0.0, 0, 0,157187,1000,1240,0,0,0,""
2724230,DATA,54.0,-2.1, 0, 0,155405,1000,1240,0,0,0,""
2724730,DATA,54.0,0.0, 0, 0,157217,1000,1240,0,0,0,""
2725230,DATA,53.7,0.0, 0, 0,155400,1000,1240,0,0,0,""
2725730,DATA,53.5,0.0, 0, 0,151795,1000,1240,0,0,0,""
2726230,DATA,53.5,0.0, 0, 0,154798,1000,1240,0,0,0,""
2726730,DATA,53.3,0.0, 0, 0,157202,1000,1240,0,0,0,""
2727230,DATA,53.3,0.0, 0, 0,155994,1000,1240,0,0,0,""
2727730,DATA,53.0,0.0, 0, 0,157200,1000,1240,0,0,0,""
2728230,DATA,52.7,0.0, 0, 0,140411,1000,1240,0,0,0,""
2728730,DATA,52.5,-2.1, 0, 0,157197,1000,1240,0,0,0,""
2729230,DATA,52.2,-2.1, 0, 0,142799,1000,1240,0,0,0,""
2729730,DATA,52.2,-2.1, 0, 0,150595,1000,1240,0,0,0,""
2730230,DATA,52.0,-2.1, 0, 0,155995,1000,1240,0,0,0,""
2730730,DATA,51.7,-2.1, 0, 0,149399,1000,1240,0,0,0,""
2731230,DATA,52.0,0.0, 0, 0,154778,1000,1240,0,0,0,""
2731730,DATA,51.5,-2.1, 0, 0,133785,1000,1240,0,0,0,""
2732230,DATA,51.5,0.0, 0, 0,155392,1000,1240,0,0,0,""
2732730,DATA,51.2,0.0, 0, 0,157184,1000,1240,0,0,0,""
2733230,DATA,51.2,0.0, 0, 0,155402,1000,1240,0,0,0,""
2733730,DATA,51.0,0.0, 0, 0,156608,1000,1240,0,0,0,""
2734230,DATA,50.8,-2.1, 0, 0,142813,1000,1240,0,0,0,""
2734730,DATA,50.8,0.0, 0, 0,157222,1000,1240,0,0,0,""
2735230,DATA,50.5,0.0, 0, 0,153580,1000,1240,0,0,0,""
2735730,DATA,50.5,0.0, 0, 0,151809,1000,1240,0,0,0,""
2736230,DATA,50.5,2.1, 0, 0,126600,1000,1240,0,0,0,""
2736730,DATA,50.2,0.0, 0, 0,157216,1000,1240,0,0,0,""
2737230,DATA,50.0,0.0, 0, 0,155451,1000,1240,0,0,0,""
2737730,DATA,50.0,0.0, 0, 0,157233,1000,1240,0,0,0,""
2738230,DATA,49.7,0.0, 0, 0,155451,1000,1240,0,0,0,""
2738730,DATA,49.7,0.0, 0, 0,157249,1000,1240,0,0,0,""
2739230,DATA,49.2,-2.1, 0, 0,156033,1000,1240,0,0,0,""
2739730,DATA,49.5,0.0, 0, 0,151839,1000,1240,0,0,0,""
2740230,DATA,49.0,-2.1, 0, 0,155465,1000,1240,0,0,0,""
2740730,DATA,49.0,-2.1, 0, 0,157250,1000,1240,0,0,0,""
2741230,DATA,49.0,0.0, 0, 0,155451,1000,1240,0,0,0,""
2741730,DATA,48.7,-2.1, 0, 0,157255,1000,1240,0,0,0,""
2742230,DATA,48.7,0.0, 0, 0,155439,1000,1240,0,0,0,""
2742730,DATA,48.5,0.0, 0, 0,157233,1000,1240,0,0,0,""
2743230,DATA,48.3,-2.1, 0, 0,155447,1000,1240,0,0,0,""
2743730,DATA,48.3,0.0, 0, 0,157833,1000,1240,0,0,0,""
2744230,DATA,48.3,0.0, 0, 0,150050,1000,1240,0,0,0,""
2744730,DATA,48.3,0.0, 0, 0,140434,1000,1240,0,0,0,""
2745230,DATA,48.0,0.0, 0, 0,156037,1000,1240,0,0,0,""
2745730,DATA,47.7,-2.1, 0, 0,153665,1000,1240,0,0,0,""
2746230,DATA,47.7,0.0, 0, 0,156037,1000,1240,0,0,0,""
2746730,DATA,47.7,2.1, 0, 0,156639,1000,1240,0,0,0,""
2747230,DATA,47.5,0.0, 0, 0,155439,1000,1240,0,0,0,""
2747730,DATA,47.2,-2.1, 0, 0,157832,1000,1240,0,0,0,""
2748230,DATA,47.5,0.0, 0, 0,156039,1000,1240,0,0,0,""
2748730,DATA,47.2,0.0, 0, 0,157830,1000,1240,0,0,0,""
2749230,DATA,47.2,0.0, 0, 0,156056,1000,1240,0,0,0,""
2749730,DATA,47.0,0.0, 0, 0,135637,1000,1240,0,0,0,""
2750230,DATA,47.0,0.0, 0, 0,155451,1000,1240,0,0,0,""
2750730,DATA,46.7,-2.1, 0, 0,157230,1000,1240,0,0,0,""
2751230,DATA,46.7,2.1, 0, 0,155440,1000,1240,0,0,0,""
2751730,DATA,46.5,0.0, 0, 0,157241,1000,1240,0,0,0,""
2752230,DATA,46.5,0.0, 0, 0,156042,1000,1240,0,0,0,""
2752730,DATA,46.2,0.0, 0, 0,157247,1000,1240,0,0,0,""
2753230,DATA,46.0,-2.1, 0, 0,155433,1000,1240,0,0,0,""
2753730,DATA,46.0,0.0, 0, 0,154228,1000,1240,0,0,0,""
2754230,DATA,46.0,0.0, 0, 0,155456,1000,1240,0,0,0,""
2754730,DATA,46.0,0.0, 0, 0,157855,1000,1240,0,0,0,""
2755230,DATA,45.8,-2.1, 0, 0,156041,1000,1240,0,0,0,""
2755730,DATA,45.8,0.0, 0, 0,157253,1000,1240,0,0,0,""
2755941,EVENT,45.8,2.1, 0, 0,166225,1000,1240,0,0,0,"STARTER OFF"
2756250,DATA,45.8,0.0,988,987,1667,1000,1145,0,0,0,""
2756770,DATA,45.5,-2.1,1205,1055,16000,1000,1030,0,0,0,""
2757270,DATA,46.0,0.0,1431,1224,155402,1000,1000,0,0,0,""
2757770,DATA,46.0,0.0,704,1080,157202,1000,1000,0,0,0,""
2758270,DATA,45.8,0.0,249,686,155392,1000,1000,0,0,0,""
2758770,DATA,45.8,0.0, 0, 0,157200,1000,1000,0,0,0,""
2759270,DATA,45.8,0.0, 0, 0,155400,1000,1000,0,0,0,""
2759770,DATA,45.8,0.0, 0, 0,156003,1000,1000,0,0,0,""
2760270,DATA,45.8,0.0, 0, 0,154798,1000,1000,0,0,0,""
2760770,DATA,45.8,0.0, 0, 0,157288,1000,1000,0,0,0,""
2761270,DATA,45.8,0.0, 0, 0,154910,1000,1000,0,0,0,""
2761770,DATA,45.8,0.0, 0, 0,156716,1000,1000,0,0,0,""
2762270,DATA,45.8,2.1, 0, 0,156087,1000,1000,0,0,0,""
2762770,DATA,45.5,0.0, 0, 0,157329,1000,1000,0,0,0,""
2763270,DATA,45.5,-2.1, 0, 0,154885,1000,1000,0,0,0,""
2763770,DATA,45.5,-2.1, 0, 0,156699,1000,1000,0,0,0,""
2764270,DATA,45.5,0.0, 0, 0,155526,1000,1000,0,0,0,""
2764770,DATA,45.5,0.0, 0, 0,157318,1000,1000,0,0,0,""
2765270,DATA,45.5,0.0, 0, 0,155486,1000,1000,0,0,0,""
2765770,DATA,45.5,0.0, 0, 0,156697,1000,1000,0,0,0,""
2766270,DATA,45.5,0.0, 0, 0,155498,1000,1000,0,0,0,""
2766770,DATA,45.5,0.0, 0, 0,156707,1000,1000,0,0,0,""
2767270,DATA,45.5,0.0, 0, 0,155492,1000,1000,0,0,0,""
2767770,DATA,45.5,0.0, 0, 0,157298,1000,1000,0,0,0,""
2768270,DATA,45.5,0.0, 0, 0,155486,1000,1000,0,0,0,""
2768770,DATA,45.5,0.0, 0, 0,157294,1000,1000,0,0,0,""
2769270,DATA,45.5,0.0, 0, 0,155512,1000,1000,0,0,0,""
2769770,DATA,45.5,0.0, 0, 0,156688,1000,1000,0,0,0,""
2770270,DATA,45.5,0.0, 0, 0,155500,1000,1000,0,0,0,""
2770770,DATA,45.5,0.0, 0, 0,157320,1000,1000,0,0,0,""
2771270,DATA,45.5,0.0, 0, 0,154885,1000,1000,0,0,0,""
2771770,DATA,45.5,0.0, 0, 0,157285,1000,1000,0,0,0,""
2772270,DATA,45.5,0.0, 0, 0,155510,1000,1000,0,0,0,""
2772770,DATA,45.5,0.0, 0, 0,156700,1000,1000,0,0,0,""
2773270,DATA,45.5,0.0, 0, 0,155490,1000,1000,0,0,0,""
2773770,DATA,45.5,0.0, 0, 0,156702,1000,1000,0,0,0,""
2774270,DATA,45.5,0.0, 0, 0,155514,1000,1000,0,0,0,""
2774770,DATA,45.5,0.0, 0, 0,156692,1000,1000,0,0,0,""
2775270,DATA,45.5,0.0, 0, 0,156091,1000,1000,0,0,0,""
2775770,DATA,45.5,0.0, 0, 0,156718,1000,1000,0,0,0,""
2776270,DATA,45.5,0.0, 0, 0,155495,1000,1000,0,0,0,""
2776770,DATA,45.5,0.0, 0, 0,157288,1000,1000,0,0,0,""
2777270,DATA,45.5,0.0, 0, 0,154901,1000,1000,0,0,0,""
2777770,DATA,45.5,0.0, 0, 0,156683,1000,1000,0,0,0,""
2778270,DATA,45.5,0.0, 0, 0,155495,1000,1000,0,0,0,""
2778770,DATA,45.5,0.0, 0, 0,157296,1000,1000,0,0,0,""
2779270,DATA,45.5,0.0, 0, 0,155512,1000,1000,0,0,0,""
2779770,DATA,45.5,0.0, 0, 0,156702,1000,1000,0,0,0,""
2780270,DATA,45.5,0.0, 0, 0,154919,1000,1000,0,0,0,""
2780770,DATA,45.5,0.0, 0, 0,157288,1000,1000,0,0,0,""
2781270,DATA,45.5,0.0, 0, 0,152572,1000,1000,0,0,0,""
2781770,DATA,45.5,0.0, 0, 0,154359,1000,1000,0,0,0,""
2781972,EVENT,45.5,0.0, 0, 0,177605,1000,1000,0,0,0,"STARTER 1200"
2782290,DATA,45.2,0.0,320,169,15002,1000,1081,0,0,0,""
2782810,DATA,44.0,0.0,937,451,14088,1000,1176,0,0,0,""
2783310,DATA,44.0,0.0,1728,981,153595,1000,1200,0,0,0,""
2783810,DATA,44.0,0.0,949,1141,154805,1000,1200,0,0,0,""
2784310,DATA,44.0,0.0,341,788,153592,1000,1200,0,0,0,""
2784810,DATA,44.2,0.0,114,446,154803,1000,1200,0,0,0,""
2785310,DATA,44.2,0.0, 0, 0,153002,1000,1200,0,0,0,""
2785810,DATA,44.2,0.0, 0, 0,154803,1000,1200,0,0,0,""
2785826,EVENT,44.2,0.0, 0, 0,154803,1000,1200,0,1,0,"VALVE1 ON"
2786310,DATA,44.0,0.0, 0, 0,154798,1000,1200,0,1,0,""
2786810,DATA,44.0,0.0, 0, 0,156005,1000,1200,0,1,0,""
2786955,EVENT,44.0,0.0, 0, 0,173267,1000,1200,1,1,0,"IGN ON"
2787310,DATA,43.3,0.0, 0, 0,191996,1000,1200,1,1,0,""
2787810,DATA,43.5,2.1, 0, 0,193786,1000,1200,1,1,0,""
2788219,EVENT,43.3,-2.1, 0, 0,195622,1000,1200,1,1,0,"PUMP 1045"
2788310,DATA,43.5,2.1, 0, 0,194383,1000,1200,1,1,0,""
2788830,DATA,43.5,0.0, 0, 0,31995,1015,1200,1,1,0,""
2789350,DATA,43.5,1.9,2659,2623,19085,1037,1200,1,1,0,""
2789850,DATA,43.3,0.0,2655,2646,196784,1045,1200,1,1,0,""
2790350,DATA,43.3,0.0,1263,2144,196202,1045,1200,1,1,0,""
2790850,DATA,43.3,0.0,444,1321,196222,1045,1200,1,1,0,""
2790881,EVENT,43.3,0.0,444,1321,196222,1045,1200,1,1,0,"PUMP 1050"
2791350,DATA,43.3,0.0,148,711,196204,1046,1200,1,1,0,""
2791850,DATA,43.3,0.0, 0, 0,196796,1049,1200,1,1,0,""
2792350,DATA,43.3,0.0, 0, 0,196826,1050,1200,1,1,0,""
2792850,DATA,43.3,2.1, 0, 0,196784,1050,1200,1,1,0,""
2793350,DATA,43.3,0.0, 0, 0,196806,1050,1200,1,1,0,""
2793850,DATA,43.7,2.1, 0, 0,196796,1050,1200,1,1,0,""
2794350,DATA,44.2,0.0, 0, 0,197400,1050,1200,1,1,0,""
2794850,DATA,45.0,2.1, 0, 0,196214,1050,1200,1,1,0,""
2795350,DATA,45.5,0.0, 0, 0,196782,1050,1200,1,1,0,""
2795850,DATA,46.0,0.0, 0, 0,196810,1050,1200,1,1,0,""
2795880,EVENT,46.0,0.0, 0, 0,196810,1050,1200,1,1,0,"PUMP 1055"
2796350,DATA,46.5,0.0, 0, 0,196220,1051,1200,1,1,0,""
2796850,DATA,47.0,0.0, 0, 0,196790,1054,1200,1,1,0,""
2797350,DATA,47.5,2.1, 0, 0,195614,1055,1200,1,1,0,""
2797850,DATA,47.7,2.1, 0, 0,196804,1055,1200,1,1,0,""
2798350,DATA,48.0,0.0, 0, 0,196802,1055,1200,1,1,0,""
2798850,DATA,48.5,2.0, 0, 0,196800,1055,1200,1,1,0,""
2799350,DATA,49.0,4.2, 0, 0,196190,1055,1200,1,1,0,""
2799850,DATA,49.5,2.1, 0, 0,196222,1055,1200,1,1,0,""
2800350,DATA,49.7,2.1, 0, 0,196200,1055,1200,1,1,0,""
2800850,DATA,50.2,2.1, 0, 0,196206,1055,1200,1,1,0,""
2800958,EVENT,50.2,0.0, 0, 0,195612,1055,1200,1,1,0,"PUMP 1060"
2801350,DATA,50.5,2.1, 0, 0,196792,1056,1200,1,1,0,""
2801850,DATA,51.0,2.0, 0, 0,196804,1058,1200,1,1,0,""
2802350,DATA,51.2,2.1, 0, 0,196202,1060,1200,1,1,0,""
2802850,DATA,51.7,0.0, 0, 0,196804,1060,1200,1,1,0,""
2803350,DATA,52.2,0.0, 0, 0,196790,1060,1200,1,1,0,""
2803449,EVENT,52.5,2.1, 0, 0,189596,1060,1200,1,1,0,"PUMP 1065"
2803850,DATA,52.7,0.0, 0, 0,196788,1061,1200,1,1,0,""
2804350,DATA,53.3,2.1, 0, 0,196202,1063,1200,1,1,0,""
2804850,DATA,53.5,0.0, 0, 0,196200,1065,1200,1,1,0,""
2805350,DATA,54.0,0.0, 0, 0,196202,1065,1200,1,1,0,""
2805693,EVENT,54.7,2.1, 0, 0,196828,1065,1200,1,1,0,"PUMP 1070"
2805850,DATA,54.7,0.0, 0, 0,197364,1065,1200,1,1,0,""
2806350,DATA,55.5,2.1, 0, 0,196804,1067,1200,1,1,0,""
2806850,DATA,56.0,2.1, 0, 0,196214,1069,1200,1,1,0,""
2807350,DATA,56.5,2.1, 0, 0,196810,1070,1200,1,1,0,""
2807586,EVENT,56.7,2.1, 0, 0,188400,1070,1200,1,1,0,"PUMP 1075"
2807850,DATA,56.7,0.0, 0, 0,196190,1070,1200,1,1,0,""
2808350,DATA,57.5,0.0, 0, 0,195600,1073,1200,1,1,0,""
2808850,DATA,58.0,0.0, 0, 0,196214,1075,1200,1,1,0,""
2809350,DATA,58.7,2.1, 0, 0,196202,1075,1200,1,1,0,""
2809850,DATA,59.2,0.0, 0, 0,196178,1075,1200,1,1,0,""
2810350,DATA,59.7,0.0, 0, 0,195600,1075,1200,1,1,0,""
2810593,EVENT,60.2,2.1, 0, 0,196782,1075,1200,1,1,0,"PUMP 1080"
2810850,DATA,60.5,0.0, 0, 0,196218,1075,1200,1,1,0,""
2811350,DATA,61.0,0.0, 0, 0,196208,1078,1200,1,1,0,""
2811850,DATA,61.7,2.1, 0, 0,195618,1080,1200,1,1,0,""
2812350,DATA,62.5,2.1, 0, 0,195590,1080,1200,1,1,0,""
2812850,DATA,63.0,2.1, 0, 0,195616,1080,1200,1,1,0,""
2813350,DATA,63.7,2.1, 0, 0,196755,1080,1200,1,1,0,""
2813850,DATA,64.2,2.0, 0, 0,196556,1080,1200,1,1,0,""
2814126,EVENT,64.5,2.1, 0, 0,196804,1080,1200,1,1,0,"PUMP 1085"
2814350,DATA,64.7,0.0, 0, 0,196632,1080,1200,1,1,0,""
2814850,DATA,65.2,2.1, 0, 0,196595,1082,1200,1,1,0,""
2815350,DATA,65.8,0.0, 0, 0,195972,1085,1200,1,1,0,""
2815850,DATA,66.5,0.0, 0, 0,196606,1085,1200,1,1,0,""
2816350,DATA,67.2,2.1, 0, 0,195389,1085,1200,1,1,0,""
2816626,EVENT,67.7,2.1, 0, 0,196224,1085,1200,1,1,0,"PUMP 1090"
2816850,DATA,67.7,0.0, 0, 0,193637,1085,1200,1,1,0,""
2817350,DATA,68.5,2.1, 0, 0,195960,1087,1200,1,1,0,""
2817850,DATA,69.2,2.1, 0, 0,197163,1090,1200,1,1,0,""
2818350,DATA,69.7,2.1, 0, 0,195391,1090,1200,1,1,0,""
2818850,DATA,70.5,2.1, 0, 0,196012,1090,1200,1,1,0,""
2819350,DATA,71.0,0.0, 0, 0,195979,1090,1200,1,1,0,""
2819683,EVENT,71.5,2.1, 0, 0,196774,1090,1200,1,1,0,"PUMP 1095"
2819850,DATA,71.7,2.0, 0, 0,177023,1090,1200,1,1,0,""
2820350,DATA,72.2,0.0, 0, 0,195395,1092,1200,1,1,0,""
2820850,DATA,73.0,2.1, 0, 0,195981,1094,1200,1,1,0,""
2821350,DATA,73.5,0.0, 0, 0,196575,1095,1200,1,1,0,""
2821850,DATA,74.5,4.2, 0, 0,196011,1095,1200,1,1,0,""
2822097,EVENT,74.7,2.1, 0, 0,179993,1095,1200,1,1,0,"PUMP 1100"
2822350,DATA,75.0,0.0, 0, 0,195987,1095,1200,1,1,0,""
2822850,DATA,75.8,2.0, 0, 0,195989,1098,1200,1,1,0,""
2823350,DATA,76.2,2.1, 0, 0,195954,1100,1200,1,1,0,""
2823850,DATA,77.0,2.1, 0, 0,196016,1100,1200,1,1,0,""
2824350,DATA,77.5,0.0, 0, 0,195405,1100,1200,1,1,0,""
2824850,DATA,78.5,2.1, 0, 0,196018,1100,1200,1,1,0,""
2825350,DATA,79.0,0.0, 0, 0,195378,1100,1200,1,1,0,""
2825850,DATA,79.7,0.0, 0, 0,195389,1100,1200,1,1,0,""
2826350,DATA,80.5,2.1, 0, 0,195989,1100,1200,1,1,0,""
2826850,DATA,81.0,0.0, 0, 0,195995,1100,1200,1,1,0,""
2827350,DATA,81.7,2.1, 0, 0,195999,1100,1200,1,1,0,""
2827850,DATA,82.3,0.0, 0, 0,195401,1100,1200,1,1,0,""
2828350,DATA,83.0,2.1, 0, 0,195403,1100,1200,1,1,0,""
2828850,DATA,83.5,2.0, 0, 0,195384,1100,1200,1,1,0,""
2829350,DATA,84.0,0.0, 0, 0,195999,1100,1200,1,1,0,""
2829741,EVENT,84.5,2.1, 0, 0,196204,1100,1200,1,1,0,"PUMP 1105"
2829850,DATA,84.8,2.1, 0, 0,190644,1100,1200,1,1,0,""
2830350,DATA,85.5,4.2, 0, 0,195403,1102,1200,1,1,0,""
2830850,DATA,86.0,2.1, 0, 0,195958,1104,1200,1,1,0,""
2831350,DATA,86.7,0.0, 0, 0,196012,1105,1200,1,1,0,""
2831850,DATA,87.5,2.0, 0, 0,195991,1105,1200,1,1,0,""
2832350,DATA,88.3,2.1, 0, 0,195389,1105,1200,1,1,0,""
2832850,DATA,88.7,2.1, 0, 0,195966,1105,1200,1,1,0,""
2833350,DATA,89.2,0.0, 0, 0,195389,1105,1200,1,1,0,""
2833850,DATA,90.0,2.1, 0, 0,195420,1105,1200,1,1,0,""
2834350,DATA,90.8,0.0, 0, 0,196556,1105,1200,1,1,0,""
2834850,DATA,91.5,2.0, 0, 0,195358,1105,1200,1,1,0,""
2835350,DATA,92.0,0.0, 0, 0,195970,1105,1200,1,1,0,""
2836350,DATA,93.3,2.1, 0, 0,195389,1105,1200,1,1,0,""
2836850,DATA,94.0,2.1, 0, 0,196012,1105,1200,1,1,0,""
2837350,DATA,94.5,0.0, 0, 0,195388,1105,1200,1,1,0,""
2837800,EVENT,95.0,0.0, 0, 0,196204,1105,1200,1,1,0,"PUMP 1110"
2837850,DATA,95.2,2.0, 0, 0,195976,1105,1200,1,1,0,""
2838350,DATA,95.8,0.0, 0, 0,195950,1107,1200,1,1,0,""
2838850,DATA,96.5,2.1, 0, 0,195393,1109,1200,1,1,0,""
2839350,DATA,96.7,0.0, 0, 0,195981,1110,1200,1,1,0,""
2839850,DATA,97.7,2.1, 0, 0,196007,1110,1200,1,1,0,""
2840350,DATA,98.7,2.1, 0, 0,195999,1110,1200,1,1,0,""
2840850,DATA,99.8,0.0, 0, 0,195391,1110,1200,1,1,0,""
2841350,DATA,100.2,2.1, 0, 0,195378,1110,1200,1,1,0,""
2841850,DATA,100.8,0.0, 0, 0,196005,1110,1200,1,1,0,""
2842350,DATA,101.2,0.0, 0, 0,195950,1110,1200,1,1,0,""
2842850,DATA,101.8,2.1, 0, 0,196011,1110,1200,1,1,0,""
2843350,DATA,102.2,0.0, 0, 0,195382,1110,1200,1,1,0,""
2843851,DATA,103.0,2.0, 0, 0,195376,1110,1200,1,1,0,""
2844352,DATA,103.5,2.1, 0, 0,195360,1110,1200,1,1,0,""
2844853,DATA,104.0,0.0, 0, 0,195993,1110,1200,1,1,0,""
2845354,DATA,104.5,0.0, 0, 0,195372,1110,1200,1,1,0,""
2845855,DATA,105.0,0.0, 0, 0,196011,1110,1200,1,1,0,""
2846356,DATA,105.5,0.0, 0, 0,195411,1110,1200,1,1,0,""
2846857,DATA,106.2,0.0, 0, 0,195981,1110,1200,1,1,0,""
2847358,DATA,106.8,0.0, 0, 0,195386,1110,1200,1,1,0,""
2847859,DATA,107.5,2.1, 0, 0,195407,1110,1200,1,1,0,""
2848360,DATA,108.0,2.1, 0, 0,195386,1110,1200,1,1,0,""
2848861,DATA,108.5,2.1, 0, 0,195964,1110,1200,1,1,0,""
2849362,DATA,109.0,0.0, 0, 0,194780,1110,1200,1,1,0,""
2849863,DATA,109.7,2.0, 0, 0,195417,1110,1200,1,1,0,""
2850364,DATA,110.2,2.1, 0, 0,195391,1110,1200,1,1,0,""
2850865,DATA,110.5,0.0, 0, 0,195430,1110,1200,1,1,0,""
2851366,DATA,111.2,2.1, 0, 0,195981,1110,1200,1,1,0,""
2851867,DATA,111.7,2.1, 0, 0,195426,1110,1200,1,1,0,""
2852368,DATA,112.2,2.1, 0, 0,195405,1110,1200,1,1,0,""
2852869,DATA,113.0,4.0, 0, 0,181739,1110,1200,1,1,0,""
2853370,DATA,113.3,0.0, 0, 0,195393,1110,1200,1,1,0,""
2853871,DATA,113.7,0.0, 0, 0,195395,1110,1200,1,1,0,""
2854372,DATA,114.3,2.1, 0, 0,194809,1110,1200,1,1,0,""
2854873,DATA,114.5,-2.1, 0, 0,195405,1110,1200,1,1,0,""
2855374,DATA,115.0,0.0, 0, 0,195950,1110,1200,1,1,0,""
2855875,DATA,115.7,2.0, 0, 0,196018,1110,1200,1,1,0,""
2856376,DATA,116.0,0.0, 0, 0,195401,1110,1200,1,1,0,""
2856877,DATA,116.7,2.1, 0, 0,195388,1110,1200,1,1,0,""
2857378,DATA,117.0,0.0, 0, 0,195378,1110,1200,1,1,0,""
2857879,DATA,117.5,0.0, 0, 0,195993,1110,1200,1,1,0,""
2858380,DATA,118.0,0.0, 0, 0,195386,1110,1200,1,1,0,""
2858881,DATA,118.5,0.0, 0, 0,196026,1110,1200,1,1,0,""
2859382,DATA,119.0,2.1, 0, 0,195407,1110,1200,1,1,0,""
2859883,DATA,119.3,0.0, 0, 0,195430,1110,1200,1,1,0,""
2860384,DATA,119.7,0.0, 0, 0,195403,1110,1200,1,1,0,""
2860885,DATA,120.0,0.0, 0, 0,194823,1110,1200,1,1,0,""
2861386,DATA,120.5,0.0, 0, 0,195983,1110,1200,1,1,0,""
2861887,DATA,121.0,0.0, 0, 0,195995,1110,1200,1,1,0,""
2862388,DATA,121.5,0.0, 0, 0,195981,1110,1200,1,1,0,""
2862889,DATA,121.7,0.0, 0, 0,195426,1110,1200,1,1,0,""
2863390,DATA,122.2,2.1, 0, 0,194813,1110,1200,1,1,0,""
2863891,DATA,122.7,2.1, 0, 0,195981,1110,1200,1,1,0,""
2864392,DATA,123.2,2.1, 0, 0,195403,1110,1200,1,1,0,""
2864893,DATA,123.7,2.0, 0, 0,195401,1110,1200,1,1,0,""
2865394,DATA,124.0,2.1, 0, 0,195395,1110,1200,1,1,0,""
2865895,DATA,124.5,2.1, 0, 0,195417,1110,1200,1,1,0,""
2866134,EVENT,124.5,0.0, 0, 0,196208,1110,1200,1,1,0,"PUMP 1115"
2866396,DATA,124.7,0.0, 0, 0,195382,1110,1200,1,1,0,""
2866897,DATA,125.2,2.1, 0, 0,195989,1113,1200,1,1,0,""
2867398,DATA,125.5,2.1, 0, 0,195972,1115,1200,1,1,0,""
2867899,DATA,126.0,2.0, 0, 0,196003,1115,1200,1,1,0,""
2868400,DATA,126.2,0.0, 0, 0,195964,1115,1200,1,1,0,""
2868901,DATA,126.8,2.1, 0, 0,196001,1115,1200,1,1,0,""
2869402,DATA,127.2,2.1, 0, 0,195970,1115,1200,1,1,0,""
2869903,DATA,128.0,2.1, 0, 0,196020,1115,1200,1,1,0,""
2870404,DATA,129.8,4.2, 0, 0,195378,1115,1200,1,1,0,""
2870905,DATA,129.8,0.0, 0, 0,195399,1115,1200,1,1,0,""
2871406,DATA,130.0,0.0, 0, 0,194809,1115,1200,1,1,0,""
2871907,DATA,130.0,0.0, 0, 0,195991,1115,1200,1,1,0,""
2872408,DATA,130.3,0.0, 0, 0,195362,1115,1200,1,1,0,""
2872909,DATA,130.5,0.0, 0, 0,195413,1115,1200,1,1,0,""
2873410,DATA,130.8,0.0, 0, 0,195393,1115,1200,1,1,0,""
2873911,DATA,131.3,0.0, 0, 0,196606,1115,1200,1,1,0,""
2874412,DATA,131.5,2.1, 0, 0,195391,1115,1200,1,1,0,""
2874913,DATA,131.8,0.0, 0, 0,195999,1115,1200,1,1,0,""
2875414,DATA,132.0,-2.1, 0, 0,195935,1115,1200,1,1,0,""
2875915,DATA,132.5,0.0, 0, 0,196573,1115,1200,1,1,0,""
2876416,DATA,132.8,0.0, 0, 0,195374,1115,1200,1,1,0,""
2876917,DATA,133.3,2.0, 0, 0,196009,1115,1200,1,1,0,""
2877418,DATA,133.5,0.0, 0, 0,195978,1115,1200,1,1,0,""
2877919,DATA,133.8,0.0, 0, 0,195374,1115,1200,1,1,0,""
2878420,DATA,134.3,0.0, 0, 0,195374,1115,1200,1,1,0,""
2878921,DATA,134.5,0.0, 0, 0,195407,1115,1200,1,1,0,""
2879422,DATA,134.8,0.0, 0, 0,195384,1115,1200,1,1,0,""
2879923,DATA,135.3,0.0, 0, 0,195983,1115,1200,1,1,0,""
2880424,DATA,135.5,0.0, 0, 0,194799,1115,1200,1,1,0,""
2880925,DATA,135.8,0.0, 0, 0,195403,1115,1200,1,1,0,""
2881426,DATA,136.3,0.0, 0, 0,194813,1115,1200,1,1,0,""
2881927,DATA,136.5,0.0, 0, 0,195999,1115,1200,1,1,0,""
2882428,DATA,136.8,0.0, 0, 0,195391,1115,1200,1,1,0,""
2882929,DATA,137.0,-2.0, 0, 0,195411,1115,1200,1,1,0,""
2883430,DATA,137.5,0.0, 0, 0,194801,1115,1200,1,1,0,""
2883931,DATA,137.8,0.0, 0, 0,195405,1115,1200,1,1,0,""
2884432,DATA,138.3,0.0, 0, 0,195389,1115,1200,1,1,0,""
2884933,DATA,138.5,2.1, 0, 0,195430,1115,1200,1,1,0,""
2885434,DATA,138.8,0.0, 0, 0,194803,1115,1200,1,1,0,""
2885935,DATA,139.0,0.0, 0, 0,195999,1115,1200,1,1,0,""
2886269,EVENT,139.3,2.1, 0, 0,196200,1115,1200,1,1,0,"PUMP 1120"
2886436,DATA,139.3,-2.1, 0, 0,191249,1115,1200,1,1,0,""
2886937,DATA,139.5,0.0, 0, 0,196003,1117,1200,1,1,0,""
2887438,DATA,139.8,0.0, 0, 0,195948,1119,1200,1,1,0,""
2887939,DATA,140.0,0.0, 0, 0,195438,1120,1200,1,1,0,""
2888440,DATA,140.5,2.1, 0, 0,195360,1120,1200,1,1,0,""
2888941,DATA,140.8,0.0, 0, 0,195409,1120,1200,1,1,0,""
2889442,DATA,141.3,2.1, 0, 0,195391,1120,1200,1,1,0,""
2889943,DATA,141.8,0.0, 0, 0,195422,1120,1200,1,1,0,""
2890444,DATA,142.0,0.0, 0, 0,194801,1120,1200,1,1,0,""
2890945,DATA,142.5,2.1, 0, 0,193029,1120,1200,1,1,0,""
2891446,DATA,142.8,2.1,2645,2634,6535,1120,1200,1,1,0,""
2891947,DATA,143.0,0.0,2651,2660,4708,1120,1200,1,1,0,""
2892448,DATA,143.3,0.0,2480,2592,2353,1120,1200,1,1,0,""
2892949,DATA,143.8,0.0,2506,2532,61139,1120,1200,1,1,0,""
2893450,DATA,144.0,0.0,1730,2318,195923,1120,1200,1,1,0,""
2893951,DATA,144.3,0.0,648,1558,194745,1120,1200,1,1,0,""
2894452,DATA,144.8,2.1,219,875,195324,1120,1200,1,1,0,""
2894953,DATA,145.0,0.0,72,450,195366,1120,1200,1,1,0,""
2895454,DATA,145.3,0.0, 0, 0,194780,1120,1200,1,1,0,""
2895955,DATA,145.5,0.0, 0, 0,195993,1120,1200,1,1,0,""
2896111,EVENT,145.8,2.1, 0, 0,192627,1120,1200,1,1,0,"STARTER 1220"
2896470,DATA,145.8,0.0, 0, 0,81488,1120,1210,1,1,0,""
2896970,DATA,146.3,2.1, 0, 0,196208,1120,1218,1,1,0,""
2897470,DATA,146.5,2.1, 0, 0,195610,1120,1220,1,1,0,""
2897970,DATA,147.0,2.0, 0, 0,195606,1120,1220,1,1,0,""
2898470,DATA,147.3,2.1, 0, 0,195625,1120,1220,1,1,0,""
2898970,DATA,147.5,0.0, 0, 0,195594,1120,1220,1,1,0,""
2899470,DATA,147.5,0.0, 0, 0,196196,1120,1220,1,1,0,""
2899970,DATA,148.0,0.0,2447,2534,3000,1120,1220,1,1,0,""
2900470,DATA,148.3,0.0,2419,2469,8400,1120,1220,1,1,0,""
2900970,DATA,148.3,0.0,2437,2441,11399,1120,1220,1,1,0,""
2901102,EVENT,148.5,2.1,2517,2456,6000,1120,1220,1,1,0,"STARTER 1240"
2901470,DATA,148.5,0.0,2690,2527,5000,1120,1230,1,1,0,""
2901970,DATA,148.8,0.0,2701,2632,15600,1120,1239,1,1,0,""
2902470,DATA,149.0,2.1,2838,2715,15601,1120,1240,1,1,0,""
2902970,DATA,149.0,0.0,3076,2868,10801,1120,1240,1,1,0,""
2903470,DATA,149.5,0.0,3349,3100,10200,1120,1240,1,1,0,""
2903970,DATA,149.5,0.0,3372,3245, 0,1120,1240,1,1,0,""
2904470,DATA,150.0,2.1,3259,3287,195606,1120,1240,1,1,0,""
2904970,DATA,150.0,0.0,1536,2641,196204,1120,1240,1,1,0,""
2905470,DATA,150.3,0.0,1564,1883,6600,1120,1240,1,1,0,""
2905970,DATA,150.5,2.1,2670,2142,6600,1120,1240,1,1,0,""
2906470,DATA,150.8,2.1,3158,2624,10199,1120,1240,1,1,0,""
2906970,DATA,150.8,0.0,3348,3006,8999,1120,1240,1,1,0,""
2907470,DATA,150.8,-2.1,3420,3234,6600,1120,1240,1,1,0,""
2907970,DATA,151.0,0.0,3418,3329,6600,1120,1240,1,1,0,""
2908470,DATA,151.3,0.0,3601,3432,10199,1120,1240,1,1,0,""
2908664,EVENT,151.3,0.0,3686,3498, 0,1120,1240,1,1,0,"STARTER 1260"
2908990,DATA,151.3,0.0,3732,3584, 0,1120,1249,1,1,0,""
2909490,DATA,151.3,0.0,4251,3839,600,1120,1258,1,1,0,""
2909990,DATA,151.3,0.0,4601,4241,3600,1120,1260,1,1,0,""
2910490,DATA,151.3,-2.1,4955,4574,196196,1120,1260,1,1,0,""
2910990,DATA,151.3,-2.1,4676,4681,4800,1120,1260,1,1,0,""
2911490,DATA,151.7,2.1,4887,4756,4801,1120,1260,1,1,0,""
2911990,DATA,151.5,-2.1,4785,4825,6600,1120,1260,1,1,0,""
2912490,DATA,151.5,0.0,4890,4819,6600,1120,1260,1,1,0,""
2912652,EVENT,151.5,0.0,4937,4837,7800,1120,1260,1,1,0,"PUMP 1125"
2912990,DATA,151.7,2.1,4766,4848,600,1121,1260,1,1,0,""
2913490,DATA,151.7,0.0,4823,4811,3600,1123,1260,1,1,0,""
2913990,DATA,151.7,-2.1,4920,4857,4200,1125,1260,1,1,0,""
2914490,DATA,152.0,0.0,4578,4852,196792,1125,1260,1,1,0,""
2914990,DATA,152.0,-2.1,3455,4076,4800,1125,1260,1,1,0,""
2915490,DATA,152.3,0.0,4345,4075,6001,1125,1260,1,1,0,""
2915990,DATA,152.0,0.0,4760,4395,1200,1125,1260,1,1,0,""
2916034,EVENT,152.0,0.0,4760,4395,1200,1125,1260,1,1,0,"PUMP 1130"
2916490,DATA,152.3,0.0,3843,4427,40805,1126,1260,1,1,0,""
2916990,DATA,152.3,0.0,4040,4087,9001,1129,1260,1,1,0,""
2917490,DATA,152.5,2.1,4503,4269,11399,1130,1260,1,1,0,""
2917990,DATA,152.3,-2.1,5058,4596,12600,1130,1260,1,1,0,""
2918490,DATA,152.3,-2.1,4803,4740,10200,1130,1260,1,1,0,""
2918990,DATA,152.5,0.0,4468,4627,103808,1130,1260,1,1,0,""
2919490,DATA,152.5,-2.1,3548,4285,108004,1130,1260,1,1,0,""
2919990,DATA,152.8,0.0,4147,4092,6000,1130,1260,1,1,0,""
2920490,DATA,153.0,2.1,4333,4240,8400,1130,1260,1,1,0,""
2920990,DATA,152.8,-2.1,4146,4292,113410,1130,1260,1,1,0,""
2921490,DATA,153.0,2.1,3680,3909,3600,1130,1260,1,1,0,""
2921990,DATA,152.8,-2.1,2537,3386,4800,1130,1260,1,1,0,""
2922490,DATA,153.0,2.1,1574,2645,195604,1130,1260,1,1,0,""
2922990,DATA,153.0,0.0,574,1646,196204,1130,1260,1,1,0,""
2923490,DATA,153.3,0.0,192,893,195616,1130,1260,1,1,0,""
2923990,DATA,153.0,0.0,63,450,195588,1130,1260,1,1,0,""
2924490,DATA,153.0,-2.1, 0, 0,196198,1130,1260,1,1,0,""
2924990,DATA,153.3,0.0, 0, 0,195614,1130,1260,1,1,0,""
2925490,DATA,153.3,2.1, 0, 0,196208,1130,1260,1,1,0,""
2925990,DATA,153.3,2.1, 0, 0,196208,1130,1260,1,1,0,""
2926410,EVENT,153.3,0.0, 0, 0,196180,1130,1260,1,1,0,"PUMP 1135"
2926490,DATA,153.3,0.0, 0, 0,175777,1130,1260,1,1,0,""
2926990,DATA,153.3,-2.1, 0, 0,196204,1132,1260,1,1,0,""
2927490,DATA,153.5,0.0, 0, 0,196196,1134,1260,1,1,0,""
2927990,DATA,153.5,2.1, 0, 0,195594,1135,1260,1,1,0,""
2928490,DATA,153.8,2.1, 0, 0,195606,1135,1260,1,1,0,""
2928990,DATA,153.5,0.0, 0, 0,195012,1135,1260,1,1,0,""
2929490,DATA,153.5,-2.1, 0, 0,196198,1135,1260,1,1,0,""
2929990,DATA,153.8,0.0, 0, 0,196196,1135,1260,1,1,0,""
2930490,DATA,153.8,0.0, 0, 0,195600,1135,1260,1,1,0,""
2930990,DATA,153.8,0.0, 0, 0,195631,1135,1260,1,1,0,""
2931490,DATA,154.0,0.0, 0, 0,196208,1135,1260,1,1,0,""
2931990,DATA,153.8,-2.1, 0, 0,192577,1135,1260,1,1,0,""
2932490,DATA,154.0,0.0, 0, 0,196202,1135,1260,1,1,0,""
2932990,DATA,154.3,2.1, 0, 0,195602,1135,1260,1,1,0,""
2933186,EVENT,154.0,-2.1, 0, 0,196798,1135,1260,1,1,1,"VALVE2 ON"
2933490,DATA,154.0,0.0, 0, 0,195578,1135,1260,1,1,1,""
2933990,DATA,154.0,-2.1, 0, 0,196190,1135,1260,1,1,1,""
2934490,DATA,154.3,0.0, 0, 0,195580,1135,1260,1,1,1,""
2934990,EVENT,154.5,0.0, 0, 0,195610,1135,1260,1,1,1,"PUMP 1140"
2934991,DATA,154.5,0.0, 0, 0,195610,1135,1260,1,1,1,""
2935491,DATA,154.5,0.0, 0, 0,195580,1136,1260,1,1,1,""
2935991,DATA,154.5,0.0, 0, 0,195569,1139,1260,1,1,1,""
2936491,DATA,154.5,0.0, 0, 0,196759,1140,1260,1,1,1,""
2936901,EVENT,154.8,-2.1, 0, 0,196186,1140,1260,1,1,1,"PUMP 1145"
2936991,DATA,155.0,2.1, 0, 0,146991,1140,1260,1,1,1,""
2937491,DATA,155.0,0.0, 0, 0,195598,1142,1260,1,1,1,""
2937800,EVENT,155.0,0.0, 0, 0,195598,1143,1260,1,1,1,"PUMP 1150"
2937991,DATA,155.3,2.1, 0, 0,195623,1143,1260,1,1,1,""
2938491,DATA,155.3,0.0, 0, 0,196178,1146,1260,1,1,1,""
2938743,EVENT,155.8,2.1, 0, 0,195614,1148,1260,1,1,1,"PUMP 1155"
2938991,DATA,156.0,2.1, 0, 0,196208,1149,1260,1,1,1,""
2939491,DATA,156.3,2.1, 0, 0,195596,1151,1260,1,1,1,""
2939991,DATA,156.5,2.1, 0, 0,196200,1154,1260,1,1,1,""
2940491,DATA,156.8,2.1, 0, 0,196192,1155,1260,1,1,1,""
2940511,EVENT,156.8,2.1, 0, 0,196192,1155,1260,1,1,1,"PUMP 1160"
2940991,DATA,156.8,0.0, 0, 0,195600,1156,1260,1,1,1,""
2941491,DATA,157.0,0.0, 0, 0,196204,1159,1260,1,1,1,""
2941991,DATA,157.3,0.0, 0, 0,195596,1160,1260,1,1,1,""
2942398,EVENT,157.5,0.0, 0, 0,195627,1160,1260,1,1,1,"PUMP 1165"
2942491,DATA,157.5,0.0, 0, 0,167353,1160,1260,1,1,1,""
2942991,DATA,157.8,2.1, 0, 0,193786,1162,1260,1,1,1,""
2943491,DATA,158.0,0.0, 0, 0,196194,1164,1260,1,1,1,""
2943991,DATA,158.5,0.0, 0, 0,195620,1165,1260,1,1,1,""
2944374,EVENT,159.0,0.0, 0, 0,195575,1165,1260,1,1,1,"PUMP 1170"
2944491,DATA,159.0,0.0, 0, 0,164382,1165,1260,1,1,1,""
2944991,DATA,159.3,0.0, 0, 0,195582,1167,1260,1,1,1,""
2945491,DATA,159.8,2.1, 0, 0,195600,1169,1260,1,1,1,""
2945991,DATA,160.3,0.0, 0, 0,195002,1170,1260,1,1,1,""
2946491,DATA,160.8,0.0, 0, 0,195602,1170,1260,1,1,1,""
2946991,DATA,161.5,2.1, 0, 0,195614,1170,1260,1,1,1,""
2947491,DATA,162.0,2.1, 0, 0,196225,1170,1260,1,1,1,""
2947714,EVENT,162.0,2.1, 0, 0,195670,1170,1260,1,1,1,"PUMP 1175"
2947991,DATA,162.0,0.0, 0, 0,195600,1170,1260,1,1,1,""
2948491,DATA,162.3,0.0, 0, 0,195606,1173,1260,1,1,1,""
2948991,DATA,162.8,0.0, 0, 0,196206,1175,1260,1,1,1,""
2949491,DATA,163.3,2.1, 0, 0,196229,1175,1260,1,1,1,""
2949991,DATA,163.5,2.1, 0, 0,195594,1175,1260,1,1,1,""
2950491,DATA,163.8,2.1, 0, 0,196180,1175,1260,1,1,1,""
2950991,DATA,164.2,2.1, 0, 0,195598,1175,1260,1,1,1,""
2951491,DATA,165.0,2.1, 0, 0,196220,1175,1260,1,1,1,""
2951718,EVENT,166.0,4.2, 0, 0,196243,1175,1260,1,1,1,"PUMP 1180"
2951991,DATA,166.5,2.1, 0, 0,196212,1175,1260,1,1,1,""
2952491,DATA,166.5,0.0, 0, 0,196186,1178,1260,1,1,1,""
2952991,DATA,166.8,0.0, 0, 0,195627,1180,1260,1,1,1,""
2953491,DATA,167.0,0.0, 0, 0,196178,1180,1260,1,1,1,""
2953991,DATA,167.5,2.1, 0, 0,195592,1180,1260,1,1,1,""
2954491,DATA,167.8,2.1, 0, 0,195600,1180,1260,1,1,1,""
2954551,EVENT,167.8,0.0, 0, 0,195584,1180,1260,1,1,1,"PUMP 1185"
2954991,DATA,168.0,2.1, 0, 0,195616,1181,1260,1,1,1,""
2955491,DATA,168.0,0.0, 0, 0,195596,1183,1260,1,1,1,""
2955991,DATA,168.5,2.1, 0, 0,196208,1185,1260,1,1,1,""
2956491,DATA,169.0,2.1, 0, 0,195596,1185,1260,1,1,1,""
2956887,EVENT,169.3,2.1, 0, 0,196800,1185,1260,1,1,1,"PUMP 1190"
2956991,DATA,169.3,0.0, 0, 0,194949,1185,1260,1,1,1,""
2957491,DATA,169.8,0.0, 0, 0,194994,1187,1260,1,1,1,""
2957991,DATA,170.0,2.1, 0, 0,196206,1189,1260,1,1,1,""
2958491,DATA,170.5,0.0, 0, 0,195575,1190,1260,1,1,1,""
2958991,DATA,170.8,-2.1, 0, 0,196210,1190,1260,1,1,1,""
2959491,DATA,171.5,2.1, 0, 0,196212,1190,1260,1,1,1,""
2959991,DATA,171.8,2.1, 0, 0,195614,1190,1260,1,1,1,""
2960491,DATA,172.3,0.0, 0, 0,196169,1190,1260,1,1,1,""
2960991,DATA,172.5,-2.1, 0, 0,195606,1190,1260,1,1,1,""
2961491,DATA,173.0,0.0, 0, 0,195614,1190,1260,1,1,1,""
2961991,DATA,173.8,2.1, 0, 0,190202,1190,1260,1,1,1,""
2962432,EVENT,173.8,0.0, 0, 0,195604,1190,1260,1,1,1,"PUMP 1195"
2962491,DATA,174.0,2.1, 0, 0,195604,1190,1260,1,1,1,""
2962991,DATA,174.3,0.0, 0, 0,176411,1192,1260,1,1,1,""
2963491,DATA,174.8,0.0, 0, 0,185389,1194,1260,1,1,1,""
2963991,DATA,175.3,0.0, 0, 0,186587,1195,1260,1,1,1,""
2964491,DATA,175.5,0.0, 0, 0,195600,1195,1260,1,1,1,""
2964991,DATA,175.8,-2.1, 0, 0,151802,1195,1260,1,1,1,""
2965491,DATA,176.3,2.1,4665,4665,22202,1195,1260,1,1,1,""
2965991,DATA,176.3,0.0,3912,4549,155414,1195,1260,1,1,1,""
2966440,EVENT,176.7,0.0,1550,3265,186607,1195,1260,1,1,1,"PUMP 1200"
2966491,DATA,176.7,0.0,1550,3265,186607,1195,1260,1,1,1,""
2966991,DATA,177.0,0.0,2475,2493,6000,1197,1260,1,1,1,""
2967491,DATA,177.0,0.0,3720,3004,70806,1199,1260,1,1,1,""
2967991,DATA,177.8,0.0,3092,3101,196198,1200,1260,1,1,1,""
2968491,DATA,178.0,2.1,1381,2453,133201,1200,1260,1,1,1,""
2968991,DATA,178.5,0.0,481,1490,195592,1200,1260,1,1,1,""
2969491,DATA,179.0,2.1,160,796,127794,1200,1260,1,1,1,""
2969991,DATA,179.3,0.0,53,398,34799,1200,1260,1,1,1,""
2970491,DATA,179.8,0.0, 0, 0,195010,1200,1260,1,1,1,""
2970991,DATA,180.3,2.1, 0, 0,195616,1200,1260,1,1,1,""
2971491,DATA,180.8,0.0, 0, 0,196204,1200,1260,1,1,1,""
2971991,DATA,181.5,4.2, 0, 0,195620,1200,1260,1,1,1,""
2972491,DATA,181.7,2.1, 0, 0,195594,1200,1260,1,1,1,""
2972991,DATA,181.7,-2.1, 0, 0,194418,1200,1260,1,1,1,""
2973491,DATA,182.3,0.0, 0, 0,196196,1200,1260,1,1,1,""
2973991,DATA,182.8,2.1, 0, 0,170383,1200,1260,1,1,1,""
2974491,DATA,183.3,0.0,4259,4574,162610,1200,1260,1,1,1,""
2974991,DATA,183.8,2.1,1812,3460,159602,1200,1260,1,1,1,""
2975491,DATA,184.0,0.0,2733,2732,38397,1200,1260,1,1,1,""
2975991,DATA,184.3,2.1,3728,3098,57000,1200,1260,1,1,1,""
2976491,DATA,184.8,0.0,3799,3511,100791,1200,1260,1,1,1,""
2976991,DATA,185.3,4.2,4316,3745,63006,1200,1260,1,1,1,""
2977491,DATA,185.8,2.1,4834,4305,49802,1200,1260,1,1,1,""
2977991,DATA,186.0,0.0,2325,3691,71394,1200,1260,1,1,1,""
2978491,DATA,186.5,0.0,3312,3232,11999,1200,1260,1,1,1,""
2978991,DATA,186.8,0.0,3433,3514,121213,1200,1260,1,1,1,""
2979491,DATA,187.0,2.1,1981,2874,157203,1200,1260,1,1,1,""
2979991,DATA,187.3,0.0,2389,2443,70802,1200,1260,1,1,1,""
2980491,DATA,189.0,2.1,1775,2331,196178,1200,1260,1,1,1,""
2980991,DATA,189.5,0.0,659,1574,195608,1200,1260,1,1,1,""
2981491,DATA,189.8,2.1,222,885,196822,1200,1260,1,1,1,""
2981991,DATA,189.5,0.0,73,455,187191,1200,1260,1,1,1,""
2982491,DATA,189.5,0.0, 0, 0,195594,1200,1260,1,1,1,""
2982991,DATA,190.0,0.0, 0, 0,189017,1200,1260,1,1,1,""
2983491,DATA,190.0,0.0, 0, 0,191379,1200,1260,1,1,1,""
2983991,DATA,190.5,2.1, 0, 0,187779,1200,1260,1,1,1,""
2984491,DATA,190.8,2.1, 0, 0,196202,1200,1260,1,1,1,""
2984991,DATA,191.5,2.1, 0, 0,196206,1200,1260,1,1,1,""
2985491,DATA,191.5,-2.1, 0, 0,196196,1200,1260,1,1,1,""
2985991,DATA,192.0,0.0, 0, 0,191381,1200,1260,1,1,1,""
2986491,DATA,192.5,0.0, 0, 0,184787,1200,1260,1,1,1,""
2986991,DATA,192.8,0.0,4220,5632,196808,1200,1260,1,1,1,""
2987491,DATA,193.0,0.0,1581,3791,196802,1200,1260,1,1,1,""
2987991,DATA,193.3,0.0,534,2131,190827,1200,1260,1,1,1,""
2988491,DATA,193.8,2.1,176,1095,196222,1200,1260,1,1,1,""
2988991,DATA,194.0,0.0,58,535,192598,1200,1260,1,1,1,""
2989491,DATA,194.5,2.1, 0, 0,196188,1200,1260,1,1,1,""
2989991,DATA,195.0,0.0, 0, 0,193798,1200,1260,1,1,1,""
2990491,DATA,195.5,0.0, 0, 0,196182,1200,1260,1,1,1,""
2990991,DATA,196.3,0.0, 0, 0,196776,1200,1260,1,1,1,""
2991491,DATA,197.0,2.1, 0, 0,191402,1200,1260,1,1,1,""
2991991,DATA,197.3,0.0, 0, 0,196204,1200,1260,1,1,1,""
2992491,DATA,197.8,2.1, 0, 0,193200,1200,1260,1,1,1,""
2992991,DATA,198.3,0.0, 0, 0,195027,1200,1260,1,1,1,""
2993491,DATA,198.5,0.0, 0, 0,195000,1200,1260,1,1,1,""
2993991,DATA,199.3,2.1, 0, 0,196200,1200,1260,1,1,1,""
2994491,DATA,199.5,2.1, 0, 0,196772,1200,1260,1,1,1,""
2994991,DATA,199.8,2.1, 0, 0,196200,1200,1260,1,1,1,""
2995491,DATA,200.0,0.0, 0, 0,196196,1200,1260,1,1,1,""
2995991,DATA,200.3,0.0, 0, 0,196794,1200,1260,1,1,1,""
2996491,DATA,200.3,0.0, 0, 0,195573,1200,1260,1,1,1,""
2996991,DATA,200.5,2.1, 0, 0,196224,1200,1260,1,1,1,""
2997491,DATA,200.5,-2.1, 0, 0,196227,1200,1260,1,1,1,""
2997991,DATA,200.8,0.0, 0, 0,196173,1200,1260,1,1,1,""
2998491,DATA,201.0,0.0, 0, 0,196194,1200,1260,1,1,1,""
2998991,DATA,201.2,2.1, 0, 0,196808,1200,1260,1,1,1,""
2999491,DATA,201.8,2.1, 0, 0,196176,1200,1260,1,1,1,""
2999991,DATA,202.0,4.2, 0, 0,195610,1200,1260,1,1,1,""
3000491,DATA,202.3,0.0, 0, 0,196804,1200,1260,1,1,1,""
3000991,DATA,202.5,0.0, 0, 0,196794,1200,1260,1,1,1,""
3001491,DATA,202.5,-2.1, 0, 0,196800,1200,1260,1,1,1,""
3001991,DATA,203.2,0.0, 0, 0,196832,1200,1260,1,1,1,""
3002491,DATA,203.5,0.0, 0, 0,196208,1200,1260,1,1,1,""
3002991,DATA,203.8,0.0, 0, 0,196198,1200,1260,1,1,1,""
3003491,DATA,203.5,-4.2, 0, 0,196786,1200,1260,1,1,1,""
3003991,DATA,204.3,0.0, 0, 0,197426,1200,1260,1,1,1,""
3004491,DATA,204.5,2.1, 0, 0,195618,1200,1260,1,1,1,""
3004991,DATA,204.8,0.0, 0, 0,196190,1200,1260,1,1,1,""
3005491,DATA,204.8,0.0, 0, 0,197412,1200,1260,1,1,1,""
3005991,DATA,205.2,0.0, 0, 0,197380,1200,1260,1,1,1,""
3006491,DATA,205.5,0.0, 0, 0,196206,1200,1260,1,1,1,""
3006991,DATA,205.8,2.1, 0, 0,196802,1200,1260,1,1,1,""
3007491,DATA,206.0,0.0, 0, 0,196208,1200,1260,1,1,1,""
3007991,DATA,206.0,0.0, 0, 0,196194,1200,1260,1,1,1,""
3008491,DATA,206.0,-2.1, 0, 0,196210,1200,1260,1,1,1,""
3008991,DATA,206.3,0.0, 0, 0,196214,1200,1260,1,1,1,""
3009491,DATA,206.5,0.0, 0, 0,196204,1200,1260,1,1,1,""
3009991,DATA,206.8,2.1, 0, 0,196212,1200,1260,1,1,1,""
3010427,EVENT,206.8,-2.1, 0, 0,196200,1200,1260,0,1,1,"IGN OFF"
3010491,DATA,206.8,-2.1, 0, 0,196200,1200,1260,0,1,1,""
3010991,DATA,207.0,-2.1, 0, 0,161413,1200,1260,0,1,1,""
3011491,DATA,207.0,0.0, 0, 0,160798,1200,1260,0,1,1,""
3011991,DATA,207.0,0.0, 0, 0,161985,1200,1260,0,1,1,""
3012491,DATA,207.2,0.0, 0, 0,159578,1200,1260,0,1,1,""
3012991,DATA,207.0,-2.1, 0, 0,161410,1200,1260,0,1,1,""
3013491,DATA,207.2,0.0, 0, 0,160211,1200,1260,0,1,1,""
3013991,DATA,206.8,-4.2, 0, 0,162000,1200,1260,0,1,1,""
3014171,EVENT,206.5,-2.1, 0, 0,175796,1200,1260,0,1,1,"PUMP 1205"
3014491,DATA,206.5,0.0, 0, 0,160808,1201,1260,0,1,1,""
3014991,DATA,206.0,-2.1, 0, 0,162606,1203,1260,0,1,1,""
3015491,DATA,206.3,0.0, 0, 0,161406,1205,1260,0,1,1,""
3015991,DATA,206.0,-2.1, 0, 0,162011,1205,1260,0,1,1,""
3016491,DATA,206.0,0.0, 0, 0,160802,1205,1260,0,1,1,""
3016991,DATA,205.8,0.0, 0, 0,162000,1205,1260,0,1,1,""
3017491,DATA,205.2,-4.2, 0, 0,160200,1205,1260,0,1,1,""
3017991,DATA,204.8,-2.1, 0, 0,161400,1205,1260,0,1,1,""
3018491,DATA,207.2,6.2, 0, 0,160818,1205,1260,0,1,1,""
3018991,DATA,210.0,2.1, 0, 0,161989,1205,1260,0,1,1,""
3019365,EVENT,209.0,-2.1, 0, 0,160258,1205,1260,1,1,1,"IGN ON"
3019491,DATA,208.5,-4.2, 0, 0,92995,1205,1260,1,1,1,""
3019991,DATA,212.0,10.4, 0, 0,195010,1205,1260,1,1,1,""
3020491,DATA,216.3,4.2, 0, 0,195604,1205,1260,1,1,1,""
3020991,DATA,216.3,-4.2, 0, 0,196178,1205,1260,1,1,1,""
3021491,DATA,214.5,-2.1, 0, 0,196220,1205,1260,1,1,1,""
3021991,DATA,213.3,-2.1, 0, 0,196786,1205,1260,1,1,1,""
3022491,DATA,216.0,14.6, 0, 0,196208,1205,1260,1,1,1,""
3022991,DATA,217.5,0.0, 0, 0,196826,1205,1260,1,1,1,""
3023491,DATA,216.3,-4.2, 0, 0,184806,1205,1260,1,1,1,""
3023991,DATA,215.5,-2.1, 0, 0,196792,1205,1260,1,1,1,""
3024491,DATA,219.3,4.2, 0, 0,196814,1205,1260,1,1,1,""
3024991,DATA,219.0,-4.2, 0, 0,196806,1205,1260,1,1,1,""
3025491,DATA,217.7,-4.2, 0, 0,197382,1205,1260,1,1,1,""
3025991,DATA,217.0,-4.2, 0, 0,197394,1205,1260,1,1,1,""
3026491,DATA,216.3,-2.1, 0, 0,196814,1205,1260,1,1,1,""
3026991,DATA,220.5,10.4, 0, 0,196820,1205,1260,1,1,1,""
3027430,EVENT,221.7,0.0, 0, 0,196863,1205,1260,1,0,1,"VALVE1 OFF"
3027491,DATA,221.7,0.0, 0, 0,196783,1205,1260,1,0,1,""
3027991,DATA,220.3,-4.2, 0, 0,197382,1205,1260,1,0,1,""
3028491,DATA,219.0,-2.1, 0, 0,197416,1205,1260,1,0,1,""
3028991,DATA,217.3,-6.2, 0, 0,196804,1205,1260,1,0,1,""
3029491,DATA,215.7,-2.1, 0, 0,198006,1205,1260,1,0,1,""
3029991,DATA,214.0,-6.2, 0, 0,197376,1205,1260,1,0,1,""
3030491,DATA,212.3,-4.2, 0, 0,197372,1205,1260,1,0,1,""
3030991,DATA,210.5,0.0, 0, 0,198006,1205,1260,1,0,1,""
3031102,EVENT,210.5,0.0, 0, 0,185981,1205,1260,1,1,1,"VALVE1 ON"
3031491,DATA,208.8,-4.2, 0, 0,197396,1205,1260,1,1,1,""
3031991,DATA,208.8,2.1, 0, 0,197374,1205,1260,1,1,1,""
3032491,DATA,209.0,2.1, 0, 0,196776,1205,1260,1,1,1,""
3032991,DATA,208.3,-2.1, 0, 0,197404,1205,1260,1,1,1,""
3033491,DATA,207.5,0.0, 0, 0,196830,1205,1260,1,1,1,""
3033991,DATA,206.8,0.0, 0, 0,197400,1205,1260,1,1,1,""
3034387,EVENT,206.0,0.0, 0, 0,197493,1205,1260,1,1,1,"PUMP 1210"
3034491,DATA,206.0,0.0, 0, 0,196776,1205,1260,1,1,1,""
3034991,DATA,204.8,0.0, 0, 0,196780,1207,1260,1,1,1,""
3035003,EVENT,204.8,0.0, 0, 0,196780,1207,1260,1,1,1,"PUMP 1215"
3035491,DATA,203.8,-2.1, 0, 0,196808,1209,1260,1,1,1,""
3035991,DATA,203.0,-2.1, 0, 0,197398,1213,1260,1,1,1,""
3036491,DATA,201.8,-4.2, 0, 0,196794,1215,1260,1,1,1,""
3036991,DATA,201.0,0.0, 0, 0,197374,1215,1260,1,1,1,""
3037491,DATA,200.0,0.0, 0, 0,197402,1215,1260,1,1,1,""
3037991,DATA,199.0,-2.1, 0, 0,196802,1215,1260,1,1,1,""
3038491,DATA,198.0,-2.1, 0, 0,197418,1215,1260,1,1,1,""
3038771,EVENT,197.8,-2.1, 0, 0,183495,1215,1260,1,1,1,"PUMP 1210"
3038956,EVENT,197.3,-2.1, 0, 0,159626,1215,1260,1,1,1,"PUMP 1205"
3038991,DATA,197.3,-2.1, 0, 0,197400,1215,1260,1,1,1,""
3039191,EVENT,197.0,-2.1, 0, 0,168624,1214,1260,1,1,1,"PUMP 1200"
3039491,DATA,196.3,-2.1, 0, 0,197990,1213,1260,1,1,1,""
3039512,EVENT,196.3,-2.1, 0, 0,197990,1212,1260,1,1,1,"PUMP 1195"
3039991,DATA,195.5,-2.1, 0, 0,198000,1208,1260,1,1,1,""
3040491,DATA,194.2,-4.2, 0, 0,197380,1200,1260,1,1,1,""
3040512,EVENT,194.2,-4.2, 0, 0,197380,1199,1260,1,1,1,"PUMP 1190"
3040674,EVENT,194.2,0.0, 0, 0,166228,1199,1260,1,1,1,"PUMP 1185"
3040903,EVENT,193.5,-4.2, 0, 0,196837,1198,1260,1,1,1,"PUMP 1180"
3040991,DATA,193.5,0.0, 0, 0,172788,1198,1260,1,1,1,""
3041037,EVENT,193.5,0.0, 0, 0,172788,1198,1260,1,1,1,"PUMP 1175"
3041220,EVENT,193.0,-2.1, 0, 0,160214,1197,1260,1,1,1,"PUMP 1170"
3041427,EVENT,192.8,-2.1, 0, 0,189659,1196,1260,1,1,1,"PUMP 1165"
3041491,DATA,192.5,-2.1, 0, 0,181200,1196,1260,1,1,1,""
3041991,DATA,191.8,-2.1, 0, 0,197406,1186,1260,1,1,1,""
3042530,DATA,190.8,-1.7,6669,6793,1667,1171,1260,1,1,1,""
3043030,DATA,189.8,0.0,5704,6354,196186,1165,1260,1,1,1,""
3043530,DATA,188.5,-2.1,2630,4854,196782,1165,1260,1,1,1,""
3044030,DATA,187.3,-2.1,921,2921,196790,1165,1260,1,1,1,""
3044530,DATA,186.3,-2.1,306,1555,197398,1165,1260,1,1,1,""
3045030,DATA,185.0,-6.2,101,776,196816,1165,1260,1,1,1,""
3045530,DATA,184.3,-2.1, 0, 0,197386,1165,1260,1,1,1,""
3046030,DATA,183.0,-4.2, 0, 0,197422,1165,1260,1,1,1,""
3046530,DATA,182.0,-4.2, 0, 0,196786,1165,1260,1,1,1,""
3047030,DATA,181.3,0.0, 0, 0,197428,1165,1260,1,1,1,""
3047530,DATA,180.3,0.0, 0, 0,196826,1165,1260,1,1,1,""
3047736,EVENT,179.8,-2.1, 0, 0,166795,1165,1260,0,1,1,"IGN OFF"
3048030,DATA,179.5,-2.1, 0, 0,161395,1165,1260,0,1,1,""
3048453,EVENT,178.5,-4.2, 0, 0,160222,1165,1260,1,1,1,"IGN ON"
3048530,DATA,178.5,-4.2, 0, 0,160222,1165,1260,1,1,1,""
3049030,DATA,177.5,0.0, 0, 0,197396,1165,1260,1,1,1,""
3049530,DATA,176.5,-2.1, 0, 0,196835,1165,1260,1,1,1,""
3049652,EVENT,176.3,-2.1, 0, 0,174003,1165,1260,1,1,0,"VALVE2 OFF"
3050030,DATA,175.0,-4.2, 0, 0,198000,1165,1260,1,1,0,""
3050530,DATA,174.3,-2.1, 0, 0,197978,1165,1260,1,1,0,""
3051030,DATA,173.5,0.0, 0, 0,197982,1165,1260,1,1,0,""
3051530,DATA,172.3,-2.1, 0, 0,196770,1165,1260,1,1,0,""
3052030,DATA,171.3,-2.1, 0, 0,196784,1165,1260,1,1,0,""
3052530,DATA,170.5,-2.1, 0, 0,197404,1165,1260,1,1,0,""
3053030,DATA,169.3,-2.1, 0, 0,197370,1165,1260,1,1,0,""
3053530,DATA,168.3,-2.1, 0, 0,197390,1165,1260,1,1,0,""
3054030,DATA,167.5,-2.1, 0, 0,197410,1165,1260,1,1,0,""
3054530,DATA,166.3,-4.2, 0, 0,196818,1165,1260,1,1,0,""
3054812,EVENT,166.0,-2.1, 0, 0,197412,1165,1260,0,1,0,"IGN OFF"
3055030,DATA,165.5,-2.1, 0, 0,169220,1165,1260,0,1,0,""
3055463,EVENT,165.0,0.0, 0, 0,158405,1165,1260,1,1,0,"IGN ON"
3055530,DATA,165.0,0.0, 0, 0,158405,1165,1260,1,1,0,""
3056030,DATA,163.5,-2.1, 0, 0,197414,1165,1260,1,1,0,""
3056530,DATA,162.8,0.0, 0, 0,198572,1165,1260,1,1,0,""
3057030,DATA,162.0,-2.1, 0, 0,197400,1165,1260,1,1,0,""
3057530,DATA,161.0,0.0, 0, 0,198574,1165,1260,1,1,0,""
3057708,EVENT,160.5,-2.1, 0, 0,183011,1165,1260,1,1,0,"PUMP 1160"
3057987,EVENT,160.0,-2.1, 0, 0,198012,1165,1260,1,1,0,"PUMP 1155"
3058030,DATA,160.0,-2.1, 0, 0,198012,1165,1260,1,1,0,""
3058090,EVENT,160.0,0.0, 0, 0,174555,1165,1260,1,1,0,"PUMP 1150"
3058530,DATA,158.8,-4.2, 0, 0,196765,1162,1260,1,1,0,""
3058704,EVENT,158.8,0.0, 0, 0,181205,1160,1260,1,1,0,"PUMP 1145"
3058982,EVENT,158.3,0.0, 0, 0,198000,1159,1260,1,1,0,"PUMP 1140"
3059030,DATA,158.3,0.0, 0, 0,198000,1159,1260,1,1,0,""
3059530,DATA,157.3,0.0, 0, 0,197402,1153,1260,1,1,0,""
3060030,DATA,156.3,-2.1, 0, 0,197994,1144,1260,1,1,0,""
3060530,DATA,155.3,-2.1, 0, 0,197394,1140,1260,1,1,0,""
3061030,DATA,154.8,0.0, 0, 0,197998,1140,1260,1,1,0,""
3061530,DATA,153.8,0.0, 0, 0,197424,1140,1260,1,1,0,""
3062030,DATA,152.8,-2.1, 0, 0,197990,1140,1260,1,1,0,""
3062530,DATA,151.7,-4.2, 0, 0,197998,1140,1260,1,1,0,""
3062608,EVENT,151.7,-4.2, 0, 0,193792,1140,1260,1,1,1,"VALVE2 ON"
3063030,DATA,151.3,0.0, 0, 0,197398,1140,1260,1,1,1,""
3063530,DATA,150.3,-2.1, 0, 0,197396,1140,1260,1,1,1,""
3064030,DATA,149.5,-2.1, 0, 0,197408,1140,1260,1,1,1,""
3064530,DATA,148.3,-4.2, 0, 0,197422,1140,1260,1,1,1,""
3065030,DATA,147.8,-2.1, 0, 0,196808,1140,1260,1,1,1,""
3065491,EVENT,146.8,-2.1, 0, 0,197402,1140,1260,1,1,1,"PUMP 1145"
3065530,DATA,146.8,0.0, 0, 0,197402,1140,1260,1,1,1,""
3066030,DATA,145.8,-2.1, 0, 0,198000,1141,1260,1,1,1,""
3066499,EVENT,145.0,-2.1, 0, 0,197451,1144,1260,1,1,1,"PUMP 1150"
3066530,DATA,145.0,-2.1, 0, 0,197451,1144,1260,1,1,1,""
3067030,DATA,144.0,-2.1, 0, 0,197441,1146,1260,1,1,1,""
3067530,DATA,143.5,-2.1, 0, 0,198085,1149,1260,1,1,1,""
3068030,DATA,142.8,-2.1, 0, 0,197459,1150,1260,1,1,1,""
3068530,DATA,141.8,-2.1, 0, 0,196900,1150,1260,1,1,1,""
3068869,EVENT,141.5,0.0, 0, 0,197157,1150,1260,1,1,1,"PUMP 1155"
3069030,DATA,140.8,-2.1, 0, 0,174638,1150,1260,1,1,1,""
3069530,DATA,140.0,-2.1, 0, 0,197461,1152,1260,1,1,1,""
3070001,EVENT,139.3,-4.2, 0, 0,197477,1154,1260,1,1,1,"PUMP 1159"
3070030,DATA,139.3,-4.2, 0, 0,197477,1154,1260,1,1,1,""
3070530,DATA,138.8,0.0, 0, 0,197491,1155,1260,1,1,1,""
3071030,DATA,138.0,-2.1, 0, 0,198089,1158,1260,1,1,1,""
3071530,DATA,137.3,-2.1, 0, 0,196275,1159,1260,1,1,1,""
3072030,DATA,136.5,2.1, 0, 0,197465,1159,1260,1,1,1,""
3072530,DATA,135.5,-2.1, 0, 0,197471,1159,1260,1,1,1,""
3073030,DATA,135.0,-2.1, 0, 0,197481,1159,1260,1,1,1,""
3073530,DATA,134.3,-2.1, 0, 0,196869,1159,1260,1,1,1,""
3074030,DATA,133.8,0.0, 0, 0,196871,1159,1260,1,1,1,""
3074530,DATA,133.0,0.0, 0, 0,196871,1159,1260,1,1,1,""
3075030,DATA,132.0,-2.1, 0, 0,197463,1159,1260,1,1,1,""
3075530,DATA,131.5,0.0, 0, 0,182446,1159,1260,1,1,1,""
3076030,DATA,130.5,-2.1, 0, 0,196861,1159,1260,1,1,1,""
3076530,DATA,130.0,-2.1, 0, 0,197483,1159,1260,1,1,1,""
3077030,DATA,129.3,-2.1, 0, 0,198050,1159,1260,1,1,1,""
3077530,DATA,128.5,-4.2, 0, 0,197473,1159,1260,1,1,1,""
3078030,DATA,127.8,-2.1, 0, 0,198067,1159,1260,1,1,1,""
3078530,DATA,127.2,-2.1, 0, 0,197453,1159,1260,1,1,1,""
3079030,DATA,126.5,-2.1, 0, 0,196851,1159,1260,1,1,1,""
3079530,DATA,126.0,0.0, 0, 0,197481,1159,1260,1,1,1,""
3080030,DATA,125.2,0.0, 0, 0,198057,1159,1260,1,1,1,""
3080530,DATA,124.7,0.0, 0, 0,197467,1159,1260,1,1,1,""
3081030,DATA,124.0,-2.1, 0, 0,196859,1159,1260,1,1,1,""
3081037,EVENT,123.7,-2.1, 0, 0,196859,1000,1260,1,0,0,"PUMP OFF"
3081530,DATA,123.2,0.0, 0, 0,197414,1000,1260,1,0,0,""
3082030,DATA,122.7,0.0, 0, 0,197459,1000,1260,1,0,0,""
3082224,EVENT,122.5,-2.1, 0, 0,182996,1000,1260,1,1,0,"VALVE1 ON"
3082530,DATA,121.7,-2.1, 0, 0,198073,1000,1260,1,1,0,""
3083030,DATA,121.3,0.0, 0, 0,196863,1000,1260,1,1,0,""
3083530,DATA,120.3,-2.1, 0, 0,198046,1000,1260,1,1,0,""
3084030,DATA,119.5,-2.1, 0, 0,197473,1000,1260,1,1,0,""
3084530,DATA,118.7,0.0, 0, 0,197475,1000,1260,1,1,0,""
3084757,EVENT,118.5,-2.1, 0, 0,187802,1000,1260,1,1,0,"PUMP 1045"
3085030,DATA,117.7,-4.2, 0, 0,198053,1004,1260,1,1,0,""
3085530,DATA,117.3,-2.1,4989,4989,21502,1022,1260,1,1,0,""
3086050,DATA,116.5,0.0,4989,4989,19537,1042,1260,1,1,0,""
3086550,DATA,116.0,-2.1,4050,4801,197392,1045,1260,1,1,0,""
3087050,DATA,117.0,2.1,1600,3418,198014,1045,1260,1,1,0,""
3087550,DATA,118.0,0.0,679,2227,196792,1045,1260,1,1,0,""
3088050,DATA,119.5,2.1,225,1179,196802,1045,1260,1,1,0,""
3088550,DATA,120.0,2.1,59,507,114606,1045,1260,1,1,0,""
3089050,DATA,122.0,6.2, 0, 0,197370,1045,1260,1,1,0,""
3089550,DATA,122.5,0.0, 0, 0,196820,1045,1260,1,1,0,""
3089605,EVENT,122.7,2.1, 0, 0,196820,1045,1260,1,1,0,"PUMP 1050"
3089739,EVENT,123.0,2.1, 0, 0,170978,1045,1260,1,1,0,"PUMP 1055"
3089882,EVENT,123.2,2.1, 0, 0,166220,1045,1260,1,1,0,"PUMP 1060"
3090050,DATA,124.0,2.1, 0, 0,169129,1046,1260,1,1,0,""
3090125,EVENT,124.0,2.1, 0, 0,196919,1046,1260,1,1,0,"PUMP 1065"
3090310,EVENT,124.5,2.1, 0, 0,175214,1047,1260,1,1,0,"PUMP 1070"
3090550,DATA,124.5,0.0, 0, 0,179979,1049,1260,1,1,0,""
3090597,EVENT,124.5,0.0, 0, 0,196849,1049,1260,1,1,0,"PUMP 1075"
3091050,DATA,125.8,0.0, 0, 0,197159,1055,1260,1,1,0,""
3091356,EVENT,126.5,2.1, 0, 0,192612,1062,1260,1,1,0,"PUMP 1080"
3091550,DATA,127.8,6.2, 0, 0,161535,1063,1260,1,1,0,""
3091594,EVENT,127.8,6.2, 0, 0,196830,1063,1260,1,1,0,"PUMP 1085"
3091727,EVENT,128.0,2.1, 0, 0,160182,1063,1260,1,1,0,"PUMP 1090"
3092050,DATA,129.5,4.2, 0, 0,196529,1066,1260,1,1,0,""
3092095,EVENT,129.8,2.1, 0, 0,196881,1067,1260,1,1,0,"PUMP 1095"
3092550,DATA,130.5,4.0, 0, 0,195979,1073,1260,1,1,0,""
3093070,DATA,131.3,2.1, 0, 0,135214,1087,1260,1,1,0,""
3093570,DATA,133.8,4.2, 0, 0,195598,1095,1260,1,1,0,""
3093777,EVENT,135.0,10.4, 0, 0,163811,1095,1260,1,1,0,"PUMP 1099"
3094070,DATA,139.5,14.6, 0, 0,196792,1095,1260,1,1,0,""
3094570,DATA,143.8,4.2, 0, 0,196786,1097,1260,1,1,0,""
3094609,EVENT,143.8,4.2, 0, 0,186581,1097,1260,1,1,0,"PUMP 1104"
3095070,DATA,149.5,18.8, 0, 0,196208,1099,1260,1,1,0,""
3095570,DATA,157.5,22.9, 0, 0,195573,1102,1260,1,1,0,""
3096070,DATA,168.3,8.3, 0, 0,195612,1104,1260,1,1,0,""
3096570,DATA,175.0,12.5, 0, 0,195606,1104,1260,1,1,0,""
3097070,DATA,180.3,16.7, 0, 0,196178,1104,1260,1,1,0,""
3097570,DATA,185.5,6.2, 0, 0,195014,1104,1260,1,1,0,""
3098070,DATA,191.0,10.4, 0, 0,196200,1104,1260,1,1,0,""
3098570,DATA,194.0,4.1, 0, 0,195608,1104,1260,1,1,0,""
3099070,DATA,196.3,6.2, 0, 0,196194,1104,1260,1,1,0,""
3099570,DATA,198.5,4.2, 0, 0,196175,1104,1260,1,1,0,""
3100070,DATA,200.3,2.1, 0, 0,196784,1104,1260,1,1,0,""
3100570,DATA,202.8,6.2, 0, 0,196200,1104,1260,1,1,0,""
3101070,DATA,205.0,4.2, 0, 0,196196,1104,1260,1,1,0,""
3101570,DATA,208.0,7.9, 0, 0,196208,1104,1260,1,1,0,""
3102070,DATA,210.8,6.2, 0, 0,196180,1104,1260,1,1,0,""
3102570,DATA,214.8,4.2, 0, 0,195606,1104,1260,1,1,0,""
3103070,DATA,218.5,8.3, 0, 0,196204,1104,1260,1,1,0,""
3103570,DATA,221.5,4.2, 0, 0,196224,1104,1260,1,1,0,""
3104070,DATA,225.3,8.3, 0, 0,196206,1104,1260,1,1,0,""
3104570,DATA,228.5,9.9, 0, 0,195604,1104,1260,1,1,0,""
3105070,DATA,232.5,10.4, 0, 0,196208,1104,1260,1,1,0,""
3105570,DATA,237.0,10.4, 0, 0,196818,1104,1260,1,1,0,""
3106070,DATA,240.3,8.3, 0, 0,195594,1104,1260,1,1,0,""
3106134,EVENT,240.3,8.3, 0, 0,187791,1104,1260,1,1,1,"VALVE2 ON"
3106570,DATA,244.5,10.4, 0, 0,195606,1104,1260,1,1,1,""
3107070,DATA,248.0,10.4, 0, 0,196147,1104,1260,1,1,1,""
3107570,DATA,251.2,4.0, 0, 0,195974,1104,1260,1,1,1,""
3108070,DATA,255.2,8.3, 0, 0,195966,1104,1260,1,1,1,""
3108570,DATA,258.8,6.2, 0, 0,195995,1104,1260,1,1,1,""
3109070,DATA,263.3,6.2, 0, 0,64735,1104,1260,1,1,1,""
3109570,DATA,267.7,12.5,4396,4354,7131,1104,1260,1,1,1,""
3110070,DATA,271.3,6.2,4677,4488,7061,1104,1260,1,1,1,""
3110570,DATA,275.0,6.0,5170,4743,14120,1104,1260,1,1,1,""
3111070,DATA,278.8,4.2,5124,4966,13532,1104,1260,1,1,1,""
3111570,DATA,283.0,10.4,5398,5171,15888,1104,1260,1,1,1,""
3112070,DATA,288.0,10.4,5437,5315,14122,1104,1260,1,1,1,""
3112570,DATA,291.3,2.1,5823,5523,12933,1104,1260,1,1,1,""
3113070,DATA,295.3,8.3,6010,5733,17231,1104,1260,1,1,1,""
3113570,DATA,298.7,2.0,5406,5696,8238,1104,1260,1,1,1,""
3113671,EVENT,299.8,8.3,5335,5642,10905,1104,1260,1,1,1,"STARTER 1280"
3113911,EVENT,301.5,7.9,5150,5512,6001,1104,1267,1,1,1,"STARTER 1300"
3114070,DATA,302.8,10.4,5136,5407,1837,1104,1274,1,1,1,""
3114231,EVENT,303.0,2.1,5148,5369,1668,1104,1280,1,1,1,"STARTER 1320"
3114590,DATA,306.5,8.3,5195,5296,1000,1104,1299,1,1,1,""
3115110,DATA,309.8,4.2,5540,5356,1500,1104,1317,1,1,1,""
3115403,EVENT,312.5,8.3,5741,5484,8432,1104,1320,1,1,1,"STARTER 1340"
3115610,DATA,313.7,10.4,5826,5574,3588,1104,1326,1,1,1,""
3115611,EVENT,313.7,10.4,5826,5574,3588,1104,1326,1,1,1,"STARTER 1360"
3115811,EVENT,315.3,4.7,5882,5656,1500,1104,1334,1,1,1,"STARTER 1380"
3116051,EVENT,316.5,6.2,5919,5727,1500,1104,1348,1,1,1,"STARTER 1400"
3116130,DATA,316.5,6.2,5919,5727,1500,1104,1352,1,1,1,""
3116251,EVENT,317.3,6.2,5928,5757,2491,1104,1361,1,1,1,"STARTER 1420"
3116491,EVENT,318.5,4.7,5935,5806,2024,1104,1379,1,1,1,"STARTER 1440"
3116650,DATA,319.0,4.2,5936,5842, 0,1104,1392,1,1,1,""
3117170,DATA,321.3,3.8,5918,5883,1500,1104,1426,1,1,1,""
3117670,DATA,323.7,6.2,5894,5893,6600,1104,1440,1,1,1,""
3118170,DATA,325.5,2.1,5884,5889,2400,1104,1440,1,1,1,""
3118670,DATA,327.5,4.2,5881,5885,9001,1104,1440,1,1,1,""
3119170,DATA,329.0,0.0,5888,5885,7200,1104,1440,1,1,1,""
3119670,DATA,331.3,6.2,5886,5886,6000,1104,1440,1,1,1,""
3120170,DATA,333.8,4.2,5883,5885,14401,1104,1440,1,1,1,""
3120670,DATA,335.3,2.1,5882,5884,6000,1104,1440,1,1,1,""
3121170,DATA,337.3,6.2,6193,5965,5400,1104,1440,1,1,1,""
3121312,EVENT,337.3,0.0,6235,6005,50997,1104,1440,0,1,1,"IGN OFF"
3121670,DATA,338.7,4.2,6036,6061,7124,1104,1440,0,1,1,""
3122170,DATA,340.5,2.1,5887,5986,7727,1104,1440,0,1,1,""
3122670,DATA,342.0,2.1,5835,5910,11178,1104,1440,0,1,1,""
3123170,DATA,343.3,2.1,5818,5861,6472,1104,1440,0,1,1,""
3123670,DATA,344.3,4.0,5813,5835,6472,1104,1440,0,1,1,""
3124170,DATA,345.8,4.2,5749,5807,14710,1104,1440,0,1,1,""
3124670,DATA,347.5,2.1,5761,5777,54684,1104,1440,0,1,1,""
3125170,DATA,349.3,4.2,5819,5786,16042,1104,1440,0,1,1,""
3125448,EVENT,349.8,2.1,5866,5804,36004,1104,1440,0,0,1,"VALVE1 OFF"
3125670,DATA,350.3,0.0,6241,5925,51598,1104,1440,0,0,1,""
3126170,DATA,350.8,0.0,5502,5789,10201,1104,1440,0,0,1,""
3126670,DATA,350.0,-4.1,5717,5707,14261,1104,1440,0,0,1,""
3127170,DATA,347.8,-4.2,6072,5842,7642,1104,1440,0,0,1,""
3127408,EVENT,346.0,-8.3,6074,5907,13802,1104,1440,0,1,1,"VALVE1 ON"
3127670,DATA,344.7,-8.3,6043,5963,10684,1104,1440,0,1,1,""
3128170,DATA,342.0,0.0,6000,5991,15452,1104,1440,0,1,1,""
3128670,DATA,342.0,2.1,5971,5984,8825,1104,1440,0,1,1,""
3129170,DATA,343.0,2.1,5960,5972,10003,1104,1440,0,1,1,""
3129670,DATA,343.0,-2.0,5956,5964,8826,1104,1440,0,1,1,""
3130170,DATA,342.5,-2.1,5955,5959,6466,1104,1440,0,1,1,""
3130670,DATA,342.0,0.0,5897,5948,43383,1104,1440,0,1,1,""
3131170,DATA,341.3,-2.1,5553,5921,115227,1104,1440,0,1,1,""
3131671,DATA,341.3,0.0,5461,5618,7726,1104,1440,0,1,1,""
3132172,DATA,341.5,0.0,5751,5646,5295,1104,1440,0,1,1,""
3132482,EVENT,341.5,0.0,5837,5711,1200,1104,1440,0,1,1,"STARTER 1460"
3132690,DATA,341.5,0.0,5856,5733,104369,1104,1446,0,1,1,""
3132731,EVENT,341.8,1.6,5871,5754,66406,1104,1447,0,1,1,"STARTER 1480"
3133210,DATA,341.8,0.0,6144,5883,1500,1104,1466,0,1,1,""
3133730,DATA,342.5,0.0,6442,6110,1500,1104,1480,0,1,1,""
3134143,EVENT,343.0,0.0,6588,6320,13199,1104,1480,0,1,1,"STARTER 1500"
3134230,DATA,343.0,0.0,6609,6363,56985,1104,1483,0,1,1,""
3134730,DATA,343.3,0.0,6666,6523,28802,1104,1494,0,1,1,""
3135230,DATA,343.5,0.0,6813,6630,11401,1104,1500,0,1,1,""
3135730,DATA,344.0,2.1,7665,7059,3000,1104,1500,0,1,1,""
3135906,EVENT,344.0,0.0,7878,7274, 0,1104,1500,0,1,1,"STARTER 1520"
3136046,EVENT,344.0,0.0,7958,7377,3599,1104,1504,0,1,1,"STARTER 1540"
3136230,DATA,344.3,2.1,8076,7564,1500,1104,1512,0,1,1,""
3136750,DATA,344.7,2.1,8203,7854,1000,1104,1532,0,1,1,""
3137250,DATA,345.3,2.1,8264,8073,22202,1104,1540,0,1,1,""
3137750,DATA,345.5,0.0,7123,7823,7800,1104,1540,0,1,1,""
3138250,DATA,346.5,0.0,7597,7575,7800,1104,1540,0,1,1,""
3138750,DATA,347.3,2.1,8041,7767,11400,1104,1540,0,1,1,""
3139250,DATA,347.8,0.0,8202,7987,13201,1104,1540,0,1,1,""
3139750,DATA,348.7,2.1,8214,8113,3600,1104,1540,0,1,1,""
3140250,DATA,349.8,0.0,8211,8168,1200,1104,1540,0,1,1,""
3140750,DATA,350.5,0.0,8210,8192,6000,1104,1540,0,1,1,""
3141250,DATA,351.8,4.2,8209,8202,41999,1104,1540,0,1,1,""
3141750,DATA,352.5,0.0,8098,8166,50404,1104,1540,0,1,1,""
3142250,DATA,353.8,0.0,7278,7752,138000,1104,1540,0,1,1,""
3142750,DATA,353.8,0.0,6431,6915,4200,1104,1540,0,1,1,""
3142801,EVENT,353.8,0.0,6431,6915,4200,1104,1540,0,1,1,"STARTER 1560"
3143011,EVENT,353.8,0.0,6937,6890,1548,1104,1546,0,1,1,"STARTER 1580"
3143250,DATA,353.8,0.0,7511,7017,1500,1104,1556,0,1,1,""
3143770,DATA,353.8,0.0,8925,7728,1500,1104,1574,0,1,1,""
3144270,DATA,353.8,0.0,9818,8758,600,1104,1580,0,1,1,""
3144770,DATA,353.8,2.1,10135,9479,3600,1104,1580,0,1,1,""
3145012,EVENT,353.5,-2.1,10212,9754,1800,1104,1580,0,1,1,"STARTER 1600"
3145290,DATA,353.5,0.0,10241,9887,4783,1104,1588,0,1,1,""
3145790,DATA,353.0,-2.1,10276,10098,5400,1104,1597,0,1,1,""
3146290,DATA,352.8,0.0,9784,10073,3600,1104,1600,0,1,1,""
3146790,DATA,352.0,-2.1,9089,9634,2400,1104,1600,0,1,1,""
3146886,EVENT,352.0,0.0,9008,9540,2400,1104,1600,0,1,1,"STARTER 1620"
3147290,DATA,351.8,0.0,8847,9288,2000,1104,1611,0,1,1,""
3147790,DATA,351.0,0.0,8718,8953, 0,1104,1619,0,1,1,""
3148290,DATA,350.5,0.0,8687,8809,1200,1104,1620,0,1,1,""
3148790,DATA,349.8,-2.1,8677,8737,1800,1104,1620,0,1,1,""
3149290,DATA,348.5,-4.2,8673,8702,73808,1104,1620,0,1,1,""
3149790,DATA,347.8,-2.1,8050,8599,138003,1104,1620,0,1,1,""
3150290,DATA,346.5,-2.1,6889,7765,4200,1104,1620,0,1,1,""
3150790,DATA,345.0,-6.2,7911,7669,18002,1104,1620,0,1,1,""
3151041,EVENT,344.5,-2.1,8266,7864,37226,1104,1620,0,1,1,"STARTER 1640"
3151290,DATA,344.0,-2.1,8409,8007,1534,1104,1627,0,1,1,""
3151790,DATA,342.7,-4.2,8584,8303, 0,1104,1637,0,1,1,""
3152290,DATA,341.5,-2.1,8643,8484,3000,1104,1640,0,1,1,""
3152790,DATA,339.3,-2.1,8662,8580,6600,1104,1640,0,1,1,""
3153290,DATA,337.0,-8.3,8669,8628,6000,1104,1640,0,1,1,""
3153790,DATA,335.3,-2.1,8671,8652,4800,1104,1640,0,1,1,""
3154290,DATA,332.8,-6.2,8671,8662,11400,1104,1640,0,1,1,""
3154790,DATA,330.8,-2.1,9161,8776,25798,1104,1640,0,1,1,""
3155290,DATA,328.0,-4.2,10245,9431,20999,1104,1640,0,1,1,""
3155790,DATA,325.3,-6.2,10369,10024,21000,1104,1640,0,1,1,""
3156290,DATA,322.8,-4.2,10116,10138,14402,1104,1640,0,1,1,""
3156584,EVENT,321.7,-4.2,9868,10060,15000,1104,1640,1,1,1,"IGN ON"
3156790,DATA,319.5,-12.5,9752,9982,7801,1104,1640,1,1,1,""
3157290,DATA,317.5,-6.2,9599,9791,3600,1104,1640,1,1,1,""
3157790,DATA,318.5,10.4,9546,9663,5400,1104,1640,1,1,1,""
3158102,EVENT,321.7,8.3,9534,9614, 0,1104,1640,0,1,1,"IGN OFF"
3158290,DATA,323.5,14.6,9529,9591,1200,1104,1640,0,1,1,""
3158790,DATA,328.5,10.4,9523,9554,6600,1104,1640,0,1,1,""
3159290,DATA,331.5,2.1,9521,9536,4200,1104,1640,0,1,1,""
3159790,DATA,335.0,8.3,9521,9528,12600,1104,1640,0,1,1,""
3160290,DATA,337.3,2.1,9520,9524,10201,1104,1640,0,1,1,""
3160790,DATA,338.3,0.0,9520,9522,4800,1104,1640,0,1,1,""
3161290,DATA,337.8,-2.1,9520,9521,3000,1104,1640,0,1,1,""
3161790,DATA,336.2,-2.1,9520,9521,4200,1104,1640,0,1,1,""
3162264,EVENT,334.0,-6.2,9520,9520,5400,1104,1640,1,1,1,"IGN ON"
3162290,DATA,334.0,-6.2,9520,9520,5400,1104,1640,1,1,1,""
3162790,DATA,331.0,-4.2,9520,9520,6600,1104,1640,1,1,1,""
3163290,DATA,331.3,4.2,9520,9520,4800,1104,1640,1,1,1,""
3163790,DATA,335.0,6.2,9520,9520,8400,1104,1640,1,1,1,""
3164290,DATA,338.7,8.3,9520,9520,10201,1104,1640,1,1,1,""
3164790,DATA,342.0,6.2,9520,9520,9000,1104,1640,1,1,1,""
3165290,DATA,344.0,4.2,9520,9520,7799,1104,1640,1,1,1,""
3165602,EVENT,344.7,2.1,9520,9520,10801,1104,1640,1,1,1,"STARTER 1660"
3165810,DATA,346.0,5.2,9520,9520,4999,1104,1646,1,1,1,""
3166310,DATA,347.8,4.2,9856,9625,2400,1104,1656,1,1,1,""
3166810,DATA,349.5,4.2,10149,9872,13800,1104,1660,1,1,1,""
3167310,DATA,350.8,2.1,10624,10164,25202,1104,1660,1,1,1,""
3167810,DATA,351.8,0.0,11268,10724,13200,1104,1660,1,1,1,""
3168310,DATA,352.5,2.1,10900,10884,13801,1104,1660,1,1,1,""
3168810,DATA,353.0,0.0,10668,10800,10199,1104,1660,1,1,1,""
3169310,DATA,353.2,0.0,10574,10688,6000,1104,1660,1,1,1,""
3169810,DATA,353.8,0.0,10542,10611,6599,1104,1660,1,1,1,""
3169975,EVENT,354.0,2.1,10539,10601,4800,1104,1660,1,1,1,"STARTER OFF"
3170330,DATA,354.5,2.1,9717,10412,1500,1104,1363,1,1,1,""
3170850,DATA,355.0,2.1,6861,9233,1500,1104,1062,1,1,1,""
3171350,DATA,356.3,2.1,3523,6578,8399,1104,1000,1,1,1,""
3171850,DATA,357.5,2.1,2167,4324,9600,1104,1000,1,1,1,""
3172350,DATA,359.0,2.1,1695,2929,8400,1104,1000,1,1,1,""
3172716,EVENT,360.8,6.2,1557,2291,10800,1104,1000,1,1,1,"STARTER 1200"
3172870,DATA,361.2,3.9,1543,2178,6975,1104,1037,1,1,1,""
3173390,DATA,364.0,6.2,1517,1865,1500,1104,1152,1,1,1,""
3173890,DATA,367.3,6.2,1678,1693,9037,1104,1200,1,1,1,""
3173971,EVENT,367.3,6.2,1914,1726,6599,1104,1200,1,1,1,"STARTER 1220"
3174131,EVENT,368.8,8.3,2158,1791,11362,1104,1205,1,1,1,"STARTER 1240"
3174410,DATA,370.3,4.2,2579,1984,1500,1104,1217,1,1,1,""
3174411,EVENT,370.3,4.2,2579,1984,1500,1104,1217,1,1,1,"STARTER 1260"
3174531,EVENT,371.3,8.3,2738,2098,1971,1104,1223,1,1,1,"STARTER 1280"
3174811,EVENT,373.3,6.8,3025,2429,1500,1104,1243,1,1,1,"STARTER 1320"
3174930,DATA,373.7,4.2,3071,2526,2500,1104,1253,1,1,1,""
3175011,EVENT,373.7,4.2,3071,2526,2500,1104,1262,1,1,1,"STARTER 1340"
3175143,EVENT,374.8,8.3,3268,2637,1977,1104,1272,1,1,1,"STARTER 1360"
3175371,EVENT,376.8,6.8,3786,2922,1690,1104,1297,1,1,1,"STARTER 1380"
3175450,DATA,376.8,0.0,4031,3089,1976,1104,1302,1,1,1,""
3175491,EVENT,376.8,0.0,4031,3089,1976,1104,1308,1,1,1,"STARTER 1400"
3175931,EVENT,379.8,5.1,5022,3871,1500,1104,1358,1,1,1,"STARTER 1440"
3175970,DATA,380.2,4.1,5022,3871,1500,1104,1359,1,1,1,""
3176490,DATA,382.5,2.1,5635,4763,1500,1104,1412,1,1,1,""
3176491,EVENT,382.5,2.1,5635,4763,1500,1104,1412,1,1,1,"STARTER 1480"
3176703,EVENT,382.8,2.1,5696,4903,2000,1104,1429,1,1,1,"STARTER 1520"
3176931,EVENT,383.3,1.7,5782,5142,2252,1104,1455,1,1,1,"STARTER 1560"
3177010,DATA,383.3,0.0,5873,5251,1482,1104,1462,1,1,1,""
3177051,EVENT,383.3,0.0,5873,5251,1482,1104,1469,1,1,1,"STARTER 1580"
3177451,EVENT,384.0,1.7,6398,5702,2000,1104,1522,1,1,1,"STARTER 1620"
3177530,DATA,384.0,0.0,6398,5702,2000,1104,1528,1,1,1,""
3177651,EVENT,384.0,0.0,6636,5842,1494,1104,1546,1,1,1,"STARTER 1640"
3177771,EVENT,384.2,1.9,6871,5996,1984,1104,1560,1,1,1,"STARTER 1660"
3177971,EVENT,384.5,1.7,7686,6411,2024,1104,1585,1,1,1,"STARTER 1680"
3178050,DATA,384.8,2.1,8100,6664,2000,1104,1591,1,1,1,""
3178171,EVENT,385.0,2.1,8412,6926,1500,1104,1609,1,1,1,"STARTER 1700"
3178570,DATA,385.5,2.1,8978,7664,1000,1104,1655,1,1,1,""
3179090,DATA,385.5,0.0,9728,8540,1500,1104,1694,1,1,1,""
3179590,DATA,385.0,-2.1,10720,9559,12599,1104,1700,1,1,1,""
3180090,DATA,384.2,-2.1,11219,10434,16799,1104,1700,1,1,1,""
3180590,DATA,383.3,-4.2,11275,10872,7800,1104,1700,1,1,1,""
3181090,DATA,382.0,-4.2,11480,11176,9600,1104,1700,1,1,1,""
3181590,DATA,380.8,-2.1,11572,11383,8401,1104,1700,1,1,1,""
3182077,EVENT,380.0,-2.1,11604,11501,9599,1104,1700,0,1,1,"IGN OFF"
3182090,DATA,380.0,-2.1,11604,11501,9599,1104,1700,0,1,1,""
3182590,DATA,379.0,-2.1,11615,11563,12601,1104,1700,0,1,1,""
3183090,DATA,378.0,-2.1,11618,11593,11400,1104,1700,0,1,1,""
3183590,DATA,377.3,-2.1,11620,11608,13199,1104,1700,0,1,1,""
3184090,DATA,375.8,-4.2,11620,11615,9600,1104,1700,0,1,1,""
3184590,DATA,375.0,0.0,11620,11618,9001,1104,1700,0,1,1,""
3185090,DATA,374.3,-2.1,11620,11619,9600,1104,1700,0,1,1,""
3185590,DATA,373.3,-2.1,11620,11620,12000,1104,1700,0,1,1,""
3186090,DATA,372.0,-4.2,11620,11620,7800,1104,1700,0,1,1,""
3186590,DATA,370.8,-2.1,11620,11620,10799,1104,1700,0,1,1,""
3186943,EVENT,369.3,-4.2,11620,11620,4800,1104,1700,0,0,1,"VALVE1 OFF"
3187090,DATA,368.8,-4.2,11620,11620,5999,1104,1700,0,0,1,""
3187590,DATA,366.3,-8.3,11620,11620,3600,1104,1700,0,0,1,""
3188090,DATA,363.7,-4.2,11620,11620,9600,1104,1700,0,0,1,""
3188590,DATA,360.0,-10.4,11620,11620,10800,1104,1700,0,0,1,""
3189090,DATA,355.8,-8.3,11620,11620,10201,1104,1700,0,0,1,""
3189590,DATA,350.5,-12.5,11620,11620,7799,1104,1700,0,0,1,""
3190027,EVENT,346.0,-12.5,11620,11620,3600,1104,1700,1,0,1,"IGN ON"
3190090,DATA,346.0,-12.5,11620,11620,3600,1104,1700,1,0,1,""
3190590,DATA,340.0,-10.4,11620,11620,6000,1104,1700,1,0,1,""
3191090,DATA,336.8,-8.3,11620,11620,6600,1104,1700,1,0,1,""
3191214,EVENT,336.2,-4.2,11620,11620,4201,1104,1700,1,1,1,"VALVE1 ON"
3191590,DATA,333.8,-8.3,11620,11620,5400,1104,1700,1,1,1,""
3192090,DATA,331.5,-2.1,11620,11620,5400,1104,1700,1,1,1,""
3192590,DATA,331.5,2.1,11620,11620,4200,1104,1700,1,1,1,""
3193090,DATA,332.2,0.0,11620,11620,4800,1104,1700,1,1,1,""
3193590,DATA,333.3,2.1,11620,11620,4800,1104,1700,1,1,1,""
3194090,DATA,333.8,2.1,11620,11620,2400,1104,1700,1,1,1,""
3194590,DATA,335.3,0.0,11620,11620,19199,1104,1700,1,1,1,""
3195090,DATA,336.2,4.2,11620,11620,112189,1104,1700,1,1,1,""
3195590,DATA,336.5,0.0,11620,11620,4200,1104,1700,1,1,1,""
3196090,DATA,337.0,2.1,11620,11620,7800,1104,1700,1,1,1,""
3196590,DATA,337.5,0.0,11620,11620,7200,1104,1700,1,1,1,""
3197090,DATA,338.5,0.0,11620,11620,6000,1104,1700,1,1,1,""
3197590,DATA,339.3,2.1,11620,11620,4200,1104,1700,1,1,1,""
3197692,EVENT,339.3,0.0,11620,11620,3000,1104,1700,0,1,1,"IGN OFF"
3198090,DATA,339.5,0.0,11620,11620,4800,1104,1700,0,1,1,""
3198590,DATA,339.8,0.0,11620,11620,12000,1104,1700,0,1,1,""
3199090,DATA,339.8,2.1,11620,11620,3000,1104,1700,0,1,1,""
3199590,DATA,340.0,2.1,11620,11620,5400,1104,1700,0,1,1,""
3200090,DATA,340.3,2.1,11620,11620,6000,1104,1700,0,1,1,""
3200590,DATA,340.5,0.0,11620,11620,4200,1104,1700,0,1,1,""
3201090,DATA,340.5,0.0,11620,11620,7200,1104,1700,0,1,1,""
3201590,DATA,340.5,-2.1,11620,11620,10200,1104,1700,0,1,1,""
3202090,DATA,340.3,0.0,11620,11620,9000,1104,1700,0,1,1,""
3202590,DATA,339.5,-2.1,11620,11620,10201,1104,1700,0,1,1,""
3203090,DATA,338.7,-4.2,11620,11620,10201,1104,1700,0,1,1,""
3203590,DATA,338.3,0.0,11620,11620,10799,1104,1700,0,1,1,""
3204090,DATA,337.5,-2.1,11446,11523,4800,1104,1700,0,1,1,""
3204544,EVENT,337.5,2.1,11521,11509,8400,1104,1700,0,1,1,"STARTER 1720"
3204590,DATA,337.5,2.1,11521,11509,8400,1104,1702,0,1,1,""
3205090,DATA,337.8,2.1,11556,11530,9600,1104,1714,0,1,1,""
3205590,DATA,338.5,2.1,11568,11549,7799,1104,1720,0,1,1,""
3206090,DATA,338.5,0.0,11572,11561,7200,1104,1720,0,1,1,""
3206351,EVENT,338.5,0.0,11573,11564,12001,1104,1720,0,1,1,"STARTER 1740"
3206590,DATA,338.5,0.0,11573,11567,10765,1104,1727,0,1,1,""
3207090,DATA,338.5,0.0,11574,11570,10200,1104,1737,0,1,1,""
3207590,DATA,338.3,0.0,11574,11572,9601,1104,1740,0,1,1,""
3208090,DATA,338.3,0.0,11574,11573,7800,1104,1740,0,1,1,""
3208590,DATA,338.0,0.0,11574,11573,2400,1104,1740,0,1,1,""
3209090,DATA,338.0,0.0,11574,11574,9000,1104,1740,0,1,1,""
3209590,DATA,337.3,-2.1,11574,11574,1800,1104,1740,0,1,1,""
3210090,DATA,336.5,-2.1,11574,11574,10200,1104,1740,0,1,1,""
3210590,DATA,335.8,-2.1,11574,11574,9600,1104,1740,0,1,1,""
3211090,DATA,335.0,-2.1,11546,11567,6000,1104,1740,0,1,1,""
3211590,DATA,334.2,-2.1,11507,11540,10800,1104,1740,0,1,1,""
3212090,DATA,333.3,-4.2,11492,11515,4200,1104,1740,0,1,1,""
3212526,EVENT,332.5,-4.2,11486,11500,12600,1104,1740,0,1,1,"STARTER 1760"
3212590,DATA,332.5,-4.2,11486,11500,12600,1104,1742,0,1,1,""
3213090,DATA,331.5,-2.1,11271,11397,9635,1104,1754,0,1,1,""
3213590,DATA,330.5,0.0,11358,11359,7801,1104,1760,0,1,1,""
3214090,DATA,329.5,-2.1,11405,11378,10800,1104,1760,0,1,1,""
3214590,DATA,328.8,-2.1,11423,11400,1800,1104,1760,0,1,1,""
3215090,DATA,328.0,0.0,11428,11415,132601,1104,1760,0,1,1,""
3215590,DATA,327.0,-4.2,11430,11423,6001,1104,1760,0,1,1,""
3216090,DATA,326.5,0.0,11431,11427,9600,1104,1760,0,1,1,""
3216590,DATA,325.5,0.0,11431,11429,8400,1104,1760,0,1,1,""
3217090,DATA,324.3,-4.2,11431,11430,9601,1104,1760,0,1,1,""
3217517,EVENT,323.7,-2.1,11431,11431,6004,1104,1760,1,1,1,"IGN ON"
3217590,DATA,323.5,-2.1,11431,11431,7799,1104,1760,1,1,1,""
3218090,DATA,322.3,-2.1,11431,11431,4200,1104,1760,1,1,1,""
3218590,DATA,323.5,6.2,11431,11431,6600,1104,1760,1,1,1,""
3219090,DATA,326.2,6.2,11431,11431,9000,1104,1760,1,1,1,""
3219590,DATA,328.5,6.2,11431,11431,4800,1104,1760,1,1,1,""
3220090,DATA,330.0,4.2,11431,11431,4800,1104,1760,1,1,1,""
3220590,DATA,330.8,2.1,11431,11431,6600,1104,1760,1,1,1,""
3221090,DATA,331.0,0.0,11431,11431,4800,1104,1760,1,1,1,""
3221590,DATA,331.3,0.0,11431,11431,4800,1104,1760,1,1,1,""
3222090,DATA,331.8,2.1,11431,11431,3600,1104,1760,1,1,1,""
3222590,DATA,331.8,0.0,11431,11431,8401,1104,1760,1,1,1,""
3223090,DATA,332.0,0.0,10517,11294,170405,1104,1760,1,1,1,""
3223590,DATA,332.0,0.0,10446,10713,7200,1104,1760,1,1,1,""
3224090,DATA,332.2,2.1,11055,10807,3600,1104,1760,1,1,1,""
3224590,DATA,332.2,0.0,11304,11047,4800,1104,1760,1,1,1,""
3225090,DATA,332.2,-2.1,11389,11225,6600,1104,1760,1,1,1,""
3225590,DATA,332.8,2.1,11417,11328,5400,1104,1760,1,1,1,""
3226090,DATA,332.8,0.0,11427,11381,49200,1104,1760,1,1,1,""
3226399,EVENT,333.0,0.0,9234,10954,99440,1104,1760,1,1,1,"STARTER 1780"
3226610,DATA,333.0,0.0,8796,10630,3550,1104,1766,1,1,1,""
3227110,DATA,333.0,0.0,9909,9955,30598,1104,1776,1,1,1,""
3227610,DATA,333.0,0.0,10881,10322,4800,1104,1780,1,1,1,""
3228110,DATA,333.0,0.0,11247,10784,94813,1104,1780,1,1,1,""
3228610,DATA,332.8,0.0,7822,10181,141006,1104,1780,1,1,1,""
3229110,DATA,332.5,2.1,8098,8937,7201,1104,1780,1,1,1,""
3229610,DATA,332.0,-2.1,9909,9144,3600,1104,1780,1,1,1,""
3230110,DATA,331.8,0.0,10899,9973,4800,1104,1780,1,1,1,""
3230610,DATA,331.8,0.0,11254,10634,4200,1104,1780,1,1,1,""
3231110,DATA,331.3,-2.1,11373,11028,1200,1104,1780,1,1,1,""
3231610,DATA,331.0,0.0,11412,11236,75589,1104,1780,1,1,1,""
3232110,DATA,330.8,2.1,11425,11339,45000,1104,1780,1,1,1,""
3232610,DATA,330.5,0.0,11429,11389,6000,1104,1780,1,1,1,""
3233110,DATA,330.2,0.0,11430,11412,3600,1104,1780,1,1,1,""
3233610,DATA,330.2,0.0,11431,11422,5400,1104,1780,1,1,1,""
3234077,EVENT,330.0,0.0,11431,11427,4800,1104,1780,0,1,1,"IGN OFF"
3234110,DATA,330.0,0.0,11431,11427,4800,1104,1780,0,1,1,""
3234610,DATA,329.8,0.0,11431,11429,12000,1104,1780,0,1,1,""
3235110,DATA,329.3,0.0,11431,11430,8400,1104,1780,0,1,1,""
3235610,DATA,329.0,0.0,11431,11431,9001,1104,1780,0,1,1,""
3236110,DATA,328.5,-2.1,11431,11431,6600,1104,1780,0,1,1,""
3236610,DATA,328.5,0.0,11431,11431,4200,1104,1780,0,1,1,""
3237110,DATA,328.2,-2.1,11431,11431,3600,1104,1780,0,1,1,""
3237610,DATA,328.0,0.0,11431,11431,8400,1104,1780,0,1,1,""
3237817,EVENT,327.8,0.0,11431,11431,1800,1104,1780,1,1,1,"IGN ON"
3238110,DATA,327.3,0.0,11431,11431,6001,1104,1780,1,1,1,""
3238610,DATA,328.2,4.2,9710,11148,194992,1104,1780,1,1,1,""
3239110,DATA,329.5,2.1,11264,10889,160197,1104,1780,1,1,1,""
3239610,DATA,330.0,0.0,9952,11348,190204,1104,1780,1,1,1,""
3240110,DATA,329.5,-4.2,5409,8866,173995,1104,1780,1,1,1,""
3240610,DATA,329.0,0.0,1999,5573,196202,1104,1780,1,1,1,""
3241110,DATA,328.2,0.0,673,3040,190181,1104,1780,1,1,1,""
3241446,EVENT,328.0,0.0,2541,2478,6600,1104,1780,1,0,1,"VALVE1 OFF"
3241610,DATA,328.0,0.0,5050,3036,6649,1104,1780,1,0,1,""
3242110,DATA,327.0,0.0,9118,5799,5400,1104,1780,1,0,1,""
3242610,DATA,324.8,-10.4,10656,8278,3600,1104,1780,1,0,1,""
3243110,DATA,321.0,-6.2,11176,9815,5400,1104,1780,1,0,1,""
3243373,EVENT,318.0,-12.5,11300,10376,4800,1104,1780,1,1,1,"VALVE1 ON"
3243610,DATA,315.7,-12.5,11347,10643,6600,1104,1780,1,1,1,""
3244110,DATA,311.5,-6.2,11404,11058,27597,1104,1780,1,1,1,""
3244610,DATA,310.8,0.0,11375,11251,78006,1104,1780,1,1,1,""
3245110,DATA,312.3,2.1,10465,10893,78603,1104,1780,1,1,1,""
3245610,DATA,313.0,-2.1,11187,10966,7800,1104,1780,1,1,1,""
3246110,DATA,313.5,0.0,11357,11160,55195,1104,1780,1,1,1,""
3246610,DATA,313.5,0.0,9658,10998,187796,1104,1780,1,1,1,""
3247110,DATA,313.3,0.0,6497,9032,148797,1104,1780,1,1,1,""
3247610,DATA,313.5,0.0,7845,8433,163192,1104,1780,1,1,1,""
3248110,DATA,313.3,0.0,5443,7070,6599,1104,1780,1,1,1,""
3248308,EVENT,313.0,-2.1,6664,6869,21602,1104,1780,1,1,1,"STARTER 1760"
3248471,EVENT,312.5,-2.0,7377,6945,4199,1104,1775,1,1,1,"STARTER 1740"
3248630,DATA,312.3,-1.7,8635,7339,10121,1104,1768,1,1,1,""
3248671,EVENT,312.3,-1.7,8635,7339,10121,1104,1766,1,1,1,"STARTER 1720"
3248831,EVENT,312.0,-2.1,9142,7609,2500,1104,1757,1,1,1,"STARTER 1700"
3249150,DATA,311.8,-1.7,10213,8507,2224,1104,1734,1,1,1,""
3249151,EVENT,311.8,-1.7,10213,8507,2224,1104,1734,1,1,1,"STARTER 1680"
3249670,DATA,311.5,0.0,10923,9572,21000,1104,1700,1,1,1,""
3250190,DATA,311.2,0.0,10881,10345,1500,1104,1680,1,1,1,""
3250690,DATA,311.5,0.0,10179,10516,189625,1104,1680,1,1,1,""
3251190,DATA,311.0,-2.1,4400,8125,60000,1104,1680,1,1,1,""
3251690,DATA,311.0,0.0,4204,6244,182989,1104,1680,1,1,1,""
3252190,DATA,311.0,-2.1,4527,4924,161402,1104,1680,1,1,1,""
3252690,DATA,310.0,-2.1,3097,4025,46798,1104,1680,1,1,1,""
3253190,DATA,309.5,0.0,7071,4984,124807,1104,1680,1,1,1,""
3253690,DATA,309.5,-2.1,9300,7052,72004,1104,1680,1,1,1,""
3254190,DATA,309.8,0.0,10106,8635,10200,1104,1680,1,1,1,""
3254690,DATA,310.0,2.1,10375,9564,6600,1104,1680,1,1,1,""
3255190,DATA,309.5,-2.1,10464,10052,6600,1104,1680,1,1,1,""
3255690,DATA,308.8,-2.1,10493,10294,7200,1104,1680,1,1,1,""
3256190,DATA,308.5,0.0,10503,10409,7200,1104,1680,1,1,1,""
3256690,DATA,308.5,-2.1,10506,10462,9001,1104,1680,1,1,1,""
3257190,DATA,308.8,0.0,10507,10487,6601,1104,1680,1,1,1,""
3257690,DATA,308.5,0.0,10508,10498,9001,1104,1680,1,1,1,""
3258190,DATA,308.5,0.0,10508,10504,10200,1104,1680,1,1,1,""
3258690,DATA,309.2,0.0,10508,10506,7800,1104,1680,1,1,1,""
3259190,DATA,309.0,0.0,10508,10507,12600,1104,1680,1,1,1,""
3259690,DATA,309.2,0.0,10508,10507,12600,1104,1680,1,1,1,""
3260190,DATA,309.2,-2.1,10508,10508,7800,1104,1680,1,1,1,""
3260684,EVENT,309.5,0.0,10508,10508,14401,1104,1680,1,1,1,"PUMP 1109"
3260690,DATA,309.5,0.0,10508,10508,14401,1104,1680,1,1,1,""
3261190,DATA,309.5,0.0,10381,10489,10200,1105,1680,1,1,1,""
3261690,DATA,311.0,4.2,10346,10399,9000,1108,1680,1,1,1,""
3261880,EVENT,311.0,0.0,10380,10392,7200,1108,1680,1,1,1,"STARTER 1700"
3262210,DATA,311.8,2.1,10416,10397,2500,1109,1689,1,1,1,""
3262383,EVENT,312.0,2.1,10424,10401,2500,1109,1693,1,1,1,"STARTER 1720"
3262730,DATA,312.5,0.0,10519,10427,2500,1109,1705,1,1,1,""
3263230,DATA,313.0,0.0,11045,10680,5421,1109,1718,1,1,1,""
3263730,EVENT,313.7,2.1,11298,10986,6600,1109,1720,1,1,1,"STARTER 1740"
3263731,DATA,313.7,2.1,11298,10986,6600,1109,1720,1,1,1,""
3264231,DATA,314.5,2.1,11387,11196,4785,1109,1733,1,1,1,""
3264731,DATA,315.0,2.1,11417,11315,6000,1109,1740,1,1,1,""
3265231,DATA,316.0,2.1,11426,11375,7800,1109,1740,1,1,1,""
3265728,EVENT,316.5,0.0,11430,11405,9000,1109,1740,1,1,1,"PUMP 1114"
3265731,DATA,316.5,0.0,11430,11405,9000,1109,1740,1,1,1,""
3266231,DATA,317.5,0.0,11431,11419,7799,1110,1740,1,1,1,""
3266731,DATA,318.3,2.1,11431,11426,8400,1113,1740,1,1,1,""
3267231,DATA,319.0,2.1,11431,11429,10201,1114,1740,1,1,1,""
3267731,DATA,319.0,0.0,11431,11430,12001,1114,1740,1,1,1,""
3268231,DATA,319.5,0.0,11431,11431,3000,1114,1740,1,1,1,""
3268731,DATA,320.3,2.1,11431,11431,2400,1114,1740,1,1,1,""
3269231,DATA,321.3,2.1,11431,11431,13800,1114,1740,1,1,1,""
3269731,DATA,322.3,4.2,11431,11431,9000,1114,1740,1,1,1,""
3270231,DATA,323.0,0.0,11431,11431,7201,1114,1740,1,1,1,""
3270731,DATA,323.7,2.1,11431,11431,9600,1114,1740,1,1,1,""
3271231,DATA,324.0,-2.1,11431,11431,9600,1114,1740,1,1,1,""
3271731,DATA,324.3,0.0,11431,11431,10200,1114,1740,1,1,1,""
3271743,EVENT,324.3,0.0,11431,11431,10200,1114,1740,1,1,1,"PUMP 1119"
3272231,DATA,324.5,0.0,11431,11431,7800,1115,1740,1,1,1,""
3272731,DATA,325.0,0.0,11431,11431,8401,1118,1740,1,1,1,""
3273231,DATA,325.8,2.1,11431,11431,4200,1119,1740,1,1,1,""
3273731,DATA,326.0,0.0,11431,11431,13199,1119,1740,1,1,1,""
3274231,DATA,326.5,2.1,11431,11431,7800,1119,1740,1,1,1,""
3274731,DATA,327.0,2.1,11431,11431,9000,1119,1740,1,1,1,""
3275231,DATA,327.3,0.0,11431,11431,9000,1119,1740,1,1,1,""
3275731,DATA,327.8,2.1,11431,11431,6600,1119,1740,1,1,1,""
3276231,DATA,328.2,2.1,11431,11431,9600,1119,1740,1,1,1,""
3276731,DATA,328.2,-2.1,11431,11431,6600,1119,1740,1,1,1,""
3277231,DATA,328.8,0.0,11431,11431,7200,1119,1740,1,1,1,""
3277731,DATA,329.8,2.1,11431,11431,6600,1119,1740,1,1,1,""
3278231,DATA,330.5,2.1,11431,11431,1800,1119,1740,1,1,1,""
3278483,EVENT,331.0,2.1,11431,11431,6601,1119,1740,1,0,1,"VALVE1 OFF"
3278731,DATA,331.3,2.1,11431,11431,7199,1119,1740,1,0,1,""
3279231,DATA,331.3,-2.1,11431,11431,4200,1119,1740,1,0,1,""
3279731,DATA,329.0,-8.3,11751,11479,121785,1119,1740,1,0,1,""
3280231,DATA,325.5,-6.2,10633,11011,7200,1119,1740,1,0,1,""
3280731,DATA,319.7,-6.2,11099,10982,6601,1119,1740,1,0,1,""
3281231,DATA,315.3,-10.4,11317,11136,9000,1119,1740,1,0,1,""
3281731,DATA,311.2,-6.2,11393,11268,4800,1119,1740,1,0,1,""
3282231,DATA,306.0,-14.6,11419,11348,6599,1119,1740,1,0,1,""
3282278,EVENT,306.0,-14.6,11419,11348,6599,1119,1740,0,0,1,"IGN OFF"
3282731,DATA,301.8,-8.3,11427,11391,10200,1119,1740,0,0,1,""
3282955,EVENT,299.3,-10.4,11428,11401,12000,1119,1740,1,0,1,"IGN ON"
3283231,DATA,297.0,-12.5,11430,11412,9600,1119,1740,1,0,1,""
3283731,DATA,293.5,-4.2,11431,11422,9001,1119,1740,1,0,1,""
3283972,EVENT,291.5,-4.2,11431,11425,9001,1119,1740,1,1,1,"VALVE1 ON"
3284231,DATA,288.5,-6.2,11431,11427,9600,1119,1740,1,1,1,""
3284731,DATA,288.3,6.2,11431,11429,7199,1119,1740,1,1,1,""
3285231,DATA,289.5,2.1,11431,11430,4800,1119,1740,1,1,1,""
3285731,DATA,293.5,12.5,11431,11431,5400,1119,1740,1,1,1,""
3286231,DATA,297.3,4.2,11431,11431,3600,1119,1740,1,1,1,""
3286731,DATA,300.5,6.2,11431,11431,6000,1119,1740,1,1,1,""
3287231,DATA,303.5,4.2,11431,11431,9007,1119,1740,1,1,1,""
3287731,DATA,305.0,2.1,11431,11431,6665,1119,1740,1,1,1,""
3288231,DATA,306.5,4.2,11431,11431,7877,1119,1740,1,1,1,""
3288731,DATA,308.5,4.2,11751,11479,168108,1119,1740,1,1,1,""
3289231,DATA,310.3,2.1,11503,11742,85448,1119,1740,1,1,1,""
3289731,DATA,312.0,6.2,10954,11295,118271,1119,1740,1,1,1,""
3290231,DATA,313.5,3.9,9882,10749,65441,1119,1740,1,1,1,""
3290731,DATA,315.3,4.2,10994,10599,88252,1119,1740,1,1,1,""
3291231,DATA,317.0,6.2,11953,11180,145297,1119,1740,1,1,1,""
3291731,DATA,318.3,2.1,12007,11590,132690,1119,1740,1,1,1,""
3292231,DATA,319.3,2.1,10540,11477,148452,1119,1740,1,1,1,""
3292731,DATA,320.3,0.0,10484,10828,9695,1119,1740,1,1,1,""
3293231,DATA,321.3,2.0,11020,10850,21206,1119,1740,1,1,1,""
3293731,DATA,322.8,4.2,11239,11034,7271,1119,1740,1,1,1,""
3294231,DATA,323.3,0.0,11314,11179,4848,1119,1740,1,1,1,""
3294731,DATA,323.7,0.0,11339,11265,7877,1119,1740,1,1,1,""
3295231,DATA,324.5,2.1,11270,11298,9605,1119,1740,1,1,1,""
3295731,DATA,325.3,4.2,11251,11265,4847,1119,1740,1,1,1,""
3296231,DATA,326.0,2.0,11295,11275,11512,1119,1740,1,1,1,""
3296731,DATA,327.0,0.0,11053,11178,17571,1119,1740,1,1,1,""
3297231,DATA,328.2,4.2,10960,11102,6060,1119,1740,1,1,1,""
3297731,DATA,329.0,0.0,11063,11055,8483,1119,1740,1,1,1,""
3298231,DATA,330.2,2.1,11153,11096,4847,1119,1740,1,1,1,""
3298731,DATA,331.3,4.2,11183,11134,1177,1119,1740,1,1,1,""
3299231,DATA,332.5,2.0,11197,11167,11767,1119,1740,1,1,1,""
3299731,DATA,333.8,2.1,11202,11186,11767,1119,1740,1,1,1,""
3300073,EVENT,334.8,4.2,11203,11194,13199,1119,1740,0,1,1,"IGN OFF"
3300231,DATA,335.3,4.2,11203,11195,11754,1119,1740,0,1,1,""
3300731,DATA,336.2,0.0,11204,11200,8905,1119,1740,0,1,1,""
3301231,DATA,337.0,0.0,11204,11202,61149,1119,1740,0,1,1,""
3301731,DATA,338.0,2.1,10568,11122,105766,1119,1740,0,1,1,""
3302231,DATA,338.7,4.0,9774,10158,59377,1119,1740,0,1,1,""
3302731,DATA,339.8,2.1,10790,10374,4750,1119,1740,0,1,1,""
3303231,DATA,341.0,0.0,11073,10723,6537,1119,1740,0,1,1,""
3303731,DATA,341.8,0.0,11161,10954,7060,1119,1740,0,1,1,""
3304231,DATA,341.8,0.0,11190,11081,4707,1119,1740,0,1,1,""
3304731,DATA,341.5,0.0,11200,11146,35861,1119,1740,0,1,1,""
3305231,DATA,340.7,-2.0,11636,11373,9507,1119,1740,0,1,1,""
3305731,DATA,340.5,0.0,11421,11444,8230,1119,1740,0,1,1,""
3306231,DATA,340.0,-2.1,11281,11374,6537,1119,1740,0,1,1,""
3306731,DATA,340.0,0.0,11230,11301, 0,1119,1740,0,1,1,""
3307231,DATA,339.5,0.0,11213,11254,1764,1119,1740,0,1,1,""
3307731,DATA,339.0,-2.1,11207,11229,147219,1119,1740,0,1,1,""
3308231,DATA,338.3,-4.0,6872,9982,76595,1119,1740,0,1,1,""
3308731,DATA,338.0,0.0,3621,7146,138922,1119,1740,0,1,1,""
3309231,DATA,337.5,0.0,2619,4698,145486,1119,1740,0,1,1,""
3309731,DATA,337.3,0.0,4960,4756,163261,1119,1740,0,1,1,""
3310231,DATA,337.5,0.0,3019,3919,10696,1119,1740,0,1,1,""
3310335,EVENT,337.8,2.1,3876,3913,62410,1119,1740,1,1,1,"IGN ON"
3310731,DATA,337.5,2.1,7533,5116,118157,1119,1740,1,1,1,""
3311114,EVENT,337.8,0.0,8345,6415,4200,1119,1740,0,1,1,"IGN OFF"
3311231,DATA,338.5,6.0,8786,6771,5343,1119,1740,0,1,1,""
3311731,DATA,341.5,6.2,8973,8045,20203,1119,1740,0,1,1,""
3312231,DATA,344.5,6.2,10201,9026,5884,1119,1740,0,1,1,""
3312731,DATA,346.5,2.1,10833,9937,7060,1119,1740,0,1,1,""
3313231,DATA,346.5,-2.1,11058,10528,12357,1119,1740,0,1,1,""
3313731,DATA,346.5,-2.1,11133,10854,9414,1119,1740,0,1,1,""
3314231,DATA,346.7,2.0,11157,11019,5879,1119,1740,0,1,1,""
3314731,DATA,346.3,-2.1,11165,11099,7124,1119,1740,0,1,1,""
3315006,EVENT,345.5,-2.1,11167,11125,14401,1119,1740,1,1,1,"IGN ON"
3315231,DATA,344.7,-6.2,11168,11137,11875,1119,1740,1,1,1,""
3315731,DATA,344.7,0.0,11169,11155,8913,1119,1740,1,1,1,""
3316231,DATA,347.0,6.2,10740,10993,4708,1119,1740,1,1,1,""
3316731,DATA,349.8,2.1,10904,10910,6472,1119,1740,1,1,1,""
3317231,DATA,352.0,4.0,11007,10949,5296,1119,1740,1,1,1,""
3317731,DATA,353.5,2.1,8921,10565,138746,1119,1740,1,1,1,""
3318231,DATA,354.5,2.1,8194,8973,6537,1119,1740,1,1,1,""
3318731,DATA,355.8,2.1,9955,9238,6472,1119,1740,1,1,1,""
3318865,EVENT,356.0,2.1,10166,9378,5453,1119,1740,1,1,1,"PUMP 1124"
3319231,DATA,356.5,2.1,10688,9938,9994,1120,1740,1,1,1,""
3319731,DATA,357.2,2.1,10940,10459,10092,1122,1740,1,1,1,""
3320231,DATA,358.0,2.0,11023,10761,13060,1124,1740,1,1,1,""
3320731,DATA,359.2,4.2,11051,10918,7130,1124,1740,1,1,1,""
3321231,DATA,360.0,2.1,11060,10996,3531,1124,1740,1,1,1,""
3321731,DATA,360.8,0.0,11063,11033,71130,1124,1740,1,1,1,""
3322231,DATA,362.5,4.2,6390,9599,111135,1124,1740,1,1,1,""
3322731,DATA,363.5,0.0,6438,7996,194591,1124,1740,1,1,1,""
3322837,EVENT,364.0,4.2,5608,7638,144089,1124,1740,1,1,1,"PUMP 1129"
3323231,DATA,365.0,2.0,4805,6378,35620,1125,1740,1,1,1,""
3323731,DATA,366.0,2.1,6081,6336,149584,1127,1740,1,1,1,""
3324231,DATA,367.3,0.0,8429,7012,2969,1129,1740,1,1,1,""
3324346,EVENT,367.5,2.1,8884,7293,4802,1129,1740,1,1,1,"STARTER 1760"
3324750,DATA,368.3,2.1,10094,8474,4000,1129,1751,1,1,1,""
3325250,DATA,369.3,2.1,10715,9631,5400,1129,1759,1,1,1,""
3325750,DATA,370.5,2.1,10924,10320,5400,1129,1760,1,1,1,""
3325851,EVENT,370.8,2.1,10944,10414,8399,1129,1760,1,1,1,"STARTER 1780"
3326250,DATA,371.5,2.1,10993,10685,3614,1129,1771,1,1,1,""
3326750,DATA,372.8,2.1,11016,10865,6000,1129,1779,1,1,1,""
3326985,EVENT,373.0,2.1,11020,10908,5400,1129,1780,1,1,1,"STARTER 1800"
3327270,DATA,373.5,1.6,11022,10940,3999,1129,1788,1,1,1,""
3327770,DATA,374.8,2.1,11025,10987,4203,1129,1797,1,1,1,""
3328270,DATA,376.0,4.2,11026,11008,8400,1129,1800,1,1,1,""
3328770,DATA,376.8,0.0,11026,11018,11400,1129,1800,1,1,1,""
3329270,DATA,377.8,2.1,11027,11023,11400,1129,1800,1,1,1,""
3329770,DATA,378.5,2.1,11167,11056,19199,1129,1800,1,1,1,""
3330270,DATA,379.0,2.1,12020,11534,31801,1129,1800,1,1,1,""
3330770,DATA,379.5,2.1,12212,11884,21601,1129,1800,1,1,1,""
3331270,DATA,380.0,2.1,12102,12013,25800,1129,1800,1,1,1,""
3331770,DATA,380.5,2.1,11906,11971,13201,1129,1800,1,1,1,""
3332270,DATA,380.8,-2.1,11798,11906,21000,1129,1800,1,1,1,""
3332770,DATA,381.5,2.1,11791,11941,25797,1129,1800,1,1,1,""
3333270,DATA,382.0,0.0,12155,11951,15600,1129,1800,1,1,1,""
3333770,DATA,382.5,2.0,12147,12072,10799,1129,1800,1,1,1,""
3334270,DATA,382.8,0.0,12090,12091,16800,1129,1800,1,1,1,""
3334770,DATA,383.0,0.0,11902,12005,13800,1129,1800,1,1,1,""
3335270,DATA,383.3,0.0,11985,11979,9000,1129,1800,1,1,1,""
3335770,DATA,383.5,0.0,12030,12001,7199,1129,1800,1,1,1,""
3336270,DATA,383.8,0.0,12046,12024,5999,1129,1800,1,1,1,""
3336770,DATA,384.5,2.0,12052,12039,6599,1129,1800,1,1,1,""
3337032,EVENT,384.5,0.0,12053,12044,9600,1129,1800,0,1,1,"IGN OFF"
3337270,DATA,385.3,2.1,12054,12047,10801,1129,1800,0,1,1,""
3337770,DATA,385.5,-2.1,12054,12051,10199,1129,1800,0,1,1,""
3338270,DATA,386.0,0.0,12054,12053,9000,1129,1800,0,1,1,""
3338770,DATA,386.0,0.0,12093,12060,19199,1129,1800,0,1,1,""
3339270,DATA,386.2,2.1,11939,12048,13201,1129,1800,0,1,1,""
3339770,DATA,386.2,0.0,11951,11985,9000,1129,1800,0,1,1,""
3340270,DATA,386.5,0.0,11998,11985,9000,1129,1800,0,1,1,""
3340770,DATA,386.0,0.0,12016,12000,8400,1129,1800,0,1,1,""
3341270,DATA,385.0,-4.2,12023,12012,3000,1129,1800,0,1,1,""
3341770,DATA,383.8,-4.2,12025,12019,9000,1129,1800,0,1,1,""
3342270,DATA,382.5,-4.2,12025,12022,6599,1129,1800,0,1,1,""
3342708,EVENT,381.5,0.0,12026,12024,6600,1129,1800,1,1,1,"IGN ON"
3342770,DATA,381.3,-2.0,12026,12024,6600,1129,1800,1,1,1,""
3343270,DATA,380.0,-2.1,12026,12025,6600,1129,1800,1,1,1,""
3343770,DATA,380.2,2.1,12026,12025,11400,1129,1800,1,1,1,""
3344270,DATA,382.5,2.1,12026,12026,7800,1129,1800,1,1,1,""
3344770,DATA,384.5,4.2,12026,12026,6001,1129,1800,1,1,1,""
3345270,DATA,385.5,2.1,12026,12026,4800,1129,1800,1,1,1,""
3345770,DATA,386.0,0.0,12026,12026,6601,1129,1800,1,1,1,""
3346270,DATA,386.8,2.1,12026,12026,8400,1129,1800,1,1,1,""
3346770,DATA,387.3,2.1,12026,12026,7200,1129,1800,1,1,1,""
3347270,DATA,387.5,0.0,12026,12026,10199,1129,1800,1,1,1,""
3347770,DATA,387.8,0.0,12026,12026,10201,1129,1800,1,1,1,""
3348270,DATA,387.8,0.0,12026,12026,10800,1129,1800,1,1,1,""
3348770,DATA,388.0,0.0,12026,12026,6600,1129,1800,1,1,1,""
3349270,DATA,388.3,0.0,12026,12026,3600,1129,1800,1,1,1,""
3349770,DATA,388.5,0.0,12026,12026,7200,1129,1800,1,1,1,""
3350270,DATA,388.7,0.0,12026,12026,7201,1129,1800,1,1,1,""
3350770,DATA,389.0,0.0,12026,12026,7799,1129,1800,1,1,1,""
3351270,DATA,389.5,2.1,12026,12026,8400,1129,1800,1,1,1,""
3351770,DATA,389.5,0.0,12026,12026,7199,1129,1800,1,1,1,""
3352270,DATA,389.8,0.0,12026,12026,8400,1129,1800,1,1,1,""
3352770,DATA,390.0,0.0,12026,12026,6600,1129,1800,1,1,1,""
3353270,DATA,390.0,0.0,12026,12026,7800,1129,1800,1,1,1,""
3353770,DATA,390.5,2.1,12026,12026,8400,1129,1800,1,1,1,""
3354270,DATA,391.0,2.1,12026,12026,8401,1129,1800,1,1,1,""
3354770,DATA,391.3,0.0,12026,12026,7799,1129,1800,1,1,1,""
3355270,DATA,391.5,0.0,12026,12026,10800,1129,1800,1,1,1,""
3355770,DATA,391.8,0.0,12026,12026,9000,1129,1800,1,1,1,""
3356270,DATA,392.0,0.0,12026,12026,5400,1129,1800,1,1,1,""
3356770,DATA,392.3,0.0,12026,12026,4200,1129,1800,1,1,1,""
3357270,DATA,392.7,2.1,12026,12026,7199,1129,1800,1,1,1,""
3357770,DATA,393.5,2.0,12026,12026,6600,1129,1800,1,1,1,""
3358270,DATA,393.8,2.1,12026,12026,6000,1129,1800,1,1,1,""
3358770,DATA,394.0,0.0,12026,12026,6000,1129,1800,1,1,1,""
3359270,DATA,394.5,2.1,12026,12026,7199,1129,1800,1,1,1,""
3359770,DATA,395.0,2.1,12026,12026,6000,1129,1800,1,1,1,""
3360270,DATA,395.5,0.0,12026,12026,9600,1129,1800,1,1,1,""
3360770,DATA,396.3,2.0,12026,12026,16200,1129,1800,1,1,1,""
3361270,DATA,396.7,2.1,12026,12026,10199,1129,1800,1,1,1,""
3361771,DATA,397.3,2.1,12026,12026,5400,1129,1800,1,1,1,""
3362272,DATA,397.5,0.0,12026,12026,8400,1129,1800,1,1,1,""
3362773,DATA,398.0,0.0,12026,12026,9000,1129,1800,1,1,1,""
3363274,DATA,398.5,2.1,12026,12026,6000,1129,1800,1,1,1,""
3363775,DATA,399.0,0.0,12026,12026,5399,1129,1800,1,1,1,""
3364276,DATA,399.5,0.0,12026,12026,9601,1129,1800,1,1,1,""
3364777,DATA,399.8,2.1,12026,12026,6600,1129,1800,1,1,1,""
3365278,DATA,400.0,0.0,12026,12026,6600,1129,1800,1,1,1,""
3365779,DATA,400.5,0.0,12026,12026,2400,1129,1800,1,1,1,""
3366280,DATA,400.8,2.1,12026,12026,4200,1129,1800,1,1,1,""
3366781,DATA,400.8,0.0,12026,12026,6600,1129,1800,1,1,1,""
3367282,DATA,401.0,0.0,12026,12026,9000,1129,1800,1,1,1,""
3367783,DATA,401.7,2.1,12026,12026,10801,1129,1800,1,1,1,""
3368284,DATA,401.7,0.0,12026,12026,5400,1129,1800,1,1,1,""
3368785,DATA,401.5,0.0,12026,12026,9000,1129,1800,1,1,1,""
3369286,DATA,402.0,2.1,12026,12026,7200,1129,1800,1,1,1,""
3369787,DATA,402.8,2.0,12026,12026,5400,1129,1800,1,1,1,""
3370194,EVENT,403.3,2.1,12026,12026,36600,1129,1800,0,1,1,"IGN OFF"
3370288,DATA,403.3,0.0,12026,12026,36600,1129,1800,0,1,1,""
3370789,DATA,403.8,0.0,12026,12026,4800,1129,1800,0,1,1,""
3371290,DATA,404.3,2.1,12026,12026,4800,1129,1800,0,1,1,""
3371791,DATA,404.8,0.0,12026,12026,2971,1129,1800,0,1,1,""
3372292,DATA,405.0,0.0,12026,12026,7649,1129,1800,0,1,1,""
3372793,DATA,405.7,2.0,12026,12026,5884,1129,1800,0,1,1,""
3373294,DATA,406.0,2.1,12026,12026,10589,1129,1800,0,1,1,""
3373795,DATA,406.0,-2.1,12026,12026,4704,1129,1800,0,1,1,""
3374296,DATA,405.7,-2.1,12026,12026,3562,1129,1800,0,1,1,""
3374797,DATA,405.0,-2.1,12026,12026,8313,1129,1800,0,1,1,""
3375298,DATA,404.5,0.0,12026,12026,6536,1129,1800,0,1,1,""
3375799,DATA,403.0,-4.0,12026,12026,8820,1129,1800,0,1,1,""
3376300,DATA,401.7,-2.1,12026,12026,2969,1129,1800,0,1,1,""
3376801,DATA,401.0,-2.1,12026,12026,11875,1129,1800,0,1,1,""
3377302,DATA,400.3,-2.1,12026,12026,4749,1129,1800,0,1,1,""
3377315,EVENT,400.3,-2.1,12026,12026,4749,1129,1800,1,1,1,"IGN ON"
3377803,DATA,399.0,-2.1,12026,12026,42151,1129,1800,1,1,1,""
3378304,DATA,399.0,2.1,12026,12026,8913,1129,1800,1,1,1,""
3378805,DATA,401.2,2.0,12026,12026,5884,1129,1800,1,1,1,""
3379306,DATA,403.0,0.0,12026,12026,7060,1129,1800,1,1,1,""
3379807,DATA,403.8,0.0,12026,12026,4119,1129,1800,1,1,1,""
3380308,DATA,404.3,0.0,12026,12026,2941,1129,1800,1,1,1,""
3380725,EVENT,404.3,0.0,12026,12026,9000,1129,1800,0,1,1,"IGN OFF"
3380809,DATA,404.3,0.0,12026,12026,4115,1129,1800,0,1,1,""
3381310,DATA,405.0,0.0,12026,12026,75475,1129,1800,0,1,1,""
3381811,DATA,405.5,2.0,11994,12011,6472,1129,1800,0,1,1,""
3382312,DATA,405.2,-2.1,12012,12008,2939,1129,1800,0,1,1,""
3382813,DATA,405.0,0.0,12021,12014,5942,1129,1800,0,1,1,""
3383314,DATA,405.2,2.1,12024,12019,7060,1129,1800,0,1,1,""
3383815,DATA,405.2,0.0,12025,12022,10004,1129,1800,0,1,1,""
3384316,DATA,405.0,-2.1,12026,12024,5879,1129,1800,0,1,1,""
3384817,DATA,404.5,0.0,12026,12025,7125,1129,1800,0,1,1,""
3385318,DATA,404.0,-2.1,12026,12025,4156,1129,1800,0,1,1,""
3385653,EVENT,403.8,0.0,12026,12026,10801,1129,1800,1,1,1,"IGN ON"
3385819,DATA,402.8,-6.2,12026,12026,5938,1129,1800,1,1,1,""
3386320,DATA,402.5,-2.1,12026,12026,8312,1129,1800,1,1,1,""
3386821,DATA,403.5,2.1,12026,12026,4754,1129,1800,1,1,1,""
3387322,DATA,404.5,0.0,12026,12026,8238,1129,1800,1,1,1,""
3387823,DATA,404.8,0.0,12026,12026,5295,1129,1800,1,1,1,""
3388324,DATA,404.3,-2.1,12026,12026,5291,1129,1800,1,1,1,""
3388825,DATA,404.0,0.0,12026,12026,5348,1129,1800,1,1,1,""
3389326,DATA,403.5,-2.1,12026,12026,5879,1129,1800,1,1,1,""
3389827,DATA,403.5,0.0,12026,12026,10102,1129,1800,1,1,1,""
3390328,DATA,403.3,0.0,12026,12026,5883,1129,1800,1,1,1,""
3390829,DATA,403.3,0.0,12026,12026,7062,1129,1800,1,1,1,""
3391330,DATA,403.0,0.0,12026,12026,5884,1129,1800,1,1,1,""
3391831,DATA,402.8,0.0,12026,12026,4119,1129,1800,1,1,1,""
3392332,DATA,402.0,-4.2,12026,12026,4115,1129,1800,1,1,1,""
3392833,DATA,402.0,0.0,12026,12026,9508,1129,1800,1,1,1,""
3393334,DATA,401.5,0.0,12026,12026,4707,1129,1800,1,1,1,""
3393835,DATA,401.5,0.0,12026,12026,7061,1129,1800,1,1,1,""
3394292,EVENT,401.2,0.0,12026,12026,6000,1129,1800,0,1,1,"IGN OFF"
3394336,DATA,401.2,0.0,12026,12026,7052,1129,1800,0,1,1,""
3394837,DATA,401.0,0.0,12026,12026,8320,1129,1800,0,1,1,""
3395338,DATA,400.8,0.0,12026,12026,4118,1129,1800,0,1,1,""
3395839,DATA,400.5,0.0,12026,12026,12936,1129,1800,0,1,1,""
3396340,DATA,400.3,0.0,12026,12026,7124,1129,1800,0,1,1,""
3396502,EVENT,400.3,-2.1,12026,12026,7204,1129,1800,1,1,1,"IGN ON"
3396841,DATA,400.0,0.0,12026,12026,9499,1129,1800,1,1,1,""
3397342,DATA,400.8,2.1,12026,12026,12477,1129,1800,1,1,1,""
3397843,DATA,401.5,0.0,12026,12026,11171,1129,1800,1,1,1,""
3398344,DATA,402.0,0.0,12026,12026,15451,1129,1800,1,1,1,""
3398845,DATA,402.2,0.0,12026,12026,5297,1129,1800,1,1,1,""
3399346,DATA,402.0,-2.1,12026,12026,7641,1129,1800,1,1,1,""
3399847,DATA,402.0,0.0,12026,12026,11290,1129,1800,1,1,1,""
3400348,DATA,401.7,0.0,12026,12026,7649,1129,1800,1,1,1,""
3400849,DATA,401.5,0.0,12026,12026,11179,1129,1800,1,1,1,""
3401350,DATA,401.2,0.0,12026,12026,13533,1129,1800,1,1,1,""
3401851,DATA,401.2,0.0,12026,12026,10003,1129,1800,1,1,1,""
3402352,DATA,401.2,2.1,12026,12026,2942,1129,1800,1,1,1,""
3402853,DATA,401.0,0.0,12026,12026,9415,1129,1800,1,1,1,""
3403354,DATA,401.2,0.0,12026,12026,10591,1129,1800,1,1,1,""
3403855,DATA,401.2,0.0,11812,11931,17065,1129,1800,1,1,1,""
3404356,DATA,401.2,0.0,11899,11897,7648,1129,1800,1,1,1,""
3404857,DATA,401.2,0.0,11947,11918,8827,1129,1800,1,1,1,""
3405358,DATA,401.5,0.0,11964,11941,10002,1129,1800,1,1,1,""
3405859,DATA,402.5,2.0,11970,11957,10003,1129,1800,1,1,1,""
3406360,DATA,403.0,2.1,11972,11965,9414,1129,1800,1,1,1,""
3406861,DATA,403.5,0.0,11973,11969,9416,1129,1800,1,1,1,""
3407362,DATA,404.0,0.0,11973,11971,7648,1129,1800,1,1,1,""
3407863,DATA,404.8,2.1,11973,11972,7061,1129,1800,1,1,1,""
3408364,DATA,405.2,0.0,11973,11973,8826,1129,1800,1,1,1,""
3408703,EVENT,405.5,0.0,11973,11973,13201,1129,1800,1,1,1,"PUMP 1124"
3408820,EVENT,405.7,2.1,11973,11973,13196,1129,1800,1,1,1,"PUMP 1119"
3408865,DATA,405.7,0.0,11973,11973,14699,1129,1800,1,1,1,""
3409034,EVENT,406.0,2.1,11973,11973,8405,1128,1800,1,1,1,"PUMP 1114"
3409239,EVENT,406.0,0.0,11973,11973,13202,1127,1800,1,1,1,"PUMP 1109"
3409366,DATA,406.0,0.0,11973,11973,17220,1127,1800,1,1,1,""
3409537,EVENT,406.2,2.1,11973,11973,12006,1125,1800,1,1,1,"PUMP 1104"
3409867,DATA,406.5,0.0,11973,11973,18405,1122,1800,1,1,1,""
3410368,DATA,406.8,-2.1,11564,11862,19001,1113,1800,1,1,1,""
3410869,DATA,407.0,0.0,11006,11442,18403,1105,1800,1,1,1,""
3411370,DATA,407.5,0.0,11350,11316,13655,1104,1800,1,1,1,""
3411871,DATA,407.5,0.0,11597,11435,14854,1104,1800,1,1,1,""
3412372,DATA,407.5,2.1,11689,11563,6466,1104,1800,1,1,1,""
3412873,DATA,407.0,-2.1,11720,11646,7718,1104,1800,1,1,1,""
3413374,DATA,407.0,-2.1,11730,11691,8311,1104,1800,1,1,1,""
3413875,DATA,407.0,-2.1,11733,11714,8312,1104,1800,1,1,1,""
3414376,DATA,407.0,0.0,11734,11725,5348,1104,1800,1,1,1,""
3414877,DATA,406.8,0.0,11734,11730,5296,1104,1800,1,1,1,""
3415378,DATA,407.0,0.0,11735,11733, 0,1104,1800,1,1,1,""
3415879,DATA,407.3,0.0,11735,11734,18829,1104,1800,1,1,1,""
3416380,DATA,407.5,2.1,11371,11581,12357,1104,1800,1,1,1,""
3416881,DATA,407.5,2.1,11494,11505,10591,1104,1800,1,1,1,""
3417382,DATA,407.5,0.0,11587,11536,13532,1104,1800,1,1,1,""
3417883,DATA,407.5,0.0,11669,11600,22340,1104,1800,1,1,1,""
3418384,DATA,407.3,0.0,11493,11550,17824,1104,1800,1,1,1,""
3418885,DATA,407.3,2.1,11445,11503,13535,1104,1800,1,1,1,""
3419386,DATA,407.3,0.0,11487,11486,5295,1104,1800,1,1,1,""
3419887,DATA,407.3,0.0,11511,11496,11180,1104,1800,1,1,1,""
3420388,DATA,407.0,0.0,11521,11509,10590,1104,1800,1,1,1,""
3420889,DATA,407.0,0.0,11524,11516,8238,1104,1800,1,1,1,""
3421390,DATA,406.8,0.0,11525,11521,7648,1104,1800,1,1,1,""
3421820,EVENT,406.8,0.0,11525,11523,3600,1000,1800,0,0,0,"EV:A03_ESTOP"
3421891,DATA,406.8,0.0,11525,11523,6466,1000,1800,0,0,0,""
3422086,EVENT,406.8,0.0,11525,11523,9007,1000,1800,0,0,0,"EV:A03_ESTOP"
3422392,DATA,406.5,0.0,11358,11467,13060,1000,1800,0,0,0,""
3422893,DATA,404.3,-4.2,11440,11435,12469,1000,1800,0,0,0,""
3423394,DATA,399.3,-14.6,11495,11460,5937,1000,1800,0,0,0,""
3423895,DATA,392.3,-15.7,11515,11488,7718,1000,1800,0,0,0,""
3424396,DATA,387.0,-6.2,11522,11506,6530,1000,1800,0,0,0,""
3424897,DATA,380.8,-14.6,11524,11516,7720,1000,1800,0,0,0,""
3425177,EVENT,378.0,-16.7,11524,11518,10201,1000,1800,0,0,0,"STARTER 1780"
3425430,DATA,376.0,-11.1,11477,11510,12702,1000,1793,0,0,0,""
3425779,EVENT,371.7,-14.6,11373,11459,9600,1000,1785,0,0,0,"STARTER 1760"
3425923,EVENT,370.5,-10.4,11355,11444,7973,1000,1781,0,0,0,"STARTER 1740"
3425930,DATA,370.5,-10.4,11355,11444,7973,1000,1781,0,0,0,""
3426191,EVENT,368.0,-12.5,11328,11413,1500,1000,1767,0,0,0,"STARTER 1720"
3426430,DATA,364.8,-11.0,11310,11385,1500,1000,1753,0,0,0,""
3426631,EVENT,362.5,-12.5,11278,11359,1500,1000,1741,0,0,0,"STARTER 1700"
3426831,EVENT,360.8,-14.6,11245,11342,3000,1000,1731,0,0,0,"STARTER 1680"
3426950,DATA,360.3,-4.1,11212,11322,1482,1000,1724,0,0,0,""
3426963,EVENT,360.3,-4.1,11212,11322,1482,1000,1724,0,0,0,"STARTER 1660"
3427231,EVENT,357.0,-10.3,11131,11257,1500,1000,1702,0,0,0,"STARTER 1640"
3427470,DATA,353.8,-11.0,10987,11192,1500,1000,1683,0,0,0,""
3427990,DATA,349.3,-14.6,10711,11000,1500,1000,1651,0,0,0,""
3428490,DATA,344.0,-12.5,10055,10594,9600,1000,1640,0,0,0,""
3428990,DATA,338.0,-6.2,9707,10152,9600,1000,1640,0,0,0,""
3429490,DATA,333.0,-12.5,9582,9853,10201,1000,1640,0,0,0,""
3429990,DATA,329.0,-10.4,9541,9685,5400,1000,1640,0,0,0,""
3430490,DATA,324.8,-6.2,9527,9599,9000,1000,1640,0,0,0,""
3430990,DATA,319.7,-10.4,9523,9557,15600,1000,1640,0,0,0,""
3431490,DATA,315.7,-6.2,9521,9537,17999,1000,1640,0,0,0,""
3431990,DATA,310.5,-4.2,10186,9757,18000,1000,1640,0,0,0,""
3432490,DATA,305.8,-12.5,10603,10174,21601,1000,1640,0,0,0,""
3432990,DATA,302.3,-4.2,10738,10441,18600,1000,1640,0,0,0,""
3433490,DATA,297.8,-10.4,11001,10734,19801,1000,1640,0,0,0,""
3433990,DATA,294.0,-6.2,10849,10853,14399,1000,1640,0,0,0,""
3434490,DATA,290.0,-8.3,10366,10655,12001,1000,1640,0,0,0,""
3434990,DATA,286.5,-4.2,10548,10450,24598,1000,1640,0,0,0,""
3435490,DATA,282.0,-4.2,10735,10607,7201,1000,1640,0,0,0,""
3435990,DATA,278.0,-8.3,10244,10481,12601,1000,1640,0,0,0,""
3436490,DATA,274.8,-8.3,10097,10296,13200,1000,1640,0,0,0,""
3436990,DATA,270.8,-10.4,9866,10105,16201,1000,1640,0,0,0,""
3437490,DATA,267.7,-8.3,9944,9997,13801,1000,1640,0,0,0,""
3437990,DATA,264.5,-4.2,10010,9994,12001,1000,1640,0,0,0,""
3438490,DATA,260.0,-8.3,9941,9997,13799,1000,1640,0,0,0,""
3438990,DATA,257.0,-8.3,9893,9930,19200,1000,1640,0,0,0,""
3439490,DATA,254.3,-2.1,9769,9892,20398,1000,1640,0,0,0,""
3439990,DATA,250.8,-8.3,9805,9834,17999,1000,1640,0,0,0,""
3440490,DATA,248.0,-4.2,9849,9834,11400,1000,1640,0,0,0,""
3440990,DATA,244.7,-8.3,9875,9853,5400,1000,1640,0,0,0,""
3441490,DATA,241.3,-6.2,9796,9848,19202,1000,1640,0,0,0,""
3441990,DATA,238.5,-4.2,9738,9783,12001,1000,1640,0,0,0,""
3442490,DATA,235.5,-6.2,9785,9776,12600,1000,1640,0,0,0,""
3442990,DATA,233.0,-4.2,9806,9790,14999,1000,1640,0,0,0,""
3443490,DATA,230.0,-6.2,9813,9802,12001,1000,1640,0,0,0,""
3443990,DATA,227.5,-4.2,9816,9809,11400,1000,1640,0,0,0,""
3444490,DATA,224.8,-4.2,9816,9813,10201,1000,1640,0,0,0,""
3444990,DATA,221.5,-6.2,9813,9814,16200,1000,1640,0,0,0,""
3445490,DATA,219.0,-4.2,9788,9804,10199,1000,1640,0,0,0,""
3445990,DATA,216.3,-6.2,9776,9790,4800,1000,1640,0,0,0,""
3446490,DATA,214.0,-6.2,9772,9781,7201,1000,1640,0,0,0,""
3446990,DATA,211.2,-6.2,9770,9775,12601,1000,1640,0,0,0,""
3447490,DATA,209.0,-6.2,9770,9772,7201,1000,1640,0,0,0,""
3447990,DATA,206.0,-6.2,9770,9771,9000,1000,1640,0,0,0,""
3448490,DATA,203.5,-6.2,9770,9770,11400,1000,1640,0,0,0,""
3448990,DATA,201.2,-6.2,9770,9770,6599,1000,1640,0,0,0,""
3449490,DATA,199.3,-2.1,9770,9770,10199,1000,1640,0,0,0,""
3449990,DATA,196.8,-6.2,9770,9770,4800,1000,1640,0,0,0,""
3450470,EVENT,194.5,-2.1,9770,9770,8400,1000,1640,0,0,0,"STARTER 1620"
3450490,DATA,194.5,-2.1,9770,9770,9475,1000,1639,0,0,0,""
3450751,EVENT,193.3,-6.0,9770,9770,6600,1000,1632,0,0,0,"STARTER 1600"
3450911,EVENT,193.0,-2.1,9770,9770,5025,1000,1626,0,0,0,"STARTER 1580"
3450990,DATA,192.3,-4.7,9770,9770,1977,1000,1623,0,0,0,""
3451031,EVENT,192.3,-4.7,9770,9770,1977,1000,1620,0,0,0,"STARTER 1560"
3451271,EVENT,191.0,-3.1,9770,9770,2529,1000,1602,0,0,0,"STARTER 1520"
3451510,DATA,190.0,-2.1,9811,9776,1518,1000,1580,0,0,0,""
3451831,EVENT,188.8,-3.4,9991,9838,1500,1000,1543,0,0,0,"STARTER 1480"
3451991,EVENT,188.0,-6.2,9723,9821,1500,1000,1531,0,0,0,"STARTER 1460"
3452030,DATA,187.3,-4.7,9464,9767,1483,1000,1530,0,0,0,""
3452550,DATA,185.5,-4.7,8598,9346,1500,1000,1482,0,0,0,""
3452603,EVENT,185.5,0.0,8598,9346,1500,1000,1479,0,0,0,"STARTER 1420"
3452831,EVENT,184.3,-4.2,8061,9022,2252,1000,1462,0,0,0,"STARTER 1400"
3453070,DATA,183.3,-6.2,7622,8660,1518,1000,1443,0,0,0,""
3453071,EVENT,183.3,-6.2,7622,8660,1518,1000,1443,0,0,0,"STARTER 1380"
3453590,DATA,181.7,-4.2,6618,7690,1500,1000,1404,0,0,0,""
3454110,DATA,180.0,-2.1,6236,7044,1500,1000,1380,0,0,0,""
3454610,DATA,178.3,-4.2,6051,6518,6600,1000,1380,0,0,0,""
3455110,DATA,176.3,-4.2,5815,6200,9000,1000,1380,0,0,0,""
3455610,DATA,174.8,-2.1,5624,5893,6000,1000,1380,0,0,0,""
3456110,DATA,173.3,-4.2,5152,5564,6600,1000,1380,0,0,0,""
3456610,DATA,171.8,-2.1,5218,5305,13199,1000,1380,0,0,0,""
3457110,DATA,170.3,-4.2,5362,5337,10199,1000,1380,0,0,0,""
3457610,DATA,169.0,-4.2,5133,5265,7200,1000,1380,0,0,0,""
3458110,DATA,167.0,-4.2,5295,5272,8400,1000,1380,0,0,0,""
3458610,DATA,165.5,-4.2,5135,5223,8400,1000,1380,0,0,0,""
3459110,DATA,164.2,-2.1,5057,5143,10200,1000,1380,0,0,0,""
3459610,DATA,162.8,-2.1,5030,5084,9006,1000,1380,0,0,0,""
3460110,DATA,161.3,-4.2,5560,5282,4800,1000,1380,0,0,0,""
3460610,DATA,160.0,-2.1,5349,5361,7200,1000,1380,0,0,0,""
3461110,DATA,158.3,-4.2,5222,5303,4200,1000,1380,0,0,0,""
3461610,DATA,156.8,-2.1,5175,5238,6601,1000,1380,0,0,0,""
3462110,DATA,155.5,-2.1,5160,5197,3600,1000,1380,0,0,0,""
3462610,DATA,154.0,-2.1,5155,5174,1200,1000,1380,0,0,0,""
3463110,DATA,152.8,0.0,5153,5163,4200,1000,1380,0,0,0,""
3463610,DATA,151.0,-4.2,5152,5157,7200,1000,1380,0,0,0,""
3464110,DATA,150.0,0.0,5152,5154,5400,1000,1380,0,0,0,""
3464610,DATA,148.3,-2.1,5152,5153,8400,1000,1380,0,0,0,""
3465110,DATA,147.0,-2.1,5152,5153,5401,1000,1380,0,0,0,""
3465610,DATA,145.8,-2.1,5152,5152,6000,1000,1380,0,0,0,""
3466110,DATA,144.5,-2.1,5152,5152,9000,1000,1380,0,0,0,""
3466610,DATA,143.3,-2.1,5152,5152,5400,1000,1380,0,0,0,""
3467110,DATA,142.0,-4.2,5152,5152,7800,1000,1380,0,0,0,""
3467610,DATA,140.5,-2.1,5152,5152,13200,1000,1380,0,0,0,""
3468110,DATA,139.3,-4.2,5152,5152,9000,1000,1380,0,0,0,""
3468610,DATA,138.3,-2.1,5152,5152,10199,1000,1380,0,0,0,""
3469110,DATA,137.0,-4.2,5152,5152,4200,1000,1380,0,0,0,""
3469610,DATA,136.0,-2.1,5219,5162,10200,1000,1380,0,0,0,""
3470110,DATA,134.8,-4.2,5253,5218,7800,1000,1380,0,0,0,""
3470610,DATA,133.8,-2.1,5209,5220,7801,1000,1380,0,0,0,""
3471110,DATA,132.3,-2.1,5191,5207,5400,1000,1380,0,0,0,""
3471610,DATA,131.0,-4.2,5184,5195,10800,1000,1380,0,0,0,""
3472110,DATA,130.3,-2.1,5215,5193,7800,1000,1380,0,0,0,""
3472610,DATA,129.0,-2.1,5216,5210,6601,1000,1380,0,0,0,""
3473110,DATA,128.0,-2.1,5245,5221,10199,1000,1380,0,0,0,""
3473610,DATA,126.8,-4.2,5605,5396,7200,1000,1380,0,0,0,""
3474110,DATA,125.5,-4.2,5437,5450,7800,1000,1380,0,0,0,""
3474610,DATA,124.7,0.0,5337,5403,10199,1000,1380,0,0,0,""
3475110,DATA,123.5,-2.1,5297,5350,10200,1000,1380,0,0,0,""
3475610,DATA,122.7,-2.1,5414,5377,10800,1000,1380,0,0,0,""
3476110,DATA,121.7,-2.1,5777,5471,12000,1000,1380,0,0,0,""
3476610,DATA,120.7,-2.1,6221,5836,10799,1000,1380,0,0,0,""
3477110,DATA,119.7,0.0,5973,5951,7200,1000,1380,0,0,0,""
3477610,DATA,118.7,-2.1,6288,6047,9599,1000,1380,0,0,0,""
3478110,DATA,117.7,-2.1,6293,6171,4200,1000,1380,0,0,0,""
3478610,DATA,117.0,-2.1,6139,6156,13799,1000,1380,0,0,0,""
3479110,DATA,116.3,0.0,6670,6356,14399,1000,1380,0,0,0,""
3479610,DATA,115.3,-2.1,6481,6518,8400,1000,1380,0,0,0,""
3480110,DATA,114.3,-2.1,6158,6364,12000,1000,1380,0,0,0,""
3480610,DATA,113.3,-2.1,6264,6238,13799,1000,1380,0,0,0,""
3481110,DATA,112.2,-2.1,6784,6488,14401,1000,1380,0,0,0,""
3481610,DATA,111.5,-2.1,6784,6679,13799,1000,1380,0,0,0,""
3482110,DATA,110.7,0.0,6857,6794,13200,1000,1380,0,0,0,""
3482610,DATA,109.7,-2.1,6439,6686,9001,1000,1380,0,0,0,""
3483110,DATA,109.0,-2.1,6125,6420,10800,1000,1380,0,0,0,""
3483610,DATA,108.2,0.0,6146,6261,8400,1000,1380,0,0,0,""
3484110,DATA,107.2,-2.1,6175,6208,11400,1000,1380,0,0,0,""
3484610,DATA,106.5,0.0,6172,6192,15001,1000,1380,0,0,0,""
3485110,DATA,105.8,-2.1,6258,6201,17401,1000,1380,0,0,0,""
3485610,DATA,105.0,0.0,6990,6544,13801,1000,1380,0,0,0,""
3486110,DATA,104.0,-2.1,7234,6890,11400,1000,1380,0,0,0,""
3486610,DATA,103.0,-2.1,7137,7042,18000,1000,1380,0,0,0,""
3487110,DATA,102.5,0.0,7223,7152,12599,1000,1380,0,0,0,""
3487610,DATA,101.8,-2.1,7139,7142,17400,1000,1380,0,0,0,""
3488110,DATA,101.0,-2.1,7393,7245,19801,1000,1380,0,0,0,""
3488610,DATA,100.5,-2.1,7353,7316,15599,1000,1380,0,0,0,""
3489110,DATA,99.8,-2.1,7305,7299,17401,1000,1380,0,0,0,""
3489610,DATA,99.0,-2.1,7333,7320,16800,1000,1380,0,0,0,""
3490110,DATA,98.3,-2.1,7469,7394,19802,1000,1380,0,0,0,""
3490610,DATA,97.5,-2.1,7948,7613,16801,1000,1380,0,0,0,""
3491110,DATA,97.0,0.0,7816,7737,19800,1000,1380,0,0,0,""
3491610,DATA,96.5,0.0,8140,7881,18000,1000,1380,0,0,0,""
3492110,DATA,96.0,0.0,7795,7903,21601,1000,1380,0,0,0,""
3492610,DATA,95.2,-2.1,7700,7761,19801,1000,1380,0,0,0,""
3493110,DATA,94.5,-2.1,7645,7725,19800,1000,1380,0,0,0,""
3493610,DATA,93.7,-2.1,7579,7663,15600,1000,1380,0,0,0,""
3494110,DATA,93.3,-2.1,7599,7624,19801,1000,1380,0,0,0,""
3494610,DATA,92.7,0.0,7615,7636,18000,1000,1380,0,0,0,""
3495110,DATA,92.0,-2.1,7533,7587,19201,1000,1380,0,0,0,""
3495610,DATA,91.5,0.0,7746,7652,19202,1000,1380,0,0,0,""
3496110,DATA,90.8,0.0,7903,7722,18000,1000,1380,0,0,0,""
3496610,DATA,90.2,0.0,7972,7868,24598,1000,1380,0,0,0,""
3497110,DATA,89.5,-2.1,7717,7847,15001,1000,1380,0,0,0,""
3497610,DATA,89.0,-2.1,7514,7710,16801,1000,1380,0,0,0,""
3498110,DATA,88.3,-2.1,7548,7624,16202,1000,1380,0,0,0,""
3498610,DATA,88.0,0.0,7534,7576,16198,1000,1380,0,0,0,""
3499110,DATA,87.3,-2.1,7652,7590,13199,1000,1380,0,0,0,""
3499610,DATA,86.7,-2.1,7482,7562,15000,1000,1380,0,0,0,""
3500110,DATA,86.2,0.0,7425,7503,15601,1000,1380,0,0,0,""
3501110,DATA,85.2,0.0,7585,7379,10200,1000,1380,0,0,0,""
3501610,DATA,84.5,-2.1,7359,7456,17999,1000,1380,0,0,0,""
3502110,DATA,84.0,-2.1,7055,7323,12601,1000,1380,0,0,0,""
3502610,DATA,83.5,-2.1,7133,7190,13199,1000,1380,0,0,0,""
3503110,DATA,83.0,0.0,7217,7159,12600,1000,1380,0,0,0,""
3503610,DATA,82.5,0.0,7189,7213,10200,1000,1380,0,0,0,""
3504110,DATA,82.0,0.0,6989,7140,10199,1000,1380,0,0,0,""
3504610,DATA,81.5,0.0,7064,7069,8400,1000,1380,0,0,0,""
3505110,DATA,81.0,-2.1,7179,7113,9000,1000,1380,0,0,0,""
3505610,DATA,80.5,-2.1,7224,7168,7799,1000,1380,0,0,0,""
3506110,DATA,80.0,-2.1,7239,7205,7799,1000,1380,0,0,0,""
3506610,DATA,79.5,-2.1,7244,7226,8399,1000,1380,0,0,0,""
3507110,DATA,79.2,0.0,7240,7236,9000,1000,1380,0,0,0,""
3507610,DATA,78.5,-2.1,7119,7211,14401,1000,1380,0,0,0,""
3508110,DATA,78.3,0.0,6852,7073,10801,1000,1380,0,0,0,""
3508610,DATA,77.7,0.0,6782,6945,10800,1000,1380,0,0,0,""
3509110,DATA,77.2,0.0,6820,6853,9000,1000,1380,0,0,0,""
3509610,DATA,77.0,0.0,6921,6875,11401,1000,1380,0,0,0,""
3510110,DATA,76.5,0.0,6871,6896,8999,1000,1380,0,0,0,""
3510610,DATA,76.0,-2.1,6870,6878,6600,1000,1380,0,0,0,""
3511110,DATA,75.8,0.0,6887,6880,10199,1000,1380,0,0,0,""
3511610,DATA,75.2,-2.1,6735,6799,8999,1000,1380,0,0,0,""
3512110,DATA,74.7,-2.1,6619,6687,10201,1000,1380,0,0,0,""
3512610,DATA,74.5,0.0,6732,6694,13800,1000,1380,0,0,0,""
3513110,DATA,74.0,-2.1,6568,6663,9000,1000,1380,0,0,0,""
3513610,DATA,73.7,0.0,6659,6642,10200,1000,1380,0,0,0,""
3514110,DATA,73.3,0.0,6720,6676,9000,1000,1380,0,0,0,""
3514610,DATA,72.7,-2.1,6743,6710,9000,1000,1380,0,0,0,""
3515110,DATA,72.5,0.0,6751,6732,9000,1000,1380,0,0,0,""
3515610,DATA,72.0,-2.1,6753,6743,7200,1000,1380,0,0,0,""
3516110,DATA,71.7,0.0,6754,6749,7800,1000,1380,0,0,0,""
3516610,DATA,71.5,0.0,6754,6752,6599,1000,1380,0,0,0,""
3517110,DATA,71.0,0.0,6754,6753,9600,1000,1380,0,0,0,""
3517610,DATA,70.8,0.0,6754,6754,6000,1000,1380,0,0,0,""
3518110,DATA,70.2,0.0,6754,6754,5400,1000,1380,0,0,0,""
3518610,DATA,70.0,0.0,6754,6754,5999,1000,1380,0,0,0,""
3519110,DATA,69.7,0.0,6754,6754,6000,1000,1380,0,0,0,""
3519610,DATA,69.5,0.0,6754,6754,7801,1000,1380,0,0,0,""
3520110,DATA,69.0,-2.1,6754,6754,8400,1000,1380,0,0,0,""
3520610,DATA,68.7,-2.1,6754,6754,9000,1000,1380,0,0,0,""
3521110,DATA,68.5,0.0,6659,6699,8400,1000,1380,0,0,0,""
3521610,DATA,67.7,-2.1,6872,6781,11999,1000,1380,0,0,0,""
3522022,EVENT,67.7,0.0,6613,6735,10200,1000,1380,0,0,0,"STARTER 1360"
3522110,DATA,67.5,-2.1,6490,6698,8400,1000,1377,0,0,0,""
3522512,EVENT,67.5,0.0,6459,6603,5001,1000,1367,0,0,0,"STARTER 1340"
3522630,DATA,67.5,0.0,6484,6585,6999,1000,1364,0,0,0,""
3522991,EVENT,67.2,0.0,6560,6567,1667,1000,1351,0,0,0,"STARTER 1320"
3523150,DATA,67.2,0.0,6579,6569,2000,1000,1345,0,0,0,""
3523670,DATA,67.0,0.0,6282,6469,1500,1000,1327,0,0,0,""
3524190,DATA,66.7,0.0,6116,6322,1500,1000,1309,0,0,0,""
3524690,DATA,66.5,-2.1,6030,6172,8400,1000,1300,0,0,0,""
3525190,DATA,66.5,2.1,5937,6065,19801,1000,1300,0,0,0,""
3525690,DATA,66.0,0.0,6127,6055,18601,1000,1300,0,0,0,""
3526190,DATA,65.8,0.0,6311,6182,13801,1000,1300,0,0,0,""
3526690,DATA,65.5,-2.1,6280,6235,21601,1000,1300,0,0,0,""
3527190,DATA,65.2,0.0,6239,6262,9000,1000,1300,0,0,0,""
3527690,DATA,65.0,-2.1,6071,6181,9600,1000,1300,0,0,0,""
3528190,DATA,65.0,0.0,5990,6085,15001,1000,1300,0,0,0,""
3528690,DATA,64.7,0.0,5986,6030,14401,1000,1300,0,0,0,""
3529190,DATA,64.2,-2.1,6025,6018,8400,1000,1300,0,0,0,""
3529690,DATA,64.2,0.0,6022,6026,11401,1000,1300,0,0,0,""
3530190,DATA,64.0,0.0,5921,5986,10800,1000,1300,0,0,0,""
3530690,DATA,63.7,-2.1,5931,5959,9600,1000,1300,0,0,0,""
3531190,DATA,63.5,-2.1,5842,5927,10200,1000,1300,0,0,0,""
3531690,DATA,63.5,0.0,5811,5872,7800,1000,1300,0,0,0,""
3532190,DATA,63.0,-2.1,5949,5903,10800,1000,1300,0,0,0,""
3532690,DATA,63.0,0.0,5988,5946,16200,1000,1300,0,0,0,""
3533190,DATA,62.7,0.0,6023,5980,9000,1000,1300,0,0,0,""
3533690,DATA,62.5,0.0,5837,5937,13201,1000,1300,0,0,0,""
3534190,DATA,62.5,2.1,5959,5927,13199,1000,1300,0,0,0,""
3534690,DATA,62.0,-2.1,6005,5967,12000,1000,1300,0,0,0,""
3535190,DATA,61.7,-2.1,5999,5989,7199,1000,1300,0,0,0,""
3535690,DATA,61.7,2.1,5996,5998,6000,1000,1300,0,0,0,""
3536190,DATA,61.5,0.0,5957,5981,17401,1000,1300,0,0,0,""
3536690,DATA,61.0,-2.1,5887,5936,11400,1000,1300,0,0,0,""
3537190,DATA,61.0,0.0,5893,5903,13800,1000,1300,0,0,0,""
3537690,DATA,60.8,-2.1,5954,5921,14400,1000,1300,0,0,0,""
3538190,DATA,60.8,0.0,6007,5964,14400,1000,1300,0,0,0,""
3538690,DATA,60.5,0.0,6036,5999,10799,1000,1300,0,0,0,""
3539190,DATA,60.2,0.0,6015,6017,13202,1000,1300,0,0,0,""
3539690,DATA,60.2,0.0,5942,5990,11399,1000,1300,0,0,0,""
3540190,DATA,60.0,0.0,5932,5965,13199,1000,1300,0,0,0,""
3540690,DATA,59.7,0.0,6016,5983,9000,1000,1300,0,0,0,""
3541190,DATA,59.5,-2.1,5884,5952,10800,1000,1300,0,0,0,""
3541690,DATA,59.2,-2.1,5908,5919,8401,1000,1300,0,0,0,""
3542190,DATA,59.0,-2.1,5945,5930,9000,1000,1300,0,0,0,""
3542690,DATA,59.0,0.0,5969,5946,14399,1000,1300,0,0,0,""
3543190,DATA,58.7,0.0,5984,5974,12600,1000,1300,0,0,0,""
3543690,DATA,58.5,-2.1,6028,5987,10800,1000,1300,0,0,0,""
3544190,DATA,58.3,-2.1,6094,6063,7801,1000,1300,0,0,0,""
3544690,DATA,58.3,0.0,6030,6047,10200,1000,1300,0,0,0,""
3545190,DATA,58.0,0.0,5961,6016,10801,1000,1300,0,0,0,""
3545690,DATA,58.0,2.1,5953,5979,6600,1000,1300,0,0,0,""
3546190,DATA,57.7,0.0,5955,5960,9000,1000,1300,0,0,0,""
3546690,DATA,57.5,0.0,5960,5966,9599,1000,1300,0,0,0,""
3547190,DATA,57.2,-2.1,5964,5962,9001,1000,1300,0,0,0,""
3547690,DATA,57.2,0.0,5866,5920,5400,1000,1300,0,0,0,""
3548190,DATA,57.0,0.0,5881,5893,12599,1000,1300,0,0,0,""
3548690,DATA,56.7,0.0,5932,5904,12600,1000,1300,0,0,0,""
3549190,DATA,56.7,0.0,5982,5940,9600,1000,1300,0,0,0,""
3549690,DATA,56.5,0.0,5904,5936,8999,1000,1300,0,0,0,""
3550190,DATA,56.5,0.0,5797,5896,10201,1000,1300,0,0,0,""
3550690,DATA,56.0,-2.1,5680,5778,10800,1000,1300,0,0,0,""
3551190,DATA,56.0,0.0,5884,5807,8400,1000,1300,0,0,0,""
3551690,DATA,55.8,-2.1,6061,5945,10799,1000,1300,0,0,0,""
3552190,DATA,55.8,0.0,5976,5987,10800,1000,1300,0,0,0,""
3552690,DATA,55.5,0.0,5957,5966,12599,1000,1300,0,0,0,""
3553190,DATA,55.2,-2.1,5898,5945,11400,1000,1300,0,0,0,""
3553690,DATA,55.2,0.0,5846,5914,13198,1000,1300,0,0,0,""
3554190,DATA,55.0,-2.1,5860,5873,10200,1000,1300,0,0,0,""
3554690,DATA,54.7,-2.1,5843,5854,9000,1000,1300,0,0,0,""
3555190,DATA,54.5,-2.1,6023,5931,7799,1000,1300,0,0,0,""
3555690,DATA,54.5,-2.1,5993,5964,10199,1000,1300,0,0,0,""
3556190,DATA,54.5,0.0,5993,5984,8400,1000,1300,0,0,0,""
3556690,DATA,54.2,0.0,5915,5962,10201,1000,1300,0,0,0,""
3557190,DATA,54.2,0.0,5937,5940,11400,1000,1300,0,0,0,""
3557690,DATA,54.0,0.0,5854,5893,6001,1000,1300,0,0,0,""
3558190,DATA,54.0,0.0,5889,5885,10799,1000,1300,0,0,0,""
3558690,DATA,53.7,0.0,5814,5880,7800,1000,1300,0,0,0,""
3559190,DATA,53.5,-2.1,5643,5771,9000,1000,1300,0,0,0,""
3559690,DATA,53.5,0.0,5770,5745,7800,1000,1300,0,0,0,""
3560190,DATA,53.3,-2.1,5853,5790,6599,1000,1300,0,0,0,""
3560690,DATA,53.3,0.0,6067,5884,10200,1000,1300,0,0,0,""
3561190,DATA,53.0,-2.1,6082,6002,9000,1000,1300,0,0,0,""
3561690,DATA,53.0,0.0,6019,6020,8400,1000,1300,0,0,0,""
3562190,DATA,52.7,0.0,5972,6002,7800,1000,1300,0,0,0,""
3562690,DATA,52.7,0.0,5912,5948,8399,1000,1300,0,0,0,""
3563190,DATA,52.5,-2.1,5998,5978,9000,1000,1300,0,0,0,""
3563690,DATA,52.5,0.0,5923,5957,5399,1000,1300,0,0,0,""
3564190,DATA,52.2,0.0,5877,5928,10800,1000,1300,0,0,0,""
3564690,DATA,52.2,2.1,5918,5915,6600,1000,1300,0,0,0,""
3565190,DATA,52.0,0.0,5901,5908,10201,1000,1300,0,0,0,""
3565690,DATA,52.0,2.1,5899,5903,6599,1000,1300,0,0,0,""
3566190,DATA,51.7,0.0,5794,5852,14402,1000,1300,0,0,0,""
3566690,DATA,51.5,-2.1,5861,5841,11399,1000,1300,0,0,0,""
3567190,DATA,51.5,0.0,6004,5913,7200,1000,1300,0,0,0,""
3567690,DATA,51.5,0.0,5991,5962,8999,1000,1300,0,0,0,""
3568190,DATA,51.2,0.0,6000,5976,11401,1000,1300,0,0,0,""
3568690,DATA,51.2,0.0,6052,5994,9600,1000,1300,0,0,0,""
3569190,DATA,51.0,0.0,5994,6004,9001,1000,1300,0,0,0,""
3569690,DATA,51.0,0.0,6023,6008,13800,1000,1300,0,0,0,""
3570190,DATA,50.8,0.0,5998,6002,10800,1000,1300,0,0,0,""
3570690,DATA,50.5,-2.1,5930,5970,9600,1000,1300,0,0,0,""
3571190,DATA,50.8,0.0,5989,5966,11400,1000,1300,0,0,0,""
3571690,DATA,50.5,0.0,5961,5974,12000,1000,1300,0,0,0,""
3572190,DATA,50.2,0.0,5973,5963,7800,1000,1300,0,0,0,""
3572690,DATA,50.2,0.0,5943,5933,10200,1000,1300,0,0,0,""
3573190,DATA,50.2,0.0,5976,5956,9601,1000,1300,0,0,0,""
3573690,DATA,50.0,-2.1,5990,5967,12000,1000,1300,0,0,0,""
3574190,DATA,50.0,2.1,5955,5963,7200,1000,1300,0,0,0,""
3574690,DATA,49.7,0.0,5950,5957,13801,1000,1300,0,0,0,""
3575190,DATA,49.7,0.0,5971,5967,11401,1000,1300,0,0,0,""
3575690,DATA,49.7,0.0,6004,5980,15601,1000,1300,0,0,0,""
3576190,DATA,49.5,0.0,5942,5971,14400,1000,1300,0,0,0,""
3576690,DATA,49.5,0.0,6049,5959,8400,1000,1300,0,0,0,""
3577190,DATA,49.2,-2.1,6066,6030,7800,1000,1300,0,0,0,""
3577690,DATA,49.2,0.0,5908,5995,9000,1000,1300,0,0,0,""
3578190,DATA,49.2,0.0,5772,5887,9600,1000,1300,0,0,0,""
3578690,DATA,49.0,0.0,5694,5808,7200,1000,1300,0,0,0,""
3579190,DATA,48.7,-2.1,5597,5693,8999,1000,1300,0,0,0,""
3579690,DATA,48.7,0.0,5715,5685,6600,1000,1300,0,0,0,""
3580190,DATA,48.7,0.0,5771,5724,8400,1000,1300,0,0,0,""
3580690,DATA,48.7,0.0,5790,5758,6600,1000,1300,0,0,0,""
3581190,DATA,48.5,0.0,5797,5779,6600,1000,1300,0,0,0,""
3581690,DATA,48.5,0.0,5718,5777,9601,1000,1300,0,0,0,""
3582190,DATA,48.3,-2.1,5804,5767,13800,1000,1300,0,0,0,""
3582690,DATA,48.3,0.0,5989,5847,9601,1000,1300,0,0,0,""
3583190,DATA,48.3,0.0,5962,5920,11400,1000,1300,0,0,0,""
3583690,DATA,48.0,0.0,5968,5948,9600,1000,1300,0,0,0,""
3584190,DATA,48.0,0.0,6029,5996,15600,1000,1300,0,0,0,""
3584690,DATA,47.7,0.0,5949,5983,7200,1000,1300,0,0,0,""
3585190,DATA,47.7,0.0,5912,5949,11400,1000,1300,0,0,0,""
3585690,DATA,47.5,-2.1,6051,5979,6600,1000,1300,0,0,0,""
3586190,DATA,47.5,0.0,6122,6061,9600,1000,1300,0,0,0,""
3586690,DATA,47.5,0.0,6122,6096,12000,1000,1300,0,0,0,""
3587190,DATA,47.2,0.0,6160,6115,12000,1000,1300,0,0,0,""
3587690,DATA,47.2,0.0,6096,6120,13202,1000,1300,0,0,0,""
3588190,DATA,47.0,-2.1,6214,6164,14399,1000,1300,0,0,0,""
3588690,DATA,47.0,0.0,6173,6180,6600,1000,1300,0,0,0,""
3589190,DATA,47.0,0.0,6151,6173,12119,1000,1300,0,0,0,""
3589690,DATA,47.0,2.1,6068,6141,12609,1000,1300,0,0,0,""
3590190,DATA,46.7,0.0,6066,6104,14404,1000,1300,0,0,0,""
3590690,DATA,46.7,0.0,6009,6061,11514,1000,1300,0,0,0,""
3591190,DATA,46.5,-2.1,6106,6070,19207,1000,1300,0,0,0,""
3591690,DATA,46.5,0.0,6187,6096,11512,1000,1300,0,0,0,""
3592190,DATA,46.5,-2.1,6161,6136,13937,1000,1300,0,0,0,""
3592690,DATA,46.5,0.0,6167,6174,11513,1000,1300,0,0,0,""
3593190,DATA,46.5,0.0,6019,6112,15148,1000,1300,0,0,0,""
3593690,DATA,46.2,-2.1,6225,6136,14543,1000,1300,0,0,0,""
3594190,DATA,46.2,0.0,6295,6198,14543,1000,1300,0,0,0,""
3594690,DATA,46.0,-2.1,6308,6260,13330,1000,1300,0,0,0,""
3595190,DATA,46.0,0.0,6334,6290,13938,1000,1300,0,0,0,""
3595690,DATA,46.0,0.0,6279,6291,18178,1000,1300,0,0,0,""
3596190,DATA,45.8,0.0,6376,6333,16211,1000,1300,0,0,0,""
3596690,DATA,45.5,-2.1,6301,6344,14543,1000,1300,0,0,0,""
3597190,DATA,45.8,0.0,6125,6261,11514,1000,1300,0,0,0,""
3597690,DATA,45.8,2.1,6011,6124,16811,1000,1300,0,0,0,""
3598190,DATA,45.5,0.0,6123,6112,13807,1000,1300,0,0,0,""
3598690,DATA,45.5,0.0,6451,6230,16360,1000,1300,0,0,0,""
3599190,DATA,45.2,-2.1,6432,6344,12117,1000,1300,0,0,0,""
3599690,DATA,45.5,2.1,6111,6275,17572,1000,1300,0,0,0,""
3600190,DATA,45.2,0.0,6157,6177,10907,1000,1300,0,0,0,""
3600690,DATA,45.0,-2.1,6312,6216,15755,1000,1300,0,0,0,""
3601190,DATA,45.0,-2.1,6395,6267,15148,1000,1300,0,0,0,""
3601690,DATA,45.0,0.0,6629,6410,15009,1000,1300,0,0,0,""
3602190,DATA,45.0,0.0,6608,6567,10907,1000,1300,0,0,0,""
3602690,DATA,45.0,0.0,6275,6423,7804,1000,1300,0,0,0,""
3603190,DATA,44.7,0.0,6384,6387,4241,1000,1300,0,0,0,""
3603690,DATA,44.7,0.0,6227,6348,20414,1000,1300,0,0,0,""
3604190,DATA,44.7,0.0,6365,6289,13937,1000,1300,0,0,0,""
3604690,DATA,44.7,2.1,6333,6339,9606,1000,1300,0,0,0,""
3605190,DATA,44.5,0.0,6009,6242,12003,1000,1300,0,0,0,""
3605690,DATA,44.2,0.0,5987,6076,7202,1000,1300,0,0,0,""
3606190,DATA,44.2,-2.1,6024,6027,7271,1000,1300,0,0,0,""
3606690,DATA,44.2,-2.1,6090,6053,5402,1000,1300,0,0,0,""
3607190,DATA,44.2,0.0,5843,5980,10906,1000,1300,0,0,0,""
3607690,DATA,44.2,0.0,5717,5839,8483,1000,1300,0,0,0,""
3608190,DATA,44.2,0.0,5815,5809,9603,1000,1300,0,0,0,""
3608377,EVENT,44.2,0.0,5756,5798,16202,1000,1300,0,1,0,"VALVE1 ON"
3608690,DATA,44.2,0.0,5521,5719,9003,1000,1300,0,1,0,""
3609190,DATA,44.2,2.1,5346,5529,11408,1000,1300,0,1,0,""
3609690,DATA,44.0,0.0,5327,5418,11403,1000,1300,0,1,0,""
3609704,EVENT,44.0,0.0,5327,5418,11403,1000,1300,0,1,0,"PUMP 1045"
3610190,DATA,44.0,0.0,5396,5369,4601,1010,1300,0,1,0,""
3610710,DATA,43.7,0.0,5537,5431,2500,1032,1300,0,1,0,""
3611210,DATA,43.7,0.0,5617,5523,8401,1045,1300,0,1,0,""
3611710,DATA,43.5,0.0,5645,5587,14399,1045,1300,0,1,0,""
3612210,DATA,43.5,0.0,5651,5628,12600,1045,1300,0,1,0,""
3612710,DATA,43.5,0.0,5343,5540,7200,1045,1300,0,1,0,""
3612765,EVENT,43.5,0.0,5343,5540,7200,1045,1300,0,1,0,"PUMP 1050"
3612911,EVENT,43.3,-2.1,5332,5480,14402,1045,1300,0,1,0,"PUMP 1055"
3613189,EVENT,43.5,0.0,5481,5469,9602,1046,1300,0,1,0,"PUMP 1060"
3613210,DATA,43.5,0.0,5467,5468,10775,1046,1300,0,1,0,""
3613410,EVENT,43.5,0.0,5582,5489,12001,1047,1300,0,1,0,"PUMP 1065"
3613600,EVENT,43.5,0.0,5568,5511,8401,1048,1300,0,1,0,"PUMP 1070"
3613710,DATA,43.5,0.0,5570,5520,8999,1048,1300,0,1,0,""
3613876,EVENT,43.3,-2.1,5573,5528,10800,1050,1300,0,1,0,"PUMP 1075"
3614210,DATA,43.3,-2.1,5584,5553,10199,1053,1300,0,1,0,""
3614710,DATA,43.3,0.0,5484,5547,8400,1065,1300,0,1,0,""
3615210,DATA,43.3,0.0,5432,5479,4202,1074,1300,0,1,0,""
3615710,DATA,43.3,0.0,5667,5533,10808,1075,1300,0,1,0,""
3616210,DATA,43.0,0.0,5561,5588,9004,1075,1300,0,1,0,""
3616710,DATA,43.3,2.1,5385,5476,6059,1075,1300,0,1,0,""
3617210,DATA,43.0,0.0,5453,5452,6001,1075,1300,0,1,0,""
3617710,DATA,43.0,0.0,5427,5437,6002,1075,1300,0,1,0,""
3617778,EVENT,43.0,0.0,5427,5437,6002,1075,1300,0,1,0,"PUMP 1080"
3617910,EVENT,43.0,0.0,5435,5436,8402,1075,1300,0,1,0,"PUMP 1085"
3618054,EVENT,43.0,2.1,5438,5436,11998,1075,1300,0,1,0,"PUMP 1090"
3618210,DATA,43.0,0.0,5442,5438,8404,1075,1300,0,1,0,""
3618274,EVENT,43.0,0.0,5442,5438,8404,1076,1300,0,1,0,"PUMP 1095"
3618480,EVENT,43.0,0.0,5320,5412,9601,1077,1300,0,1,0,"PUMP 1100"
3618710,DATA,43.0,2.1,5406,5397,4804,1078,1300,0,1,0,""
3618771,EVENT,43.0,2.1,5406,5397,4804,1079,1300,0,1,0,"PUMP 1110"
3619210,DATA,42.7,0.0,5374,5403,7202,1085,1300,0,1,0,""
3619451,EVENT,42.7,0.0,5375,5395,4272,1092,1300,0,1,0,"PUMP 1115"
3619710,DATA,42.7,0.0,5506,5418,9000,1094,1300,0,1,0,""
3619778,EVENT,42.7,0.0,5506,5418,9000,1095,1300,0,1,0,"PUMP 1120"
3620210,DATA,42.7,2.0,5443,5447,6601,1100,1300,0,1,0,""
3620710,DATA,42.5,-2.1,5394,5439,7201,1112,1300,0,1,0,""
3621210,DATA,42.5,-2.1,5395,5411,7201,1120,1300,0,1,0,""
3621710,DATA,42.5,0.0,5410,5408,5400,1120,1300,0,1,0,""
3622210,DATA,42.5,0.0,5417,5412,5400,1120,1300,0,1,0,""
3622710,DATA,42.2,-2.1,5419,5416,7199,1120,1300,0,1,0,""
3623210,DATA,42.2,0.0,5419,5418,12001,1120,1300,0,1,0,""
3623710,DATA,42.2,0.0,5292,5392,8399,1120,1300,0,1,0,""
3624210,DATA,42.2,0.0,5254,5305,9000,1120,1300,0,1,0,""
3624710,DATA,42.2,0.0,5325,5305,140996,1120,1300,0,1,0,""
3625210,DATA,42.2,0.0,4324,5119,163321,1120,1300,0,1,0,""
3625710,DATA,42.2,0.0,2735,3854,6059,1120,1300,0,1,0,""
3626210,DATA,42.0,0.0,2746,3364,69949,1120,1300,0,1,0,""
3626710,DATA,42.0,0.0,3540,3203,17824,1120,1300,0,1,0,""
3627210,DATA,42.0,0.0,4668,3842,5293,1120,1300,0,1,0,""
3627710,DATA,41.7,0.0,5103,4479,5343,1120,1300,0,1,0,""
3628210,DATA,42.0,0.0,5232,4867,8912,1120,1300,0,1,0,""
3628710,DATA,41.7,-2.1,5410,5141,32945,1120,1300,0,1,0,""
3629210,DATA,41.7,0.0,5419,5309,11174,1120,1300,0,1,0,""
3629710,DATA,41.7,0.0,5337,5346,8318,1120,1300,0,1,0,""
3630210,DATA,41.7,0.0,5400,5367,7645,1120,1300,0,1,0,""
3630710,DATA,41.7,2.1,5347,5347,28498,1120,1300,0,1,0,""
3631210,DATA,41.5,0.0,5444,5375,33275,1120,1300,0,1,0,""
3631710,DATA,41.5,0.0,5610,5472,86410,1120,1300,0,1,0,""
3632210,DATA,41.5,0.0,5469,5515,10094,1120,1300,0,1,0,""
3632710,DATA,41.5,0.0,5334,5437,8912,1120,1300,0,1,0,""
3633210,DATA,41.5,0.0,5353,5386,6473,1120,1300,0,1,0,""
3633710,DATA,41.2,0.0,5359,5370,6466,1120,1300,0,1,0,""
3634210,DATA,41.2,0.0,5360,5364,10092,1120,1300,0,1,0,""
3634710,DATA,41.2,-2.1,5354,5350,13665,1120,1300,0,1,0,""
3635210,DATA,41.5,2.0,5477,5388,8826,1120,1300,0,1,0,""
3635710,DATA,41.2,0.0,5486,5458,11179,1120,1300,0,1,0,""
3636210,DATA,41.2,0.0,5468,5473,3528,1120,1300,0,1,0,""
3636710,DATA,41.0,-2.1,5385,5437,7725,1120,1300,0,1,0,""
3637210,DATA,41.2,2.1,5349,5394,4707,1120,1300,0,1,0,""
3637710,DATA,41.0,0.0,5249,5343,8825,1120,1300,0,1,0,""
3638210,DATA,41.0,0.0,5420,5313,10592,1120,1300,0,1,0,""
3638710,DATA,41.0,0.0,5340,5372,9408,1120,1300,0,1,0,""
3639210,DATA,41.0,0.0,5384,5382,8315,1120,1300,0,1,0,""
3639710,DATA,40.8,0.0,5347,5369,6532,1120,1300,0,1,0,""
3640210,DATA,40.8,0.0,5331,5350,7130,1120,1300,0,1,0,""
3640710,DATA,40.8,0.0,5325,5337,7649,1120,1300,0,1,0,""
3640969,EVENT,40.8,0.0,5324,5332,7200,1120,1300,0,1,0,"PUMP 1125"
3641210,DATA,40.8,0.0,5323,5330,7057,1120,1300,0,1,0,""
3641424,EVENT,40.8,0.0,5323,5328,6600,1121,1300,0,1,0,"PUMP 1130"
3641649,EVENT,40.8,0.0,5323,5326,7127,1122,1300,0,1,0,"PUMP 1135"
3641710,DATA,40.8,0.0,5323,5326,7127,1122,1300,0,1,0,""
3642210,DATA,40.5,-2.1,5268,5302,5937,1126,1300,0,1,0,""
3642710,DATA,40.5,-2.1,5375,5319,2969,1132,1300,0,1,0,""
3643210,DATA,40.5,0.0,5331,5335,4157,1135,1300,0,1,0,""
3643710,DATA,40.5,0.0,5299,5320,11290,1135,1300,0,1,0,""
3644210,DATA,40.5,0.0,5288,5304,4117,1135,1300,0,1,0,""
3644710,DATA,40.5,0.0,5284,5293,5347,1135,1300,0,1,0,""
3645210,DATA,40.5,0.0,5251,5283,8826,1135,1300,0,1,0,""
3645710,DATA,40.2,-2.1,5320,5304,8825,1135,1300,0,1,0,""
3646210,DATA,40.2,0.0,5290,5301,5883,1135,1300,0,1,0,""
3646710,DATA,40.2,0.0,5277,5290,5295,1135,1300,0,1,0,""
3647210,DATA,40.2,0.0,5272,5280,7060,1135,1300,0,1,0,""
3647710,DATA,40.2,0.0,5270,5275,110522,1135,1300,0,1,0,""
3648210,DATA,40.2,0.0,2517,4272,145468,1135,1300,0,1,0,""
3648710,DATA,40.0,0.0,3112,3323,19608,1135,1300,0,1,0,""
3649210,DATA,40.2,2.1,3875,3606,66491,1135,1300,0,1,0,""
3649710,DATA,40.0,0.0,3077,3512,122273,1135,1300,0,1,0,""
3650210,DATA,40.0,0.0,1236,2549,86076,1135,1300,0,1,0,""
3650710,DATA,40.0,0.0,950,1795,119919,1135,1300,0,1,0,""
3651210,DATA,40.0,0.0,2572,1776,41001,1135,1300,0,1,0,""
3651710,DATA,39.7,0.0,4280,2906,72368,1135,1300,0,1,0,""
3652210,DATA,39.7,0.0,3789,3465,43508,1135,1300,0,1,0,""
3652710,DATA,39.7,0.0,4913,4057,7720,1135,1300,0,1,0,""
3653210,DATA,39.7,0.0,5197,4674,73049,1135,1300,0,1,0,""
3653710,DATA,39.7,0.0,3717,4343,56445,1135,1300,0,1,0,""
3654210,DATA,39.7,0.0,4376,4192,4119,1135,1300,0,1,0,""
3654710,DATA,39.7,2.1,4358,4325,42331,1135,1300,0,1,0,""
3655210,DATA,39.5,-2.1,3397,4196,137283,1135,1300,0,1,0,""
3655710,DATA,39.5,0.0,3223,3421,68836,1135,1300,0,1,0,""
3656210,DATA,39.5,0.0,1764,2831,54721,1135,1300,0,1,0,""
3656710,DATA,39.5,0.0,1170,2095,126994,1135,1300,0,1,0,""
3657210,DATA,39.5,0.0,2269,1922,115290,1135,1300,0,1,0,""
3657710,DATA,39.2,-2.1,2157,1919,77601,1135,1300,0,1,0,""
3658210,DATA,39.5,0.0,1682,1837,32091,1135,1300,0,1,0,""
3658710,DATA,39.5,2.1,1471,1824,111702,1135,1300,0,1,0,""
3659210,DATA,39.2,-2.0,554,1261,163295,1135,1300,0,1,0,""
3659710,DATA,39.2,0.0,789,862,107498,1135,1300,0,1,0,""
3660210,DATA,39.2,0.0,453,716,96196,1135,1300,0,1,0,""
3660710,DATA,39.2,0.0,163,453,152637,1135,1300,0,1,0,""
3661210,DATA,39.2,0.0,691,466,165108,1135,1300,0,1,0,""
3661710,DATA,39.0,-2.1,343,467,115205,1135,1300,0,1,0,""
3662210,DATA,39.0,-2.0,121,308,165628,1135,1300,0,1,0,""
3662710,DATA,39.2,2.1, 0, 0,136017,1135,1300,0,1,0,""
3663210,DATA,39.0,-2.1,4345,5168,165050,1135,1300,0,1,0,""
3663710,DATA,39.0,0.0,1714,3673,99139,1135,1300,0,1,0,""
3664210,DATA,39.0,0.0,584,2120,165669,1135,1300,0,1,0,""
3664710,DATA,39.0,0.0,193,1105,163886,1135,1300,0,1,0,""
3665210,DATA,39.0,0.0,63,544,164515,1135,1300,0,1,0,""
3665710,DATA,39.0,0.0, 0, 0,149078,1135,1300,0,1,0,""
3665884,EVENT,39.0,0.0, 0, 0,187847,1000,1300,0,0,0,"PUMP OFF"
3666210,DATA,39.0,2.1,5377,5377,83395,1000,1300,0,0,0,""
3666710,DATA,39.0,0.0,4382,5045,136810,1000,1300,0,0,0,""
3667210,DATA,38.7,-2.1,1862,3709,71391,1000,1300,0,0,0,""
3667710,DATA,39.0,2.1,1247,2460,161408,1000,1300,0,0,0,""
3668210,DATA,38.7,-2.0,481,1481,163200,1000,1300,0,0,0,""
3668710,DATA,38.7,-2.1,163,794,154117,1000,1300,0,0,0,""
3669210,DATA,39.0,2.1,54,398,163336,1000,1300,0,0,0,""
3669710,DATA,38.7,0.0, 0, 0,161528,1000,1300,0,0,0,""
3670048,EVENT,38.7,0.0, 0, 0,166800,1000,1000,0,0,0,"EV:A05_ALL_OFF"
3670210,DATA,38.2,-4.2, 0, 0,176308,1000,1000,0,0,0,""
3670710,DATA,39.2,2.1, 0, 0,161503,1000,1000,0,0,0,""
3671210,DATA,39.0,0.0, 0, 0,45757,1000,1000,0,0,0,""
3671710,DATA,39.0,0.0, 0, 0,142856,1000,1000,0,0,0,""
3672210,DATA,39.0,0.0, 0, 0,163298,1000,1000,0,0,0,""
3672710,DATA,39.0,0.0, 0, 0,160875,1000,1000,0,0,0,""
3673210,DATA,39.0,0.0, 0, 0,129449,1000,1000,0,0,0,""
3673710,DATA,39.0,0.0, 0, 0,3565,1000,1000,0,0,0,""
3674210,DATA,39.0,0.0, 0, 0,38836,1000,1000,0,0,0,""
3674710,DATA,39.0,0.0, 0, 0,5295,1000,1000,0,0,0,""
3675210,DATA,39.0,0.0, 0, 0,7060,1000,1000,0,0,0,""
3675711,DATA,39.0,0.0, 0, 0,4118,1000,1000,0,0,0,""
3676212,DATA,39.0,0.0, 0, 0,4707,1000,1000,0,0,0,""
3676713,DATA,39.0,0.0, 0, 0,2942,1000,1000,0,0,0,""
3677214,DATA,39.0,0.0, 0, 0,4119,1000,1000,0,0,0,""
3677715,DATA,39.0,0.0, 0, 0,4118,1000,1000,0,0,0,""
3678216,DATA,39.0,0.0, 0, 0,2942,1000,1000,0,0,0,""
3678717,DATA,39.0,0.0, 0, 0,2942,1000,1000,0,0,0,""
3679218,DATA,39.0,0.0, 0, 0,3528,1000,1000,0,0,0,""
3679719,DATA,39.0,0.0, 0, 0,1188,1000,1000,0,0,0,""
3680220,DATA,39.0,0.0, 0, 0,3530,1000,1000,0,0,0,""
3680721,DATA,39.0,-2.1, 0, 0,1176,1000,1000,0,0,0,""
3681222,DATA,39.0,0.0, 0, 0, 0,1000,1000,0,0,0,""
3681723,DATA,39.2,0.0, 0, 0,1177,1000,1000,0,0,0,""
3682224,DATA,39.2,2.1, 0, 0,588,1000,1000,0,0,0,""
3682725,DATA,39.0,0.0, 0, 0, 0,1000,1000,0,0,0,""
3683226,DATA,39.2,0.0, 0, 0,594,1000,1000,0,0,0,""
3683727,DATA,39.2,2.1, 0, 0, 0,1000,1000,0,0,0,""
3684228,DATA,39.0,0.0, 0, 0, 0,1000,1000,0,0,0,""
3684729,DATA,39.0,0.0, 0, 0,594,1000,1000,0,0,0,""
3685230,DATA,39.0,-2.1, 0, 0,588,1000,1000,0,0,0,""
3685731,DATA,39.2,0.0, 0, 0, 0,1000,1000,0,0,0,""
3686232,DATA,39.2,0.0, 0, 0,588,1000,1000,0,0,0,""
3686733,DATA,39.2,0.0, 0, 0, 0,1000,1000,0,0,0,""
3687234,DATA,39.2,0.0, 0, 0,588,1000,1000,0,0,0,""
3687735,DATA,39.2,0.0, 0, 0, 0,1000,1000,0,0,0,""
3688236,DATA,39.2,0.0, 0, 0, 0,1000,1000,0,0,0,""
3688737,DATA,39.2,0.0, 0, 0, 0,1000,1000,0,0,0,""
3689238,DATA,39.2,0.0, 0, 0, 0,1000,1000,0,0,0,""
3689739,DATA,39.2,0.0, 0, 0, 0,1000,1000,0,0,0,""
3690240,DATA,39.2,0.0, 0, 0,1188,1000,1000,0,0,0,""
3690741,DATA,39.2,0.0, 0, 0, 0,1000,1000,0,0,0,""
3691242,DATA,39.2,0.0, 0, 0, 0,1000,1000,0,0,0,""
3691743,DATA,39.2,0.0, 0, 0, 0,1000,1000,0,0,0,""
3692244,DATA,39.2,0.0, 0, 0, 0,1000,1000,0,0,0,""
3692745,DATA,39.2,0.0, 0, 0, 0,1000,1000,0,0,0,""
3693246,DATA,39.2,0.0, 0, 0, 0,1000,1000,0,0,0,""
3693747,DATA,39.2,0.0, 0, 0, 0,1000,1000,0,0,0,""
3694248,DATA,39.2,0.0, 0, 0, 0,1000,1000,0,0,0,""
3694749,DATA,39.2,0.0, 0, 0, 0,1000,1000,0,0,0,""
3695250,DATA,39.2,0.0, 0, 0, 0,1000,1000,0,0,0,""
3695751,DATA,39.2,0.0, 0, 0, 0,1000,1000,0,0,0,""
3696252,DATA,39.2,0.0, 0, 0, 0,1000,1000,0,0,0,""
3696753,DATA,39.2,0.0, 0, 0, 0,1000,1000,0,0,0,""
3697254,DATA,39.2,0.0, 0, 0, 0,1000,1000,0,0,0,""
3697755,DATA,39.2,0.0, 0, 0, 0,1000,1000,0,0,0,""
3698256,DATA,39.2,0.0, 0, 0, 0,1000,1000,0,0,0,""
3698757,DATA,39.2,0.0, 0, 0, 0,1000,1000,0,0,0,""
3699258,DATA,39.2,0.0, 0, 0, 0,1000,1000,0,0,0,""
3699759,DATA,39.5,2.1, 0, 0, 0,1000,1000,0,0,0,""
3700260,DATA,39.5,0.0, 0, 0, 0,1000,1000,0,0,0,""
3700761,DATA,39.5,0.0, 0, 0, 0,1000,1000,0,0,0,""
3701262,DATA,39.2,0.0, 0, 0, 0,1000,1000,0,0,0,""
3701763,DATA,39.2,-2.1, 0, 0, 0,1000,1000,0,0,0,""
3702264,DATA,39.5,2.1, 0, 0, 0,1000,1000,0,0,0,""
3702765,DATA,39.2,-2.1, 0, 0, 0,1000,1000,0,0,0,""
3703266,DATA,39.2,-2.1, 0, 0, 0,1000,1000,0,0,0,""
3703767,DATA,39.2,-2.1, 0, 0, 0,1000,1000,0,0,0,""
3704268,DATA,39.2,-2.0, 0, 0, 0,1000,1000,0,0,0,""
3704769,DATA,39.2,-2.1, 0, 0, 0,1000,1000,0,0,0,""
3705270,DATA,39.5,0.0, 0, 0, 0,1000,1000,0,0,0,""
3705771,DATA,39.2,-2.1, 0, 0, 0,1000,1000,0,0,0,""
3706272,DATA,39.5,0.0, 0, 0, 0,1000,1000,0,0,0,""
3706773,DATA,39.5,0.0, 0, 0, 0,1000,1000,0,0,0,""
3707274,DATA,39.5,0.0, 0, 0, 0,1000,1000,0,0,0,""
3707775,DATA,39.5,0.0, 0, 0, 0,1000,1000,0,0,0,""
3708276,DATA,39.5,0.0, 0, 0, 0,1000,1000,0,0,0,""
3708777,DATA,39.5,0.0, 0, 0, 0,1000,1000,0,0,0,""
3709278,DATA,39.5,0.0, 0, 0, 0,1000,1000,0,0,0,""
3709779,DATA,39.5,0.0, 0, 0, 0,1000,1000,0,0,0,""
3710280,DATA,39.5,0.0, 0, 0, 0,1000,1000,0,0,0,""
3710781,DATA,39.5,0.0, 0, 0, 0,1000,1000,0,0,0,""
3711282,DATA,39.5,0.0, 0, 0, 0,1000,1000,0,0,0,""
3711783,DATA,39.5,0.0, 0, 0, 0,1000,1000,0,0,0,""
3712284,DATA,39.5,0.0, 0, 0, 0,1000,1000,0,0,0,""
3712785,DATA,39.5,0.0, 0, 0, 0,1000,1000,0,0,0,""
3713286,DATA,39.5,0.0, 0, 0, 0,1000,1000,0,0,0,""
3713787,DATA,39.5,0.0, 0, 0, 0,1000,1000,0,0,0,""
3714288,DATA,39.5,0.0, 0, 0, 0,1000,1000,0,0,0,""
3714789,DATA,39.5,0.0, 0, 0, 0,1000,1000,0,0,0,""
3715290,DATA,39.5,0.0, 0, 0, 0,1000,1000,0,0,0,""
3715791,DATA,39.5,0.0, 0, 0, 0,1000,1000,0,0,0,""
3716292,DATA,39.5,0.0, 0, 0, 0,1000,1000,0,0,0,""
3716793,DATA,39.5,0.0, 0, 0, 0,1000,1000,0,0,0,""
3717294,DATA,39.5,0.0, 0, 0, 0,1000,1000,0,0,0,""
3717795,DATA,39.5,0.0, 0, 0, 0,1000,1000,0,0,0,""
3718296,DATA,39.5,0.0, 0, 0, 0,1000,1000,0,0,0,""
3718797,DATA,39.5,0.0, 0, 0, 0,1000,1000,0,0,0,""
3719298,DATA,39.5,0.0, 0, 0, 0,1000,1000,0,0,0,""
3719799,DATA,39.5,0.0, 0, 0, 0,1000,1000,0,0,0,""
3720300,DATA,39.5,0.0, 0, 0, 0,1000,1000,0,0,0,""
3720801,DATA,39.5,0.0, 0, 0, 0,1000,1000,0,0,0,""
3721302,DATA,39.5,0.0, 0, 0, 0,1000,1000,0,0,0,""
3721803,DATA,39.5,0.0, 0, 0, 0,1000,1000,0,0,0,""
3722304,DATA,39.5,0.0, 0, 0, 0,1000,1000,0,0,0,""
3722805,DATA,39.5,0.0, 0, 0, 0,1000,1000,0,0,0,""
3723306,DATA,39.5,0.0, 0, 0, 0,1000,1000,0,0,0,""
3723807,DATA,39.5,0.0, 0, 0, 0,1000,1000,0,0,0,""
3724308,DATA,39.5,0.0, 0, 0, 0,1000,1000,0,0,0,""
3724809,DATA,39.5,0.0, 0, 0, 0,1000,1000,0,0,0,""
3725310,DATA,39.5,0.0, 0, 0, 0,1000,1000,0,0,0,""
3725811,DATA,39.5,0.0, 0, 0, 0,1000,1000,0,0,0,""
3726312,DATA,39.5,0.0, 0, 0, 0,1000,1000,0,0,0,""
3726813,DATA,39.5,0.0, 0, 0, 0,1000,1000,0,0,0,""
3727314,DATA,39.5,0.0, 0, 0, 0,1000,1000,0,0,0,""
3727815,DATA,39.5,0.0, 0, 0, 0,1000,1000,0,0,0,""
3728316,DATA,39.5,0.0, 0, 0, 0,1000,1000,0,0,0,""
3728817,DATA,39.5,0.0, 0, 0, 0,1000,1000,0,0,0,""
3729318,DATA,39.5,0.0, 0, 0, 0,1000,1000,0,0,0,""
3729819,DATA,39.5,0.0, 0, 0, 0,1000,1000,0,0,0,""
3730320,DATA,39.5,0.0, 0, 0, 0,1000,1000,0,0,0,""
3730821,DATA,39.5,0.0, 0, 0, 0,1000,1000,0,0,0,""
3731322,DATA,39.5,0.0, 0, 0, 0,1000,1000,0,0,0,""
3731823,DATA,39.5,0.0, 0, 0, 0,1000,1000,0,0,0,""
3732324,DATA,39.5,0.0, 0, 0, 0,1000,1000,0,0,0,""
3732825,DATA,39.5,0.0, 0, 0, 0,1000,1000,0,0,0,""
3733326,DATA,39.5,0.0, 0, 0, 0,1000,1000,0,0,0,""
3733827,DATA,39.5,0.0, 0, 0, 0,1000,1000,0,0,0,""
3734328,DATA,39.5,0.0, 0, 0, 0,1000,1000,0,0,0,""
3734829,DATA,39.5,0.0, 0, 0, 0,1000,1000,0,0,0,""
3735330,DATA,39.5,0.0, 0, 0, 0,1000,1000,0,0,0,""
3735831,DATA,39.5,0.0, 0, 0, 0,1000,1000,0,0,0,""
3736332,DATA,39.5,0.0, 0, 0, 0,1000,1000,0,0,0,""
3736833,DATA,39.5,0.0, 0, 0, 0,1000,1000,0,0,0,""
3737334,DATA,39.5,0.0, 0, 0, 0,1000,1000,0,0,0,""
3737835,DATA,39.5,0.0, 0, 0, 0,1000,1000,0,0,0,""
3738336,DATA,39.5,0.0, 0, 0, 0,1000,1000,0,0,0,""
3738837,DATA,39.5,0.0, 0, 0, 0,1000,1000,0,0,0,""
3739338,DATA,39.5,0.0, 0, 0, 0,1000,1000,0,0,0,""
3739839,DATA,39.2,-2.1, 0, 0, 0,1000,1000,0,0,0,""
3740340,DATA,39.5,0.0, 0, 0, 0,1000,1000,0,0,0,""
3740841,DATA,39.5,0.0, 0, 0, 0,1000,1000,0,0,0,""
3741342,DATA,39.5,0.0, 0, 0, 0,1000,1000,0,0,0,""
3741843,DATA,39.5,0.0, 0, 0, 0,1000,1000,0,0,0,""
3742344,DATA,39.5,0.0, 0, 0, 0,1000,1000,0,0,0,""
3742845,DATA,39.5,0.0, 0, 0, 0,1000,1000,0,0,0,""
3743346,DATA,39.5,0.0, 0, 0, 0,1000,1000,0,0,0,""
3743847,DATA,39.2,-2.1, 0, 0, 0,1000,1000,0,0,0,""
3744348,DATA,39.5,0.0, 0, 0, 0,1000,1000,0,0,0,""
3744849,DATA,39.5,0.0, 0, 0, 0,1000,1000,0,0,0,""
3745350,DATA,39.5,0.0, 0, 0, 0,1000,1000,0,0,0,""
3745851,DATA,39.5,0.0, 0, 0, 0,1000,1000,0,0,0,""
3746352,DATA,39.5,0.0, 0, 0, 0,1000,1000,0,0,0,""
3746853,DATA,39.5,0.0, 0, 0, 0,1000,1000,0,0,0,""
3747354,DATA,39.5,0.0, 0, 0, 0,1000,1000,0,0,0,""
3747855,DATA,39.5,0.0, 0, 0, 0,1000,1000,0,0,0,""
3748356,DATA,39.5,0.0, 0, 0, 0,1000,1000,0,0,0,""
3748857,DATA,39.5,0.0, 0, 0, 0,1000,1000,0,0,0,""
3749358,DATA,39.5,2.0, 0, 0, 0,1000,1000,0,0,0,""
3749859,DATA,39.5,0.0, 0, 0, 0,1000,1000,0,0,0,""
3750360,DATA,39.5,0.0, 0, 0, 0,1000,1000,0,0,0,""
3750861,DATA,39.5,0.0, 0, 0, 0,1000,1000,0,0,0,""
3751362,DATA,39.5,0.0, 0, 0, 0,1000,1000,0,0,0,""
3751863,DATA,39.5,0.0, 0, 0, 0,1000,1000,0,0,0,""
3752364,DATA,39.5,0.0, 0, 0, 0,1000,1000,0,0,0,""
3752865,DATA,39.5,0.0, 0, 0, 0,1000,1000,0,0,0,""
3753366,DATA,39.5,0.0, 0, 0, 0,1000,1000,0,0,0,""
3753867,DATA,39.5,0.0, 0, 0, 0,1000,1000,0,0,0,""
3754368,DATA,39.5,0.0, 0, 0, 0,1000,1000,0,0,0,""
3754869,DATA,39.5,0.0, 0, 0, 0,1000,1000,0,0,0,""
3755370,DATA,39.5,0.0, 0, 0, 0,1000,1000,0,0,0,""
3755871,DATA,39.5,0.0, 0, 0, 0,1000,1000,0,0,0,""
3756372,DATA,39.5,0.0, 0, 0, 0,1000,1000,0,0,0,""
3756873,DATA,39.5,0.0, 0, 0, 0,1000,1000,0,0,0,""
3757374,DATA,39.5,0.0, 0, 0, 0,1000,1000,0,0,0,""
3757875,DATA,39.5,0.0, 0, 0, 0,1000,1000,0,0,0,""
3758376,DATA,39.5,0.0, 0, 0, 0,1000,1000,0,0,0,""
3758877,DATA,39.5,0.0, 0, 0, 0,1000,1000,0,0,0,""
3759378,DATA,39.5,0.0, 0, 0, 0,1000,1000,0,0,0,""
3759879,DATA,39.5,0.0, 0, 0, 0,1000,1000,0,0,0,""
3760380,DATA,39.5,0.0, 0, 0, 0,1000,1000,0,0,0,""
3760881,DATA,39.5,0.0, 0, 0, 0,1000,1000,0,0,0,""
3761382,DATA,39.5,0.0, 0, 0, 0,1000,1000,0,0,0,""
3761883,DATA,39.2,-2.1, 0, 0, 0,1000,1000,0,0,0,""
3762384,DATA,39.5,0.0, 0, 0, 0,1000,1000,0,0,0,""
3762885,DATA,39.5,0.0, 0, 0, 0,1000,1000,0,0,0,""
3763386,DATA,39.5,2.1, 0, 0, 0,1000,1000,0,0,0,""
3763887,DATA,39.5,0.0, 0, 0, 0,1000,1000,0,0,0,""
3764388,DATA,39.5,0.0, 0, 0, 0,1000,1000,0,0,0,""
3764889,DATA,39.2,0.0, 0, 0, 0,1000,1000,0,0,0,""
3765390,DATA,39.2,-2.1, 0, 0, 0,1000,1000,0,0,0,""
3765891,DATA,39.5,2.1, 0, 0, 0,1000,1000,0,0,0,""
3766392,DATA,39.5,0.0, 0, 0, 0,1000,1000,0,0,0,""
3766893,DATA,39.5,0.0, 0, 0, 0,1000,1000,0,0,0,""
3767394,DATA,39.5,0.0, 0, 0, 0,1000,1000,0,0,0,""
