ms,type,egtC,dEgtCps,rpm,fRpm,rRpm,pumpUs,starterUs,ign,valve1,valve2,event
4927,EVENT,,, 0, 0, 0,1000,1000,0,0,0,"BOOT SD_LOG_READY"
8968,EVENT,,, 0, 0, 0,1000,1000,0,0,0,"EV:A05_ALL_OFF"
9076,EVENT,,, 0, 0, 0,1000,1000,0,0,0,"CONFIG_LOADED"
9191,DATA,47.7,0.0, 0, 0,192600,1000,1000,0,0,0,""
9691,DATA,47.7,0.0, 0, 0,160823,1000,1000,0,0,0,""
10191,DATA,47.7,0.0, 0, 0,159000,1000,1000,0,0,0,""
10691,DATA,47.7,0.0, 0, 0,160816,1000,1000,0,0,0,""
11100,EVENT,47.7,0.0, 0, 0,159600,1000,1000,0,0,0,"STARTER 1200"
11209,DATA,47.7,0.0, 0, 0,159600,1000,1023,0,0,0,""
11729,DATA,47.7,0.0,1841,1499,2000,1000,1145,0,0,0,""
12229,DATA,47.7,2.1,3811,3266,2000,1000,1200,0,0,0,""
12729,DATA,47.7,0.0,5309,4906,161400,1000,1200,0,0,0,""
13229,DATA,47.7,2.1,5893,5782,160178,1000,1200,0,0,0,""
13729,DATA,47.5,-2.1,5984,5965,161394,1000,1200,0,0,0,""
14229,DATA,47.7,2.1,5998,5995,160219,1000,1200,0,0,0,""
14729,DATA,47.7,0.0,6000,5999,161395,1000,1200,0,0,0,""
15229,DATA,47.5,-2.1,6000,6000,160178,1000,1200,0,0,0,""
15729,DATA,47.7,2.1,6000,6000,161379,1000,1200,0,0,0,""
16229,DATA,47.7,0.0,6000,6000,160216,1000,1200,0,0,0,""
16436,EVENT,47.7,0.0,6000,6000,168003,1000,1200,0,0,0,"STARTER OFF"
16749,DATA,47.7,0.0,5847,5976,2000,1000,1120,0,0,0,""
17269,DATA,47.5,0.0,2980,3752,2000,1000,1024,0,0,0,""
17769,DATA,47.5,0.0,1371,1649,160816,1000,1000,0,0,0,""
18269,DATA,47.5,0.0,265,472,158992,1000,1000,0,0,0,""
18769,DATA,47.7,0.0, 0, 0,160222,1000,1000,0,0,0,""
18902,EVENT,47.5,-2.1, 0, 0,177552,1000,1000,0,0,0,"STARTER 1200"
19289,DATA,47.5,-2.1,586,362,1500,1000,1097,0,0,0,""
19809,DATA,47.5,0.0,2872,2297,2000,1000,1185,0,0,0,""
20309,DATA,47.5,0.0,4728,4287,157214,1000,1200,0,0,0,""
20809,DATA,47.5,0.0,5783,5589,159597,1000,1200,0,0,0,""
21309,DATA,47.5,0.0,5968,5930,139204,1000,1200,0,0,0,""
21809,DATA,47.5,0.0,5995,5989,154786,1000,1200,0,0,0,""
22309,DATA,47.5,0.0,5999,5998,160219,1000,1200,0,0,0,""
22809,DATA,47.5,0.0,6000,6000,161398,1000,1200,0,0,0,""
23309,DATA,47.5,0.0,6000,6000,160181,1000,1200,0,0,0,""
23353,EVENT,47.5,0.0,6000,6000,160181,1000,1200,0,0,0,"STARTER 1414"
23829,DATA,47.5,2.1,6198,6001,2500,1000,1325,0,0,0,""
24349,DATA,47.5,0.0,8361,7642,2000,1000,1409,0,0,0,""
24849,DATA,47.5,2.1,10059,9388,161423,1000,1414,0,0,0,""
25349,DATA,47.5,0.0,12017,11664,160779,1000,1414,0,0,0,""
25849,DATA,47.2,-2.1,12360,12290,161987,1000,1414,0,0,0,""
26055,EVENT,47.5,0.0,12392,12358,178936,1000,1414,0,0,0,"STARTER 1430"
26170,EVENT,47.5,0.0,12423,12398,182424,1000,1417,0,0,0,"STARTER 1978"
26310,EVENT,47.5,0.0,12451,12422,12546,1000,1507,0,0,0,"STARTER 2000"
26349,DATA,47.2,-1.7,12451,12422,12546,1000,1508,0,0,0,""
26869,DATA,47.5,2.1,15001,13723,1500,1000,1834,0,0,0,""
27369,DATA,47.2,0.0,18934,17563,2000,1000,2000,0,0,0,""
27869,DATA,47.2,0.0,27778,26129,161390,1000,2000,0,0,0,""
28369,DATA,47.5,2.1,29666,29294,159605,1000,2000,0,0,0,""
28869,DATA,47.5,2.1,29951,29889,161402,1000,2000,0,0,0,""
29369,DATA,47.2,-2.1,29993,29984,158978,1000,2000,0,0,0,""
29869,DATA,47.2,-2.1,29999,29998,160798,1000,2000,0,0,0,""
30369,DATA,47.5,2.1,30000,30000,159586,1000,2000,0,0,0,""
30869,DATA,47.2,0.0,30000,30000,160806,1000,2000,0,0,0,""
30936,EVENT,47.2,0.0,30000,30000,160806,1000,2000,0,0,0,"STARTER OFF"
31369,DATA,47.2,0.0,26659,28286,2000,1000,1461,0,0,0,""
31889,DATA,47.5,2.1,13093,17061,1500,1000,1047,0,0,0,""
32389,DATA,47.2,0.0,3059,5040,158978,1000,1000,0,0,0,""
32889,DATA,47.5,0.0,483,986,161377,1000,1000,0,0,0,""
33389,DATA,47.2,0.0, 0, 0,159606,1000,1000,0,0,0,""
33889,DATA,47.2,0.0, 0, 0,161392,1000,1000,0,0,0,""
34389,DATA,47.2,0.0, 0, 0,158994,1000,1000,0,0,0,""
34889,DATA,47.2,0.0, 0, 0,160795,1000,1000,0,0,0,""
35389,DATA,47.2,0.0, 0, 0,159000,1000,1000,0,0,0,""
35889,DATA,47.2,0.0, 0, 0,160293,1000,1000,0,0,0,""
36389,DATA,47.2,0.0, 0, 0,159598,1000,1000,0,0,0,""
36889,DATA,47.2,0.0, 0, 0,160211,1000,1000,0,0,0,""
37389,DATA,47.2,0.0, 0, 0,158978,1000,1000,0,0,0,""
37889,DATA,47.2,0.0, 0, 0,160789,1000,1000,0,0,0,""
38389,DATA,47.2,0.0, 0, 0,158419,1000,1000,0,0,0,""
38889,DATA,47.2,0.0, 0, 0,160222,1000,1000,0,0,0,""
39389,DATA,47.2,0.0, 0, 0,159000,1000,1000,0,0,0,""
39889,DATA,47.2,0.0, 0, 0,160205,1000,1000,0,0,0,""
40389,DATA,47.2,0.0, 0, 0,159003,1000,1000,0,0,0,""
40889,DATA,47.2,0.0, 0, 0,160203,1000,1000,0,0,0,""
41389,DATA,47.2,0.0, 0, 0,159602,1000,1000,0,0,0,""
41889,DATA,47.2,0.0, 0, 0,160203,1000,1000,0,0,0,""
42389,DATA,47.2,0.0, 0, 0,159589,1000,1000,0,0,0,""
42889,DATA,47.2,0.0, 0, 0,160803,1000,1000,0,0,0,""
43389,DATA,47.2,0.0, 0, 0,159600,1000,1000,0,0,0,""
43889,DATA,47.2,0.0, 0, 0,160182,1000,1000,0,0,0,""
44389,DATA,47.2,0.0, 0, 0,159619,1000,1000,0,0,0,""
44889,DATA,47.2,0.0, 0, 0,160803,1000,1000,0,0,0,""
45389,DATA,47.2,0.0, 0, 0,159000,1000,1000,0,0,0,""
45889,DATA,47.2,0.0, 0, 0,160823,1000,1000,0,0,0,""
46389,DATA,47.2,0.0, 0, 0,159011,1000,1000,0,0,0,""
46889,DATA,47.2,0.0, 0, 0,160792,1000,1000,0,0,0,""
47389,DATA,47.2,0.0, 0, 0,158994,1000,1000,0,0,0,""
47889,DATA,47.2,0.0, 0, 0,160782,1000,1000,0,0,0,""
48389,DATA,47.2,0.0, 0, 0,158997,1000,1000,0,0,0,""
48889,DATA,47.2,0.0, 0, 0,161368,1000,1000,0,0,0,""
49389,DATA,47.2,0.0, 0, 0,158400,1000,1000,0,0,0,""
49889,DATA,47.2,0.0, 0, 0,160186,1000,1000,0,0,0,""
50389,DATA,47.2,0.0, 0, 0,159606,1000,1000,0,0,0,""
50889,DATA,47.2,0.0, 0, 0,160792,1000,1000,0,0,0,""
51389,DATA,47.2,2.1, 0, 0,160195,1000,1000,0,0,0,""
51889,DATA,47.0,0.0, 0, 0,160194,1000,1000,0,0,0,""
52389,DATA,47.2,0.0, 0, 0,159598,1000,1000,0,0,0,""
52889,DATA,47.0,-2.1, 0, 0,159581,1000,1000,0,0,0,""
53389,DATA,47.0,0.0, 0, 0,159579,1000,1000,0,0,0,""
53889,DATA,47.2,2.1, 0, 0,160803,1000,1000,0,0,0,""
54389,DATA,47.0,-2.1, 0, 0,158979,1000,1000,0,0,0,""
54889,DATA,47.0,0.0, 0, 0,161405,1000,1000,0,0,0,""
55389,DATA,47.0,0.0, 0, 0,159605,1000,1000,0,0,0,""
55889,DATA,47.0,0.0, 0, 0,160795,1000,1000,0,0,0,""
56389,DATA,47.0,0.0, 0, 0,158984,1000,1000,0,0,0,""
56889,DATA,47.0,0.0, 0, 0,160800,1000,1000,0,0,0,""
57389,DATA,47.0,0.0, 0, 0,159002,1000,1000,0,0,0,""
57889,DATA,47.0,0.0, 0, 0,160810,1000,1000,0,0,0,""
58389,DATA,47.0,0.0, 0, 0,159014,1000,1000,0,0,0,""
58889,DATA,47.0,0.0, 0, 0,160802,1000,1000,0,0,0,""
59389,DATA,47.0,0.0, 0, 0,159006,1000,1000,0,0,0,""
59889,DATA,47.0,0.0, 0, 0,160782,1000,1000,0,0,0,""
60389,DATA,47.0,0.0, 0, 0,159003,1000,1000,0,0,0,""
60889,DATA,47.0,0.0, 0, 0,160776,1000,1000,0,0,0,""
61389,DATA,47.0,0.0, 0, 0,159624,1000,1000,0,0,0,""
61889,DATA,47.0,0.0, 0, 0,160806,1000,1000,0,0,0,""
62389,DATA,47.0,0.0, 0, 0,159579,1000,1000,0,0,0,""
62889,DATA,47.0,0.0, 0, 0,156002,1000,1000,0,0,0,""
63389,DATA,47.0,0.0, 0, 0,152985,1000,1000,0,0,0,""
63889,DATA,47.0,0.0, 0, 0,160821,1000,1000,0,0,0,""
64389,DATA,47.0,0.0, 0, 0,159598,1000,1000,0,0,0,""
64889,DATA,47.0,0.0, 0, 0,160803,1000,1000,0,0,0,""
65389,DATA,47.0,0.0, 0, 0,159005,1000,1000,0,0,0,""
65889,DATA,47.0,0.0, 0, 0,160806,1000,1000,0,0,0,""
66389,DATA,47.0,0.0, 0, 0,159002,1000,1000,0,0,0,""
66889,DATA,47.0,2.1, 0, 0,160776,1000,1000,0,0,0,""
67389,DATA,46.7,-2.1, 0, 0,158987,1000,1000,0,0,0,""
67889,DATA,47.0,0.0, 0, 0,160200,1000,1000,0,0,0,""
68389,DATA,47.0,0.0, 0, 0,159000,1000,1000,0,0,0,""
68889,DATA,47.0,0.0, 0, 0,160218,1000,1000,0,0,0,""
69389,DATA,46.7,-2.1, 0, 0,158983,1000,1000,0,0,0,""
69889,DATA,46.7,-2.1, 0, 0,160798,1000,1000,0,0,0,""
70389,DATA,46.7,0.0, 0, 0,159005,1000,1000,0,0,0,""
70889,DATA,46.7,-2.1, 0, 0,160790,1000,1000,0,0,0,""
71389,DATA,46.7,-2.1, 0, 0,159019,1000,1000,0,0,0,""
71889,DATA,47.0,2.1, 0, 0,160216,1000,1000,0,0,0,""
72389,DATA,47.0,2.1, 0, 0,158421,1000,1000,0,0,0,""
72889,DATA,46.7,-2.1, 0, 0,160221,1000,1000,0,0,0,""
73389,DATA,46.7,0.0, 0, 0,159003,1000,1000,0,0,0,""
73889,DATA,46.7,0.0, 0, 0,160200,1000,1000,0,0,0,""
74389,DATA,46.7,0.0, 0, 0,158994,1000,1000,0,0,0,""
74889,DATA,46.7,0.0, 0, 0,160200,1000,1000,0,0,0,""
75389,DATA,46.7,0.0, 0, 0,158997,1000,1000,0,0,0,""
75889,DATA,46.7,0.0, 0, 0,160789,1000,1000,0,0,0,""
76389,DATA,46.7,0.0, 0, 0,158410,1000,1000,0,0,0,""
76889,DATA,46.7,0.0, 0, 0,161377,1000,1000,0,0,0,""
77389,DATA,46.7,0.0, 0, 0,159022,1000,1000,0,0,0,""
77889,DATA,46.7,0.0, 0, 0,160794,1000,1000,0,0,0,""
78389,DATA,46.7,0.0, 0, 0,4200,1000,1000,0,0,0,""
78889,DATA,46.7,0.0, 0, 0,159584,1000,1000,0,0,0,""
79389,DATA,46.7,0.0, 0, 0,159582,1000,1000,0,0,0,""
79889,DATA,46.7,0.0, 0, 0,160187,1000,1000,0,0,0,""
80389,DATA,46.7,0.0, 0, 0,156602,1000,1000,0,0,0,""
80889,DATA,46.7,0.0, 0, 0,116391,1000,1000,0,0,0,""
81389,DATA,46.7,0.0, 0, 0,158987,1000,1000,0,0,0,""
81889,DATA,46.7,0.0, 0, 0,160202,1000,1000,0,0,0,""
82389,DATA,46.7,0.0, 0, 0,159602,1000,1000,0,0,0,""
82889,DATA,46.7,0.0, 0, 0,160800,1000,1000,0,0,0,""
83389,DATA,46.7,0.0, 0, 0,158383,1000,1000,0,0,0,""
83889,DATA,46.7,2.1, 0, 0,160222,1000,1000,0,0,0,""
84389,DATA,46.7,0.0, 0, 0,158981,1000,1000,0,0,0,""
84889,DATA,46.5,0.0, 0, 0,160192,1000,1000,0,0,0,""
85389,DATA,46.7,0.0, 0, 0,158987,1000,1000,0,0,0,""
85889,DATA,46.5,-2.1, 0, 0,160800,1000,1000,0,0,0,""
86389,DATA,46.5,-2.1, 0, 0,159006,1000,1000,0,0,0,""
86889,DATA,46.5,0.0, 0, 0,160810,1000,1000,0,0,0,""
87389,DATA,46.5,0.0, 0, 0,159014,1000,1000,0,0,0,""
87889,DATA,46.5,-2.1, 0, 0,160819,1000,1000,0,0,0,""
88389,DATA,46.5,-2.1, 0, 0,159613,1000,1000,0,0,0,""
88889,DATA,46.5,-2.1, 0, 0,160806,1000,1000,0,0,0,""
89389,DATA,46.5,-2.1, 0, 0,159576,1000,1000,0,0,0,""
89889,DATA,46.7,0.0, 0, 0,160202,1000,1000,0,0,0,""
90389,DATA,46.7,0.0, 0, 0,159574,1000,1000,0,0,0,""
90889,DATA,46.5,-2.1, 0, 0,160800,1000,1000,0,0,0,""
91389,DATA,46.5,0.0, 0, 0,159021,1000,1000,0,0,0,""
91889,DATA,46.5,0.0, 0, 0,160205,1000,1000,0,0,0,""
92389,DATA,46.5,0.0, 0, 0,153003,1000,1000,0,0,0,""
92889,DATA,46.5,0.0, 0, 0,160219,1000,1000,0,0,0,""
93389,DATA,46.2,-2.1, 0, 0,24000,1000,1000,0,0,0,""
93889,DATA,46.5,0.0, 0, 0,160216,1000,1000,0,0,0,""
94389,DATA,46.5,0.0, 0, 0,159005,1000,1000,0,0,0,""
94889,DATA,46.2,-2.1, 0, 0,160818,1000,1000,0,0,0,""
95389,DATA,46.5,0.0, 0, 0,159586,1000,1000,0,0,0,""
95889,DATA,46.5,0.0, 0, 0,160786,1000,1000,0,0,0,""
96389,DATA,46.5,0.0, 0, 0,159600,1000,1000,0,0,0,""
96889,DATA,46.5,0.0, 0, 0,160802,1000,1000,0,0,0,""
97389,DATA,46.5,0.0, 0, 0,158411,1000,1000,0,0,0,""
97889,DATA,46.5,2.1, 0, 0,161385,1000,1000,0,0,0,""
98389,DATA,46.5,0.0, 0, 0,159002,1000,1000,0,0,0,""
98889,DATA,46.2,-2.1, 0, 0,160782,1000,1000,0,0,0,""
99389,DATA,46.2,0.0, 0, 0,158997,1000,1000,0,0,0,""
99889,DATA,46.2,-2.1, 0, 0,160800,1000,1000,0,0,0,""
100389,DATA,46.2,-2.1, 0, 0,158997,1000,1000,0,0,0,""
100889,DATA,46.2,0.0, 0, 0,160803,1000,1000,0,0,0,""
101389,DATA,46.2,0.0, 0, 0,159002,1000,1000,0,0,0,""
101889,DATA,46.2,0.0, 0, 0,160813,1000,1000,0,0,0,""
102389,DATA,46.2,0.0, 0, 0,158414,1000,1000,0,0,0,""
102889,DATA,46.2,0.0, 0, 0,160222,1000,1000,0,0,0,""
103389,DATA,46.2,0.0, 0, 0,159021,1000,1000,0,0,0,""
103889,DATA,46.2,0.0, 0, 0,160222,1000,1000,0,0,0,""
104389,DATA,46.2,2.1, 0, 0,159595,1000,1000,0,0,0,""
104889,DATA,46.0,-2.1, 0, 0,160210,1000,1000,0,0,0,""
105389,DATA,46.2,0.0, 0, 0,158402,1000,1000,0,0,0,""
105889,DATA,46.2,0.0, 0, 0,161397,1000,1000,0,0,0,""
106389,DATA,46.2,0.0, 0, 0,158983,1000,1000,0,0,0,""
106889,DATA,46.0,0.0, 0, 0,161382,1000,1000,0,0,0,""
107389,DATA,46.2,0.0, 0, 0,159598,1000,1000,0,0,0,""
107889,DATA,46.0,0.0, 0, 0,160781,1000,1000,0,0,0,""
108389,DATA,46.2,0.0, 0, 0,159598,1000,1000,0,0,0,""
108889,DATA,46.2,0.0, 0, 0,160795,1000,1000,0,0,0,""
109389,DATA,46.2,0.0, 0, 0,158989,1000,1000,0,0,0,""
109889,DATA,46.2,0.0, 0, 0,27602,1000,1000,0,0,0,""
110389,DATA,46.2,0.0, 0, 0, 0,1000,1000,0,0,0,""
110889,DATA,46.2,2.1, 0, 0,160792,1000,1000,0,0,0,""
111389,DATA,46.0,0.0, 0, 0,159010,1000,1000,0,0,0,""
111889,DATA,46.0,0.0, 0, 0,158989,1000,1000,0,0,0,""
112389,DATA,46.0,0.0, 0, 0,159021,1000,1000,0,0,0,""
112889,DATA,46.0,0.0, 0, 0,161413,1000,1000,0,0,0,""
113389,DATA,46.0,2.1, 0, 0,158994,1000,1000,0,0,0,""
113889,DATA,45.8,-2.1, 0, 0,160797,1000,1000,0,0,0,""
114389,DATA,45.8,-2.1, 0, 0,158994,1000,1000,0,0,0,""
114889,DATA,45.8,0.0, 0, 0,160803,1000,1000,0,0,0,""
115389,DATA,45.8,0.0, 0, 0,159000,1000,1000,0,0,0,""
115889,DATA,45.8,0.0, 0, 0,160203,1000,1000,0,0,0,""
116389,DATA,45.8,0.0, 0, 0,158994,1000,1000,0,0,0,""
116889,DATA,45.8,0.0, 0, 0,160798,1000,1000,0,0,0,""
117389,DATA,45.8,0.0, 0, 0,158992,1000,1000,0,0,0,""
117889,DATA,45.8,0.0, 0, 0,160819,1000,1000,0,0,0,""
118389,DATA,45.8,0.0, 0, 0,158390,1000,1000,0,0,0,""
118889,DATA,45.8,0.0, 0, 0,160786,1000,1000,0,0,0,""
119389,DATA,45.8,0.0, 0, 0,158989,1000,1000,0,0,0,""
119889,DATA,45.8,0.0, 0, 0,160818,1000,1000,0,0,0,""
120389,DATA,45.8,0.0, 0, 0,158989,1000,1000,0,0,0,""
120889,DATA,45.8,0.0, 0, 0,139221,1000,1000,0,0,0,""
121389,DATA,45.8,0.0, 0, 0,159022,1000,1000,0,0,0,""
121889,DATA,45.8,0.0, 0, 0,82803,1000,1000,0,0,0,""
122389,DATA,45.8,0.0, 0, 0,159578,1000,1000,0,0,0,""
122889,DATA,45.8,0.0, 0, 0,159613,1000,1000,0,0,0,""
123389,DATA,45.8,0.0, 0, 0,159582,1000,1000,0,0,0,""
123889,DATA,45.8,0.0, 0, 0,160224,1000,1000,0,0,0,""
124389,DATA,45.8,0.0, 0, 0,158979,1000,1000,0,0,0,""
124889,DATA,45.8,0.0, 0, 0,160214,1000,1000,0,0,0,""
125389,DATA,45.8,0.0, 0, 0,159013,1000,1000,0,0,0,""
125889,DATA,45.8,0.0, 0, 0,160794,1000,1000,0,0,0,""
126389,DATA,45.8,0.0, 0, 0,159003,1000,1000,0,0,0,""
126889,DATA,45.8,0.0, 0, 0,160805,1000,1000,0,0,0,""
127389,DATA,45.8,0.0, 0, 0,159600,1000,1000,0,0,0,""
127889,DATA,45.8,0.0, 0, 0,160800,1000,1000,0,0,0,""
128389,DATA,45.8,0.0, 0, 0,159003,1000,1000,0,0,0,""
128889,DATA,45.8,0.0, 0, 0,160787,1000,1000,0,0,0,""
129389,DATA,45.8,0.0, 0, 0,159608,1000,1000,0,0,0,""
129889,DATA,45.8,0.0, 0, 0,160823,1000,1000,0,0,0,""
130389,DATA,45.8,0.0, 0, 0,159011,1000,1000,0,0,0,""
130889,DATA,45.8,0.0, 0, 0,160790,1000,1000,0,0,0,""
131389,DATA,45.8,0.0, 0, 0,159582,1000,1000,0,0,0,""
131889,DATA,45.8,0.0, 0, 0,161376,1000,1000,0,0,0,""
132389,DATA,45.8,0.0, 0, 0,159011,1000,1000,0,0,0,""
132889,DATA,45.8,0.0, 0, 0,160805,1000,1000,0,0,0,""
133389,DATA,45.8,0.0, 0, 0,159581,1000,1000,0,0,0,""
133889,DATA,45.8,0.0, 0, 0,161400,1000,1000,0,0,0,""
134389,DATA,45.8,0.0, 0, 0,158992,1000,1000,0,0,0,""
134889,DATA,45.8,0.0, 0, 0,161397,1000,1000,0,0,0,""
135389,DATA,45.8,0.0, 0, 0,159584,1000,1000,0,0,0,""
135889,DATA,45.8,0.0, 0, 0,160795,1000,1000,0,0,0,""
136389,DATA,45.8,0.0, 0, 0,159119,1000,1000,0,0,0,""
136889,DATA,45.8,0.0, 0, 0,160320,1000,1000,0,0,0,""
137389,DATA,45.8,0.0, 0, 0,99651,1000,1000,0,0,0,""
137889,DATA,45.8,0.0, 0, 0,160911,1000,1000,0,0,0,""
138389,DATA,45.8,0.0, 0, 0,159100,1000,1000,0,0,0,""
138889,DATA,45.8,0.0, 0, 0,160898,1000,1000,0,0,0,""
139389,DATA,45.8,0.0, 0, 0,159110,1000,1000,0,0,0,""
139889,DATA,45.8,0.0, 0, 0,160895,1000,1000,0,0,0,""
140389,DATA,45.8,0.0, 0, 0,159709,1000,1000,0,0,0,""
140889,DATA,45.8,0.0, 0, 0,160895,1000,1000,0,0,0,""
141389,DATA,45.8,0.0, 0, 0,159083,1000,1000,0,0,0,""
141889,DATA,45.8,0.0, 0, 0,160287,1000,1000,0,0,0,""
142389,DATA,45.8,0.0, 0, 0,159111,1000,1000,0,0,0,""
142889,DATA,45.8,0.0, 0, 0,160319,1000,1000,0,0,0,""
143389,DATA,45.8,0.0, 0, 0,158516,1000,1000,0,0,0,""
143889,DATA,45.8,0.0, 0, 0,160279,1000,1000,0,0,0,""
144389,DATA,45.8,0.0, 0, 0,158513,1000,1000,0,0,0,""
144889,DATA,45.8,0.0, 0, 0,160304,1000,1000,0,0,0,""
145389,DATA,45.8,0.0, 0, 0,159688,1000,1000,0,0,0,""
145889,DATA,45.8,0.0, 0, 0,160913,1000,1000,0,0,0,""
146389,DATA,45.8,0.0, 0, 0,159094,1000,1000,0,0,0,""
146889,DATA,45.8,0.0, 0, 0,160315,1000,1000,0,0,0,""
147389,DATA,45.8,0.0, 0, 0,159094,1000,1000,0,0,0,""
147889,DATA,45.8,0.0, 0, 0,160287,1000,1000,0,0,0,""
148389,DATA,45.5,-2.1, 0, 0,159118,1000,1000,0,0,0,""
148889,DATA,45.8,0.0, 0, 0,160906,1000,1000,0,0,0,""
149389,DATA,45.8,0.0, 0, 0,159691,1000,1000,0,0,0,""
149889,DATA,45.8,0.0, 0, 0,160905,1000,1000,0,0,0,""
150389,DATA,45.8,0.0, 0, 0,159683,1000,1000,0,0,0,""
150889,DATA,45.8,2.1, 0, 0,160900,1000,1000,0,0,0,""
151389,DATA,45.8,0.0, 0, 0,158505,1000,1000,0,0,0,""
151889,DATA,45.8,0.0, 0, 0,160306,1000,1000,0,0,0,""
152389,DATA,45.8,0.0, 0, 0,159111,1000,1000,0,0,0,""
152889,DATA,45.8,0.0, 0, 0,160291,1000,1000,0,0,0,""
153389,DATA,45.5,-2.1, 0, 0,159681,1000,1000,0,0,0,""
153889,DATA,45.8,0.0, 0, 0,160888,1000,1000,0,0,0,""
154389,DATA,45.8,2.1, 0, 0,159113,1000,1000,0,0,0,""
154889,DATA,45.8,0.0, 0, 0,160874,1000,1000,0,0,0,""
155389,DATA,45.8,0.0, 0, 0,159705,1000,1000,0,0,0,""
155889,DATA,45.5,-2.1, 0, 0,160919,1000,1000,0,0,0,""
156389,DATA,45.5,-2.1, 0, 0,159080,1000,1000,0,0,0,""
156889,DATA,45.5,-2.1, 0, 0,160311,1000,1000,0,0,0,""
157389,DATA,45.5,0.0, 0, 0,159118,1000,1000,0,0,0,""
157889,DATA,45.5,0.0, 0, 0,161495,1000,1000,0,0,0,""
158389,DATA,45.5,-2.1, 0, 0,159691,1000,1000,0,0,0,""
158889,DATA,45.5,0.0, 0, 0,160303,1000,1000,0,0,0,""
159389,DATA,45.5,0.0, 0, 0,159102,1000,1000,0,0,0,""
159889,DATA,45.5,-2.1, 0, 0,160921,1000,1000,0,0,0,""
160389,DATA,45.5,0.0, 0, 0,159105,1000,1000,0,0,0,""
160889,DATA,45.5,0.0, 0, 0,160299,1000,1000,0,0,0,""
161389,DATA,45.5,0.0, 0, 0,159102,1000,1000,0,0,0,""
161889,DATA,45.5,0.0, 0, 0,160309,1000,1000,0,0,0,""
162389,DATA,45.5,0.0, 0, 0,159113,1000,1000,0,0,0,""
162889,DATA,45.5,0.0, 0, 0,160917,1000,1000,0,0,0,""
163389,DATA,45.5,0.0, 0, 0,159688,1000,1000,0,0,0,""
163889,DATA,45.5,0.0, 0, 0,160280,1000,1000,0,0,0,""
164389,DATA,45.5,0.0, 0, 0,159080,1000,1000,0,0,0,""
164889,DATA,45.5,0.0, 0, 0,160882,1000,1000,0,0,0,""
165389,DATA,45.5,0.0, 0, 0,159076,1000,1000,0,0,0,""
165626,EVENT,45.5,0.0, 0, 0,166235,1000,1000,0,0,0,"STARTER 1200"
165889,DATA,45.5,0.0,292,166,14541,1000,1067,0,0,0,""
166409,DATA,43.5,-16.7,2436,1826, 0,1000,1169,0,0,0,""
166909,DATA,45.5,0.0,2724,2586, 0,1000,1200,0,0,0,""
167409,DATA,44.0,0.0,2820,2816, 0,1000,1200,0,0,0,""
167909,DATA,44.0,4.2,2938,2901, 0,1000,1200,0,0,0,""
168409,DATA,44.2,0.0,2856,2885, 0,1000,1200,0,0,0,""
168909,DATA,44.0,0.0,3050,2960,3000,1000,1200,0,0,0,""
169409,DATA,44.2,2.1,3351,3293,3600,1000,1200,0,0,0,""
169909,DATA,44.0,-2.1,3351,3342,3600,1000,1200,0,0,0,""
170409,DATA,44.0,0.0,3413,3399,3602,1000,1200,0,0,0,""
170909,DATA,44.0,0.0,3436,3430,4157,1000,1200,0,0,0,""
171409,DATA,44.0,0.0,3442,3440,3563,1000,1200,0,0,0,""
171909,DATA,43.7,-2.1,3443,3443,4157,1000,1200,0,0,0,""
172409,DATA,44.0,2.1,3437,3440,2970,1000,1200,0,0,0,""
172909,DATA,43.7,0.0,3432,3434,5344,1000,1200,0,0,0,""
173409,DATA,43.7,-2.1,3439,3433,4749,1000,1200,0,0,0,""
173909,DATA,43.7,0.0,3706,3749,4751,1000,1200,0,0,0,""
174409,DATA,43.7,0.0,3481,3522,4751,1000,1200,0,0,0,""
174909,DATA,43.7,0.0,3408,3425,4751,1000,1200,0,0,0,""
175409,DATA,43.5,-2.1,3396,3396,2970,1000,1200,0,0,0,""
175909,DATA,43.7,2.0,3392,3394,4156,1000,1200,0,0,0,""
176409,DATA,43.7,2.1,3390,3391,3563,1000,1200,0,0,0,""
176909,DATA,43.5,0.0,3383,3386,3562,1000,1200,0,0,0,""
177409,DATA,43.5,0.0,3360,3365,4157,1000,1200,0,0,0,""
177909,DATA,43.5,0.0,3360,3360,3563,1000,1200,0,0,0,""
178409,DATA,43.3,-2.1,3365,3363,3563,1000,1200,0,0,0,""
178909,DATA,43.3,-2.0,3371,3370,5939,1000,1200,0,0,0,""
179409,DATA,43.5,2.1,3367,3368,4156,1000,1200,0,0,0,""
179909,DATA,43.3,0.0,3362,3365,4751,1000,1200,0,0,0,""
179997,EVENT,43.3,0.0,3366,3365,4801,1000,1200,0,0,0,"STARTER 1220"
180409,DATA,43.3,0.0,3141,3213,2000,1000,1211,0,0,0,""
180909,DATA,43.3,0.0,3176,3100,3600,1000,1219,0,0,0,""
181409,DATA,43.0,0.0,3547,3474,3600,1000,1220,0,0,0,""
181909,DATA,43.0,0.0,3678,3651,4200,1000,1220,0,0,0,""
181964,EVENT,43.0,0.0,3678,3651,4200,1000,1220,0,0,0,"STARTER 1240"
182409,DATA,43.0,0.0,3428,3527,3606,1000,1232,0,0,0,""
182909,DATA,43.0,0.0,3561,3439,4199,1000,1239,0,0,0,""
183409,DATA,43.0,0.0,4020,3934,9600,1000,1240,0,0,0,""
183909,DATA,43.0,0.0,4135,4129,6600,1000,1240,0,0,0,""
184409,DATA,42.7,-2.1,4251,4179,8400,1000,1240,0,0,0,""
184411,EVENT,42.7,-2.1,4251,4179,8400,1000,1240,0,0,0,"STARTER 1260"
184909,DATA,42.7,-2.1,4526,4460,8399,1000,1253,0,0,0,""
185409,DATA,42.7,-2.1,5914,5429,14999,1000,1260,0,0,0,""
185909,DATA,42.7,0.0,6682,6704,10200,1000,1260,0,0,0,""
186409,DATA,42.7,0.0,6461,6415,18000,1000,1260,0,0,0,""
186713,EVENT,42.5,-2.1,6088,6219,10800,1000,1260,0,0,0,"STARTER 1280"
186909,DATA,42.7,0.0,5481,5775,7802,1000,1266,0,0,0,""
187409,DATA,42.7,2.1,4655,4780,8399,1000,1276,0,0,0,""
187909,DATA,42.5,0.0,4752,4729,7800,1000,1280,0,0,0,""
188409,DATA,42.5,0.0,4863,4841,6600,1000,1280,0,0,0,""
188528,EVENT,42.5,0.0,4875,4856,7199,1000,1280,0,0,0,"STARTER 1300"
188929,DATA,42.5,0.0,4795,4816,4207,1000,1291,0,0,0,""
189429,DATA,42.5,0.0,4868,4791,5999,1000,1299,0,0,0,""
189929,DATA,42.0,-2.1,6013,5667,10200,1000,1300,0,0,0,""
190429,DATA,42.7,2.1,7181,6672,10200,1000,1300,0,0,0,""
190929,DATA,42.5,2.1,5818,6299,12600,1000,1300,0,0,0,""
191429,DATA,42.5,0.0,5004,5123,11999,1000,1300,0,0,0,""
191929,DATA,42.0,-4.0,5384,5344,10800,1000,1300,0,0,0,""
192273,EVENT,42.0,-4.2,5406,5389,11401,1000,1300,0,1,0,"VALVE1 ON"
192429,DATA,41.7,-2.1,5374,5409,7200,1000,1300,0,1,0,""
192929,DATA,42.0,-2.1,5687,5668,10800,1000,1300,0,1,0,""
193429,DATA,42.2,0.0,5835,5817,10201,1000,1300,0,1,0,""
193495,EVENT,42.2,0.0,5835,5817,10201,1000,1300,1,1,0,"IGN ON"
193929,DATA,41.5,2.1,5356,5435,15000,1000,1300,1,1,0,""
194429,DATA,41.7,0.0,5860,5774,13199,1000,1300,1,1,0,""
194929,DATA,42.0,0.0,5864,5960,11999,1000,1300,1,1,0,""
194947,EVENT,42.0,0.0,5864,5960,11999,1000,1300,1,1,0,"PUMP 1045"
195429,DATA,41.7,0.0,5367,5486,7792,1010,1300,1,1,0,""
195949,DATA,41.7,1.9,4839,5001,2500,1032,1300,1,1,0,""
196449,DATA,41.7,0.0,4655,4738,2727,1045,1300,1,1,0,""
196949,DATA,41.7,0.0,4892,4815,8314,1045,1300,1,1,0,""
197449,DATA,41.7,0.0,5111,5073,7720,1045,1300,1,1,0,""
197949,DATA,41.7,-2.1,6317,6092,10687,1045,1300,1,1,0,""
198449,DATA,41.7,0.0,6048,6029,10093,1045,1300,1,1,0,""
198949,DATA,41.5,-2.1,6032,6094,7125,1045,1300,1,1,0,""
199449,DATA,41.5,-2.0,5375,5502,11283,1045,1300,1,1,0,""
199949,DATA,41.5,0.0,6376,6030,13660,1045,1300,1,1,0,""
200449,DATA,42.2,2.1,6801,6639,13657,1045,1300,1,1,0,""
200949,DATA,44.0,4.2,8667,8359,7719,1045,1300,1,1,0,""
201449,DATA,46.5,2.1,6379,6958,10095,1045,1300,1,1,0,""
201949,DATA,49.0,8.3,6718,6370,10687,1045,1300,1,1,0,""
202449,DATA,50.8,4.0,7978,7548,13063,1045,1300,1,1,0,""
202949,DATA,52.0,0.0,6722,7217,13066,1045,1300,1,1,0,""
203449,DATA,54.0,6.2,7282,7130,11283,1045,1300,1,1,0,""
203949,DATA,55.0,0.0,8092,8104,10689,1045,1300,1,1,0,""
204449,DATA,56.7,8.3,7330,7186,14256,1045,1300,1,1,0,""
204949,DATA,58.5,2.1,8192,8338,10095,1045,1300,1,1,0,""
205019,EVENT,58.5,2.1,7563,7989,15005,1045,1300,1,1,0,"PUMP 1050"
205449,DATA,60.5,7.9,5877,6299,9500,1046,1300,1,1,0,""
205949,DATA,61.7,4.2,5967,5796,10093,1048,1300,1,1,0,""
206449,DATA,64.0,4.2,6977,6669,13061,1050,1300,1,1,0,""
206949,DATA,66.5,6.2,6010,6324,11281,1050,1300,1,1,0,""
207449,DATA,68.7,2.1,6089,5971,12469,1050,1300,1,1,0,""
207949,DATA,72.7,4.2,5486,5594,13657,1050,1300,1,1,0,""
208449,DATA,75.8,6.0,6115,6085,13063,1050,1300,1,1,0,""
208949,DATA,78.7,4.2,6746,6576,12470,1050,1300,1,1,0,""
209449,DATA,82.5,6.2,6740,6792,10094,1050,1300,1,1,0,""
209949,DATA,85.0,4.2,6861,6890,13655,1050,1300,1,1,0,""
210449,DATA,88.0,6.2,8633,8162,13062,1050,1300,1,1,0,""
210949,DATA,91.5,8.3,8744,8764,19593,1050,1300,1,1,0,""
211449,DATA,94.2,2.0,10217,9814,18406,1050,1300,1,1,0,""
211949,DATA,96.2,6.2,8263,8973,18408,1050,1300,1,1,0,""
212449,DATA,98.5,4.2,7778,7883,15440,1050,1300,1,1,0,""
212949,DATA,100.8,4.2,6163,6437,16625,1050,1300,1,1,0,""
213449,DATA,103.0,4.2,6614,6510,13064,1050,1300,1,1,0,""
213949,DATA,104.8,6.2,7846,7729,10688,1050,1300,1,1,0,""
214449,DATA,107.5,7.9,5942,6358,10688,1050,1300,1,1,0,""
214949,DATA,109.0,4.2,7090,6779,8313,1050,1300,1,1,0,""
215449,DATA,111.2,8.3,5873,6163,7719,1050,1300,1,1,0,""
215949,DATA,112.7,4.2,5704,5693,8906,1050,1300,1,1,0,""
216449,DATA,114.3,4.2,5730,5655,10093,1050,1300,1,1,0,""
216949,DATA,116.0,6.2,5949,5926,11280,1050,1300,1,1,0,""
217449,DATA,118.3,4.0,5957,5872,13064,1050,1300,1,1,0,""
217949,DATA,119.7,4.2,8658,8081,11281,1050,1300,1,1,0,""
218449,DATA,121.3,4.2,7255,7677,16031,1050,1300,1,1,0,""
218949,DATA,122.7,2.1,5615,5914,13656,1050,1300,1,1,0,""
219449,DATA,124.5,8.3,5293,5364,7719,1050,1300,1,1,0,""
219949,DATA,125.8,4.2,5507,5471,9500,1050,1300,1,1,0,""
220449,DATA,127.0,2.0,5271,5310,7126,1050,1300,1,1,0,""
220950,DATA,128.5,4.2,5677,5535,10688,1050,1300,1,1,0,""
221451,DATA,129.8,2.1,5382,5419,10093,1050,1300,1,1,0,""
221952,DATA,131.3,4.2,7068,6663,14249,1050,1300,1,1,0,""
222453,DATA,132.8,2.1,8115,7883,12470,1050,1300,1,1,0,""
222954,DATA,133.8,0.0,9931,9671,22562,1050,1300,1,1,0,""
223455,DATA,135.5,4.0,9185,9656,8313,1050,1300,1,1,0,""
223956,DATA,136.3,2.1,6616,6925,10688,1050,1300,1,1,0,""
224457,DATA,137.8,4.2,7428,7415,10095,1050,1300,1,1,0,""
224958,DATA,138.8,0.0,5788,6158,7125,1050,1300,1,1,0,""
225459,DATA,140.0,2.1,5245,5347,8907,1050,1300,1,1,0,""
225960,DATA,141.3,2.1,6048,5742,10093,1050,1300,1,1,0,""
226461,DATA,142.8,4.0,6210,6427,9499,1050,1300,1,1,0,""
226962,DATA,143.5,2.1,7226,6837,10093,1050,1300,1,1,0,""
227463,DATA,144.8,4.2,5893,6216,5937,1050,1300,1,1,0,""
227964,DATA,146.0,4.2,7312,6737,11874,1050,1300,1,1,0,""
228465,DATA,147.0,2.1,7735,7637,10687,1050,1300,1,1,0,""
228966,DATA,148.3,4.2,8711,8481,10093,1050,1300,1,1,0,""
229467,DATA,150.0,2.0,6862,7329,9501,1050,1300,1,1,0,""
229968,DATA,151.3,4.2,6100,6064,11283,1050,1300,1,1,0,""
230469,DATA,152.0,0.0,8542,7900,15437,1050,1300,1,1,0,""
230970,DATA,153.0,4.2,8964,8786,14251,1050,1300,1,1,0,""
231471,DATA,154.3,4.2,9022,9284,20781,1050,1300,1,1,0,""
231972,DATA,155.3,0.0,6250,6865,14845,1050,1300,1,1,0,""
232473,DATA,156.5,2.0,5908,5865,17219,1050,1300,1,1,0,""
232974,DATA,158.0,2.1,6888,6667,8906,1050,1300,1,1,0,""
233475,DATA,159.0,4.2,7393,7278,11876,1050,1300,1,1,0,""
233976,DATA,160.3,4.2,7405,7697,2969,1050,1300,1,1,0,""
234477,DATA,161.5,6.2,6230,6377,7718,1050,1300,1,1,0,""
234978,DATA,162.8,4.2,6213,6079,10687,1050,1300,1,1,0,""
235479,DATA,163.8,4.0,6142,6420,10094,1050,1300,1,1,0,""
235980,DATA,164.8,4.2,8224,7482,14249,1050,1300,1,1,0,""
236481,DATA,166.0,2.1,7699,8048,7718,1050,1300,1,1,0,""
236982,DATA,166.8,2.1,6108,6365,8313,1050,1300,1,1,0,""
237483,DATA,168.3,2.1,8500,7940,10093,1050,1300,1,1,0,""
237984,DATA,169.0,4.2,9248,9015,10687,1050,1300,1,1,0,""
238485,DATA,171.0,7.9,9731,9513,16032,1050,1300,1,1,0,""
238986,DATA,171.8,2.1,10784,10791,10687,1050,1300,1,1,0,""
239487,DATA,173.3,8.3,10825,10476,13062,1050,1300,1,1,0,""
239988,DATA,173.8,2.1,9405,10032,10687,1050,1300,1,1,0,""
240489,DATA,174.8,4.2,7622,7662,13064,1050,1300,1,1,0,""
240990,DATA,175.5,2.1,9435,9208,11283,1050,1300,1,1,0,""
241491,DATA,177.0,2.0,7128,7820,7126,1050,1300,1,1,0,""
241992,DATA,178.0,2.1,5506,5781,7720,1050,1300,1,1,0,""
242493,DATA,179.3,4.2,7473,6977,10094,1050,1300,1,1,0,""
242994,DATA,180.3,2.1,8258,8072,10095,1050,1300,1,1,0,""
243495,DATA,181.7,4.2,6564,6957,8906,1050,1300,1,1,0,""
243996,DATA,182.3,0.0,6646,6698,20783,1050,1300,1,1,0,""
244497,DATA,183.5,0.0,7020,6978,13656,1050,1300,1,1,0,""
244998,DATA,184.5,0.0,8367,7979,11281,1050,1300,1,1,0,""
245499,DATA,185.3,0.0,10242,9711,16626,1050,1300,1,1,0,""
246000,DATA,186.0,0.0,10750,10681,13655,1050,1300,1,1,0,""
246501,DATA,187.0,2.1,10317,10480,16626,1050,1300,1,1,0,""
247002,DATA,188.0,0.0,9071,9636,16624,1050,1300,1,1,0,""
247503,DATA,189.2,2.0,9301,9120,22563,1050,1300,1,1,0,""
248004,DATA,190.3,4.2,12303,11624,20189,1050,1300,1,1,0,""
248505,DATA,191.0,2.1,10610,11267,15438,1050,1300,1,1,0,""
249006,DATA,192.3,4.2,9580,9727,17220,1050,1300,1,1,0,""
249507,DATA,192.8,0.0,10513,10203,16625,1050,1300,1,1,0,""
250008,DATA,194.0,2.1,9874,9959,16031,1050,1300,1,1,0,""
250509,DATA,195.0,2.0,8830,9027,14844,1050,1300,1,1,0,""
251010,DATA,195.8,0.0,7900,8073,10093,1050,1300,1,1,0,""
251511,DATA,196.5,2.1,7247,7121,16624,1050,1300,1,1,0,""
252012,DATA,197.5,2.1,7770,7796,18408,1050,1300,1,1,0,""
252513,DATA,198.3,4.2,7367,7671,20189,1050,1300,1,1,0,""
253014,DATA,199.0,2.1,5970,6190,12470,1050,1300,1,1,0,""
253515,DATA,200.3,0.0,5310,5448,8906,1050,1300,1,1,0,""
254016,DATA,201.2,2.1,6937,6446,10688,1050,1300,1,1,0,""
254517,DATA,202.3,2.1,7905,7543,11281,1050,1300,1,1,0,""
255018,DATA,203.2,0.0,9005,8806,13063,1050,1300,1,1,0,""
255519,DATA,204.0,0.0,9122,9090,14252,1050,1300,1,1,0,""
256020,DATA,205.0,2.1,9070,9222,11281,1050,1300,1,1,0,""
256521,DATA,206.3,4.0,8023,8211,8905,1050,1300,1,1,0,""
257022,DATA,206.8,-2.1,8232,7912,18999,1050,1300,1,1,0,""
257523,DATA,208.0,2.1,8192,8334,17219,1050,1300,1,1,0,""
258024,DATA,208.8,2.1,7605,7657,8312,1050,1300,1,1,0,""
258525,DATA,209.5,2.1,6480,6796,4750,1050,1300,1,1,0,""
259026,DATA,210.3,2.1,6815,6722,12469,1050,1300,1,1,0,""
259527,DATA,211.2,4.0,8687,8309,12468,1050,1300,1,1,0,""
260028,DATA,212.5,2.1,7354,7486,18408,1050,1300,1,1,0,""
260529,DATA,213.3,4.2,8585,8343,8907,1050,1300,1,1,0,""
260920,EVENT,214.0,2.1,7602,7936,7800,1050,1300,1,1,0,"PUMP 1055"
261030,DATA,214.0,0.0,6547,7094,19598,1050,1300,1,1,0,""
261531,DATA,214.8,-2.1,8394,7698,18999,1052,1300,1,1,0,""
262032,DATA,215.7,2.1,9416,9394,20187,1054,1300,1,1,0,""
262533,DATA,217.3,4.0,9305,9539,11280,1055,1300,1,1,0,""
263034,DATA,217.7,2.1,6510,7021,7718,1055,1300,1,1,0,""
263535,DATA,219.0,4.2,5108,5418,6531,1055,1300,1,1,0,""
264036,DATA,220.3,6.2,5844,5621,16031,1055,1300,1,1,0,""
264537,DATA,221.3,0.0,7638,7380,14249,1055,1300,1,1,0,""
265038,DATA,223.0,2.1,7028,7008,11282,1055,1300,1,1,0,""
265539,DATA,224.5,6.0,7441,7543,16623,1055,1300,1,1,0,""
266040,DATA,225.3,-2.1,9103,8637,20186,1055,1300,1,1,0,""
266541,DATA,227.0,4.2,9837,9756,16627,1055,1300,1,1,0,""
267042,DATA,228.0,2.1,10312,10121,21968,1055,1300,1,1,0,""
267543,DATA,229.0,2.1,10671,10797,15437,1055,1300,1,1,0,""
268044,DATA,230.2,6.2,9189,9712,16031,1055,1300,1,1,0,""
268545,DATA,231.0,-2.0,7216,7565,19000,1055,1300,1,1,0,""
269046,DATA,232.2,2.1,6543,6894,6531,1055,1300,1,1,0,""
269547,DATA,233.8,2.1,5654,5745,11280,1055,1300,1,1,0,""
270048,DATA,234.2,0.0,6585,6364,8905,1055,1300,1,1,0,""
270549,DATA,235.3,0.0,7487,7346,15437,1055,1300,1,1,0,""
271050,DATA,236.8,2.1,7864,7703,14842,1055,1300,1,1,0,""
271551,DATA,238.0,4.0,7308,7353,15437,1055,1300,1,1,0,""
272052,DATA,238.7,2.1,7377,7566,9499,1055,1300,1,1,0,""
272553,DATA,239.0,-2.1,6317,6315,16030,1055,1300,1,1,0,""
273054,DATA,240.5,4.2,9835,9047,14251,1055,1300,1,1,0,""
273555,DATA,241.5,2.1,10200,10091,11279,1055,1300,1,1,0,""
274056,DATA,242.0,-2.1,7607,8224,10686,1055,1300,1,1,0,""
274557,DATA,243.3,2.0,6275,6735,8906,1055,1300,1,1,0,""
275058,DATA,244.5,2.1,7608,7124,15435,1055,1300,1,1,0,""
275559,DATA,245.3,2.1,10746,10107,18409,1055,1300,1,1,0,""
276060,DATA,246.0,2.1,9040,9377,13062,1055,1300,1,1,0,""
276561,DATA,246.7,2.1,8289,8641,11279,1055,1300,1,1,0,""
277062,DATA,247.3,0.0,8159,8405,12468,1055,1300,1,1,0,""
277563,DATA,248.0,2.0,6300,6658,9499,1055,1300,1,1,0,""
278064,DATA,248.5,2.1,6119,6130,7719,1055,1300,1,1,0,""
278565,DATA,249.3,2.1,6723,6631,5937,1055,1300,1,1,0,""
279066,DATA,250.0,2.1,6439,6603,10094,1055,1300,1,1,0,""
279567,DATA,250.5,0.0,5750,5783,10094,1055,1300,1,1,0,""
280068,DATA,251.0,2.1,6400,6402,11282,1055,1300,1,1,0,""
280569,DATA,251.8,2.0,7310,7148,7718,1055,1300,1,1,0,""
281070,DATA,252.5,2.1,5922,6092,11280,1055,1300,1,1,0,""
281571,DATA,253.5,4.2,7144,6632,8906,1055,1300,1,1,0,""
282072,DATA,253.8,2.1,7314,7432,7719,1055,1300,1,1,0,""
282573,DATA,254.5,2.1,6024,6220,7719,1055,1300,1,1,0,""
283074,DATA,255.0,2.1,6486,6381,10687,1055,1300,1,1,0,""
283575,DATA,255.5,2.0,5897,5995,8312,1055,1300,1,1,0,""
284076,DATA,256.3,2.1,5049,5246,10688,1055,1300,1,1,0,""
284577,DATA,257.2,4.2,6370,6121,8312,1055,1300,1,1,0,""
285078,DATA,258.0,0.0,5957,6264,7125,1055,1300,1,1,0,""
285579,DATA,258.5,4.2,5787,5668,7719,1055,1300,1,1,0,""
286080,DATA,258.8,2.1,5785,5900,9500,1055,1300,1,1,0,""
286581,DATA,259.8,4.0,5230,5254,13654,1055,1300,1,1,0,""
287082,DATA,260.3,4.2,5850,5805,8313,1055,1300,1,1,0,""
287583,DATA,260.8,0.0,5750,5698,8312,1055,1300,1,1,0,""
288084,DATA,261.0,2.1,5157,5300,9499,1055,1300,1,1,0,""
288585,DATA,261.8,0.0,5454,5337,10093,1055,1300,1,1,0,""
289086,DATA,262.8,4.2,6526,6401,20188,1055,1300,1,1,0,""
289587,DATA,263.0,2.0,5872,6117,16031,1055,1300,1,1,0,""
290088,DATA,263.5,-2.1,6055,5906,8313,1055,1300,1,1,0,""
290589,DATA,264.8,2.1,6318,6160,2969,1055,1300,1,1,0,""
291090,DATA,264.5,0.0,6218,6139,17811,1055,1300,1,1,0,""
291591,DATA,265.0,0.0,8667,7959,14843,1055,1300,1,1,0,""
292092,DATA,264.8,-2.1,8080,8393,10094,1055,1300,1,1,0,""
292593,DATA,265.7,0.0,5902,6420,2375,1055,1300,1,1,0,""
293094,DATA,266.0,-2.1,6051,5865,11280,1055,1300,1,1,0,""
293595,DATA,266.8,2.1,6914,6663,10094,1055,1300,1,1,0,""
294096,DATA,266.5,0.0,8645,8372,13063,1055,1300,1,1,0,""
294597,DATA,267.3,0.0,7524,7634,7124,1055,1300,1,1,0,""
295098,DATA,267.5,-2.1,6117,6357,16030,1055,1300,1,1,0,""
295599,DATA,268.3,0.0,6457,6238,10093,1055,1300,1,1,0,""
296100,DATA,268.8,0.0,6035,6020,11282,1055,1300,1,1,0,""
296601,DATA,269.7,2.1,8548,8115,12468,1055,1300,1,1,0,""
297102,DATA,269.5,-2.1,7018,7470,10688,1055,1300,1,1,0,""
297603,DATA,270.0,-2.1,5516,5827,10094,1055,1300,1,1,0,""
298104,DATA,271.0,2.1,5977,5712,17217,1055,1300,1,1,0,""
298605,DATA,272.0,2.0,6945,6552,14250,1055,1300,1,1,0,""
299106,DATA,272.3,2.1,11173,10201,15438,1055,1300,1,1,0,""
299607,DATA,272.8,0.0,9616,10113,11280,1055,1300,1,1,0,""
300108,DATA,273.5,4.2,8498,8465,17219,1055,1300,1,1,0,""
300609,DATA,273.5,0.0,9890,9609,15436,1055,1300,1,1,0,""
301110,DATA,274.0,0.0,9125,9451,13063,1055,1300,1,1,0,""
301611,DATA,274.3,0.0,7731,8163,13655,1055,1300,1,1,0,""
302112,DATA,274.8,2.1,8744,8416,14843,1055,1300,1,1,0,""
302613,DATA,274.8,-2.1,6970,7542,11281,1055,1300,1,1,0,""
303114,DATA,275.3,-2.1,5618,5842,10687,1055,1300,1,1,0,""
303489,EVENT,275.5,2.1,6507,6152,9601,1055,1300,1,1,0,"PUMP 1060"
303615,DATA,275.8,2.1,7673,7102,7720,1055,1300,1,1,0,""
304116,DATA,276.0,4.2,6809,7111,13656,1057,1300,1,1,0,""
304617,DATA,276.8,-2.0,7048,7131,9500,1059,1300,1,1,0,""
305118,DATA,277.8,2.1,5633,5919,8906,1060,1300,1,1,0,""
305619,DATA,278.8,0.0,5488,5434,11875,1060,1300,1,1,0,""
306120,DATA,280.2,4.2,6999,6836,16032,1060,1300,1,1,0,""
306621,DATA,281.3,2.1,6357,6360,15439,1060,1300,1,1,0,""
307122,DATA,283.3,4.2,7202,6848,16029,1060,1300,1,1,0,""
307623,DATA,285.3,2.0,8439,8471,7719,1060,1300,1,1,0,""
308124,DATA,286.8,0.0,7348,7328,15437,1060,1300,1,1,0,""
308625,DATA,289.0,4.2,9772,9336,15438,1060,1300,1,1,0,""
309126,DATA,290.3,4.2,7790,8263,13657,1060,1300,1,1,0,""
309627,DATA,292.5,6.2,6028,6387,8313,1060,1300,1,1,0,""
310128,DATA,293.8,2.1,5610,5659,10687,1060,1300,1,1,0,""
310629,DATA,295.5,2.0,6514,6336,12468,1060,1300,1,1,0,""
311130,DATA,297.3,2.1,6779,6511,16030,1060,1300,1,1,0,""
311631,DATA,298.7,4.2,6265,6584,10094,1060,1300,1,1,0,""
312132,DATA,300.8,4.2,6600,6518,11875,1060,1300,1,1,0,""
312633,DATA,302.3,0.0,7601,7393,8312,1060,1300,1,1,0,""
313134,DATA,304.0,2.1,6244,6457,11875,1060,1300,1,1,0,""
313635,DATA,306.8,4.0,6203,6293,7720,1060,1300,1,1,0,""
314136,DATA,308.3,6.2,5460,5590,10687,1060,1300,1,1,0,""
314637,DATA,309.8,4.2,5768,5555,11876,1060,1300,1,1,0,""
315020,EVENT,311.0,4.2,6687,6277,11401,1060,1300,1,1,1,"VALVE2 ON"
315138,DATA,311.0,0.0,8173,7397,10689,1060,1300,1,1,1,""
315639,DATA,312.8,0.0,9723,9331,14843,1060,1300,1,1,1,""
316140,DATA,314.3,4.2,8668,8984,17814,1060,1300,1,1,1,""
316641,DATA,315.7,0.0,6317,6883,13063,1060,1300,1,1,1,""
316787,EVENT,316.3,4.2,6003,6487,9605,1060,1300,1,1,1,"PUMP 1065"
317142,DATA,317.0,-2.1,6106,6071,6531,1061,1300,1,1,1,""
317288,EVENT,317.5,4.2,5962,6022,8404,1061,1300,1,1,1,"PUMP 1070"
317643,DATA,318.5,-2.1,5573,5651,11282,1062,1300,1,1,1,""
318144,DATA,320.0,2.1,7418,6884,15437,1066,1300,1,1,1,""
318645,DATA,322.3,6.2,7303,7365,11280,1070,1300,1,1,1,""
319146,DATA,324.5,4.2,6752,7043,16031,1070,1300,1,1,1,""
319647,DATA,330.5,6.0,5953,6121,10687,1070,1300,1,1,1,""
320148,DATA,336.5,12.5,5497,5523,11874,1070,1300,1,1,1,""
320649,DATA,341.0,4.2,7721,7340,14251,1070,1300,1,1,1,""
320788,EVENT,342.7,14.6,7482,7404,15605,1070,1300,1,1,1,"STARTER 1320"
321149,DATA,345.8,12.5,7640,7555,6999,1070,1310,1,1,1,""
321649,DATA,350.3,6.2,6319,6583,13799,1070,1318,1,1,1,""
321867,EVENT,353.0,10.4,5928,6174,13802,1070,1320,1,1,1,"STARTER 1340"
322149,DATA,354.0,6.2,5695,5793,8987,1070,1328,1,1,1,""
322649,DATA,356.8,4.2,6476,6428,7200,1070,1337,1,1,1,""
323113,EVENT,360.3,6.2,6796,6591,7799,1070,1340,1,1,1,"STARTER 1360"
323149,DATA,360.8,4.2,6796,6591,7799,1070,1341,1,1,1,""
323649,DATA,363.0,4.2,5964,6128,8999,1070,1354,1,1,1,""
324149,DATA,364.8,0.0,7834,7232,19202,1070,1360,1,1,1,""
324630,EVENT,367.5,4.2,9024,8846,11992,1070,1360,1,1,1,"STARTER 1380"
324649,DATA,367.5,4.2,9024,8846,11992,1070,1361,1,1,1,""
325149,DATA,369.3,6.2,7018,7405,7800,1070,1373,1,1,1,""
325649,DATA,371.3,2.1,7993,7640,9000,1070,1380,1,1,1,""
326149,DATA,373.3,6.2,7165,7415,9600,1070,1380,1,1,1,""
326649,DATA,375.5,6.2,6632,6726,6600,1070,1380,1,1,1,""
327149,DATA,377.3,4.2,6574,6583,6600,1070,1380,1,1,1,""
327649,DATA,378.5,4.2,6641,6623,10800,1070,1380,1,1,1,""
328149,DATA,379.8,2.1,6935,6799,14398,1070,1380,1,1,1,""
328649,DATA,381.5,4.2,7228,7330,9000,1070,1380,1,1,1,""
329019,EVENT,382.0,2.1,7300,7244,10200,1070,1380,1,1,1,"STARTER 1400"
329149,DATA,382.0,0.0,7343,7288,8388,1070,1384,1,1,1,""
329649,DATA,384.2,4.2,6897,6937,9615,1070,1395,1,1,1,""
330149,DATA,386.0,2.1,7881,7417,10200,1070,1400,1,1,1,""
330649,DATA,386.5,2.1,7488,7640,9600,1070,1400,1,1,1,""
331149,DATA,386.8,0.0,7162,7219,8998,1070,1400,1,1,1,""
331649,DATA,387.8,4.2,7947,7679,9599,1070,1400,1,1,1,""
331775,EVENT,387.8,0.0,7707,7739,10801,1070,1400,1,1,1,"STARTER 1420"
332149,DATA,388.7,2.1,6666,7100,2000,1070,1410,1,1,1,""
332649,DATA,390.3,6.2,7235,7081,13798,1070,1419,1,1,1,""
333149,DATA,390.7,-2.1,7606,7472,11407,1070,1420,1,1,1,""
333649,DATA,391.3,2.1,7750,7691,9599,1070,1420,1,1,1,""
334149,DATA,392.0,0.0,9505,9102,9600,1070,1420,1,1,1,""
334420,EVENT,392.7,0.0,9209,9250,11400,1070,1420,1,1,1,"STARTER 1440"
334669,DATA,393.0,0.0,8437,8773,9988,1070,1427,1,1,1,""
335169,DATA,393.8,0.0,7473,7557,11401,1070,1437,1,1,1,""
335669,DATA,394.2,0.0,7985,7967,10799,1070,1440,1,1,1,""
336169,DATA,394.5,0.0,7873,7895,12000,1070,1440,1,1,1,""
336669,DATA,395.8,2.1,7716,7739,10200,1070,1440,1,1,1,""
336903,EVENT,396.7,2.1,8068,7929,16200,1070,1440,1,1,1,"STARTER 1460"
337189,DATA,397.3,3.4,9137,8615,8998,1070,1448,1,1,1,""
337689,DATA,397.8,-2.1,8720,8930,10799,1070,1457,1,1,1,""
338189,DATA,397.3,-2.1,9904,9707,12000,1070,1460,1,1,1,""
338689,DATA,397.3,0.0,8749,8888,19800,1070,1460,1,1,1,""
339189,DATA,397.0,0.0,10170,9748,16800,1070,1460,1,1,1,""
339689,DATA,397.0,-2.1,11431,11320,13200,1070,1460,1,1,1,""
340189,DATA,397.0,0.0,10526,10517,12000,1070,1460,1,1,1,""
340404,EVENT,397.0,0.0,10410,10465,18003,1070,1460,1,1,1,"STARTER 1480"
340689,DATA,397.3,0.0,10472,10483,11487,1070,1468,1,1,1,""
341189,DATA,397.8,2.1,7675,8340,15597,1070,1477,1,1,1,""
341689,DATA,398.3,2.1,9094,8668,18601,1070,1480,1,1,1,""
342189,DATA,397.8,-2.1,9337,9169,20399,1070,1480,1,1,1,""
342386,EVENT,397.5,0.0,10329,9835,21001,1070,1480,1,1,1,"STARTER 1500"
342709,DATA,397.8,0.0,12190,11500,9498,1070,1489,1,1,1,""
343209,DATA,398.0,2.1,12509,12519,14400,1070,1498,1,1,1,""
343709,DATA,397.3,-2.1,9707,10359,19201,1070,1500,1,1,1,""
344209,DATA,397.0,-2.1,9941,9837,13799,1070,1500,1,1,1,""
344709,DATA,396.7,0.0,10058,10307,13201,1070,1500,1,1,1,""
345209,DATA,396.5,-2.1,9304,9387,18002,1070,1500,1,1,1,""
345709,DATA,395.8,-2.1,9676,9386,18001,1070,1500,1,1,1,""
346209,DATA,395.5,2.1,9212,9419,12602,1070,1500,1,1,1,""
346709,DATA,395.3,0.0,8811,8875,15598,1070,1500,1,1,1,""
347209,DATA,394.2,-2.1,9292,9146,16802,1070,1500,1,1,1,""
347709,DATA,394.0,-2.1,10261,10307,15000,1070,1500,1,1,1,""
347943,EVENT,393.8,0.0,9517,9840,16811,1070,1500,1,1,1,"PUMP 1075"
348209,DATA,393.3,0.0,9632,9647,18001,1070,1500,1,1,1,""
348709,DATA,393.0,0.0,9590,9758,15600,1073,1500,1,1,1,""
349209,DATA,393.3,0.0,9606,9687,14400,1075,1500,1,1,1,""
349709,DATA,394.5,2.1,10375,10138,14999,1075,1500,1,1,1,""
350209,DATA,394.8,0.0,9743,9968,12000,1075,1500,1,1,1,""
350703,EVENT,395.0,2.1,9603,9650,13800,1075,1500,1,1,1,"STARTER 1520"
350709,DATA,395.0,2.1,9603,9650,13800,1075,1500,1,1,1,""
351209,DATA,395.3,0.0,7811,8484,12020,1075,1513,1,1,1,""
351709,DATA,395.5,0.0,7740,7519,12601,1075,1520,1,1,1,""
352209,DATA,396.0,0.0,8920,8670,9599,1075,1520,1,1,1,""
352502,EVENT,396.3,2.1,9680,9397,12000,1075,1520,1,1,1,"STARTER 1540"
352709,DATA,396.3,0.0,9466,9474,11403,1075,1526,1,1,1,""
353209,DATA,396.0,2.1,6874,7648,14399,1075,1536,1,1,1,""
353709,DATA,396.3,0.0,7878,7417,11399,1075,1540,1,1,1,""
353986,EVENT,396.5,2.1,8658,8352,10200,1075,1540,1,1,1,"STARTER 1560"
354229,DATA,396.3,0.0,8899,8705,12601,1075,1547,1,1,1,""
354729,DATA,396.5,2.1,9279,8772,11999,1075,1557,1,1,1,""
355229,DATA,396.0,2.1,9566,9586,12000,1075,1560,1,1,1,""
355729,DATA,395.3,-2.1,9421,9444,9601,1075,1560,1,1,1,""
356229,DATA,395.5,-2.1,9412,9410,9600,1075,1560,1,1,1,""
356729,DATA,395.8,2.1,9487,9466,10201,1075,1560,1,1,1,""
357229,DATA,395.3,0.0,9563,9547,9599,1075,1560,1,1,1,""
357729,DATA,395.0,-2.1,9574,9575,9600,1075,1560,1,1,1,""
358229,DATA,394.2,0.0,9528,9540,9600,1075,1560,1,1,1,""
358729,DATA,394.0,0.0,9463,9477,9601,1075,1560,1,1,1,""
359146,EVENT,393.8,0.0,9460,9460,9600,1075,1560,1,1,1,"STARTER 1580"
359229,DATA,393.5,-2.1,9466,9463,9600,1075,1563,1,1,1,""
359729,DATA,393.5,0.0,8593,8888,9000,1075,1574,1,1,1,""
360229,DATA,393.0,-2.1,9403,9229,9601,1075,1580,1,1,1,""
360729,DATA,392.7,0.0,9823,9731,10201,1075,1580,1,1,1,""
361229,DATA,392.7,2.1,10045,9997,10199,1075,1580,1,1,1,""
361335,EVENT,392.3,-4.2,10070,10030,10198,1075,1580,1,1,1,"STARTER 1600"
361749,DATA,391.8,-3.1,9472,9765,1500,1075,1591,1,1,1,""
362249,DATA,390.7,-2.1,7102,7390,10198,1075,1599,1,1,1,""
362749,DATA,390.0,-2.1,9628,9096,10800,1075,1600,1,1,1,""
362916,EVENT,389.8,-2.1,10122,9760,10800,1075,1600,1,1,1,"STARTER 1620"
363249,DATA,389.0,-2.1,10374,10162,3499,1075,1609,1,1,1,""
363749,DATA,387.5,-4.2,8123,8686,11400,1075,1618,1,1,1,""
364170,EVENT,386.2,-4.2,9886,9412,10801,1075,1620,1,1,1,"STARTER 1640"
364249,DATA,386.2,-4.2,9886,9412,10801,1075,1623,1,1,1,""
364749,DATA,385.3,-4.2,10499,10386,10802,1075,1634,1,1,1,""
365249,DATA,383.5,-6.2,11066,10952,11401,1075,1640,1,1,1,""
365316,EVENT,383.5,-6.2,11127,11031,10800,1075,1640,1,1,1,"STARTER 1660"
365769,DATA,382.5,0.0,10223,10623,3000,1075,1652,1,1,1,""
366269,DATA,381.3,-4.2,12348,11812,12002,1075,1659,1,1,1,""
366279,EVENT,381.3,-4.2,12348,11812,12002,1075,1660,1,1,1,"STARTER 1680"
366789,DATA,380.0,-4.2,10584,11200,2000,1075,1673,1,1,1,""
367289,DATA,378.8,0.0,12778,12188,11399,1075,1680,1,1,1,""
367366,EVENT,378.0,-6.2,12717,12426,12000,1075,1680,1,1,1,"STARTER 1700"
367789,DATA,377.3,-4.2,11371,11838,5000,1075,1691,1,1,1,""
368289,DATA,376.5,0.0,9222,9387,12001,1075,1699,1,1,1,""
368653,EVENT,375.5,-2.1,11244,10732,12600,1075,1700,1,1,1,"STARTER 1720"
368789,DATA,375.0,-4.2,11548,11099,11998,1075,1704,1,1,1,""
369289,DATA,373.7,-2.1,12145,12021,12601,1075,1715,1,1,1,""
369789,DATA,372.0,0.0,12382,12328,12601,1075,1720,1,1,1,""
370113,EVENT,371.0,0.0,12463,12429,12599,1075,1720,1,1,1,"PUMP 1080"
370289,DATA,370.5,0.0,12497,12473,12601,1075,1720,1,1,1,""
370679,EVENT,369.7,-2.1,12537,12525,12601,1077,1720,1,1,1,"PUMP 1085"
370789,DATA,369.5,-2.1,12546,12535,12599,1077,1720,1,1,1,""
370940,EVENT,369.0,-4.2,12563,12552,12600,1078,1720,1,1,1,"PUMP 1090"
371289,DATA,368.3,-2.1,12584,12575,12599,1080,1720,1,1,1,""
371789,DATA,367.0,-2.1,12600,12595,12600,1085,1720,1,1,1,""
372289,DATA,365.7,-4.2,12596,12600,12601,1090,1720,1,1,1,""
372789,DATA,365.5,0.0,12561,12569,12598,1090,1720,1,1,1,""
373279,EVENT,365.5,0.0,12639,12590,13802,1090,1720,0,1,1,"IGN OFF"
373289,DATA,365.5,0.0,12639,12590,13802,1090,1720,0,1,1,""
373789,DATA,366.0,0.0,12603,12609,12600,1090,1720,0,1,1,""
374289,DATA,365.7,2.1,12615,12610,12599,1090,1720,0,1,1,""
374501,EVENT,365.5,0.0,12624,12619,12601,1090,1720,1,1,1,"IGN ON"
374789,DATA,365.0,0.0,12613,12618,12599,1090,1720,1,1,1,""
375289,DATA,365.0,0.0,12554,12566,13200,1090,1720,1,1,1,""
375789,DATA,364.5,0.0,12516,12526,12600,1090,1720,1,1,1,""
376289,DATA,364.3,0.0,12485,12492,13200,1090,1720,1,1,1,""
376789,DATA,363.5,0.0,12472,12473,12598,1090,1720,1,1,1,""
377289,DATA,363.3,-2.1,12495,12490,12600,1090,1720,1,1,1,""
377789,DATA,363.0,0.0,12493,12494,12599,1090,1720,1,1,1,""
378289,DATA,362.5,-2.1,12465,12474,12600,1090,1720,1,1,1,""
378496,EVENT,362.3,0.0,12449,12458,12003,1090,1720,1,1,1,"STARTER 1740"
378789,DATA,362.0,-2.0,12228,12348,3499,1090,1728,1,1,1,""
379289,DATA,361.5,0.0,8975,9724,12601,1090,1738,1,1,1,""
379789,DATA,360.8,-2.1,11011,10385,14401,1090,1740,1,1,1,""
380289,DATA,360.0,-2.1,12445,12187,13802,1090,1740,1,1,1,""
380789,DATA,359.8,0.0,12887,12762,14399,1090,1740,1,1,1,""
381289,DATA,358.8,-6.2,12730,12761,13800,1090,1740,1,1,1,""
381789,DATA,358.3,-4.2,12669,12677,13200,1090,1740,1,1,1,""
382289,DATA,358.0,0.0,13488,13127,20401,1090,1740,1,1,1,""
382464,EVENT,358.0,0.0,14020,13529,14398,1090,1740,1,1,1,"STARTER 1760"
382789,DATA,357.8,0.0,13861,13932,6590,1090,1749,1,1,1,""
383289,DATA,357.5,0.0,12838,12938,17401,1090,1758,1,1,1,""
383617,EVENT,357.2,0.0,13494,13205,18000,1090,1760,1,1,1,"STARTER 1780"
383789,DATA,357.0,-2.1,14102,13609,11039,1090,1765,1,1,1,""
384289,DATA,356.8,2.1,12820,13418,16199,1090,1776,1,1,1,""
384789,DATA,356.3,0.0,12699,12607,15600,1090,1780,1,1,1,""
384898,EVENT,356.3,0.0,12920,12748,14999,1090,1780,1,1,1,"STARTER 1800"
385309,DATA,355.8,0.0,13403,13316,2500,1090,1791,1,1,1,""
385809,DATA,355.2,0.0,11181,11281,13201,1090,1799,1,1,1,""
385850,EVENT,355.2,0.0,11181,11281,13201,1090,1799,1,1,1,"STARTER 1820"
386329,DATA,355.0,-2.1,12007,11965,1500,1090,1812,1,1,1,""
386829,DATA,354.5,0.0,15383,13994,13798,1090,1820,1,1,1,""
386989,EVENT,354.3,-2.1,16263,15531,13802,1090,1820,1,1,1,"STARTER 1840"
387349,DATA,354.0,-1.8,15136,15443,7000,1090,1830,1,1,1,""
387849,DATA,354.3,0.0,14196,14348,15597,1090,1838,1,1,1,""
388084,EVENT,354.0,0.0,14136,14205,14404,1090,1840,1,1,1,"STARTER 1860"
388369,DATA,354.0,-1.8,14115,14136,5999,1090,1848,1,1,1,""
388869,DATA,353.5,0.0,14078,14012,13801,1090,1857,1,1,1,""
389085,EVENT,353.2,-2.1,14218,14139,15014,1090,1860,1,1,1,"STARTER 1880"
389369,DATA,352.8,-2.1,14315,14251,10666,1090,1868,1,1,1,""
389869,DATA,352.3,-2.1,14201,14142,14999,1090,1877,1,1,1,""
389878,EVENT,352.3,-2.1,14201,14142,14999,1090,1878,1,1,1,"STARTER 1900"
390389,DATA,352.0,0.0,13242,13711,1500,1090,1892,1,1,1,""
390889,DATA,351.5,-2.1,18191,16920,15000,1090,1900,1,1,1,""
390901,EVENT,351.5,-2.1,18191,16920,15000,1090,1900,1,1,1,"STARTER 1920"
391389,DATA,351.2,0.0,17151,17557,8415,1090,1913,1,1,1,""
391782,EVENT,350.8,-2.1,14922,15369,14998,1090,1919,1,1,1,"STARTER 1940"
391909,DATA,350.8,0.0,14950,15180,15581,1090,1923,1,1,1,""
392409,DATA,350.5,0.0,12487,13304,12621,1090,1935,1,1,1,""
392571,EVENT,350.5,0.0,14308,13756,16797,1090,1937,1,1,1,"STARTER 1960"
392929,DATA,350.3,-2.1,18999,17536,1500,1090,1947,1,1,1,""
393202,EVENT,350.3,2.1,18912,18849,9617,1090,1954,1,1,1,"STARTER 1980"
393449,DATA,349.5,-4.2,17440,18069,1500,1090,1962,1,1,1,""
393890,EVENT,349.0,-2.1,14398,15562,1500,1090,1974,1,1,1,"STARTER 2000"
393969,DATA,349.0,0.0,13280,14535,1974,1090,1976,1,1,1,""
394489,DATA,348.5,0.0,20029,18525,1500,1090,1992,1,1,1,""
394989,DATA,348.0,-2.1,18638,19239,16200,1090,2000,1,1,1,""
395489,DATA,347.8,0.0,16816,17130,16201,1090,2000,1,1,1,""
395989,DATA,346.7,-4.2,16542,16598,16799,1090,2000,1,1,1,""
396489,DATA,345.8,-2.1,16497,16508,17400,1090,2000,1,1,1,""
396662,EVENT,345.3,-4.2,16478,16490,17402,1090,2000,1,1,1,"PUMP 1095"
396802,EVENT,345.0,-2.1,16472,16482,16798,1090,2000,1,1,1,"PUMP 1100"
396969,EVENT,344.7,-2.1,16445,16459,16201,1090,2000,1,1,1,"PUMP 1105"
396989,DATA,344.7,0.0,16445,16459,16201,1090,2000,1,1,1,""
397161,EVENT,344.5,-2.1,16426,16438,17403,1091,2000,1,1,1,"PUMP 1110"
397489,DATA,344.0,-2.1,16413,16418,16801,1093,2000,1,1,1,""
397989,DATA,343.0,-2.1,16438,16430,16800,1102,2000,1,1,1,""
398489,DATA,342.5,-2.1,16468,16463,16799,1109,2000,1,1,1,""
398597,EVENT,342.3,-2.1,16470,16466,16200,1110,2000,0,1,1,"IGN OFF"
398989,DATA,342.3,0.0,16502,16487,18601,1110,2000,0,1,1,""
399489,DATA,342.3,0.0,17240,17239,18599,1110,2000,0,1,1,""
399947,EVENT,342.7,2.1,16439,16625,18000,1110,2000,1,1,1,"IGN ON"
399989,DATA,342.5,-2.1,16439,16625,18000,1110,2000,1,1,1,""
400489,DATA,342.5,2.1,16020,16038,21599,1110,2000,1,1,1,""
400989,DATA,342.0,0.0,16790,16587,18599,1110,2000,1,1,1,""
401489,DATA,342.3,0.0,16590,16653,20400,1110,2000,1,1,1,""
401989,DATA,342.7,2.1,16605,16524,19202,1110,2000,1,1,1,""
402489,DATA,343.0,0.0,17152,16914,25800,1110,2000,1,1,1,""
402943,EVENT,342.7,-2.1,17512,17307,23402,1110,2000,0,1,1,"IGN OFF"
402989,DATA,342.7,-2.1,17512,17307,23402,1110,2000,0,1,1,""
403489,DATA,342.7,0.0,17146,17217,27003,1110,2000,0,1,1,""
403582,EVENT,342.7,0.0,17377,17289,20398,1110,2000,1,1,1,"IGN ON"
403989,DATA,342.5,0.0,17091,17230,19201,1110,2000,1,1,1,""
404489,DATA,342.3,2.1,16954,16992,16202,1110,2000,1,1,1,""
404989,DATA,341.8,-2.1,16801,16884,18001,1110,2000,1,1,1,""
405489,DATA,341.5,0.0,16615,16695,20400,1110,2000,1,1,1,""
405989,DATA,341.3,0.0,16656,16684,18000,1110,2000,1,1,1,""
406489,DATA,340.7,0.0,16739,16728,19202,1110,2000,1,1,1,""
406668,EVENT,340.7,0.0,16609,16663,18002,1110,2000,1,1,1,"PUMP 1115"
406830,EVENT,340.7,0.0,16458,16539,16204,1110,2000,1,1,1,"PUMP 1120"
406973,EVENT,340.5,-2.1,16395,16474,17997,1110,2000,1,1,1,"PUMP 1125"
406989,DATA,340.5,-2.1,16395,16474,17997,1110,2000,1,1,1,""
407183,EVENT,340.5,0.0,16358,16397,18002,1111,2000,1,1,1,"PUMP 1130"
407364,EVENT,340.5,0.0,16341,16360,17402,1112,2000,1,1,1,"PUMP 1135"
407489,DATA,340.3,-2.1,16333,16348,17996,1112,2000,1,1,1,""
407989,DATA,339.8,-2.1,16688,16587,21599,1121,2000,1,1,1,""
408489,DATA,339.5,0.0,16456,16506,16797,1131,2000,1,1,1,""
408506,EVENT,339.5,0.0,16456,16506,16797,1132,2000,1,1,1,"PUMP 1140"
408683,EVENT,339.5,0.0,16403,16440,17989,1132,2000,1,1,1,"PUMP 1145"
408912,EVENT,339.5,0.0,16581,16480,19199,1133,2000,1,1,1,"PUMP 1150"
408989,DATA,339.5,0.0,16581,16480,19199,1133,2000,1,1,1,""
409489,DATA,339.8,0.0,16467,16500,16801,1139,2000,1,1,1,""
409989,DATA,340.0,0.0,16398,16408,16802,1147,2000,1,1,1,""
410489,DATA,340.5,2.1,16390,16392,17403,1150,2000,1,1,1,""
410989,DATA,340.7,0.0,16387,16388,19199,1150,2000,1,1,1,""
411489,DATA,341.3,0.0,16356,16365,16198,1150,2000,1,1,1,""
411989,DATA,341.8,0.0,16369,16362,16803,1150,2000,1,1,1,""
412489,DATA,342.3,0.0,16427,16414,16201,1150,2000,1,1,1,""
412989,DATA,342.7,0.0,16641,16527,17999,1150,2000,1,1,1,""
413489,DATA,343.0,0.0,16508,16542,16799,1150,2000,1,1,1,""
413989,DATA,343.0,0.0,16450,16459,16801,1150,2000,1,1,1,""
414489,DATA,343.3,2.1,16565,16597,17400,1150,2000,1,1,1,""
414833,EVENT,343.5,0.0,16450,16481,16799,1150,2000,1,0,1,"VALVE1 OFF"
414989,DATA,343.8,2.1,16432,16459,16200,1150,2000,1,0,1,""
415489,DATA,344.0,0.0,16389,16400,16201,1150,2000,1,0,1,""
415989,DATA,342.0,-6.2,16268,16301,16200,1150,2000,1,0,1,""
416284,EVENT,340.0,-10.4,16159,16202,15610,1150,2000,0,0,1,"IGN OFF"
416489,DATA,337.8,-14.6,16087,16130,16202,1150,2000,0,0,1,""
416965,EVENT,331.8,-14.6,15964,15992,16199,1150,2000,1,0,1,"IGN ON"
416989,DATA,331.8,-14.6,15964,15992,16199,1150,2000,1,0,1,""
417489,DATA,326.2,-14.6,15799,15845,15600,1150,2000,1,0,1,""
417736,EVENT,323.5,-8.3,15671,15721,15010,1150,2000,1,1,1,"VALVE1 ON"
417989,DATA,320.8,-8.3,15608,15650,15602,1150,2000,1,1,1,""
418489,DATA,315.7,-8.3,15754,15692,18001,1150,2000,1,1,1,""
418989,DATA,318.0,6.2,16078,16009,16199,1150,2000,1,1,1,""
419489,DATA,321.3,4.2,16486,16311,19201,1150,2000,1,1,1,""
419989,DATA,324.3,8.3,16268,16337,16799,1150,2000,1,1,1,""
420489,DATA,325.8,2.1,16138,16156,17399,1150,2000,1,1,1,""
420989,DATA,327.5,4.2,16177,16165,18000,1150,2000,1,1,1,""
421489,DATA,328.5,0.0,16247,16231,17400,1150,2000,1,1,1,""
421989,DATA,329.8,4.2,16284,16300,16800,1150,2000,1,1,1,""
422489,DATA,330.5,2.1,16403,16426,18001,1150,2000,1,1,1,""
422989,DATA,330.8,0.0,16552,16536,16200,1150,2000,1,1,1,""
423489,DATA,331.8,4.2,16554,16590,17400,1150,2000,1,1,1,""
423989,DATA,332.0,0.0,16633,16580,18598,1150,2000,1,1,1,""
424489,DATA,332.8,2.1,16467,16496,17398,1150,2000,1,1,1,""
424989,DATA,334.2,4.2,16660,16706,17999,1150,2000,1,1,1,""
425489,DATA,335.3,0.0,16594,16612,17997,1150,2000,1,1,1,""
425989,DATA,336.0,2.1,16488,16512,17399,1150,2000,1,1,1,""
426489,DATA,336.5,2.1,16402,16420,17400,1150,2000,1,1,1,""
426989,DATA,336.8,-2.1,16380,16382,16800,1150,2000,1,1,1,""
427489,DATA,337.5,2.1,16422,16411,16800,1150,2000,1,1,1,""
427989,DATA,338.3,0.0,16436,16433,16199,1150,2000,1,1,1,""
428489,DATA,339.3,0.0,16444,16441,17401,1150,2000,1,1,1,""
428989,DATA,339.8,0.0,16478,16468,16201,1150,2000,1,1,1,""
429489,DATA,340.5,2.1,16526,16514,18001,1150,2000,1,1,1,""
429989,DATA,341.3,2.1,16524,16528,16199,1150,2000,1,1,1,""
430489,DATA,341.8,2.1,16475,16487,17400,1150,2000,1,1,1,""
430989,DATA,342.5,2.1,16450,16455,18599,1150,2000,1,1,1,""
431489,DATA,343.0,0.0,16433,16436,17399,1150,2000,1,1,1,""
431989,DATA,343.8,0.0,16448,16444,16200,1150,2000,1,1,1,""
432489,DATA,344.5,2.1,16457,16456,16802,1150,2000,1,1,1,""
432989,DATA,345.0,0.0,16451,16455,16200,1150,2000,1,1,1,""
433283,EVENT,345.3,0.0,16439,16444,17410,1150,2000,1,1,1,"PUMP 1155"
433489,DATA,345.8,2.1,16435,16438,16202,1150,2000,1,1,1,""
433514,EVENT,345.8,2.1,16435,16438,16202,1150,2000,1,1,1,"PUMP 1160"
433989,DATA,346.3,0.0,16440,16439,16800,1152,2000,1,1,1,""
434242,EVENT,346.5,0.0,16436,16438,16625,1155,2000,1,1,1,"PUMP 1165"
434489,DATA,347.0,2.1,16430,16432,16799,1156,2000,1,1,1,""
434931,EVENT,347.5,2.1,16415,16420,16201,1159,2000,1,1,1,"PUMP 1170"
434989,DATA,347.5,0.0,16411,16416,16797,1159,2000,1,1,1,""
435489,DATA,348.0,0.0,16396,16400,16800,1162,2000,1,1,1,""
435650,EVENT,348.3,2.1,16390,16395,16199,1164,2000,1,1,1,"PUMP 1175"
435989,DATA,349.0,2.1,16368,16374,16201,1165,2000,1,1,1,""
436331,EVENT,349.3,0.0,16367,16368,16212,1169,2000,1,1,1,"PUMP 1180"
436489,DATA,349.3,0.0,16380,16374,16201,1169,2000,1,1,1,""
436989,DATA,350.0,2.1,16421,16412,16199,1173,2000,1,1,1,""
437489,DATA,351.2,2.1,16415,16417,16202,1179,2000,1,1,1,""
437989,DATA,352.5,4.2,16456,16444,16798,1180,2000,1,1,1,""
438489,DATA,353.2,0.0,16433,16442,16200,1180,2000,1,1,1,""
438989,DATA,354.8,2.1,16410,16415,16200,1180,2000,1,1,1,""
439489,DATA,356.3,2.1,16367,16375,16802,1180,2000,1,1,1,""
439989,DATA,357.2,2.1,16391,16385,16198,1180,2000,1,1,1,""
440489,DATA,358.0,0.0,16403,16401,16200,1180,2000,1,1,1,""
440989,DATA,358.5,0.0,16406,16406,16201,1180,2000,1,1,1,""
441489,DATA,359.0,0.0,16406,16404,16200,1180,2000,1,1,1,""
441989,DATA,360.0,2.1,16424,16421,16798,1180,2000,1,1,1,""
442489,DATA,360.8,2.1,16373,16389,16201,1180,2000,1,1,1,""
442989,DATA,361.0,2.1,16351,16352,16802,1180,2000,1,1,1,""
443489,DATA,361.2,0.0,16371,16364,16200,1180,2000,1,1,1,""
443989,DATA,362.0,2.1,16397,16392,16201,1180,2000,1,1,1,""
444489,DATA,362.8,2.1,16392,16395,16202,1180,2000,1,1,1,""
444989,DATA,362.8,0.0,16378,16380,16199,1180,2000,1,1,1,""
445489,DATA,363.3,2.1,16378,16377,16800,1180,2000,1,1,1,""
445989,DATA,363.5,2.1,16399,16394,16800,1180,2000,1,1,1,""
446489,DATA,364.3,2.1,16391,16395,16202,1180,2000,1,1,1,""
446665,EVENT,364.5,0.0,16387,16391,16796,1180,2000,1,0,1,"VALVE1 OFF"
446989,DATA,365.0,2.1,16385,16385,16202,1180,2000,1,0,1,""
447489,DATA,365.3,-2.1,16328,16346,16201,1180,2000,1,0,1,""
447989,DATA,363.5,-6.2,16201,16234,16201,1180,2000,1,0,1,""
448489,DATA,360.5,-6.2,16025,16070,15602,1180,2000,1,0,1,""
448510,EVENT,360.5,-6.2,15986,16032,15596,1180,2000,1,1,1,"VALVE1 ON"
448989,DATA,354.5,-14.6,15886,15909,15599,1180,2000,1,1,1,""
449489,DATA,352.8,0.0,16016,15983,16200,1180,2000,1,1,1,""
449989,DATA,354.5,6.2,16149,16118,16201,1180,2000,1,1,1,""
450489,DATA,357.0,4.2,16236,16218,16200,1180,2000,1,1,1,""
450989,DATA,359.2,2.1,16259,16254,16199,1180,2000,1,1,1,""
451489,DATA,361.0,2.1,16258,16260,16200,1180,2000,1,1,1,""
451989,DATA,362.0,2.1,16262,16258,16199,1180,2000,1,1,1,""
452489,DATA,363.3,4.2,16314,16301,16799,1180,2000,1,1,1,""
452989,DATA,364.0,0.0,16340,16336,16200,1180,2000,1,1,1,""
453489,DATA,364.5,0.0,16353,16351,16200,1180,2000,1,1,1,""
453989,DATA,364.8,0.0,16373,16368,16802,1180,2000,1,1,1,""
454315,EVENT,365.3,2.1,16376,16375,16210,1180,2000,1,1,1,"PUMP 1185"
454489,DATA,365.5,0.0,16373,16374,16199,1180,2000,1,1,1,""
454947,EVENT,365.7,0.0,16374,16373,16201,1182,2000,1,1,1,"PUMP 1190"
454989,DATA,365.7,0.0,16374,16373,16201,1182,2000,1,1,1,""
455489,DATA,366.3,0.0,16396,16392,16199,1184,2000,1,1,1,""
455989,DATA,366.5,0.0,16381,16384,16801,1188,2000,1,1,1,""
456489,DATA,366.5,0.0,16397,16390,16802,1190,2000,1,1,1,""
456989,DATA,367.0,2.1,16426,16420,16798,1190,2000,1,1,1,""
457489,DATA,368.0,2.1,16461,16453,16198,1190,2000,1,1,1,""
457989,DATA,369.0,0.0,16465,16463,16798,1190,2000,1,1,1,""
458489,DATA,369.7,2.1,16483,16479,16798,1190,2000,1,1,1,""
458989,DATA,369.7,0.0,16491,16487,18001,1190,2000,1,1,1,""
459489,DATA,369.7,0.0,16485,16485,16799,1190,2000,1,1,1,""
459989,DATA,369.5,0.0,16524,16517,17400,1190,2000,1,1,1,""
460489,DATA,369.5,0.0,16519,16521,16799,1190,2000,1,1,1,""
460989,DATA,369.0,0.0,16489,16495,17400,1190,2000,1,1,1,""
461489,DATA,369.0,0.0,16460,16466,17401,1190,2000,1,1,1,""
461989,DATA,368.8,0.0,16454,16455,16801,1190,2000,1,1,1,""
462489,DATA,368.3,0.0,16456,16455,16198,1190,2000,1,1,1,""
462989,DATA,368.0,0.0,16464,16462,16799,1190,2000,1,1,1,""
463009,EVENT,368.0,0.0,16464,16462,16799,1190,2000,1,1,1,"PUMP 1195"
463489,DATA,368.0,2.1,16476,16475,16799,1191,2000,1,1,1,""
463989,DATA,367.5,-2.1,16453,16459,16799,1194,2000,1,1,1,""
464042,EVENT,367.5,-2.1,16451,16455,16199,1194,2000,1,1,1,"PUMP 1200"
464489,DATA,367.3,0.0,16436,16439,18600,1195,2000,1,1,1,""
464989,DATA,366.8,-2.1,16413,16416,19200,1198,2000,1,1,1,""
465489,DATA,366.3,0.0,16170,16126,18602,1200,2000,1,1,1,""
465989,DATA,366.0,0.0,16412,16367,17999,1200,2000,1,1,1,""
466489,DATA,365.3,-2.1,16574,16519,19803,1200,2000,1,1,1,""
466989,DATA,365.3,0.0,16458,16465,21600,1200,2000,1,1,1,""
467489,DATA,365.3,0.0,16379,16392,19802,1200,2000,1,1,1,""
467989,DATA,365.3,0.0,16371,16375,17998,1200,2000,1,1,1,""
468489,DATA,365.3,0.0,16403,16385,18599,1200,2000,1,1,1,""
468989,DATA,365.3,0.0,16394,16400,19202,1200,2000,1,1,1,""
469489,DATA,365.3,0.0,16356,16364,16800,1200,2000,1,1,1,""
469989,DATA,365.0,0.0,16337,16339,18599,1200,2000,1,1,1,""
470489,DATA,365.3,2.1,16326,16328,16200,1200,2000,1,1,1,""
470989,DATA,365.7,0.0,16303,16310,16800,1200,2000,1,1,1,""
471365,EVENT,365.7,0.0,16264,16275,16811,1200,2000,1,1,1,"PUMP 1205"
471489,DATA,365.5,-2.1,16252,16265,17398,1200,2000,1,1,1,""
471989,DATA,365.3,0.0,16224,16228,17399,1202,2000,1,1,1,""
472489,DATA,365.0,0.0,16225,16224,16198,1204,2000,1,1,1,""
472807,EVENT,364.8,0.0,16230,16228,16621,1205,2000,0,1,1,"IGN OFF"
472989,DATA,365.0,2.1,16247,16239,16802,1205,2000,0,1,1,""
473489,DATA,365.5,2.1,16370,16339,16201,1205,2000,0,1,1,""
473989,DATA,365.7,0.0,16417,16405,16202,1205,2000,0,1,1,""
474489,DATA,365.7,0.0,16464,16458,17998,1205,2000,0,1,1,""
474989,DATA,364.8,-2.1,16403,16417,18001,1205,2000,0,1,1,""
475489,DATA,363.7,-2.1,16362,16363,17399,1205,2000,0,1,1,""
475989,DATA,363.0,0.0,16257,16286,16200,1205,2000,0,1,1,""
476489,DATA,362.8,2.1,16230,16233,16200,1205,2000,0,1,1,""
476680,EVENT,362.8,0.0,16204,16216,16802,1205,2000,0,1,1,"PUMP 1210"
476989,DATA,362.0,-4.2,16162,16177,16200,1206,2000,0,1,1,""
477489,DATA,361.5,2.1,16163,16165,16798,1208,2000,0,1,1,""
477989,DATA,361.2,-2.1,16134,16134,16199,1210,2000,0,1,1,""
478489,DATA,361.0,-2.1,16141,16142,18001,1210,2000,0,1,1,""
478989,DATA,359.5,-4.2,16355,16277,18599,1210,2000,0,1,1,""
479489,DATA,357.8,-4.2,16310,16351,15601,1210,2000,0,1,1,""
479989,DATA,355.8,-4.2,16233,16190,19201,1210,2000,0,1,1,""
480223,EVENT,355.0,-2.1,16269,16251,16801,1210,2000,1,1,1,"IGN ON"
480489,DATA,354.3,-2.1,16140,16181,18001,1210,2000,1,1,1,""
480989,DATA,354.3,0.0,15976,16011,15600,1210,2000,1,1,1,""
481489,DATA,354.8,4.2,15989,15978,16199,1210,2000,1,1,1,""
481989,DATA,356.5,2.1,16083,16062,16202,1210,2000,1,1,1,""
482489,DATA,358.0,2.1,16097,16096,15602,1210,2000,1,1,1,""
482695,EVENT,358.0,0.0,16089,16093,16204,1210,2000,0,1,1,"IGN OFF"
482989,DATA,358.8,2.1,16104,16096,16800,1210,2000,0,1,1,""
483489,DATA,359.8,2.1,16160,16152,16200,1210,2000,0,1,1,""
483989,DATA,360.0,0.0,16124,16137,16201,1210,2000,0,1,1,""
484489,DATA,359.2,0.0,16104,16106,16200,1210,2000,0,1,1,""
484648,EVENT,358.8,-2.1,16099,16103,16798,1210,2000,0,1,1,"PUMP 1215"
484989,DATA,357.8,-4.2,16067,16076,16198,1211,2000,0,1,1,""
485429,EVENT,356.5,-2.1,16189,16146,16212,1213,2000,0,1,1,"PUMP 1220"
485489,DATA,356.3,-2.1,16179,16161,16197,1213,2000,0,1,1,""
485989,DATA,355.2,-2.1,16234,16250,16799,1215,2000,0,1,1,""
486429,EVENT,354.0,-4.2,16138,16159,16213,1218,2000,1,1,1,"IGN ON"
486489,DATA,353.5,-4.2,16127,16145,17398,1219,2000,1,1,1,""
486989,DATA,350.8,-10.4,15927,15978,18001,1220,2000,1,1,1,""
487489,DATA,345.5,-12.5,15949,15963,16198,1220,2000,1,1,1,""
487989,DATA,342.0,-6.2,15842,15838,16802,1220,2000,1,1,1,""
488489,DATA,345.0,10.4,16423,16215,16799,1220,2000,1,1,1,""
488989,DATA,349.8,8.3,16224,16267,17399,1220,2000,1,1,1,""
489489,DATA,351.8,6.2,16143,16158,16199,1220,2000,1,1,1,""
489989,DATA,353.2,2.1,16138,16141,16801,1220,2000,1,1,1,""
490489,DATA,354.3,2.1,16331,16263,16200,1220,2000,1,1,1,""
490989,DATA,355.2,2.1,16190,16212,16800,1220,2000,1,1,1,""
491489,DATA,355.8,0.0,16157,16164,16802,1220,2000,1,1,1,""
491989,DATA,356.3,0.0,16161,16158,17999,1220,2000,1,1,1,""
492489,DATA,356.8,0.0,16172,16167,16802,1220,2000,1,1,1,""
492989,DATA,357.5,2.1,16163,16166,16203,1220,2000,1,1,1,""
493489,DATA,358.0,0.0,16157,16157,16200,1220,2000,1,1,1,""
493989,DATA,358.5,2.1,16167,16164,16199,1220,2000,1,1,1,""
494489,DATA,359.2,2.1,16179,16178,16199,1220,2000,1,1,1,""
494989,DATA,360.0,0.0,16175,16177,16202,1220,2000,1,1,1,""
495489,DATA,360.5,0.0,16138,16144,17399,1220,2000,1,1,1,""
495989,DATA,361.0,2.1,16125,16128,15600,1220,2000,1,1,1,""
496489,DATA,361.8,2.1,16091,16101,17998,1220,2000,1,1,1,""
496989,DATA,362.0,0.0,16072,16072,16798,1220,2000,1,1,1,""
497489,DATA,362.8,2.1,16101,16094,17410,1220,2000,1,1,1,""
497989,DATA,363.3,0.0,16244,16219,16810,1220,2000,1,1,1,""
498489,DATA,363.7,2.1,16218,16216,20412,1220,2000,1,1,1,""
498989,DATA,364.3,2.1,16166,16174,17410,1220,2000,1,1,1,""
499489,DATA,364.8,2.1,16243,16203,19810,1220,2000,1,1,1,""
499989,DATA,365.3,0.0,16194,16204,18610,1220,2000,1,1,1,""
500489,DATA,365.5,2.1,16248,16208,19212,1220,2000,1,1,1,""
500989,DATA,366.3,2.1,16227,16234,19809,1220,2000,1,1,1,""
501434,EVENT,366.8,0.0,16461,16487,19209,1220,2000,1,1,1,"STARTER 2000"
501489,DATA,367.0,2.1,16461,16487,19209,1220,2000,1,1,1,""
501989,DATA,367.3,2.1,16244,16272,18609,1220,2000,1,1,1,""
502489,DATA,367.7,2.1,16150,16171,16207,1220,2000,1,1,1,""
502989,DATA,368.0,2.1,16302,16288,15610,1220,2000,1,1,1,""
503489,DATA,368.3,0.0,16183,16197,16210,1220,2000,1,1,1,""
503989,DATA,368.5,0.0,16149,16158,16208,1220,2000,1,1,1,""
504489,DATA,369.0,0.0,16301,16311,18010,1220,2000,1,1,1,""
504989,DATA,369.0,0.0,16163,16189,16210,1220,2000,1,1,1,""
505489,DATA,369.3,2.1,16127,16134,16209,1220,2000,1,1,1,""
505989,DATA,369.5,0.0,16112,16120,18011,1220,2000,1,1,1,""
506489,DATA,369.5,0.0,16135,16128,19810,1220,2000,1,1,1,""
506989,DATA,369.5,0.0,16118,16123,16210,1220,2000,1,1,1,""
507161,EVENT,369.5,0.0,16105,16112,16801,1220,2000,1,1,1,"PUMP 1225"
507310,EVENT,369.5,0.0,16105,16109,16798,1220,2000,1,1,1,"PUMP 1230"
507489,DATA,369.5,2.1,16112,16110,17490,1220,2000,1,1,1,""
507539,EVENT,369.5,2.1,16139,16123,19200,1221,2000,1,1,1,"PUMP 1235"
507989,DATA,369.3,0.0,16151,16135,19209,1224,2000,1,1,1,""
508489,DATA,369.5,0.0,16133,16135,16209,1231,2000,1,1,1,""
508989,DATA,370.3,2.1,16153,16170,18009,1235,2000,1,1,1,""
509489,DATA,370.3,0.0,16154,16145,19812,1235,2000,1,1,1,""
509989,DATA,370.8,0.0,16359,16379,18010,1235,2000,1,1,1,""
510489,DATA,370.8,-2.1,16665,16453,22813,1235,2000,1,1,1,""
510989,DATA,371.3,0.0,16370,16483,16809,1235,2000,1,1,1,""
511114,EVENT,371.3,0.0,16283,16393,16199,1235,2000,1,1,1,"PUMP 1240"
511289,EVENT,371.3,0.0,16181,16255,18603,1235,2000,1,1,1,"PUMP 1245"
511454,EVENT,371.3,0.0,16140,16180,16811,1235,2000,1,1,1,"PUMP 1250"
511489,DATA,371.3,0.0,16140,16180,16811,1235,2000,1,1,1,""
511662,EVENT,371.3,0.0,16120,16142,16200,1236,2000,1,1,1,"PUMP 1255"
511989,DATA,371.5,0.0,16754,16454,23413,1238,2000,1,1,1,""
512489,DATA,371.3,0.0,16436,16552,19211,1247,2000,1,1,1,""
512989,DATA,371.7,2.1,16342,16437,18610,1254,2000,1,1,1,""
513095,EVENT,371.7,0.0,16261,16358,18599,1255,2000,1,1,1,"PUMP 1257"
513262,EVENT,372.0,2.1,16180,16243,17402,1255,2000,1,1,1,"PUMP 1262"
513476,EVENT,372.0,0.0,16138,16175,18011,1255,2000,1,1,1,"PUMP 1267"
513489,DATA,372.0,0.0,16138,16175,18011,1255,2000,1,1,1,""
513989,DATA,372.3,0.0,16243,16161,25820,1258,2000,1,1,1,""
514489,DATA,373.0,2.1,16361,16461,18614,1264,2000,1,1,1,""
514989,DATA,373.0,0.0,16106,16207,15010,1267,2000,1,1,1,""
515489,DATA,373.3,2.1,16547,16602,13807,1267,2000,1,1,1,""
515989,DATA,374.0,2.1,15823,15862,16811,1267,2000,1,1,1,""
516124,EVENT,374.3,2.1,15947,15900,20397,1267,2000,1,1,1,"PUMP 1272"
516284,EVENT,374.3,0.0,16113,16035,17403,1267,2000,1,1,1,"PUMP 1277"
516489,DATA,374.5,2.1,16523,16333,21614,1268,2000,1,1,1,""
516495,EVENT,374.5,2.1,16523,16333,21614,1268,2000,1,1,1,"PUMP 1282"
516989,DATA,374.0,-2.1,15651,15776,21611,1272,2000,1,1,1,""
517489,DATA,373.0,-2.1,14239,14698,13807,1278,2000,1,1,1,""
517989,DATA,373.0,2.1,12406,12769,13809,1282,2000,1,1,1,""
518489,DATA,372.8,-2.1,14760,14154,20413,1282,2000,1,1,1,""
518989,DATA,373.5,4.2,15941,15731,21015,1282,2000,1,1,1,""
519489,DATA,373.5,0.0,16045,16033,16811,1282,2000,1,1,1,""
519989,DATA,373.0,0.0,16108,16098,18610,1282,2000,1,1,1,""
520489,DATA,372.0,-2.1,16120,16154,15009,1282,2000,1,1,1,""
520989,DATA,371.5,-2.1,15508,15542,17409,1282,2000,1,1,1,""
521489,DATA,371.5,0.0,14762,14924,10806,1282,2000,1,1,1,""
521989,DATA,371.7,0.0,14423,14210,17411,1282,2000,1,1,1,""
522489,DATA,372.5,0.0,15446,15200,15610,1282,2000,1,1,1,""
522515,EVENT,372.5,0.0,15446,15200,15610,1282,2000,1,1,1,"PUMP 1287"
522674,EVENT,372.5,0.0,15346,15302,16203,1282,2000,1,1,1,"PUMP 1292"
522892,EVENT,372.8,2.1,14752,15021,10095,1283,2000,1,1,1,"PUMP 1297"
522989,DATA,372.8,2.1,14127,14619,12004,1283,2000,1,1,1,""
523489,DATA,373.0,0.0,12807,13183,12610,1288,2000,1,1,1,""
523989,DATA,372.8,0.0,12999,13112,10206,1295,2000,1,1,1,""
524489,DATA,373.0,2.1,13256,13143,15610,1297,2000,1,1,1,""
524612,EVENT,373.0,0.0,13694,13391,16199,1297,2000,1,1,1,"PUMP 1302"
524989,DATA,372.8,0.0,15111,14749,14405,1298,2000,1,1,1,""
525489,DATA,371.7,-2.1,15001,15114,13207,1300,2000,1,1,1,""
525989,DATA,371.0,-2.1,15485,15242,16812,1302,2000,1,1,1,""
526489,DATA,371.0,0.0,15826,15764,17409,1302,2000,1,1,1,""
526989,DATA,371.0,0.0,16075,16044,18611,1302,2000,1,1,1,""
527489,DATA,370.3,-2.1,15906,16037,16811,1302,2000,1,1,1,""
527989,DATA,370.5,0.0,16083,16114,18611,1302,2000,1,1,1,""
528489,DATA,371.5,4.2,16922,16766,19211,1302,2000,1,1,1,""
528989,DATA,371.5,-2.1,16148,16307,16209,1302,2000,1,1,1,""
529489,DATA,371.0,-2.1,15850,15914,16810,1302,2000,1,1,1,""
529989,DATA,371.3,2.1,15838,15835,17408,1302,2000,1,1,1,""
530489,DATA,371.0,-4.2,15911,15909,18609,1302,2000,1,1,1,""
530989,DATA,370.8,0.0,15846,15852,16809,1302,2000,1,1,1,""
531489,DATA,371.3,0.0,15829,15834,18613,1302,2000,1,1,1,""
531989,DATA,371.3,-2.1,15794,15803,15610,1302,2000,1,1,1,""
532489,DATA,370.5,0.0,15783,15787,16207,1302,2000,1,1,1,""
532989,DATA,371.3,2.1,15799,15802,16209,1302,2000,1,1,1,""
533489,DATA,370.5,-2.1,15775,15777,15611,1302,2000,1,1,1,""
533989,DATA,370.0,-2.1,15890,15853,15609,1302,2000,1,1,1,""
534489,DATA,369.5,0.0,15776,15793,17410,1302,2000,1,1,1,""
534564,EVENT,369.3,-2.1,15776,15793,17410,1302,2000,1,1,1,"PUMP 1307"
534732,EVENT,369.5,2.1,15790,15790,18076,1302,2000,1,1,1,"PUMP 1312"
534876,EVENT,369.5,0.0,15787,15789,16794,1302,2000,1,1,1,"PUMP 1317"
534989,DATA,369.5,0.0,15779,15785,16206,1302,2000,1,1,1,""
535036,EVENT,369.3,-2.1,15779,15785,16206,1302,2000,1,1,1,"PUMP 1322"
535195,EVENT,369.3,0.0,15769,15774,16203,1303,2000,1,1,1,"PUMP 1327"
535347,EVENT,369.0,-2.1,15769,15772,16198,1304,2000,1,1,1,"PUMP 1332"
535489,DATA,368.8,-2.1,15783,15778,17401,1305,2000,1,1,1,""
535512,EVENT,368.8,0.0,15783,15778,17401,1305,2000,1,1,1,"PUMP 1337"
535742,EVENT,369.3,4.2,15822,15802,16801,1307,2000,1,1,1,"PUMP 1342"
535989,DATA,370.0,2.1,15873,15854,16207,1310,2000,1,1,1,""
536509,DATA,370.5,2.1,15667,15781,5905,1324,2000,1,1,1,""
537029,DATA,370.0,0.0,14896,14258,3500,1340,2000,1,1,1,""
537529,DATA,370.0,0.0,20984,20269,16201,1342,2000,1,1,1,""
538029,DATA,370.3,2.1,17723,18534,16200,1342,2000,1,1,1,""
538362,EVENT,370.5,2.1,16489,16994,17400,1342,2000,1,1,1,"PUMP 1347"
538522,EVENT,370.5,0.0,16137,16432,15603,1342,2000,1,1,1,"PUMP 1352"
538529,DATA,370.5,0.0,16137,16432,15603,1342,2000,1,1,1,""
538688,EVENT,370.5,0.0,16036,16254,16197,1342,2000,1,1,1,"PUMP 1357"
538841,EVENT,370.5,0.0,15927,16036,15602,1342,2000,1,1,1,"PUMP 1362"
539029,DATA,370.8,2.1,15891,15938,16799,1343,2000,1,1,1,""
539040,EVENT,370.8,2.1,15891,15938,16799,1343,2000,1,1,1,"PUMP 1367"
539529,DATA,371.7,0.0,15841,15862,17400,1349,2000,1,1,1,""
540029,DATA,371.5,-2.1,15798,15802,16800,1361,2000,1,1,1,""
540529,DATA,372.0,2.1,15814,15809,16802,1367,2000,1,1,1,""
541029,DATA,372.3,0.0,15921,15946,19801,1367,2000,1,1,1,""
541529,DATA,373.0,2.1,16030,15977,16198,1367,2000,1,1,1,""
542029,DATA,372.5,-2.1,16156,16082,18000,1367,2000,1,1,1,""
542529,DATA,372.5,2.1,15835,15898,16198,1367,2000,1,1,1,""
543029,DATA,372.8,0.0,15759,15768,16198,1367,2000,1,1,1,""
543529,DATA,373.5,2.0,15796,15785,16199,1367,2000,1,1,1,""
543808,EVENT,374.0,0.0,15789,15792,16199,1367,2000,0,1,1,"IGN OFF"
544029,DATA,373.7,-2.1,15774,15781,16203,1367,2000,0,1,1,""
544529,DATA,373.0,-2.1,15813,15806,16800,1367,2000,0,1,1,""
545029,DATA,373.5,4.2,15831,15831,16200,1367,2000,0,1,1,""
545076,EVENT,373.5,4.2,15831,15831,16200,1367,2000,1,1,1,"IGN ON"
545529,DATA,373.5,0.0,15796,15812,15601,1367,2000,1,1,1,""
546029,DATA,373.0,0.0,15683,15704,16197,1367,2000,1,1,1,""
546529,DATA,373.3,2.0,15724,15715,16800,1367,2000,1,1,1,""
547029,DATA,373.5,-2.1,15756,15759,15601,1367,2000,1,1,1,""
547529,DATA,373.5,2.1,16449,16126,22202,1367,2000,1,1,1,""
548027,EVENT,374.5,2.1,16114,16255,18003,1367,2000,1,1,1,"PUMP 1372"
548029,DATA,374.5,2.1,16114,16255,18003,1367,2000,1,1,1,""
548193,EVENT,374.5,0.0,15928,16049,16800,1367,2000,1,1,1,"PUMP 1377"
548353,EVENT,374.5,0.0,15856,15962,16798,1367,2000,1,1,1,"PUMP 1382"
548513,EVENT,374.0,-2.1,15768,15834,16801,1367,2000,1,1,1,"PUMP 1387"
548529,DATA,374.0,-2.1,15768,15834,16801,1367,2000,1,1,1,""
548678,EVENT,374.0,0.0,15741,15792,16800,1368,2000,1,1,1,"PUMP 1392"
548844,EVENT,374.0,0.0,15686,15724,15601,1369,2000,1,1,1,"PUMP 1397"
548996,EVENT,373.5,-4.2,15658,15680,16802,1370,2000,1,1,1,"PUMP 1402"
549029,DATA,373.5,-4.2,15658,15680,16802,1370,2000,1,1,1,""
549211,EVENT,373.0,0.0,15656,15663,16802,1372,2000,1,1,1,"PUMP 1407"
549529,DATA,373.0,0.0,15641,15648,16203,1376,2000,1,1,1,""
550049,DATA,372.8,0.0,15417,15535,2499,1391,2000,1,1,1,""
550569,DATA,372.8,-2.1,17787,16148,3000,1406,2000,1,1,1,""
551069,DATA,372.0,0.0,20739,20593,15598,1407,2000,1,1,1,""
551569,DATA,373.3,4.2,17064,17869,18000,1407,2000,1,1,1,""
552069,DATA,373.7,-2.1,16036,16228,19198,1407,2000,1,1,1,""
552569,DATA,373.5,0.0,15966,15935,22197,1407,2000,1,1,1,""
553069,DATA,372.5,-4.2,15591,15667,17400,1407,2000,1,1,1,""
553569,DATA,371.7,0.0,15838,15853,18599,1407,2000,1,1,1,""
554069,DATA,372.0,-2.1,15601,15674,16198,1407,2000,1,1,1,""
554569,DATA,371.5,-2.1,15712,15657,15600,1407,2000,1,1,1,""
555020,EVENT,372.0,2.1,15532,15578,18601,1407,2000,1,1,1,"PUMP 1412"
555069,DATA,372.0,2.1,15702,15634,19197,1407,2000,1,1,1,""
555177,EVENT,372.0,0.0,15702,15665,17999,1407,2000,1,1,1,"PUMP 1417"
555328,EVENT,372.3,2.1,15655,15660,16802,1407,2000,1,1,1,"PUMP 1422"
555472,EVENT,372.3,0.0,15787,15705,21733,1407,2000,1,1,1,"PUMP 1427"
555569,DATA,372.5,2.1,15789,15743,16798,1407,2000,1,1,1,""
555622,EVENT,372.5,2.1,15789,15743,16798,1408,2000,1,1,1,"PUMP 1432"
555776,EVENT,372.3,-2.1,15641,15691,21001,1409,2000,1,1,1,"PUMP 1437"
555929,EVENT,372.3,0.0,15573,15638,16198,1410,2000,1,1,1,"PUMP 1442"
556069,DATA,372.0,0.0,15484,15540,15111,1411,2000,1,1,1,""
556090,EVENT,372.0,0.0,15484,15540,15111,1411,2000,1,1,1,"PUMP 1447"
556226,EVENT,372.3,2.1,15452,15500,17399,1412,2000,1,1,1,"PUMP 1452"
556364,EVENT,372.0,-2.1,15393,15433,16202,1413,2000,1,1,1,"PUMP 1457"
556569,DATA,371.7,-2.1,15349,15379,15600,1415,2000,1,1,1,""
556583,EVENT,371.7,-2.1,15349,15379,15600,1416,2000,1,1,1,"PUMP 1462"
557069,DATA,371.7,1.6,15326,15334,8556,1426,2000,1,1,1,""
557589,DATA,372.5,1.9,13140,13893,1500,1449,2000,1,1,1,""
558089,DATA,374.0,2.1,21029,19820,12625,1462,2000,1,1,1,""
558589,DATA,376.8,8.3,18383,19197,15600,1462,2000,1,1,1,""
559089,DATA,377.3,-2.1,15921,16367,15001,1462,2000,1,1,1,""
559589,DATA,376.8,-2.1,15509,15641,15601,1462,2000,1,1,1,""
560089,DATA,376.0,-2.1,15974,15795,600,1462,2000,1,1,1,""
560589,DATA,375.3,0.0,12966,13876,8400,1462,2000,1,1,1,""
561089,DATA,374.5,-2.1,20971,19739,7200,1462,2000,1,1,1,""
561589,DATA,374.8,2.1,19285,19839,4200,1462,2000,1,1,1,""
562089,DATA,375.8,2.1,15278,16060,19803,1462,2000,1,1,1,""
562589,DATA,376.2,2.1,14312,14741,11400,1462,2000,1,1,1,""
563089,DATA,376.2,-2.1,12773,12787,20415,1462,2000,1,1,1,""
563589,DATA,377.8,4.2,15065,14694,18001,1462,2000,1,1,1,""
564089,DATA,378.2,0.0,15627,15377,23999,1462,2000,1,1,1,""
564589,DATA,378.2,-2.1,16449,16231,23999,1462,2000,1,1,1,""
565089,DATA,378.0,2.1,15599,15787,15000,1462,2000,1,1,1,""
565137,EVENT,378.0,2.1,15599,15787,15000,1462,2000,0,1,1,"IGN OFF"
565589,DATA,378.5,2.1,15323,15374,21600,1462,2000,0,1,1,""
566089,DATA,378.2,-2.1,14971,15077,17401,1462,2000,0,1,1,""
566589,DATA,378.5,0.0,15358,15212,19796,1462,2000,0,1,1,""
566964,EVENT,379.3,2.1,15558,15436,20399,1462,2000,0,0,1,"VALVE1 OFF"
567089,DATA,379.5,2.0,15553,15489,14998,1462,2000,0,0,1,""
567589,DATA,379.8,-4.2,15227,15295,16199,1462,2000,0,0,1,""
568089,DATA,374.8,-8.3,15013,15076,15001,1462,2000,0,0,1,""
568589,DATA,364.8,-25.0,14679,14745,15600,1462,2000,0,0,1,""
568675,EVENT,363.3,-12.5,14679,14745,15600,1462,2000,0,1,1,"VALVE1 ON"
569089,DATA,356.3,-20.8,14568,14602,15600,1462,2000,0,1,1,""
569589,DATA,348.3,-10.4,14455,14477,14998,1462,2000,0,1,1,""
569635,EVENT,345.8,-20.8,14455,14477,14998,1462,2000,1,1,1,"IGN ON"
570089,DATA,337.8,-17.7,14367,14389,14999,1462,2000,1,1,1,""
570589,DATA,330.8,-18.8,14305,14319,14399,1462,2000,1,1,1,""
571089,DATA,322.5,-10.4,14280,14286,14399,1462,2000,1,1,1,""
571589,DATA,312.8,-25.0,14246,14256,15592,1462,2000,1,1,1,""
572090,DATA,305.8,-8.3,14348,14380,14249,1462,2000,1,1,1,""
572591,DATA,298.7,-18.8,14266,14279,17813,1462,2000,1,1,1,""
573092,DATA,291.0,-17.9,14277,14275,18998,1462,2000,1,1,1,""
573593,DATA,284.0,-8.3,14383,14412,14844,1462,2000,1,1,1,""
574094,DATA,276.5,-16.7,14489,14446,17219,1462,2000,1,1,1,""
574595,DATA,270.0,-10.4,14562,14546,16031,1462,2000,1,1,1,""
575096,DATA,263.7,-14.6,14308,14356,19592,1462,2000,1,1,1,""
575210,EVENT,262.8,-8.3,14282,14323,16808,1000,2000,1,0,0,"PUMP OFF"
575597,DATA,259.0,-6.2,14294,14309,17817,1000,2000,1,0,0,""
576098,DATA,253.5,-4.0,14362,14402,17812,1000,2000,1,0,0,""
576599,DATA,248.7,-12.5,14252,14265,19593,1000,2000,1,0,0,""
577100,DATA,245.0,-6.2,14341,14389,17219,1000,2000,1,0,0,""
577601,DATA,241.0,-8.3,14463,14416,16625,1000,2000,1,0,0,""
578059,EVENT,237.5,-10.4,14243,14299,13802,1000,2000,0,0,0,"IGN OFF"
578102,DATA,237.5,-10.4,14194,14252,16028,1000,2000,0,0,0,""
578603,DATA,233.5,-8.3,14296,14205,15436,1000,2000,0,0,0,""
579104,DATA,228.8,-9.9,14166,14199,15438,1000,2000,0,0,0,""
579605,DATA,225.3,-4.2,14126,14124,18403,1000,2000,0,0,0,""
580106,DATA,221.5,-8.3,14217,14160,17813,1000,2000,0,0,0,""
580474,EVENT,219.3,-6.2,14162,14178,16199,1000,2000,0,0,0,"STARTER 1825"
580629,DATA,218.3,-8.0,14134,14158,11630,1000,1968,0,0,0,""
581149,DATA,214.5,-8.3,13539,13079,1500,1000,1866,0,0,0,""
581649,DATA,211.0,-8.3,17785,16971,12022,1000,1825,0,0,0,""
582149,DATA,207.2,-8.3,14735,15591,13200,1000,1825,0,0,0,""
582649,DATA,204.5,-8.3,12716,13140,14999,1000,1825,0,0,0,""
583149,DATA,202.0,-2.1,12472,12475,16800,1000,1825,0,0,0,""
583649,DATA,199.0,-6.2,13000,12758,19199,1000,1825,0,0,0,""
584149,DATA,196.5,-4.2,13038,13053,19200,1000,1825,0,0,0,""
584649,DATA,193.5,-6.2,12365,12505,15000,1000,1825,0,0,0,""
585149,DATA,190.0,-8.3,12133,12176,15002,1000,1825,0,0,0,""
585649,DATA,187.8,-2.1,12350,12275,13202,1000,1825,0,0,0,""
586149,DATA,185.0,-6.2,12622,12472,17402,1000,1825,0,0,0,""
586649,DATA,182.5,-4.2,12584,12649,14998,1000,1825,0,0,0,""
587149,DATA,179.8,-6.2,13087,13068,19798,1000,1825,0,0,0,""
587649,DATA,177.5,-6.2,12664,12855,14400,1000,1825,0,0,0,""
588149,DATA,174.8,-6.2,12207,12300,13201,1000,1825,0,0,0,""
588649,DATA,171.8,-6.2,13317,12847,18601,1000,1825,0,0,0,""
589149,DATA,169.8,-4.2,13254,13297,16203,1000,1825,0,0,0,""
589649,DATA,167.3,-4.2,12672,12835,17398,1000,1825,0,0,0,""
590149,DATA,165.0,-6.2,12284,12365,16801,1000,1825,0,0,0,""
590649,DATA,163.0,-2.1,12115,12146,16199,1000,1825,0,0,0,""
591149,DATA,160.3,-6.2,12202,12238,13799,1000,1825,0,0,0,""
591649,DATA,157.5,-6.2,12200,12254,12600,1000,1825,0,0,0,""
592149,DATA,155.8,-2.1,12053,12082,12001,1000,1825,0,0,0,""
592649,DATA,153.3,-6.2,12002,12012,12001,1000,1825,0,0,0,""
593149,DATA,151.5,-2.1,11996,11997,12001,1000,1825,0,0,0,""
593649,DATA,149.3,-6.2,11995,11997,12600,1000,1825,0,0,0,""
594149,DATA,147.5,-2.1,11987,11989,13800,1000,1825,0,0,0,""
594649,DATA,145.0,-2.1,12234,12208,14399,1000,1825,0,0,0,""
595149,DATA,143.0,-4.2,12042,12082,14399,1000,1825,0,0,0,""
595649,DATA,141.3,-2.1,11953,11971,13200,1000,1825,0,0,0,""
595707,EVENT,141.3,-2.1,12051,12007,14843,1000,1825,0,0,0,"STARTER 1655"
596169,DATA,139.3,-6.2,11344,11669,1500,1000,1728,0,0,0,""
596689,DATA,137.5,-2.1,12837,11990,1500,1000,1660,0,0,0,""
597189,DATA,135.8,-2.1,11662,12123,10800,1000,1655,0,0,0,""
597689,DATA,134.3,-4.2,10442,10704,11999,1000,1655,0,0,0,""
598189,DATA,132.5,-2.1,10086,10158,11400,1000,1655,0,0,0,""
598689,DATA,131.3,-2.1,10496,10370,15600,1000,1655,0,0,0,""
599189,DATA,129.8,-4.2,10779,10844,25198,1000,1655,0,0,0,""
599689,DATA,128.5,-2.1,10411,10452,16202,1000,1655,0,0,0,""
600189,DATA,127.0,-4.2,10892,10829,13802,1000,1655,0,0,0,""
600689,DATA,125.8,-4.2,11155,11083,15000,1000,1655,0,0,0,""
601189,DATA,124.0,-2.1,10942,10995,23399,1000,1655,0,0,0,""
601689,DATA,122.7,-2.1,10681,10701,20399,1000,1655,0,0,0,""
602189,DATA,121.5,-4.2,10921,10946,10801,1000,1655,0,0,0,""
602689,DATA,120.3,-2.1,10218,10341,11400,1000,1655,0,0,0,""
603189,DATA,119.0,-4.2,10066,10096,10199,1000,1655,0,0,0,""
603689,DATA,118.0,0.0,10041,10046,10199,1000,1655,0,0,0,""
604189,DATA,116.7,-2.1,10037,10039,12000,1000,1655,0,0,0,""
604689,DATA,115.3,-2.1,10283,10201,10200,1000,1655,0,0,0,""
605189,DATA,114.0,-2.1,10119,10146,12599,1000,1655,0,0,0,""
605689,DATA,113.0,-2.1,10061,10069,12000,1000,1655,0,0,0,""
606189,DATA,112.0,0.0,10044,10046,15002,1000,1655,0,0,0,""
606689,DATA,110.7,-2.1,10210,10122,12000,1000,1655,0,0,0,""
607189,DATA,109.7,-2.1,10242,10254,11999,1000,1655,0,0,0,""
607689,DATA,108.2,-2.1,10059,10092,12600,1000,1655,0,0,0,""
608189,DATA,107.2,-2.1,10173,10130,10798,1000,1655,0,0,0,""
608689,DATA,106.0,-2.1,10080,10096,13802,1000,1655,0,0,0,""
609189,DATA,105.0,-2.1,10081,10079,10799,1000,1655,0,0,0,""
609689,DATA,104.0,-2.1,10315,10193,13801,1000,1655,0,0,0,""
610189,DATA,103.0,-4.2,10926,10854,14399,1000,1655,0,0,0,""
610689,DATA,102.0,-2.1,10658,10661,12601,1000,1655,0,0,0,""
611189,DATA,101.0,-4.2,10455,10506,11399,1000,1655,0,0,0,""
611689,DATA,100.0,-2.1,10402,10455,16199,1000,1655,0,0,0,""
612189,DATA,99.0,-4.2,10830,10562,16799,1000,1655,0,0,0,""
612689,DATA,98.0,-2.1,10798,10938,16799,1000,1655,0,0,0,""
613189,DATA,97.3,-2.1,9953,9718,8400,1000,1655,0,0,0,""
613689,DATA,96.5,0.0,11673,11740,5401,1000,1655,0,0,0,""
614189,DATA,95.2,-2.1,11213,10625,12000,1000,1655,0,0,0,""
614689,DATA,94.5,-2.1,11032,11449,6000,1000,1655,0,0,0,""
615189,DATA,93.7,-2.1,11943,11222,7799,1000,1655,0,0,0,""
615689,DATA,92.7,-2.1,10682,11145,10799,1000,1655,0,0,0,""
616189,DATA,92.0,-2.1,9561,9674,8399,1000,1655,0,0,0,""
616689,DATA,91.2,-2.1,9388,9155,21000,1000,1655,0,0,0,""
617189,DATA,90.2,-2.1,10012,9920, 0,1000,1655,0,0,0,""
617689,DATA,89.5,0.0,10128,10093,10198,1000,1655,0,0,0,""
618189,DATA,88.7,-2.1,10180,10170,10200,1000,1655,0,0,0,""
618479,EVENT,88.5,-2.1,10186,10181,11406,1000,1655,0,0,0,"STARTER 1508"
618709,DATA,88.0,-2.1,10190,10187,1712,1000,1612,0,0,0,""
619229,DATA,87.5,-2.1,8579,8701,1500,1000,1534,0,0,0,""
619729,DATA,86.5,-2.1,9169,9263,11421,1000,1508,0,0,0,""
620229,DATA,86.0,0.0,8219,8271,9001,1000,1508,0,0,0,""
620729,DATA,85.5,0.0,8428,8444,8999,1000,1508,0,0,0,""
621229,DATA,85.0,0.0,8242,8275,8400,1000,1508,0,0,0,""
621729,DATA,84.2,-2.1,8203,8210,8399,1000,1508,0,0,0,""
622229,DATA,83.7,0.0,8205,8204,9000,1000,1508,0,0,0,""
622729,DATA,83.5,0.0,8214,8212,9600,1000,1508,0,0,0,""
623114,EVENT,83.0,0.0,8225,8222,8999,1000,1508,0,0,0,"STARTER 1488"
623229,DATA,82.7,-2.1,8226,8224,8399,1000,1504,0,0,0,""
623470,EVENT,82.7,0.0,8156,8194,6589,1000,1495,0,0,0,"STARTER 1448"
623630,EVENT,82.5,-1.6,7348,7732,2025,1000,1486,0,0,0,"STARTER 1428"
623749,DATA,82.5,0.0,6640,7241,2000,1000,1478,0,0,0,""
623842,EVENT,82.3,-1.6,6640,7241,2000,1000,1472,0,0,0,"STARTER 1408"
624269,DATA,82.0,0.0,7713,7634,1500,1000,1438,0,0,0,""
624750,EVENT,81.5,-2.1,7056,7028,1500,1000,1413,0,0,0,"STARTER 1388"
624789,DATA,81.5,0.0,7056,7028,1500,1000,1412,0,0,0,""
625230,EVENT,81.0,-1.6,6978,6919,1500,1000,1395,0,0,0,"STARTER 1348"
625309,DATA,81.0,-1.6,6978,6919,1500,1000,1392,0,0,0,""
625829,DATA,80.5,0.0,6235,6399,1500,1000,1362,0,0,0,""
626329,DATA,80.2,0.0,5714,5944,1500,1000,1348,0,0,0,""
626829,DATA,79.5,-2.1,5507,5396,6000,1000,1348,0,0,0,""
627329,DATA,79.2,0.0,5913,5849,6001,1000,1348,0,0,0,""
627829,DATA,79.0,0.0,5930,5928,6000,1000,1348,0,0,0,""
628329,DATA,78.7,0.0,5906,5911,6000,1000,1348,0,0,0,""
628829,DATA,78.3,-2.1,5891,5894,6000,1000,1348,0,0,0,""
629329,DATA,78.0,0.0,5875,5878,6000,1000,1348,0,0,0,""
629829,DATA,77.7,0.0,5864,5866,5400,1000,1348,0,0,0,""
630059,EVENT,77.5,0.0,5862,5864,6001,1000,1348,0,0,0,"STARTER 1328"
630349,DATA,77.2,0.0,5651,5767,2999,1000,1340,0,0,0,""
630849,DATA,77.0,-2.1,5394,5394,6000,1000,1330,0,0,0,""
630999,EVENT,77.0,0.0,5476,5431,6598,1000,1329,0,0,0,"STARTER 1308"
631250,EVENT,76.7,-1.8,5560,5517,3999,1000,1322,0,0,0,"STARTER 1288"
631369,DATA,76.7,0.0,5346,5440,2000,1000,1318,0,0,0,""
631889,DATA,76.5,0.0,5023,5135,1500,1000,1297,0,0,0,""
631930,EVENT,76.2,-2.1,4649,4916,1494,1000,1296,0,0,0,"STARTER 1268"
632409,DATA,76.0,-2.1,4335,4449,1500,1000,1280,0,0,0,""
632909,DATA,75.8,-2.1,4045,4188,5401,1000,1268,0,0,0,""
633409,DATA,75.5,0.0,4624,4490,4801,1000,1268,0,0,0,""
633909,DATA,75.2,0.0,4834,4795,4800,1000,1268,0,0,0,""
634140,EVENT,75.2,0.0,4855,4835,4801,1000,1268,0,0,0,"STARTER 1288"
634429,DATA,75.0,-1.8,4866,4855,3599,1000,1276,0,0,0,""
634771,EVENT,74.7,0.0,4172,4393,4800,1000,1283,0,0,0,"STARTER 1308"
634929,DATA,74.7,0.0,4159,4288,4793,1000,1288,0,0,0,""
635449,DATA,74.2,0.0,4271,4178,1500,1000,1303,0,0,0,""
635949,DATA,74.0,0.0,4834,4694,4800,1000,1308,0,0,0,""
636449,DATA,73.7,0.0,5275,5210,5400,1000,1308,0,0,0,""
636949,DATA,73.5,0.0,5380,5357,5400,1000,1308,0,0,0,""
637449,DATA,73.3,0.0,5421,5412,5401,1000,1308,0,0,0,""
637949,DATA,72.7,-2.1,5437,5432,5400,1000,1308,0,0,0,""
638449,DATA,72.5,0.0,5442,5441,5400,1000,1308,0,0,0,""
638949,DATA,72.0,-2.1,5446,5445,5400,1000,1308,0,0,0,""
639449,DATA,72.0,2.1,5449,5449,5400,1000,1308,0,0,0,""
639949,DATA,71.5,-2.1,5450,5449,5400,1000,1308,0,0,0,""
640449,DATA,71.2,0.0,5443,5445,5399,1000,1308,0,0,0,""
640949,DATA,70.8,-2.1,5437,5438,5400,1000,1308,0,0,0,""
641449,DATA,70.5,-2.1,5428,5431,5400,1000,1308,0,0,0,""
641949,DATA,70.2,0.0,5418,5420,6000,1000,1308,0,0,0,""
642449,DATA,69.7,-2.1,5410,5412,5999,1000,1308,0,0,0,""
642949,DATA,69.5,-2.1,5400,5403,5400,1000,1308,0,0,0,""
643449,DATA,69.5,2.1,5393,5395,5399,1000,1308,0,0,0,""
643949,DATA,69.0,-2.1,5392,5392,5400,1000,1308,0,0,0,""
644449,DATA,69.0,0.0,5384,5387,5401,1000,1308,0,0,0,""
644949,DATA,68.5,0.0,5376,5378,5400,1000,1308,0,0,0,""
645449,DATA,68.3,0.0,5372,5373,5400,1000,1308,0,0,0,""
645949,DATA,68.0,-2.1,5364,5366,5399,1000,1308,0,0,0,""
646449,DATA,67.5,-2.1,5345,5352,5401,1000,1308,0,0,0,""
646949,DATA,67.5,-2.1,5300,5310,4800,1000,1308,0,0,0,""
647449,DATA,67.0,0.0,5277,5282,4800,1000,1308,0,0,0,""
647949,DATA,67.0,0.0,5263,5266,6000,1000,1308,0,0,0,""
648449,DATA,66.5,-4.2,5261,5261,5400,1000,1308,0,0,0,""
648949,DATA,66.5,0.0,5254,5256,6001,1000,1308,0,0,0,""
649449,DATA,66.2,0.0,5256,5255,6000,1000,1308,0,0,0,""
649949,DATA,65.8,-2.1,5253,5254,4800,1000,1308,0,0,0,""
650449,DATA,65.8,-2.1,5252,5252,4800,1000,1308,0,0,0,""
650949,DATA,65.2,-4.2,5255,5255,5399,1000,1308,0,0,0,""
651449,DATA,65.0,-2.1,5250,5251,5400,1000,1308,0,0,0,""
651949,DATA,64.7,-2.1,5255,5254,4800,1000,1308,0,0,0,""
652449,DATA,64.7,-2.1,5263,5262,4800,1000,1308,0,0,0,""
652949,DATA,64.5,0.0,5256,5258,5400,1000,1308,0,0,0,""
653449,DATA,64.5,2.1,5257,5257,6600,1000,1308,0,0,0,""
653949,DATA,64.0,-2.1,5409,5355,6001,1000,1308,0,0,0,""
654449,DATA,63.7,0.0,5316,5338,9000,1000,1308,0,0,0,""
654949,DATA,63.5,-2.1,5292,5305,5400,1000,1308,0,0,0,""
655449,DATA,63.3,-2.1,5278,5281,6599,1000,1308,0,0,0,""
655949,DATA,63.0,-2.1,5266,5269,5400,1000,1308,0,0,0,""
656449,DATA,62.7,0.0,5267,5266,7199,1000,1308,0,0,0,""
656949,DATA,62.7,0.0,5277,5274,6000,1000,1308,0,0,0,""
657449,DATA,62.5,0.0,5277,5277,6000,1000,1308,0,0,0,""
657949,DATA,62.2,-2.1,5260,5264,8999,1000,1308,0,0,0,""
658449,DATA,62.0,-2.1,5475,5357,9600,1000,1308,0,0,0,""
658949,DATA,61.7,0.0,5362,5397,5400,1000,1308,0,0,0,""
659449,DATA,61.5,-2.1,5411,5438,6601,1000,1308,0,0,0,""
659949,DATA,61.2,0.0,5542,5480,6600,1000,1308,0,0,0,""
660449,DATA,61.5,2.1,5358,5401,6001,1000,1308,0,0,0,""
660949,DATA,61.0,0.0,5492,5387,11399,1000,1308,0,0,0,""
661449,DATA,61.0,0.0,5449,5497,7801,1000,1308,0,0,0,""
661949,DATA,60.5,0.0,5553,5547,6000,1000,1308,0,0,0,""
662449,DATA,60.2,-2.1,5722,5650,10799,1000,1308,0,0,0,""
662949,DATA,60.2,-2.1,5598,5586,7200,1000,1308,0,0,0,""
663449,DATA,60.2,0.0,5395,5436,7201,1000,1308,0,0,0,""
663949,DATA,60.0,0.0,5301,5318,5400,1000,1308,0,0,0,""
664449,DATA,59.5,-2.1,5302,5303,8400,1000,1308,0,0,0,""
664949,DATA,59.5,-2.1,5289,5292,5400,1000,1308,0,0,0,""
665449,DATA,59.5,0.0,5280,5283,5401,1000,1308,0,0,0,""
665949,DATA,59.2,-2.1,5279,5279,6001,1000,1308,0,0,0,""
666449,DATA,59.0,-2.1,5285,5284,6601,1000,1308,0,0,0,""
666949,DATA,59.0,0.0,5304,5304,5999,1000,1308,0,0,0,""
667449,DATA,58.7,0.0,5300,5301,6001,1000,1308,0,0,0,""
667949,DATA,58.5,0.0,5350,5354,6000,1000,1308,0,0,0,""
668449,DATA,58.3,0.0,5321,5331,6000,1000,1308,0,0,0,""
668949,DATA,58.3,-2.1,5569,5587,8400,1000,1308,0,0,0,""
669449,DATA,58.3,0.0,5371,5417,7200,1000,1308,0,0,0,""
669949,DATA,57.7,0.0,5300,5311,5399,1000,1308,0,0,0,""
670449,DATA,57.7,0.0,5283,5286,6000,1000,1308,0,0,0,""
670949,DATA,57.7,2.1,5269,5272,6600,1000,1308,0,0,0,""
671449,DATA,57.2,-2.1,5282,5277,6000,1000,1308,0,0,0,""
671949,DATA,57.2,2.1,5283,5283,6001,1000,1308,0,0,0,""
672449,DATA,57.0,-2.1,5285,5285,6000,1000,1308,0,0,0,""
672949,DATA,56.7,-2.1,5283,5284,6000,1000,1308,0,0,0,""
673449,DATA,56.7,2.1,5286,5285,5400,1000,1308,0,0,0,""
673949,DATA,56.5,0.0,5293,5291,6000,1000,1308,0,0,0,""
674449,DATA,56.2,-2.1,5293,5293,5400,1000,1308,0,0,0,""
674949,DATA,56.2,0.0,5291,5292,6000,1000,1308,0,0,0,""
675449,DATA,56.0,0.0,5291,5291,5401,1000,1308,0,0,0,""
675949,DATA,55.8,-2.1,5286,5288,7800,1000,1308,0,0,0,""
676449,DATA,55.8,-2.1,5280,5282,6000,1000,1308,0,0,0,""
676949,DATA,55.8,2.1,5290,5288,6001,1000,1308,0,0,0,""
677449,DATA,55.2,-2.1,5274,5279,4800,1000,1308,0,0,0,""
677949,DATA,55.2,-2.1,5275,5275,7800,1000,1308,0,0,0,""
678449,DATA,55.2,0.0,5268,5270,6000,1000,1308,0,0,0,""
678949,DATA,55.2,2.1,5272,5271,6600,1000,1308,0,0,0,""
679449,DATA,55.0,2.1,5273,5271,6000,1000,1308,0,0,0,""
679949,DATA,54.7,0.0,5278,5277,5399,1000,1308,0,0,0,""
680449,DATA,54.5,-2.1,5274,5274,4800,1000,1308,0,0,0,""
680949,DATA,54.5,0.0,5273,5274,6001,1000,1308,0,0,0,""
681449,DATA,54.5,2.1,5279,5277,6000,1000,1308,0,0,0,""
681949,DATA,54.2,0.0,5284,5282,7800,1000,1308,0,0,0,""
682449,DATA,54.0,0.0,5296,5290,7800,1000,1308,0,0,0,""
682949,DATA,53.7,-2.1,5807,5718,5400,1000,1308,0,0,0,""
683449,DATA,54.0,2.1,5406,5475,7799,1000,1308,0,0,0,""
683949,DATA,53.7,2.1,5576,5588,7201,1000,1308,0,0,0,""
684449,DATA,53.7,2.1,5437,5442,6599,1000,1308,0,0,0,""
684949,DATA,53.5,-2.1,5296,5324,6000,1000,1308,0,0,0,""
685449,DATA,53.3,-2.1,5273,5279,4801,1000,1308,0,0,0,""
685949,DATA,53.3,-2.1,5265,5267,6600,1000,1308,0,0,0,""
686449,DATA,53.0,-2.1,5258,5260,6601,1000,1308,0,0,0,""
686949,DATA,53.0,0.0,5251,5251,7799,1000,1308,0,0,0,""
687449,DATA,52.7,-2.1,5321,5319,7200,1000,1308,0,0,0,""
687949,DATA,53.0,0.0,5282,5291,6600,1000,1308,0,0,0,""
688449,DATA,52.7,0.0,5267,5268,7800,1000,1308,0,0,0,""
688949,DATA,52.7,2.1,5281,5277,7800,1000,1308,0,0,0,""
689449,DATA,52.5,-2.1,5282,5280,6599,1000,1308,0,0,0,""
689949,DATA,52.2,0.0,5358,5332,8400,1000,1308,0,0,0,""
690449,DATA,52.2,0.0,5306,5317,6000,1000,1308,0,0,0,""
690949,DATA,52.0,-2.1,5294,5300,6600,1000,1308,0,0,0,""
691449,DATA,52.0,0.0,5277,5282,5999,1000,1308,0,0,0,""
691949,DATA,52.0,2.1,5280,5278,9598,1000,1308,0,0,0,""
692449,DATA,52.0,2.1,5507,5385,10200,1000,1308,0,0,0,""
692949,DATA,51.7,0.0,5392,5423,9000,1000,1308,0,0,0,""
693449,DATA,51.7,0.0,5325,5334,8399,1000,1308,0,0,0,""
693949,DATA,51.5,0.0,5315,5318,8401,1000,1308,0,0,0,""
694449,DATA,51.2,0.0,5306,5308,7200,1000,1308,0,0,0,""
694949,DATA,51.5,0.0,5295,5297,7200,1000,1308,0,0,0,""
695449,DATA,51.2,0.0,5290,5293,6601,1000,1308,0,0,0,""
695949,DATA,51.2,0.0,5289,5288,6000,1000,1308,0,0,0,""
696449,DATA,51.0,-2.1,5437,5471,6000,1000,1308,0,0,0,""
696949,DATA,51.0,0.0,5311,5332,7800,1000,1308,0,0,0,""
697449,DATA,51.0,0.0,5531,5529,5400,1000,1308,0,0,0,""
697949,DATA,50.8,0.0,5357,5385,6000,1000,1308,0,0,0,""
698449,DATA,50.5,0.0,5318,5324,6600,1000,1308,0,0,0,""
698949,DATA,50.5,0.0,5308,5311,6600,1000,1308,0,0,0,""
699449,DATA,50.5,0.0,5304,5305,5400,1000,1308,0,0,0,""
699949,DATA,50.5,0.0,5444,5369,7801,1000,1308,0,0,0,""
700449,DATA,50.5,0.0,5384,5404,6599,1000,1308,0,0,0,""
700949,DATA,50.2,0.0,5333,5344,7800,1000,1308,0,0,0,""
701449,DATA,50.0,0.0,5309,5313,6000,1000,1308,0,0,0,""
701949,DATA,50.0,0.0,5304,5304,7799,1000,1308,0,0,0,""
702449,DATA,49.7,0.0,5315,5312,9600,1000,1308,0,0,0,""
702949,DATA,49.7,0.0,5305,5309,9000,1000,1308,0,0,0,""
703208,EVENT,49.7,-2.1,5301,5302,7125,1000,1000,0,0,0,"EV:A05_ALL_OFF"
703449,DATA,50.0,2.1,5246,5272,5400,1000,1000,0,0,0,""
703949,DATA,50.2,2.1,4865,4963,4200,1000,1000,0,0,0,""
704449,DATA,50.0,0.0,4441,4542,4200,1000,1000,0,0,0,""
704949,DATA,49.7,-2.1,4062,4153,3600,1000,1000,0,0,0,""
705449,DATA,50.0,2.1,3687,3764,3600,1000,1000,0,0,0,""
705949,DATA,49.7,0.0,3401,3456,3600,1000,1000,0,0,0,""
706449,DATA,49.7,0.0,3159,3207,3000,1000,1000,0,0,0,""
706949,DATA,49.7,0.0,2947,2988,3000,1000,1000,0,0,0,""
707449,DATA,49.7,0.0,2757,2794,2400,1000,1000,0,0,0,""
707949,DATA,49.7,0.0,2587,2620,2400,1000,1000,0,0,0,""
708449,DATA,49.7,0.0,2433,2464,1800,1000,1000,0,0,0,""
708949,DATA,49.5,0.0,2293,2321,1800,1000,1000,0,0,0,""
709449,DATA,49.5,0.0,2165,2190,1800,1000,1000,0,0,0,""
709949,DATA,49.5,0.0,2048,2071,1800,1000,1000,0,0,0,""
710449,DATA,49.5,0.0,1938,1960,1800,1000,1000,0,0,0,""
710949,DATA,49.5,0.0,1839,1859,1800,1000,1000,0,0,0,""
711449,DATA,49.5,0.0,1741,1761,1800,1000,1000,0,0,0,""
711949,DATA,49.5,0.0,1649,1668,1200,1000,1000,0,0,0,""
712449,DATA,49.5,0.0,1562,1579,1800,1000,1000,0,0,0,""
712949,DATA,49.5,0.0,1478,1494,1200,1000,1000,0,0,0,""
713449,DATA,49.5,0.0,1399,1415,1800,1000,1000,0,0,0,""
713949,DATA,49.5,0.0,1330,1343,1800,1000,1000,0,0,0,""
714449,DATA,49.5,0.0,1265,1278,1200,1000,1000,0,0,0,""
714949,DATA,49.5,0.0,1202,1215,1200,1000,1000,0,0,0,""
715449,DATA,49.5,0.0,1138,1151,1200,1000,1000,0,0,0,""
715949,DATA,49.5,0.0,1078,1090,1200,1000,1000,0,0,0,""
716449,DATA,49.5,0.0,1021,1033,600,1000,1000,0,0,0,""
716949,DATA,49.5,0.0,967,978,600,1000,1000,0,0,0,""
717449,DATA,49.5,0.0,914,925,1200,1000,1000,0,0,0,""
717949,DATA,49.5,0.0,864,874,1200,1000,1000,0,0,0,""
718449,DATA,49.5,0.0,816,825,600,1000,1000,0,0,0,""
718949,DATA,49.5,0.0,771,779,600,1000,1000,0,0,0,""
719449,DATA,49.5,0.0,727,736,600,1000,1000,0,0,0,""
719949,DATA,49.5,0.0,683,692,600,1000,1000,0,0,0,""
720449,DATA,49.5,0.0,640,648,600,1000,1000,0,0,0,""
720949,DATA,49.5,0.0,598,606,600,1000,1000,0,0,0,""
721449,DATA,49.5,0.0,562,570,600,1000,1000,0,0,0,""
721949,DATA,49.5,0.0,524,531,600,1000,1000,0,0,0,""
722449,DATA,49.5,0.0,485,493,600,1000,1000,0,0,0,""
722949,DATA,49.5,0.0, 0, 0, 0,1000,1000,0,0,0,""
723449,DATA,49.5,-2.1, 0, 0, 0,1000,1000,0,0,0,""
723949,DATA,49.5,0.0, 0, 0, 0,1000,1000,0,0,0,""
724449,DATA,49.7,0.0, 0, 0,600,1000,1000,0,0,0,""
724949,DATA,49.5,-2.1, 0, 0,600,1000,1000,0,0,0,""
725449,DATA,49.7,0.0, 0, 0, 0,1000,1000,0,0,0,""
725949,DATA,49.7,0.0, 0, 0,600,1000,1000,0,0,0,""
726449,DATA,49.7,0.0, 0, 0, 0,1000,1000,0,0,0,""
726949,DATA,49.7,0.0, 0, 0, 0,1000,1000,0,0,0,""
727449,DATA,49.7,0.0, 0, 0, 0,1000,1000,0,0,0,""
727949,DATA,49.7,0.0, 0, 0, 0,1000,1000,0,0,0,""
728449,DATA,49.7,0.0, 0, 0, 0,1000,1000,0,0,0,""
728949,DATA,49.7,0.0, 0, 0, 0,1000,1000,0,0,0,""
729449,DATA,49.7,0.0, 0, 0, 0,1000,1000,0,0,0,""
729949,DATA,49.7,0.0,188,188, 0,1000,1000,0,0,0,""
730449,DATA,49.7,0.0, 0, 0, 0,1000,1000,0,0,0,""
730949,DATA,49.7,0.0, 0, 0, 0,1000,1000,0,0,0,""
731449,DATA,49.7,-2.1, 0, 0, 0,1000,1000,0,0,0,""
731949,DATA,49.7,0.0, 0, 0, 0,1000,1000,0,0,0,""
732449,DATA,49.7,0.0, 0, 0, 0,1000,1000,0,0,0,""
732949,DATA,49.7,0.0, 0, 0, 0,1000,1000,0,0,0,""
733449,DATA,49.7,-2.1, 0, 0, 0,1000,1000,0,0,0,""
733949,DATA,50.0,2.1, 0, 0, 0,1000,1000,0,0,0,""
734449,DATA,49.7,0.0, 0, 0, 0,1000,1000,0,0,0,""
734949,DATA,49.7,0.0, 0, 0, 0,1000,1000,0,0,0,""
735449,DATA,49.7,0.0, 0, 0, 0,1000,1000,0,0,0,""
735949,DATA,49.7,0.0, 0, 0, 0,1000,1000,0,0,0,""
736449,DATA,49.7,0.0, 0, 0, 0,1000,1000,0,0,0,""
736949,DATA,49.7,0.0, 0, 0, 0,1000,1000,0,0,0,""
737449,DATA,49.7,0.0, 0, 0, 0,1000,1000,0,0,0,""
737949,DATA,49.7,0.0, 0, 0, 0,1000,1000,0,0,0,""
738449,DATA,49.7,0.0, 0, 0, 0,1000,1000,0,0,0,""
738949,DATA,49.7,0.0, 0, 0, 0,1000,1000,0,0,0,""
739449,DATA,49.7,0.0, 0, 0, 0,1000,1000,0,0,0,""
739949,DATA,49.7,0.0, 0, 0, 0,1000,1000,0,0,0,""
740449,DATA,49.7,0.0, 0, 0, 0,1000,1000,0,0,0,""
740949,DATA,49.7,0.0, 0, 0, 0,1000,1000,0,0,0,""
741449,DATA,49.7,0.0, 0, 0, 0,1000,1000,0,0,0,""
741949,DATA,49.7,0.0, 0, 0, 0,1000,1000,0,0,0,""
742449,DATA,49.7,0.0, 0, 0, 0,1000,1000,0,0,0,""
742949,DATA,49.7,0.0, 0, 0, 0,1000,1000,0,0,0,""
743449,DATA,49.7,0.0, 0, 0, 0,1000,1000,0,0,0,""
743949,DATA,49.7,0.0, 0, 0, 0,1000,1000,0,0,0,""
744449,DATA,49.7,0.0, 0, 0, 0,1000,1000,0,0,0,""
744949,DATA,49.7,0.0, 0, 0, 0,1000,1000,0,0,0,""
745449,DATA,49.7,0.0, 0, 0, 0,1000,1000,0,0,0,""
745949,DATA,49.7,0.0, 0, 0, 0,1000,1000,0,0,0,""
746449,DATA,49.7,0.0, 0, 0, 0,1000,1000,0,0,0,""
746949,DATA,49.7,0.0, 0, 0, 0,1000,1000,0,0,0,""
747449,DATA,49.7,0.0, 0, 0, 0,1000,1000,0,0,0,""
747949,DATA,49.7,0.0, 0, 0, 0,1000,1000,0,0,0,""
748449,DATA,49.7,0.0, 0, 0, 0,1000,1000,0,0,0,""
748949,DATA,49.7,2.1, 0, 0, 0,1000,1000,0,0,0,""
749449,DATA,49.7,0.0, 0, 0, 0,1000,1000,0,0,0,""
749949,DATA,49.7,0.0, 0, 0, 0,1000,1000,0,0,0,""
750449,DATA,49.7,0.0, 0, 0, 0,1000,1000,0,0,0,""
750949,DATA,49.7,2.1, 0, 0, 0,1000,1000,0,0,0,""
751449,DATA,49.7,0.0, 0, 0, 0,1000,1000,0,0,0,""
751949,DATA,49.7,0.0, 0, 0, 0,1000,1000,0,0,0,""
752449,DATA,49.7,0.0, 0, 0, 0,1000,1000,0,0,0,""
752949,DATA,49.7,0.0, 0, 0, 0,1000,1000,0,0,0,""
753449,DATA,49.5,0.0, 0, 0, 0,1000,1000,0,0,0,""
753949,DATA,49.5,0.0, 0, 0, 0,1000,1000,0,0,0,""
754449,DATA,49.5,0.0, 0, 0, 0,1000,1000,0,0,0,""
754949,DATA,49.5,0.0, 0, 0, 0,1000,1000,0,0,0,""
755449,DATA,49.5,0.0, 0, 0, 0,1000,1000,0,0,0,""
755949,DATA,49.5,0.0, 0, 0, 0,1000,1000,0,0,0,""
756449,DATA,49.5,0.0, 0, 0, 0,1000,1000,0,0,0,""
756949,DATA,49.5,0.0, 0, 0, 0,1000,1000,0,0,0,""
757449,DATA,49.5,0.0, 0, 0, 0,1000,1000,0,0,0,""
757949,DATA,49.5,0.0, 0, 0, 0,1000,1000,0,0,0,""
758449,DATA,49.5,0.0, 0, 0, 0,1000,1000,0,0,0,""
758949,DATA,49.5,0.0, 0, 0, 0,1000,1000,0,0,0,""
759449,DATA,49.5,0.0, 0, 0, 0,1000,1000,0,0,0,""
759949,DATA,49.5,0.0, 0, 0, 0,1000,1000,0,0,0,""
760449,DATA,49.5,0.0, 0, 0, 0,1000,1000,0,0,0,""
760949,DATA,49.5,0.0, 0, 0, 0,1000,1000,0,0,0,""
761449,DATA,49.5,0.0, 0, 0, 0,1000,1000,0,0,0,""
761949,DATA,49.5,0.0, 0, 0, 0,1000,1000,0,0,0,""
762449,DATA,49.5,0.0, 0, 0, 0,1000,1000,0,0,0,""
762949,DATA,49.5,2.1, 0, 0, 0,1000,1000,0,0,0,""
763449,DATA,49.5,0.0, 0, 0, 0,1000,1000,0,0,0,""
763949,DATA,49.2,-2.1, 0, 0, 0,1000,1000,0,0,0,""
764449,DATA,49.5,0.0, 0, 0, 0,1000,1000,0,0,0,""
764949,DATA,49.5,0.0, 0, 0, 0,1000,1000,0,0,0,""
765449,DATA,49.5,2.1, 0, 0, 0,1000,1000,0,0,0,""
765949,DATA,49.5,2.1, 0, 0, 0,1000,1000,0,0,0,""
766449,DATA,49.2,-2.1, 0, 0, 0,1000,1000,0,0,0,""
766949,DATA,49.2,0.0, 0, 0, 0,1000,1000,0,0,0,""
767449,DATA,49.2,0.0, 0, 0, 0,1000,1000,0,0,0,""
767949,DATA,49.2,0.0, 0, 0, 0,1000,1000,0,0,0,""
768449,DATA,49.2,-2.1, 0, 0, 0,1000,1000,0,0,0,""
768949,DATA,49.2,0.0, 0, 0, 0,1000,1000,0,0,0,""
769449,DATA,49.2,0.0, 0, 0, 0,1000,1000,0,0,0,""
769949,DATA,49.2,0.0, 0, 0, 0,1000,1000,0,0,0,""
770449,DATA,49.2,0.0, 0, 0, 0,1000,1000,0,0,0,""
770949,DATA,49.2,0.0, 0, 0, 0,1000,1000,0,0,0,""
771449,DATA,49.2,0.0, 0, 0, 0,1000,1000,0,0,0,""
771949,DATA,49.2,0.0, 0, 0, 0,1000,1000,0,0,0,""
772449,DATA,49.2,0.0, 0, 0, 0,1000,1000,0,0,0,""
772949,DATA,49.2,0.0, 0, 0, 0,1000,1000,0,0,0,""
773449,DATA,49.2,0.0, 0, 0, 0,1000,1000,0,0,0,""
773949,DATA,49.2,0.0, 0, 0, 0,1000,1000,0,0,0,""
774449,DATA,49.2,2.1, 0, 0, 0,1000,1000,0,0,0,""
774949,DATA,49.0,0.0, 0, 0, 0,1000,1000,0,0,0,""
775449,DATA,49.0,-2.1, 0, 0, 0,1000,1000,0,0,0,""
775949,DATA,49.0,0.0, 0, 0, 0,1000,1000,0,0,0,""
776449,DATA,49.0,0.0, 0, 0, 0,1000,1000,0,0,0,""
776949,DATA,49.0,0.0, 0, 0, 0,1000,1000,0,0,0,""
777449,DATA,49.0,0.0, 0, 0, 0,1000,1000,0,0,0,""
777949,DATA,49.0,0.0, 0, 0, 0,1000,1000,0,0,0,""
778449,DATA,49.0,0.0, 0, 0, 0,1000,1000,0,0,0,""
778949,DATA,49.0,0.0, 0, 0, 0,1000,1000,0,0,0,""
779449,DATA,49.0,0.0, 0, 0, 0,1000,1000,0,0,0,""
779949,DATA,49.0,0.0, 0, 0,22570,1000,1000,0,0,0,""
780449,DATA,49.0,0.0, 0, 0,1781,1000,1000,0,0,0,""
780949,DATA,49.0,0.0, 0, 0,7718,1000,1000,0,0,0,""
781449,DATA,48.7,-2.1, 0, 0, 0,1000,1000,0,0,0,""
781949,DATA,49.0,0.0, 0, 0, 0,1000,1000,0,0,0,""
782449,DATA,49.0,0.0, 0, 0, 0,1000,1000,0,0,0,""
782949,DATA,49.0,0.0, 0, 0, 0,1000,1000,0,0,0,""
783449,DATA,49.0,0.0, 0, 0, 0,1000,1000,0,0,0,""
783949,DATA,49.0,0.0, 0, 0, 0,1000,1000,0,0,0,""
784449,DATA,49.0,2.1, 0, 0, 0,1000,1000,0,0,0,""
784949,DATA,48.7,0.0, 0, 0, 0,1000,1000,0,0,0,""
785449,DATA,49.0,2.1, 0, 0, 0,1000,1000,0,0,0,""
785949,DATA,48.7,-2.0, 0, 0, 0,1000,1000,0,0,0,""
786449,DATA,49.0,0.0, 0, 0, 0,1000,1000,0,0,0,""
786949,DATA,49.0,2.1, 0, 0, 0,1000,1000,0,0,0,""
787449,DATA,49.0,2.1, 0, 0, 0,1000,1000,0,0,0,""
787949,DATA,49.0,0.0, 0, 0, 0,1000,1000,0,0,0,""
788449,DATA,48.7,0.0, 0, 0, 0,1000,1000,0,0,0,""
788949,DATA,49.0,2.0, 0, 0, 0,1000,1000,0,0,0,""
789449,DATA,48.7,-2.1, 0, 0, 0,1000,1000,0,0,0,""
789949,DATA,48.7,0.0, 0, 0, 0,1000,1000,0,0,0,""
790449,DATA,48.7,0.0, 0, 0, 0,1000,1000,0,0,0,""
790949,DATA,48.7,0.0, 0, 0, 0,1000,1000,0,0,0,""
791449,DATA,48.7,0.0, 0, 0, 0,1000,1000,0,0,0,""
791949,DATA,48.7,0.0, 0, 0,4751,1000,1000,0,0,0,""
792449,DATA,48.7,0.0, 0, 0, 0,1000,1000,0,0,0,""
792949,DATA,48.7,0.0, 0, 0, 0,1000,1000,0,0,0,""
793449,DATA,48.7,0.0, 0, 0, 0,1000,1000,0,0,0,""
793949,DATA,48.7,0.0, 0, 0, 0,1000,1000,0,0,0,""
794449,DATA,48.7,0.0, 0, 0, 0,1000,1000,0,0,0,""
794949,DATA,48.7,0.0, 0, 0, 0,1000,1000,0,0,0,""
795449,DATA,48.7,0.0, 0, 0, 0,1000,1000,0,0,0,""
795949,DATA,48.7,0.0, 0, 0, 0,1000,1000,0,0,0,""
796449,DATA,48.7,0.0, 0, 0, 0,1000,1000,0,0,0,""
796949,DATA,48.7,0.0, 0, 0, 0,1000,1000,0,0,0,""
797449,DATA,48.7,0.0, 0, 0, 0,1000,1000,0,0,0,""
797949,DATA,48.7,0.0, 0, 0, 0,1000,1000,0,0,0,""
798449,DATA,48.7,0.0, 0, 0, 0,1000,1000,0,0,0,""
798949,DATA,48.7,0.0, 0, 0, 0,1000,1000,0,0,0,""
799449,DATA,48.7,0.0, 0, 0, 0,1000,1000,0,0,0,""
799949,DATA,48.7,0.0, 0, 0, 0,1000,1000,0,0,0,""
800449,DATA,48.7,0.0, 0, 0, 0,1000,1000,0,0,0,""
800949,DATA,48.7,0.0, 0, 0, 0,1000,1000,0,0,0,""
801449,DATA,48.7,0.0, 0, 0, 0,1000,1000,0,0,0,""
801949,DATA,48.7,0.0, 0, 0, 0,1000,1000,0,0,0,""
802449,DATA,48.7,0.0, 0, 0, 0,1000,1000,0,0,0,""
802949,DATA,48.7,0.0, 0, 0, 0,1000,1000,0,0,0,""
803449,DATA,48.5,-2.1, 0, 0, 0,1000,1000,0,0,0,""
803949,DATA,48.7,2.0, 0, 0, 0,1000,1000,0,0,0,""
804449,DATA,48.7,2.1, 0, 0, 0,1000,1000,0,0,0,""
804949,DATA,48.5,-2.1, 0, 0, 0,1000,1000,0,0,0,""
805449,DATA,48.7,2.1, 0, 0, 0,1000,1000,0,0,0,""
805949,DATA,48.5,0.0, 0, 0, 0,1000,1000,0,0,0,""
806449,DATA,48.7,0.0, 0, 0, 0,1000,1000,0,0,0,""
806949,DATA,48.5,0.0, 0, 0, 0,1000,1000,0,0,0,""
807449,DATA,48.5,0.0, 0, 0, 0,1000,1000,0,0,0,""
807949,DATA,48.5,0.0, 0, 0, 0,1000,1000,0,0,0,""
808449,DATA,48.5,0.0, 0, 0, 0,1000,1000,0,0,0,""
808949,DATA,48.5,0.0, 0, 0, 0,1000,1000,0,0,0,""
809449,DATA,48.5,0.0, 0, 0, 0,1000,1000,0,0,0,""
809949,DATA,48.5,0.0, 0, 0, 0,1000,1000,0,0,0,""
810449,DATA,48.5,0.0, 0, 0, 0,1000,1000,0,0,0,""
810949,DATA,48.5,0.0, 0, 0, 0,1000,1000,0,0,0,""
811449,DATA,48.5,0.0, 0, 0, 0,1000,1000,0,0,0,""
811949,DATA,48.5,0.0, 0, 0, 0,1000,1000,0,0,0,""
812449,DATA,48.5,0.0, 0, 0, 0,1000,1000,0,0,0,""
812949,DATA,48.5,0.0, 0, 0, 0,1000,1000,0,0,0,""
813449,DATA,48.5,0.0, 0, 0, 0,1000,1000,0,0,0,""
813949,DATA,48.5,0.0, 0, 0, 0,1000,1000,0,0,0,""
814449,DATA,48.5,0.0, 0, 0, 0,1000,1000,0,0,0,""
814949,DATA,48.5,0.0, 0, 0, 0,1000,1000,0,0,0,""
815449,DATA,48.5,0.0, 0, 0, 0,1000,1000,0,0,0,""
815949,DATA,48.5,0.0, 0, 0, 0,1000,1000,0,0,0,""
816449,DATA,48.5,0.0, 0, 0, 0,1000,1000,0,0,0,""
816949,DATA,48.5,0.0, 0, 0, 0,1000,1000,0,0,0,""
817449,DATA,48.5,0.0, 0, 0, 0,1000,1000,0,0,0,""
817949,DATA,48.5,0.0, 0, 0, 0,1000,1000,0,0,0,""
818449,DATA,48.5,0.0, 0, 0, 0,1000,1000,0,0,0,""
818949,DATA,48.5,2.0, 0, 0, 0,1000,1000,0,0,0,""
819449,DATA,48.3,-2.1, 0, 0, 0,1000,1000,0,0,0,""
819949,DATA,48.5,2.1, 0, 0, 0,1000,1000,0,0,0,""
820449,DATA,48.3,-2.1, 0, 0, 0,1000,1000,0,0,0,""
820949,DATA,48.3,0.0, 0, 0, 0,1000,1000,0,0,0,""
821449,DATA,48.5,2.1, 0, 0, 0,1000,1000,0,0,0,""
821949,DATA,48.3,0.0, 0, 0, 0,1000,1000,0,0,0,""
822449,DATA,48.3,0.0, 0, 0, 0,1000,1000,0,0,0,""
822949,DATA,48.3,0.0, 0, 0, 0,1000,1000,0,0,0,""
823449,DATA,48.3,0.0, 0, 0, 0,1000,1000,0,0,0,""
823949,DATA,48.3,-2.1, 0, 0, 0,1000,1000,0,0,0,""
824449,DATA,48.3,0.0, 0, 0, 0,1000,1000,0,0,0,""
824949,DATA,48.3,0.0, 0, 0, 0,1000,1000,0,0,0,""
825449,DATA,48.3,0.0, 0, 0, 0,1000,1000,0,0,0,""
825949,DATA,48.3,0.0, 0, 0, 0,1000,1000,0,0,0,""
826449,DATA,48.3,0.0, 0, 0, 0,1000,1000,0,0,0,""
826949,DATA,48.3,0.0, 0, 0, 0,1000,1000,0,0,0,""
827449,DATA,48.3,0.0, 0, 0, 0,1000,1000,0,0,0,""
827949,DATA,48.3,0.0, 0, 0, 0,1000,1000,0,0,0,""
828449,DATA,48.3,0.0, 0, 0, 0,1000,1000,0,0,0,""
828949,DATA,48.0,0.0, 0, 0, 0,1000,1000,0,0,0,""
829449,DATA,48.0,0.0, 0, 0, 0,1000,1000,0,0,0,""
829950,DATA,48.0,0.0, 0, 0,43949,1000,1000,0,0,0,""
830451,DATA,48.0,0.0, 0, 0, 0,1000,1000,0,0,0,""
830952,DATA,48.0,0.0, 0, 0, 0,1000,1000,0,0,0,""
831453,DATA,48.0,0.0, 0, 0, 0,1000,1000,0,0,0,""
831954,DATA,48.0,0.0, 0, 0,30875,1000,1000,0,0,0,""
832455,DATA,48.0,0.0, 0, 0,61745,1000,1000,0,0,0,""
832956,DATA,48.0,0.0, 0, 0, 0,1000,1000,0,0,0,""
833457,DATA,48.0,0.0, 0, 0, 0,1000,1000,0,0,0,""
833958,DATA,48.0,0.0, 0, 0, 0,1000,1000,0,0,0,""
834459,DATA,48.0,0.0, 0, 0, 0,1000,1000,0,0,0,""
834960,DATA,48.0,0.0, 0, 0, 0,1000,1000,0,0,0,""
835461,DATA,48.0,0.0, 0, 0, 0,1000,1000,0,0,0,""
835962,DATA,48.0,0.0, 0, 0, 0,1000,1000,0,0,0,""
836463,DATA,48.0,0.0, 0, 0, 0,1000,1000,0,0,0,""
836964,DATA,48.0,0.0, 0, 0, 0,1000,1000,0,0,0,""
837465,DATA,48.0,0.0, 0, 0, 0,1000,1000,0,0,0,""
837966,DATA,48.0,0.0, 0, 0,29714,1000,1000,0,0,0,""
838467,DATA,48.0,0.0, 0, 0, 0,1000,1000,0,0,0,""
838968,DATA,48.0,0.0, 0, 0,4157,1000,1000,0,0,0,""
839469,DATA,47.7,-2.1, 0, 0,80774,1000,1000,0,0,0,""
839970,DATA,47.7,-2.0, 0, 0,594,1000,1000,0,0,0,""
840471,DATA,48.0,0.0, 0, 0, 0,1000,1000,0,0,0,""
840972,DATA,48.0,0.0, 0, 0, 0,1000,1000,0,0,0,""
841473,DATA,47.7,0.0, 0, 0, 0,1000,1000,0,0,0,""
841974,DATA,47.7,0.0, 0, 0, 0,1000,1000,0,0,0,""
842475,DATA,48.0,2.1, 0, 0, 0,1000,1000,0,0,0,""
842976,DATA,47.7,0.0, 0, 0, 0,1000,1000,0,0,0,""
843477,DATA,48.0,2.1, 0, 0, 0,1000,1000,0,0,0,""
843978,DATA,47.7,0.0, 0, 0, 0,1000,1000,0,0,0,""
844479,DATA,47.7,0.0, 0, 0, 0,1000,1000,0,0,0,""
844980,DATA,47.7,0.0, 0, 0, 0,1000,1000,0,0,0,""
845481,DATA,47.7,0.0, 0, 0, 0,1000,1000,0,0,0,""
845982,DATA,47.7,0.0, 0, 0, 0,1000,1000,0,0,0,""
846483,DATA,47.7,0.0, 0, 0, 0,1000,1000,0,0,0,""
846984,DATA,47.7,0.0, 0, 0, 0,1000,1000,0,0,0,""
847485,DATA,47.7,0.0, 0, 0, 0,1000,1000,0,0,0,""
847986,DATA,47.7,0.0, 0, 0, 0,1000,1000,0,0,0,""
848487,DATA,47.7,0.0, 0, 0, 0,1000,1000,0,0,0,""
848988,DATA,47.7,0.0, 0, 0, 0,1000,1000,0,0,0,""
849489,DATA,47.7,0.0, 0, 0, 0,1000,1000,0,0,0,""
849990,DATA,47.7,0.0, 0, 0, 0,1000,1000,0,0,0,""
849999,EVENT,47.7,0.0, 0, 0, 0,1000,1000,0,0,0,"STARTER 1200"
850509,DATA,47.0,0.0,381,265,1000,1000,1123,0,0,0,""
851029,DATA,46.7,-8.3,1439,1164,500,1000,1199,0,0,0,""
851529,DATA,46.7,-8.3,2948,2655,600,1000,1200,0,0,0,""
852029,DATA,47.0,0.0,3090,3080,600,1000,1200,0,0,0,""
852529,DATA,47.0,-6.2,3188,3154, 0,1000,1200,0,0,0,""
853029,DATA,47.2,-4.2,3088,3125,600,1000,1200,0,0,0,""
853529,DATA,47.7,6.2,3103,3091,600,1000,1200,0,0,0,""
854029,DATA,47.7,6.2,2944,2990, 0,1000,1200,0,0,0,""
854529,DATA,47.7,0.0,2958,2946,600,1000,1200,0,0,0,""
855029,DATA,47.7,6.2,3296,3242,600,1000,1200,0,0,0,""
855529,DATA,47.2,2.1,3304,3307,600,1000,1200,0,0,0,""
856029,DATA,46.7,0.0,3042,3155,2400,1000,1200,0,0,0,""
856529,DATA,47.0,2.1,2880,2866,3000,1000,1200,0,0,0,""
857029,DATA,47.0,0.0,3185,3116,3600,1000,1200,0,0,0,""
857529,DATA,47.0,2.1,3395,3348,3000,1000,1200,0,0,0,""
858029,DATA,46.7,0.0,3499,3476,3600,1000,1200,0,0,0,""
858529,DATA,46.7,0.0,3545,3535,3600,1000,1200,0,0,0,""
859029,DATA,46.7,0.0,3573,3565,3600,1000,1200,0,0,0,""
859529,DATA,46.7,0.0,3601,3593,3600,1000,1200,0,0,0,""
860029,DATA,46.7,0.0,3637,3629,3600,1000,1200,0,0,0,""
860529,DATA,46.7,0.0,3644,3644,3600,1000,1200,0,0,0,""
861029,DATA,46.7,0.0,3634,3636,3600,1000,1200,0,0,0,""
861529,DATA,46.5,-2.1,3620,3623,3600,1000,1200,0,0,0,""
862029,DATA,46.5,0.0,3612,3613,3600,1000,1200,0,0,0,""
862529,DATA,46.2,-2.1,3607,3609,3600,1000,1200,0,0,0,""
862844,EVENT,46.2,0.0,3604,3605,3601,1000,1200,0,0,0,"STARTER 1220"
863049,DATA,46.2,0.0,3604,3604,3595,1000,1206,0,0,0,""
863549,DATA,46.0,-2.1,3487,3518,4200,1000,1216,0,0,0,""
864034,EVENT,46.0,-2.1,3720,3667,3600,1000,1220,0,0,0,"STARTER 1240"
864049,DATA,46.0,0.0,3720,3667,3600,1000,1221,0,0,0,""
864170,EVENT,46.0,0.0,3757,3707,4200,1000,1224,0,0,0,"STARTER 1260"
864370,EVENT,46.0,0.0,3600,3679,1500,1000,1233,0,0,0,"STARTER 1280"
864569,DATA,46.0,0.0,3519,3607,1500,1000,1245,0,0,0,""
864850,EVENT,46.0,0.0,3699,3648,1500,1000,1261,0,0,0,"STARTER 1300"
865089,DATA,46.0,1.6,3845,3792,1500,1000,1273,0,0,0,""
865609,DATA,45.8,0.0,3918,3929,1500,1000,1293,0,0,0,""
866109,DATA,45.8,0.0,4421,4247,4800,1000,1300,0,0,0,""
866609,DATA,45.8,2.1,4914,4821,5399,1000,1300,0,0,0,""
867109,DATA,45.5,-2.1,5050,5020,6000,1000,1300,0,0,0,""
867609,DATA,45.5,0.0,5093,5086,6000,1000,1300,0,0,0,""
868109,DATA,45.5,0.0,5325,5301,4801,1000,1300,0,0,0,""
868609,DATA,45.2,-2.1,5176,5198,7200,1000,1300,0,0,0,""
869109,DATA,45.2,-2.1,5137,5144,6599,1000,1300,0,0,0,""
869609,DATA,45.2,0.0,5133,5134,7200,1000,1300,0,0,0,""
870109,DATA,45.2,0.0,5121,5124,5400,1000,1300,0,0,0,""
870609,DATA,45.0,0.0,5344,5227,8401,1000,1300,0,0,0,""
871109,DATA,45.0,0.0,5433,5351,7199,1000,1300,0,0,0,""
871536,EVENT,45.0,0.0,5392,5397,6601,1000,1300,1,0,0,"IGN ON"
871609,DATA,45.0,0.0,5342,5372,5399,1000,1300,1,0,0,""
872109,DATA,45.0,2.1,5174,5206,6000,1000,1300,1,0,0,""
872609,DATA,44.7,0.0,5145,5150,5999,1000,1300,1,0,0,""
872702,EVENT,45.0,2.1,5145,5148,4799,1000,1300,1,1,0,"VALVE1 ON"
873109,DATA,44.7,0.0,5157,5153,7200,1000,1300,1,1,0,""
873609,DATA,44.7,0.0,5413,5423,7200,1000,1300,1,1,0,""
874109,DATA,44.7,0.0,5332,5309,9000,1000,1300,1,1,0,""
874412,EVENT,44.5,-2.1,5265,5289,7800,1000,1300,1,1,0,"PUMP 1045"
874609,DATA,44.7,2.1,5219,5245,6601,1002,1300,1,1,0,""
875109,DATA,44.7,0.0,4924,5072,1500,1018,1300,1,1,0,""
875629,DATA,44.5,0.0,4753,4766,1500,1040,1300,1,1,0,""
876129,DATA,44.5,2.1,4576,4591,6599,1045,1300,1,1,0,""
876629,DATA,44.5,0.0,5037,4953,5400,1045,1300,1,1,0,""
877129,DATA,44.2,0.0,5170,5143,4800,1045,1300,1,1,0,""
877629,DATA,44.0,-2.1,5182,5178,5400,1045,1300,1,1,0,""
878129,DATA,44.2,0.0,5203,5198,6000,1045,1300,1,1,0,""
878629,DATA,44.2,2.1,5428,5305,6600,1045,1300,1,1,0,""
879129,DATA,44.0,-2.1,6352,6223,6600,1045,1300,1,1,0,""
879629,DATA,44.0,0.0,5458,5603,7199,1045,1300,1,1,0,""
880129,DATA,44.0,0.0,5220,5265,4799,1045,1300,1,1,0,""
880629,DATA,44.0,0.0,5759,5537,10199,1045,1300,1,1,0,""
881129,DATA,44.0,2.1,6803,6837,5999,1045,1300,1,1,0,""
881629,DATA,43.7,-2.1,5796,5965,10199,1045,1300,1,1,0,""
882129,DATA,44.0,2.1,5284,5376,6000,1045,1300,1,1,0,""
882629,DATA,43.7,-2.1,5212,5228,4799,1045,1300,1,1,0,""
883129,DATA,43.7,0.0,5209,5209,6000,1045,1300,1,1,0,""
883160,EVENT,43.7,0.0,5209,5209,6000,1045,1300,1,1,0,"PUMP 1050"
883629,DATA,43.7,2.1,5300,5303,5400,1046,1300,1,1,0,""
884129,DATA,43.7,0.0,5241,5251,6000,1049,1300,1,1,0,""
884208,EVENT,43.7,0.0,5241,5251,6000,1049,1300,1,1,0,"PUMP 1055"
884629,DATA,43.5,0.0,5307,5329,7799,1050,1300,1,1,0,""
885129,DATA,43.5,0.0,5235,5250,5401,1053,1300,1,1,0,""
885629,DATA,43.5,0.0,5438,5322,6000,1055,1300,1,1,0,""
886129,DATA,43.5,0.0,5512,5555,5401,1055,1300,1,1,0,""
886629,DATA,43.5,2.1,5265,5307,5400,1055,1300,1,1,0,""
887129,DATA,43.3,-2.1,5630,5438,9600,1055,1300,1,1,0,""
887629,DATA,43.3,0.0,5452,5543,6601,1055,1300,1,1,0,""
888129,DATA,43.3,0.0,5907,5634,7199,1055,1300,1,1,0,""
888629,DATA,43.3,0.0,5634,5781,5401,1055,1300,1,1,0,""
889129,DATA,43.0,0.0,5280,5343,5400,1055,1300,1,1,0,""
889629,DATA,43.0,0.0,5223,5236,7200,1055,1300,1,1,0,""
890129,DATA,43.0,0.0,5217,5217,6000,1055,1300,1,1,0,""
890629,DATA,43.0,0.0,5222,5221,4800,1055,1300,1,1,0,""
891129,DATA,42.7,-2.1,5220,5221,7800,1055,1300,1,1,0,""
891629,DATA,43.0,2.1,5222,5223,4800,1055,1300,1,1,0,""
892129,DATA,43.0,0.0,5216,5218,7800,1055,1300,1,1,0,""
892629,DATA,42.7,0.0,5190,5194,6600,1055,1300,1,1,0,""
893129,DATA,42.7,0.0,5199,5198,5400,1055,1300,1,1,0,""
893629,DATA,42.7,0.0,5420,5301,8401,1055,1300,1,1,0,""
894084,EVENT,42.7,0.0,5394,5430,5400,1055,1300,0,1,0,"IGN OFF"
894129,DATA,42.7,0.0,5343,5391,5400,1055,1300,0,1,0,""
894629,DATA,42.7,2.1,5446,5349,6600,1055,1300,0,1,0,""
894650,EVENT,42.7,2.1,5446,5349,6600,1055,1300,1,1,0,"IGN ON"
895129,DATA,42.5,0.0,5365,5383,5400,1055,1300,1,1,0,""
895629,DATA,42.5,0.0,5243,5269,5401,1055,1300,1,1,0,""
895701,EVENT,42.5,0.0,5243,5269,5401,1055,1300,0,1,0,"IGN OFF"
896129,DATA,42.5,0.0,5199,5208,7800,1055,1300,0,1,0,""
896629,DATA,42.5,0.0,5196,5195,6000,1055,1300,0,1,0,""
897129,DATA,42.2,-2.1,5192,5196,4800,1055,1300,0,1,0,""
897629,DATA,42.2,0.0,5182,5182,6600,1055,1300,0,1,0,""
898129,DATA,42.2,-2.1,5176,5177,7200,1055,1300,0,1,0,""
898629,DATA,42.2,0.0,5151,5158,5400,1055,1300,0,1,0,""
899129,DATA,42.0,-2.1,5165,5160,6000,1055,1300,0,1,0,""
899629,DATA,42.2,2.1,5176,5173,6000,1055,1300,0,1,0,""
900129,DATA,42.2,0.0,5185,5183,4800,1055,1300,0,1,0,""
900629,DATA,42.0,0.0,5191,5189,5400,1055,1300,0,1,0,""
901129,DATA,42.0,0.0,5480,5422,4799,1055,1300,0,1,0,""
901159,EVENT,42.0,0.0,5430,5425,6600,1000,1300,0,0,0,"EV:A03_ESTOP"
901629,DATA,42.0,0.0,5277,5315,6000,1000,1300,0,0,0,""
902129,DATA,42.0,0.0,5215,5228,6000,1000,1300,0,0,0,""
902629,DATA,41.7,-2.1,5208,5207,7200,1000,1300,0,0,0,""
903129,DATA,42.0,2.1,5426,5318,9599,1000,1300,0,0,0,""
903629,DATA,41.7,0.0,5266,5307,5400,1000,1300,0,0,0,""
904129,DATA,41.7,0.0,5197,5210,4800,1000,1300,0,0,0,""
904239,EVENT,41.7,0.0,5193,5199,5345,1000,1300,1,0,0,"IGN ON"
904629,DATA,41.7,0.0,5197,5196,6600,1000,1300,1,0,0,""
905017,EVENT,41.7,0.0,5215,5209,7200,1000,1300,1,1,0,"VALVE1 ON"
905129,DATA,41.7,0.0,5216,5212,5999,1000,1300,1,1,0,""
905629,DATA,41.5,-2.1,5243,5262,8400,1000,1300,1,1,0,""
906129,DATA,41.5,-2.1,5352,5270,6600,1000,1300,1,1,0,""
906629,DATA,41.7,0.0,5242,5272,6001,1000,1300,1,1,0,""
907129,DATA,41.5,0.0,5320,5264,8399,1000,1300,1,1,0,""
907629,DATA,41.5,0.0,5636,5643,6000,1000,1300,1,1,0,""
908129,DATA,41.7,2.1,5275,5337,4800,1000,1300,1,1,0,""
908629,DATA,41.5,0.0,5371,5305,5999,1000,1300,1,1,0,""
909004,EVENT,41.5,0.0,5484,5486,6600,1000,1300,1,1,0,"PUMP 1045"
909129,DATA,41.5,0.0,5412,5453,6599,1001,1300,1,1,0,""
909649,DATA,41.2,-2.1,5013,5162,1500,1016,1300,1,1,0,""
910169,DATA,41.5,2.1,4744,4844,1500,1038,1300,1,1,0,""
910669,DATA,41.2,-2.1,4734,4733,7800,1045,1300,1,1,0,""
911169,DATA,41.2,0.0,5089,5024,6000,1045,1300,1,1,0,""
911669,DATA,41.2,0.0,5178,5162,6601,1045,1300,1,1,0,""
911900,EVENT,41.2,0.0,5769,5484,8909,1000,1000,0,0,0,"EV:A05_ALL_OFF"
912169,DATA,41.5,2.1,5706,5750,5400,1000,1000,0,0,0,""
912669,DATA,41.5,0.0,4870,5044,4800,1000,1000,0,0,0,""
913169,DATA,41.5,0.0,4367,4484,4200,1000,1000,0,0,0,""
913669,DATA,41.5,0.0,3982,4073,3600,1000,1000,0,0,0,""
914169,DATA,41.5,0.0,3614,3684,3600,1000,1000,0,0,0,""
914669,DATA,41.5,0.0,3336,3389,3600,1000,1000,0,0,0,""
915169,DATA,41.2,-2.1,3099,3145,3000,1000,1000,0,0,0,""
915669,DATA,41.5,2.1,2886,2928,3000,1000,1000,0,0,0,""
916169,DATA,41.5,0.0,2697,2734,2400,1000,1000,0,0,0,""
916388,EVENT,41.5,2.1,2629,2664,2375,1000,1000,0,1,0,"VALVE1 ON"
916669,DATA,41.5,0.0,2531,2564,2400,1000,1000,0,1,0,""
917018,EVENT,41.5,0.0,2405,2437,2400,1000,1000,0,0,0,"VALVE1 OFF"
917169,DATA,41.5,0.0,2373,2405,2400,1000,1000,0,0,0,""
917669,DATA,41.2,-2.1,2225,2254,1800,1000,1000,0,0,0,""
918169,DATA,41.2,-2.1,2097,2122,1800,1000,1000,0,0,0,""
918468,EVENT,41.2,0.0,2027,2050,1801,1000,1000,0,0,1,"VALVE2 ON"
918669,DATA,41.5,2.1,1980,2003,1800,1000,1000,0,0,1,""
919169,DATA,41.5,0.0,1870,1891,1800,1000,1000,0,0,1,""
919207,EVENT,41.5,0.0,1870,1891,1800,1000,1000,0,0,0,"VALVE2 OFF"
919669,DATA,41.5,0.0,1767,1787,1800,1000,1000,0,0,0,""
919921,EVENT,41.5,2.1,1710,1729,1801,1000,1000,0,0,1,"VALVE2 ON"
920169,DATA,41.2,0.0,1674,1692,1200,1000,1000,0,0,1,""
920466,EVENT,41.2,-2.1,1621,1639,1201,1000,1000,0,0,0,"VALVE2 OFF"
920669,DATA,41.5,0.0,1586,1603,1800,1000,1000,0,0,0,""
921169,DATA,41.5,0.0,1499,1516,1800,1000,1000,0,0,0,""
921669,DATA,41.5,0.0,1421,1436,1800,1000,1000,0,0,0,""
922169,DATA,41.5,2.1,1347,1361,1800,1000,1000,0,0,0,""
922669,DATA,41.5,0.0,1273,1288,1200,1000,1000,0,0,0,""
923169,DATA,41.5,0.0,1204,1218,1200,1000,1000,0,0,0,""
923669,DATA,41.5,0.0,1141,1153,1200,1000,1000,0,0,0,""
924169,DATA,41.5,0.0,1080,1092,1200,1000,1000,0,0,0,""
924669,DATA,41.5,0.0,1019,1031,600,1000,1000,0,0,0,""
925169,DATA,41.5,0.0,962,974,600,1000,1000,0,0,0,""
925669,DATA,41.5,0.0,908,918,600,1000,1000,0,0,0,""
926169,DATA,41.5,0.0,856,866,600,1000,1000,0,0,0,""
926669,DATA,41.5,0.0,805,816,600,1000,1000,0,0,0,""
927169,DATA,41.5,0.0,756,766,600,1000,1000,0,0,0,""
927669,DATA,41.5,0.0,710,720,600,1000,1000,0,0,0,""
928169,DATA,41.5,0.0,663,673,600,1000,1000,0,0,0,""
928669,DATA,41.5,0.0,618,627,600,1000,1000,0,0,0,""
929169,DATA,41.5,0.0,578,585,600,1000,1000,0,0,0,""
929669,DATA,41.5,0.0,535,544,600,1000,1000,0,0,0,""
930169,DATA,41.5,0.0,498,505, 0,1000,1000,0,0,0,""
930669,DATA,41.5,0.0, 0, 0,600,1000,1000,0,0,0,""
931169,DATA,41.5,0.0, 0, 0, 0,1000,1000,0,0,0,""
931669,DATA,41.5,0.0, 0, 0,600,1000,1000,0,0,0,""
932169,DATA,41.5,0.0, 0, 0,600,1000,1000,0,0,0,""
932669,DATA,41.5,0.0, 0, 0,600,1000,1000,0,0,0,""
933169,DATA,41.5,0.0, 0, 0, 0,1000,1000,0,0,0,""
933669,DATA,41.5,0.0, 0, 0,600,1000,1000,0,0,0,""
934169,DATA,41.5,0.0, 0, 0, 0,1000,1000,0,0,0,""
934669,DATA,41.5,0.0, 0, 0, 0,1000,1000,0,0,0,""
935169,DATA,41.5,0.0, 0, 0, 0,1000,1000,0,0,0,""
935669,DATA,41.5,0.0, 0, 0, 0,1000,1000,0,0,0,""
936169,DATA,41.5,0.0, 0, 0, 0,1000,1000,0,0,0,""
936669,DATA,41.5,0.0, 0, 0, 0,1000,1000,0,0,0,""
937169,DATA,41.5,0.0,87,123, 0,1000,1000,0,0,0,""
937669,DATA,41.5,-2.1, 0, 0, 0,1000,1000,0,0,0,""
938169,DATA,41.5,0.0, 0, 0, 0,1000,1000,0,0,0,""
938669,DATA,41.7,2.1, 0, 0, 0,1000,1000,0,0,0,""
939169,DATA,41.5,0.0, 0, 0, 0,1000,1000,0,0,0,""
939669,DATA,41.5,0.0, 0, 0, 0,1000,1000,0,0,0,""
940169,DATA,41.7,2.1, 0, 0, 0,1000,1000,0,0,0,""
940669,DATA,41.5,0.0, 0, 0, 0,1000,1000,0,0,0,""
941169,DATA,41.5,0.0, 0, 0, 0,1000,1000,0,0,0,""
942169,DATA,41.5,0.0, 0, 0, 0,1000,1000,0,0,0,""
942669,DATA,41.5,0.0, 0, 0, 0,1000,1000,0,0,0,""
943169,DATA,41.7,0.0, 0, 0, 0,1000,1000,0,0,0,""
943669,DATA,41.5,-2.1, 0, 0, 0,1000,1000,0,0,0,""
944169,DATA,41.5,0.0, 0, 0, 0,1000,1000,0,0,0,""
944669,DATA,41.5,-2.1, 0, 0, 0,1000,1000,0,0,0,""
945169,DATA,41.5,-2.1, 0, 0, 0,1000,1000,0,0,0,""
945669,DATA,41.5,0.0, 0, 0, 0,1000,1000,0,0,0,""
946169,DATA,41.7,2.1, 0, 0, 0,1000,1000,0,0,0,""
946669,DATA,41.5,0.0, 0, 0, 0,1000,1000,0,0,0,""
947169,DATA,41.5,0.0, 0, 0, 0,1000,1000,0,0,0,""
947669,DATA,41.7,2.1, 0, 0, 0,1000,1000,0,0,0,""
948169,DATA,41.5,0.0, 0, 0, 0,1000,1000,0,0,0,""
948669,DATA,41.5,-2.1, 0, 0, 0,1000,1000,0,0,0,""
949169,DATA,41.5,0.0, 0, 0, 0,1000,1000,0,0,0,""
949669,DATA,41.5,-2.1, 0, 0, 0,1000,1000,0,0,0,""
950169,DATA,41.7,2.1, 0, 0, 0,1000,1000,0,0,0,""
950669,DATA,41.7,2.1, 0, 0, 0,1000,1000,0,0,0,""
951169,DATA,41.5,-2.1, 0, 0, 0,1000,1000,0,0,0,""
951669,DATA,41.5,0.0, 0, 0, 0,1000,1000,0,0,0,""
952169,DATA,41.5,0.0, 0, 0, 0,1000,1000,0,0,0,""
952669,DATA,41.5,0.0, 0, 0, 0,1000,1000,0,0,0,""
953169,DATA,41.7,2.1, 0, 0, 0,1000,1000,0,0,0,""
953669,DATA,41.5,0.0, 0, 0, 0,1000,1000,0,0,0,""
954169,DATA,41.5,0.0, 0, 0, 0,1000,1000,0,0,0,""
954669,DATA,41.5,0.0, 0, 0, 0,1000,1000,0,0,0,""
955169,DATA,41.5,0.0, 0, 0, 0,1000,1000,0,0,0,""
955669,DATA,41.5,0.0, 0, 0, 0,1000,1000,0,0,0,""
956169,DATA,41.5,0.0, 0, 0, 0,1000,1000,0,0,0,""
956669,DATA,41.5,0.0, 0, 0, 0,1000,1000,0,0,0,""
957169,DATA,41.5,0.0, 0, 0, 0,1000,1000,0,0,0,""
957669,DATA,41.5,0.0, 0, 0, 0,1000,1000,0,0,0,""
958169,DATA,41.5,0.0, 0, 0, 0,1000,1000,0,0,0,""
958669,DATA,41.5,0.0, 0, 0, 0,1000,1000,0,0,0,""
959169,DATA,41.5,0.0, 0, 0, 0,1000,1000,0,0,0,""
959669,DATA,41.5,0.0, 0, 0, 0,1000,1000,0,0,0,""
960169,DATA,41.5,-2.1, 0, 0, 0,1000,1000,0,0,0,""
960669,DATA,41.5,0.0, 0, 0, 0,1000,1000,0,0,0,""
961169,DATA,41.5,0.0, 0, 0, 0,1000,1000,0,0,0,""
961669,DATA,41.5,0.0, 0, 0, 0,1000,1000,0,0,0,""
962169,DATA,41.5,0.0, 0, 0, 0,1000,1000,0,0,0,""
962669,DATA,41.5,0.0, 0, 0, 0,1000,1000,0,0,0,""
963169,DATA,41.5,-2.1, 0, 0, 0,1000,1000,0,0,0,""
963669,DATA,41.5,0.0, 0, 0, 0,1000,1000,0,0,0,""
964169,DATA,41.5,0.0, 0, 0, 0,1000,1000,0,0,0,""
964669,DATA,41.5,0.0, 0, 0, 0,1000,1000,0,0,0,""
965169,DATA,41.5,0.0, 0, 0, 0,1000,1000,0,0,0,""
965669,DATA,41.5,0.0, 0, 0, 0,1000,1000,0,0,0,""
966169,DATA,41.5,0.0, 0, 0, 0,1000,1000,0,0,0,""
966669,DATA,41.5,0.0, 0, 0, 0,1000,1000,0,0,0,""
967169,DATA,41.5,0.0, 0, 0, 0,1000,1000,0,0,0,""
967669,DATA,41.5,0.0, 0, 0, 0,1000,1000,0,0,0,""
968169,DATA,41.5,0.0, 0, 0, 0,1000,1000,0,0,0,""
968669,DATA,41.5,0.0, 0, 0, 0,1000,1000,0,0,0,""
969169,DATA,41.5,0.0, 0, 0, 0,1000,1000,0,0,0,""
969669,DATA,41.5,0.0, 0, 0, 0,1000,1000,0,0,0,""
970169,DATA,41.5,0.0, 0, 0, 0,1000,1000,0,0,0,""
970669,DATA,41.5,0.0, 0, 0, 0,1000,1000,0,0,0,""
971169,DATA,41.5,0.0, 0, 0, 0,1000,1000,0,0,0,""
971669,DATA,41.5,0.0, 0, 0, 0,1000,1000,0,0,0,""
972169,DATA,41.5,0.0, 0, 0, 0,1000,1000,0,0,0,""
972669,DATA,41.5,0.0, 0, 0, 0,1000,1000,0,0,0,""
973169,DATA,41.5,0.0, 0, 0, 0,1000,1000,0,0,0,""
973669,DATA,41.5,0.0, 0, 0, 0,1000,1000,0,0,0,""
974169,DATA,41.5,0.0, 0, 0, 0,1000,1000,0,0,0,""
974669,DATA,41.5,0.0, 0, 0, 0,1000,1000,0,0,0,""
