ms,type,egtC,dEgtCps,rpm,fRpm,rRpm,pumpUs,starterUs,ign,valve1,valve2,event
5274,EVENT,,, 0, 0, 0,1000,1000,0,0,0,"BOOT SD_LOG_READY"
9315,EVENT,,, 0, 0, 0,1000,1000,0,0,0,"EV:A05_ALL_OFF"
9429,EVENT,,, 0, 0, 0,1000,1000,0,0,0,"CONFIG_LOADED"
9544,DATA,32.7,0.0, 0, 0,600,1000,1000,0,0,0,""
10044,DATA,32.7,0.0, 0, 0, 0,1000,1000,0,0,0,""
10544,DATA,32.7,0.0, 0, 0, 0,1000,1000,0,0,0,""
11044,DATA,32.7,0.0, 0, 0, 0,1000,1000,0,0,0,""
11544,DATA,32.7,0.0, 0, 0, 0,1000,1000,0,0,0,""
12044,DATA,32.7,2.1, 0, 0, 0,1000,1000,0,0,0,""
12544,DATA,32.5,-2.1, 0, 0, 0,1000,1000,0,0,0,""
13044,DATA,32.5,0.0, 0, 0, 0,1000,1000,0,0,0,""
13544,DATA,32.7,0.0, 0, 0, 0,1000,1000,0,0,0,""
14044,DATA,32.7,0.0, 0, 0, 0,1000,1000,0,0,0,""
14544,DATA,32.7,0.0, 0, 0, 0,1000,1000,0,0,0,""
15044,DATA,32.7,0.0, 0, 0, 0,1000,1000,0,0,0,""
15544,DATA,32.7,0.0, 0, 0, 0,1000,1000,0,0,0,""
16044,DATA,32.7,0.0, 0, 0, 0,1000,1000,0,0,0,""
16544,DATA,32.7,0.0, 0, 0, 0,1000,1000,0,0,0,""
17044,DATA,32.7,0.0, 0, 0, 0,1000,1000,0,0,0,""
17544,DATA,32.7,0.0, 0, 0, 0,1000,1000,0,0,0,""
17885,EVENT,32.7,0.0, 0, 0, 0,1000,1000,0,0,0,"STARTER 1200"
18075,DATA,32.7,0.0,300,300, 0,1000,1047,0,0,0,""
18595,DATA,32.7,12.5,2269,1731, 0,1000,1158,0,0,0,""
19095,DATA,31.2,6.2,3694,3370, 0,1000,1200,0,0,0,""
19595,DATA,31.2,-6.2,4707,4503, 0,1000,1200,0,0,0,""
20095,DATA,31.2,0.0,4815,4741,1800,1000,1200,0,0,0,""
20595,DATA,31.5,0.0,3489,3895,3000,1000,1200,0,0,0,""
21095,DATA,31.5,0.0,2978,2899,3600,1000,1200,0,0,0,""
21595,DATA,31.8,0.0,3659,3534,4200,1000,1200,0,0,0,""
22095,DATA,32.0,2.1,3841,3804,3600,1000,1200,0,0,0,""
22595,DATA,31.8,0.0,3875,3868,4200,1000,1200,0,0,0,""
23095,DATA,31.8,-2.1,3884,3882,3600,1000,1200,0,0,0,""
23595,DATA,31.8,-2.1,3890,3889,4200,1000,1200,0,0,0,""
24095,DATA,31.8,0.0,3884,3886,4200,1000,1200,0,0,0,""
24595,DATA,31.5,-2.1,3878,3879,3600,1000,1200,0,0,0,""
25095,DATA,31.8,0.0,3882,3881,4200,1000,1200,0,0,0,""
25595,DATA,31.8,0.0,3887,3886,3600,1000,1200,0,0,0,""
25817,EVENT,31.8,0.0,3890,3888,3602,1000,1200,0,0,0,"STARTER 1220"
25938,EVENT,31.8,0.0,3890,3890,3600,1000,1204,0,0,0,"STARTER 1240"
26095,DATA,31.8,0.0,3801,3850,2242,1000,1211,0,0,0,""
26176,EVENT,31.5,-2.1,3801,3850,2242,1000,1215,0,0,0,"STARTER 1260"
26615,DATA,31.5,0.0,3203,3315,1500,1000,1240,0,0,0,""
27016,EVENT,31.5,0.0,3394,3250,1500,1000,1255,0,0,0,"STARTER 1280"
27135,DATA,31.8,2.0,3558,3388,1481,1000,1258,0,0,0,""
27216,EVENT,31.5,-1.5,3888,3613,2018,1000,1262,0,0,0,"STARTER 1300"
27655,DATA,31.2,-2.1,4243,4070,1500,1000,1283,0,0,0,""
28175,DATA,31.2,2.1,4511,4457,1500,1000,1299,0,0,0,""
28675,DATA,31.5,2.1,5023,4924,5401,1000,1300,0,0,0,""
29175,DATA,31.2,0.0,5570,5467,5400,1000,1300,0,0,0,""
29675,DATA,31.2,2.1,5703,5677,6000,1000,1300,0,0,0,""
30175,DATA,31.0,-2.1,5729,5723,6000,1000,1300,0,0,0,""
30675,DATA,31.2,0.0,5732,5732,6000,1000,1300,0,0,0,""
31175,DATA,31.2,0.0,5730,5730,5400,1000,1300,0,0,0,""
31188,EVENT,31.2,0.0,5730,5730,5400,1000,1300,1,0,0,"IGN ON"
31675,DATA,30.8,0.0,5711,5719,5400,1000,1300,1,0,0,""
32175,DATA,31.0,0.0,5673,5681,5400,1000,1300,1,0,0,""
32675,DATA,31.0,-2.1,5665,5666,6000,1000,1300,1,0,0,""
33175,DATA,31.2,0.0,5673,5671,5400,1000,1300,1,0,0,""
33203,EVENT,31.2,0.0,5673,5671,5400,1000,1300,1,1,0,"VALVE1 ON"
33675,DATA,31.2,0.0,5677,5677,5400,1000,1300,1,1,0,""
34175,DATA,31.0,-2.1,5680,5679,6000,1000,1300,1,1,0,""
34586,EVENT,31.2,0.0,5686,5684,6000,1000,1300,1,1,0,"PUMP 1045"
34675,DATA,31.0,-2.1,5688,5686,5399,1000,1300,1,1,0,""
35195,DATA,31.2,1.6,5689,5689,3093,1015,1300,1,1,0,""
35715,DATA,31.2,-2.1,4553,4825,1500,1037,1300,1,1,0,""
36215,DATA,31.2,2.1,4766,4638,6000,1045,1300,1,1,0,""
36715,DATA,31.5,2.1,5529,5395,5400,1045,1300,1,1,0,""
37215,DATA,31.8,2.1,5681,5650,6000,1045,1300,1,1,0,""
37715,DATA,33.2,0.0,5709,5703,6000,1045,1300,1,1,0,""
38215,DATA,35.0,4.2,5716,5714,5400,1045,1300,1,1,0,""
38715,DATA,36.7,6.2,5728,5726,5999,1045,1300,1,1,0,""
39215,DATA,38.2,2.1,5731,5731,6001,1045,1300,1,1,0,""
39715,DATA,39.7,4.2,5732,5732,6000,1045,1300,1,1,0,""
40215,DATA,41.2,2.1,5733,5733,5400,1045,1300,1,1,0,""
40715,DATA,42.7,0.0,5731,5732,5400,1045,1300,1,1,0,""
41081,EVENT,44.2,2.1,5732,5732,6000,1045,1300,1,1,0,"PUMP 1050"
41215,DATA,44.7,4.2,5731,5731,6001,1045,1300,1,1,0,""
41715,DATA,46.0,2.1,5729,5730,6000,1047,1300,1,1,0,""
42215,DATA,47.7,4.2,5732,5730,5400,1049,1300,1,1,0,""
42715,DATA,49.5,2.1,5742,5739,5400,1050,1300,1,1,0,""
43215,DATA,51.7,6.2,5750,5749,5400,1050,1300,1,1,0,""
43715,DATA,53.7,2.1,5757,5755,5400,1050,1300,1,1,0,""
44215,DATA,57.2,4.2,5772,5767,5401,1050,1300,1,1,0,""
44715,DATA,60.8,10.4,5779,5778,5400,1050,1300,1,1,0,""
45215,DATA,64.0,8.3,5790,5787,6000,1050,1300,1,1,0,""
45715,DATA,68.0,8.3,5804,5801,6000,1050,1300,1,1,0,""
46215,DATA,71.5,10.4,5808,5808,6000,1050,1300,1,1,0,""
46715,DATA,74.7,8.3,5809,5809,5999,1050,1300,1,1,0,""
47215,DATA,78.5,8.3,5810,5810,5400,1050,1300,1,1,0,""
47715,DATA,81.2,8.3,5806,5807,6000,1050,1300,1,1,0,""
48215,DATA,83.7,2.1,5811,5809,6000,1050,1300,1,1,0,""
48715,DATA,86.7,6.2,5805,5807,6000,1050,1300,1,1,0,""
49215,DATA,89.2,4.2,5801,5801,6000,1050,1300,1,1,0,""
49715,DATA,91.7,6.2,5809,5807,5400,1050,1300,1,1,0,""
50215,DATA,94.8,6.2,5808,5808,6000,1050,1300,1,1,0,""
50715,DATA,96.7,2.1,5802,5804,6000,1050,1300,1,1,0,""
51215,DATA,99.0,4.2,5801,5801,5400,1050,1300,1,1,0,""
51715,DATA,101.0,2.1,5798,5799,6000,1050,1300,1,1,0,""
52215,DATA,103.0,4.2,5791,5792,6000,1050,1300,1,1,0,""
52715,DATA,105.0,4.2,5788,5789,5400,1050,1300,1,1,0,""
53215,DATA,107.0,6.2,5788,5788,5400,1050,1300,1,1,0,""
53715,DATA,109.0,4.2,5788,5788,6000,1050,1300,1,1,0,""
54215,DATA,110.7,2.1,5783,5784,5999,1050,1300,1,1,0,""
54715,DATA,112.5,4.2,5781,5780,6000,1050,1300,1,1,0,""
55215,DATA,114.3,4.2,5793,5791,5400,1050,1300,1,1,0,""
55715,DATA,115.7,2.1,5791,5792,5400,1050,1300,1,1,0,""
56215,DATA,117.3,4.2,5788,5788,6000,1050,1300,1,1,0,""
56715,DATA,119.5,4.2,5790,5790,6000,1050,1300,1,1,0,""
57215,DATA,121.3,4.2,5783,5785,5400,1050,1300,1,1,0,""
57715,DATA,122.5,2.1,5778,5779,5400,1050,1300,1,1,0,""
58215,DATA,124.2,4.2,5779,5779,5400,1050,1300,1,1,0,""
58715,DATA,126.0,6.2,5781,5780,6000,1050,1300,1,1,0,""
59215,DATA,127.2,2.1,5786,5785,6000,1050,1300,1,1,0,""
59715,DATA,129.3,4.2,5782,5783,6000,1050,1300,1,1,0,""
60215,DATA,130.5,2.1,5774,5776,5400,1050,1300,1,1,0,""
60715,DATA,132.0,2.1,5777,5776,6000,1050,1300,1,1,0,""
61215,DATA,133.8,2.1,5781,5781,6000,1050,1300,1,1,0,""
61715,DATA,135.0,0.0,5774,5775,5400,1050,1300,1,1,0,""
62215,DATA,136.8,4.2,5767,5769,5400,1050,1300,1,1,0,""
62715,DATA,138.0,2.1,5754,5757,5400,1050,1300,1,1,0,""
63215,DATA,139.8,0.0,5752,5752,5400,1050,1300,1,1,0,""
63715,DATA,141.3,2.1,5751,5752,5400,1050,1300,1,1,0,""
64215,DATA,142.5,0.0,5748,5748,5400,1050,1300,1,1,0,""
64715,DATA,144.0,4.2,5766,5761,6000,1050,1300,1,1,0,""
65215,DATA,145.3,0.0,5777,5775,6000,1050,1300,1,1,0,""
65715,DATA,147.0,4.2,5778,5778,6000,1050,1300,1,1,0,""
66215,DATA,148.8,4.2,5781,5779,5400,1050,1300,1,1,0,""
66715,DATA,149.8,0.0,5790,5788,6000,1050,1300,1,1,0,""
67215,DATA,151.3,2.1,5787,5788,6000,1050,1300,1,1,0,""
67715,DATA,152.3,0.0,5781,5783,5400,1050,1300,1,1,0,""
68215,DATA,154.0,4.2,5778,5779,6000,1050,1300,1,1,0,""
68715,DATA,155.0,4.2,5781,5780,6001,1050,1300,1,1,0,""
69215,DATA,156.8,2.1,5779,5779,5999,1050,1300,1,1,0,""
69715,DATA,158.3,2.1,5781,5781,5399,1050,1300,1,1,0,""
70215,DATA,159.5,4.2,5783,5782,6000,1050,1300,1,1,0,""
70715,DATA,160.5,0.0,5789,5788,6000,1050,1300,1,1,0,""
71215,DATA,161.8,2.1,5789,5789,5400,1050,1300,1,1,0,""
71715,DATA,163.3,2.1,5792,5791,6000,1050,1300,1,1,0,""
72215,DATA,164.8,2.1,5795,5794,6000,1050,1300,1,1,0,""
72715,DATA,165.8,2.1,5794,5794,6000,1050,1300,1,1,0,""
73215,DATA,166.8,0.0,5799,5797,6000,1050,1300,1,1,0,""
73715,DATA,168.0,4.2,5805,5804,5400,1050,1300,1,1,0,""
74215,DATA,169.0,2.1,5805,5805,6000,1050,1300,1,1,0,""
74715,DATA,170.5,4.2,5809,5808,5400,1050,1300,1,1,0,""
75215,DATA,171.5,0.0,5812,5812,6000,1050,1300,1,1,0,""
75715,DATA,172.8,2.1,5812,5812,5400,1050,1300,1,1,0,""
75831,EVENT,173.3,4.2,5812,5812,5999,1050,1300,1,1,0,"STARTER 1320"
76235,DATA,174.0,4.2,5182,5481,3000,1050,1311,1,1,0,""
76735,DATA,175.0,2.1,5298,5172,6000,1050,1319,1,1,0,""
77235,DATA,176.3,4.2,5949,5828,6000,1050,1320,1,1,0,""
77735,DATA,177.0,0.0,6121,6086,6600,1050,1320,1,1,0,""
78235,DATA,178.3,2.1,6167,6157,6000,1050,1320,1,1,0,""
78735,DATA,179.3,2.1,6183,6180,6599,1050,1320,1,1,0,""
79235,DATA,180.0,0.0,6177,6179,6000,1050,1320,1,1,0,""
79735,DATA,181.3,2.1,6168,6170,5999,1050,1320,1,1,0,""
80235,DATA,182.0,0.0,6170,6170,6000,1050,1320,1,1,0,""
80735,DATA,183.0,2.1,6168,6169,6000,1050,1320,1,1,0,""
81235,DATA,184.3,2.1,6166,6166,6600,1050,1320,1,1,0,""
81735,DATA,185.0,2.1,6167,6166,6000,1050,1320,1,1,0,""
82235,DATA,186.0,2.1,6175,6173,6000,1050,1320,1,1,0,""
82735,DATA,187.0,2.1,6179,6178,6000,1050,1320,1,1,0,""
83235,DATA,188.0,2.1,6178,6179,6001,1050,1320,1,1,0,""
83735,DATA,188.8,2.1,6178,6178,6000,1050,1320,1,1,0,""
84235,DATA,189.8,2.1,6177,6177,6000,1050,1320,1,1,0,""
84735,DATA,191.0,0.0,6178,6178,6000,1050,1320,1,1,0,""
85235,DATA,192.0,2.1,6169,6172,6000,1050,1320,1,1,0,""
85735,DATA,192.5,0.0,6164,6165,6600,1050,1320,1,1,0,""
86235,DATA,193.5,4.2,6170,6169,6000,1050,1320,1,1,0,""
86735,DATA,194.0,2.1,6170,6170,6000,1050,1320,1,1,0,""
86869,EVENT,194.2,2.1,6170,6170,6599,1050,1320,1,1,0,"PUMP 1055"
87235,DATA,194.8,2.1,6169,6169,6000,1051,1320,1,1,0,""
87735,DATA,195.8,2.1,6177,6175,6000,1053,1320,1,1,0,""
88235,DATA,196.5,2.1,6184,6182,6000,1055,1320,1,1,0,""
88735,DATA,197.8,2.1,6191,6190,6600,1055,1320,1,1,0,""
89235,DATA,199.5,2.1,6198,6196,6000,1055,1320,1,1,0,""
89735,DATA,201.8,6.2,6203,6202,6000,1055,1320,1,1,0,""
90235,DATA,203.8,6.2,6210,6208,6601,1055,1320,1,1,0,""
90735,DATA,206.0,6.2,6208,6209,5999,1055,1320,1,1,0,""
91235,DATA,208.5,4.2,6203,6203,6000,1055,1320,1,1,0,""
91735,DATA,210.8,4.2,6205,6205,6601,1055,1320,1,1,0,""
92235,DATA,213.0,4.2,6206,6205,6600,1055,1320,1,1,0,""
92735,DATA,214.5,4.2,6208,6207,6000,1055,1320,1,1,0,""
93235,DATA,216.0,2.1,6206,6207,6000,1055,1320,1,1,0,""
93735,DATA,217.5,4.2,6207,6207,6599,1055,1320,1,1,0,""
94235,DATA,219.7,2.1,6207,6207,6000,1055,1320,1,1,0,""
94735,DATA,221.3,2.1,6209,6208,6000,1055,1320,1,1,0,""
95235,DATA,223.5,6.2,6211,6211,6000,1055,1320,1,1,0,""
95735,DATA,225.3,2.1,6204,6206,6599,1055,1320,1,1,0,""
96235,DATA,226.8,2.1,6195,6197,6000,1055,1320,1,1,0,""
96735,DATA,228.2,2.1,6198,6197,6001,1055,1320,1,1,0,""
97235,DATA,230.2,2.1,6206,6204,6600,1055,1320,1,1,0,""
97735,DATA,231.8,2.1,6207,6207,6000,1055,1320,1,1,0,""
98235,DATA,233.3,0.0,6202,6204,6000,1055,1320,1,1,0,""
98735,DATA,235.0,2.1,6195,6197,6600,1055,1320,1,1,0,""
99235,DATA,236.5,2.1,6194,6193,6000,1055,1320,1,1,0,""
99735,DATA,238.3,4.2,6203,6201,6000,1055,1320,1,1,0,""
100235,DATA,240.0,4.2,6206,6205,6600,1055,1320,1,1,0,""
100735,DATA,241.3,2.1,6208,6208,6600,1055,1320,1,1,0,""
101235,DATA,243.0,4.2,6201,6203,6000,1055,1320,1,1,0,""
101735,DATA,244.7,6.2,6187,6190,6000,1055,1320,1,1,0,""
102235,DATA,246.3,4.2,6186,6185,6599,1055,1320,1,1,0,""
102735,DATA,247.3,4.2,6191,6190,6000,1055,1320,1,1,0,""
103235,DATA,248.5,2.1,6189,6190,6000,1055,1320,1,1,0,""
103735,DATA,250.5,4.2,6187,6187,6601,1055,1320,1,1,0,""
104235,DATA,251.5,2.1,6186,6186,6000,1055,1320,1,1,0,""
104735,DATA,253.2,2.1,6194,6192,6000,1055,1320,1,1,0,""
105235,DATA,255.0,6.2,6198,6197,6600,1055,1320,1,1,0,""
105735,DATA,256.3,2.1,6197,6198,6000,1055,1320,1,1,0,""
106235,DATA,257.5,4.2,6191,6192,6000,1055,1320,1,1,0,""
106543,EVENT,258.5,4.2,6193,6192,6003,1055,1320,1,1,0,"PUMP 1060"
106735,DATA,259.0,2.1,6196,6194,6001,1055,1320,1,1,0,""
107235,DATA,260.3,2.1,6202,6200,6601,1057,1320,1,1,0,""
107735,DATA,261.5,2.1,6202,6202,6000,1059,1320,1,1,0,""
108235,DATA,263.0,2.1,6200,6200,6000,1060,1320,1,1,0,""
108735,DATA,265.5,6.2,6197,6198,6000,1060,1320,1,1,0,""
109235,DATA,268.3,4.2,6201,6200,6600,1060,1320,1,1,0,""
109735,DATA,271.0,2.1,6204,6203,6600,1060,1320,1,1,0,""
110235,DATA,273.0,6.2,6206,6207,6000,1060,1320,1,1,0,""
110735,DATA,275.3,2.1,6201,6202,6000,1060,1320,1,1,0,""
111235,DATA,277.5,4.2,6193,6195,6001,1060,1320,1,1,0,""
111735,DATA,279.0,0.0,6195,6194,6600,1060,1320,1,1,0,""
112235,DATA,281.0,4.2,6201,6199,6000,1060,1320,1,1,0,""
112735,DATA,282.3,4.2,6208,6206,6000,1060,1320,1,1,0,""
113235,DATA,284.5,6.2,6209,6209,6000,1060,1320,1,1,0,""
113735,DATA,286.0,4.2,6200,6202,6600,1060,1320,1,1,0,""
114235,DATA,287.5,4.2,6192,6194,6600,1060,1320,1,1,0,""
114735,DATA,289.3,4.2,6189,6189,6000,1060,1320,1,1,0,""
115235,DATA,291.0,6.2,6196,6195,6000,1060,1320,1,1,0,""
115735,DATA,292.3,2.1,6195,6195,6600,1060,1320,1,1,0,""
116235,DATA,294.5,2.1,6186,6188,6000,1060,1320,1,1,0,""
116735,DATA,296.5,2.1,6179,6181,6000,1060,1320,1,1,0,""
117235,DATA,298.3,2.1,6180,6180,6000,1060,1320,1,1,0,""
117735,DATA,300.3,4.2,6185,6183,6000,1060,1320,1,1,0,""
118235,DATA,301.8,0.0,6192,6191,6000,1060,1320,1,1,0,""
118735,DATA,303.2,4.2,6193,6193,6600,1060,1320,1,1,0,""
119235,DATA,305.2,4.2,6192,6192,6000,1060,1320,1,1,0,""
119735,DATA,306.5,2.1,6189,6190,6000,1060,1320,1,1,0,""
120235,DATA,308.3,4.2,6185,6186,6600,1060,1320,1,1,0,""
120735,DATA,310.0,4.2,6181,6182,6000,1060,1320,1,1,0,""
121235,DATA,311.8,4.2,6179,6180,6000,1060,1320,1,1,0,""
121735,DATA,312.8,0.0,6173,6175,6000,1060,1320,1,1,0,""
122235,DATA,314.3,2.1,6158,6161,6000,1060,1320,1,1,0,""
122735,DATA,315.7,2.1,6160,6159,6000,1060,1320,1,1,0,""
123235,DATA,317.3,4.2,6175,6171,6000,1060,1320,1,1,0,""
123735,DATA,319.0,4.2,6185,6183,6000,1060,1320,1,1,0,""
124235,DATA,320.5,4.2,6192,6191,6601,1060,1320,1,1,0,""
124735,DATA,322.5,6.2,6194,6194,6600,1060,1320,1,1,0,""
125235,DATA,323.7,2.1,6197,6196,6001,1060,1320,1,1,0,""
125735,DATA,325.3,4.2,6200,6199,5999,1060,1320,1,1,0,""
126235,DATA,326.8,2.1,6200,6201,6000,1060,1320,1,1,0,""
126735,DATA,328.0,4.2,6192,6193,6599,1060,1320,1,1,0,""
127235,DATA,329.3,2.1,6180,6183,6001,1060,1320,1,1,0,""
127735,DATA,331.0,2.1,6157,6163,6000,1060,1320,1,1,0,""
128235,DATA,332.8,4.2,6149,6151,6000,1060,1320,1,1,0,""
128735,DATA,335.0,2.1,6151,6151,6000,1060,1320,1,1,0,""
129235,DATA,336.2,2.1,6137,6142,6000,1060,1320,1,1,0,""
129735,DATA,337.3,2.1,6109,6117,6000,1060,1320,1,1,0,""
130235,DATA,338.7,4.2,6077,6085,6000,1060,1320,1,1,0,""
130735,DATA,339.8,2.1,6048,6055,6000,1060,1320,1,1,0,""
131235,DATA,341.3,4.2,6025,6032,6000,1060,1320,1,1,0,""
131735,DATA,342.7,4.2,6003,6008,6000,1060,1320,1,1,0,""
132235,DATA,343.5,0.0,5980,5986,6000,1060,1320,1,1,0,""
132735,DATA,344.7,2.1,5957,5963,6001,1060,1320,1,1,0,""
133235,DATA,345.8,0.0,5945,5947,6000,1060,1320,1,1,0,""
133735,DATA,347.0,2.1,5934,5937,6000,1060,1320,1,1,0,""
134235,DATA,348.0,4.2,5932,5933,6000,1060,1320,1,1,0,""
134735,DATA,349.0,0.0,5890,5902,6000,1060,1320,1,1,0,""
135235,DATA,351.0,4.2,5913,5901,6000,1060,1320,1,1,0,""
135735,DATA,351.5,0.0,6006,5985,6000,1060,1320,1,1,0,""
136235,DATA,352.5,4.2,6044,6038,6000,1060,1320,1,1,0,""
136735,DATA,353.5,2.1,6046,6046,6000,1060,1320,1,1,0,""
137235,DATA,354.5,2.1,6049,6047,6001,1060,1320,1,1,0,""
137735,DATA,355.2,2.1,6053,6053,6000,1060,1320,1,1,0,""
138235,DATA,356.3,2.1,6050,6049,6600,1060,1320,1,1,0,""
138735,DATA,356.8,0.0,6058,6057,6000,1060,1320,1,1,0,""
139235,DATA,358.3,2.1,6056,6058,6000,1060,1320,1,1,0,""
139735,DATA,359.2,0.0,6052,6052,6000,1060,1320,1,1,0,""
140235,DATA,359.5,0.0,6054,6054,6000,1060,1320,1,1,0,""
140735,DATA,360.3,0.0,6059,6057,6000,1060,1320,1,1,0,""
140863,EVENT,360.5,2.1,6060,6058,5999,1060,1320,1,1,0,"PUMP 1065"
141235,DATA,361.5,2.1,6053,6055,6000,1061,1320,1,1,0,""
141735,DATA,362.8,4.2,6052,6052,6000,1063,1320,1,1,0,""
142235,DATA,364.0,2.1,6044,6047,6000,1065,1320,1,1,0,""
142735,DATA,365.3,2.1,6051,6049,6000,1065,1320,1,1,0,""
143235,DATA,367.3,4.2,6041,6045,6001,1065,1320,1,1,0,""
143735,DATA,370.0,8.3,6025,6026,6000,1065,1320,1,1,0,""
144235,DATA,372.0,6.2,6031,6033,6600,1065,1320,1,1,0,""
144735,DATA,374.3,2.1,6029,6029,6000,1065,1320,1,1,0,""
145235,DATA,376.2,4.2,6027,6028,6000,1065,1320,1,1,0,""
145735,DATA,377.8,4.2,6019,6019,6000,1065,1320,1,1,0,""
146235,DATA,379.5,4.2,6027,6025,6000,1065,1320,1,1,0,""
146735,DATA,381.3,4.2,6025,6026,6000,1065,1320,1,1,0,""
147235,DATA,383.0,2.1,6014,6016,5999,1065,1320,1,1,0,""
147735,DATA,386.2,6.2,5992,5998,5999,1065,1320,1,1,0,""
148235,DATA,387.8,4.2,6001,5995,6000,1065,1320,1,1,0,""
148735,DATA,390.0,2.1,6018,6014,6000,1065,1320,1,1,0,""
149235,DATA,392.3,4.2,6017,6019,6000,1065,1320,1,1,0,""
149735,DATA,393.5,2.1,6003,6006,6000,1065,1320,1,1,0,""
150235,DATA,395.3,4.2,5991,5993,6000,1065,1320,1,1,0,""
150735,DATA,396.5,2.1,6004,6000,6000,1065,1320,1,1,0,""
151235,DATA,398.5,2.1,6016,6012,6000,1065,1320,1,1,0,""
151735,DATA,400.3,4.2,6017,6017,6000,1065,1320,1,1,0,""
152235,DATA,401.2,0.0,5990,5997,6000,1065,1320,1,1,0,""
152735,DATA,403.0,4.2,5992,5989,6000,1065,1320,1,1,0,""
153235,DATA,404.5,4.2,5995,5997,6000,1065,1320,1,1,0,""
153735,DATA,406.2,6.2,5992,5993,6000,1065,1320,1,1,0,""
154235,DATA,407.8,2.1,5965,5969,6000,1065,1320,1,1,0,""
154735,DATA,409.0,2.1,5973,5971,6000,1065,1320,1,1,0,""
155235,DATA,410.5,2.1,5981,5980,6000,1065,1320,1,1,0,""
155735,DATA,411.8,2.1,5953,5960,6000,1065,1320,1,1,0,""
156235,DATA,413.5,4.2,5958,5955,6000,1065,1320,1,1,0,""
156735,DATA,414.7,4.2,5967,5966,6000,1065,1320,1,1,0,""
157235,DATA,416.8,4.2,5963,5963,6600,1065,1320,1,1,0,""
157735,DATA,418.5,4.2,5976,5974,5999,1065,1320,1,1,0,""
158235,DATA,419.8,4.2,5971,5971,6000,1065,1320,1,1,0,""
158735,DATA,421.3,2.1,5959,5962,6600,1065,1320,1,1,0,""
159235,DATA,422.5,2.1,5957,5955,6000,1065,1320,1,1,0,""
159735,DATA,424.0,2.1,5955,5957,6000,1065,1320,1,1,0,""
160235,DATA,425.8,2.1,5958,5956,6001,1065,1320,1,1,0,""
160735,DATA,427.5,4.2,5965,5965,6600,1065,1320,1,1,0,""
161235,DATA,428.8,2.1,5951,5956,6000,1065,1320,1,1,0,""
161735,DATA,429.8,2.1,5945,5947,6000,1065,1320,1,1,0,""
162235,DATA,431.2,2.1,5949,5947,6000,1065,1320,1,1,0,""
162520,EVENT,432.3,2.1,5955,5952,6000,1065,1320,1,1,0,"STARTER 1340"
162755,DATA,433.0,4.2,5948,5951,5399,1065,1327,1,1,0,""
163255,DATA,435.2,8.3,5326,5286,5999,1065,1337,1,1,0,""
163755,DATA,441.0,10.4,6001,5878,6600,1065,1340,1,1,0,""
164255,DATA,450.8,25.0,6190,6150,7201,1065,1340,1,1,0,""
164755,DATA,459.7,12.5,6248,6236,6599,1065,1340,1,1,0,""
165255,DATA,469.5,22.9,6269,6264,6600,1065,1340,1,1,0,""
165755,DATA,476.7,10.4,6270,6269,6000,1065,1340,1,1,0,""
166255,DATA,486.3,8.3,6257,6260,6000,1065,1340,1,1,0,""
166755,DATA,493.0,14.6,6242,6247,6000,1065,1340,1,1,0,""
167255,DATA,498.0,12.5,6223,6226,6000,1065,1340,1,1,0,""
167755,DATA,504.8,16.7,6226,6225,6000,1065,1340,1,1,0,""
168255,DATA,510.2,16.7,6237,6233,6600,1065,1340,1,1,0,""
168755,DATA,515.5,8.3,6260,6255,6001,1065,1340,1,1,0,""
169255,DATA,522.7,12.5,6266,6265,6000,1065,1340,1,1,0,""
169755,DATA,526.7,12.5,6258,6261,5999,1065,1340,1,1,0,""
170255,DATA,530.5,6.2,6250,6252,6600,1065,1340,1,1,0,""
170755,DATA,535.5,12.5,6220,6225,6000,1065,1340,1,1,0,""
171255,DATA,538.7,4.2,6183,6193,6000,1065,1340,1,1,0,""
171755,DATA,542.5,8.3,6206,6197,6600,1065,1340,1,1,0,""
172255,DATA,545.7,2.1,6219,6214,6600,1065,1340,1,1,0,""
172755,DATA,550.0,4.2,6287,6269,6000,1065,1340,1,1,0,""
173255,DATA,553.0,8.3,6363,6345,6600,1065,1340,1,1,0,""
173464,EVENT,554.2,8.3,6384,6370,6601,1065,1340,1,1,0,"STARTER 1360"
173755,DATA,555.2,2.1,6207,6302,3589,1065,1348,1,1,0,""
174255,DATA,557.5,6.2,5737,5813,6600,1065,1358,1,1,0,""
174755,DATA,559.2,4.2,6474,6325,6600,1065,1360,1,1,0,""
175255,DATA,561.5,2.1,6729,6680,6600,1065,1360,1,1,0,""
175755,DATA,562.5,0.0,6776,6767,7201,1065,1360,1,1,0,""
176255,DATA,564.5,2.1,6806,6799,6600,1065,1360,1,1,0,""
176755,DATA,564.7,2.1,6800,6802,6600,1065,1360,1,1,0,""
177255,DATA,565.7,2.1,6780,6785,7801,1065,1360,1,1,0,""
177755,DATA,566.7,0.0,6769,6770,7201,1065,1360,1,1,0,""
177841,EVENT,566.7,0.0,6770,6770,7199,1065,1360,1,1,0,"PUMP 1070"
178255,DATA,567.0,2.1,6775,6774,6600,1066,1360,1,1,0,""
178755,DATA,565.5,-4.2,6773,6774,7200,1068,1360,1,1,0,""
179255,DATA,563.5,-2.1,6775,6773,6600,1070,1360,1,1,0,""
179755,DATA,563.0,0.0,6796,6792,7800,1070,1360,1,1,0,""
180255,DATA,562.7,0.0,6777,6784,6600,1070,1360,1,1,0,""
180755,DATA,562.2,0.0,6758,6761,7200,1070,1360,1,1,0,""
181255,DATA,561.5,-2.1,6748,6753,7200,1070,1360,1,1,0,""
181755,DATA,560.5,-2.1,6660,6686,6600,1070,1360,1,1,0,""
182255,DATA,559.5,0.0,6558,6581,6000,1070,1360,1,1,0,""
182755,DATA,558.7,0.0,6482,6498,6600,1070,1360,1,1,0,""
183255,DATA,559.5,2.1,6429,6440,6600,1070,1360,1,1,0,""
183755,DATA,559.5,0.0,6401,6409,6601,1070,1360,1,1,0,""
184255,DATA,559.0,-2.1,6404,6402,6000,1070,1360,1,1,0,""
184755,DATA,558.7,0.0,6383,6392,6000,1070,1360,1,1,0,""
185255,DATA,558.5,0.0,6319,6331,6601,1070,1360,1,1,0,""
185755,DATA,559.5,2.1,6303,6309,6601,1070,1360,1,1,0,""
185896,EVENT,559.5,0.0,6297,6304,5999,1070,1360,1,1,0,"STARTER 1380"
186255,DATA,559.5,0.0,6218,6257,4499,1070,1370,1,1,0,""
186755,DATA,559.2,0.0,6403,6342,6603,1070,1378,1,1,0,""
187255,DATA,558.5,-2.1,6523,6489,6604,1070,1380,1,1,0,""
187755,DATA,557.2,-4.2,6596,6582,6604,1070,1380,1,1,0,""
188255,DATA,556.5,-2.1,6624,6617,6603,1070,1380,1,1,0,""
188755,DATA,555.7,0.0,6686,6674,6603,1070,1380,1,1,0,""
189255,DATA,554.2,-4.2,6674,6678,6604,1070,1380,1,1,0,""
189755,DATA,552.0,-2.1,6626,6636,6603,1070,1380,1,1,0,""
190255,DATA,549.5,-4.2,6622,6617,6604,1070,1380,1,1,0,""
190605,EVENT,547.7,-4.2,6631,6632,6531,1070,1380,1,1,1,"VALVE2 ON"
190755,DATA,547.2,-4.2,6624,6628,8404,1070,1380,1,1,1,""
191255,DATA,545.0,-6.2,6595,6603,6604,1070,1380,1,1,1,""
191755,DATA,543.2,-4.2,6585,6585,6603,1070,1380,1,1,1,""
192255,DATA,541.7,-2.1,6570,6573,6603,1070,1380,1,1,1,""
192755,DATA,540.5,-2.1,6593,6587,6604,1070,1380,1,1,1,""
193255,DATA,539.2,-2.1,6611,6604,7205,1070,1380,1,1,1,""
193755,DATA,537.7,-4.2,6603,6604,6603,1070,1380,1,1,1,""
194255,DATA,536.7,-2.1,6623,6618,7203,1070,1380,1,1,1,""
194755,DATA,535.7,0.0,6718,6696,7204,1070,1380,1,1,1,""
195255,DATA,534.0,-4.2,6747,6740,7203,1070,1380,1,1,1,""
195755,DATA,533.2,-2.1,6809,6793,7204,1070,1380,1,1,1,""
196255,DATA,532.2,-2.1,6808,6810,7804,1070,1380,1,1,1,""
196755,DATA,531.0,-2.1,6858,6848,6604,1070,1380,1,1,1,""
197255,DATA,529.5,-2.1,6886,6880,7203,1070,1380,1,1,1,""
197755,DATA,528.0,-4.2,6804,6824,9604,1070,1380,1,1,1,""
198255,DATA,527.7,0.0,6754,6765,7204,1070,1380,1,1,1,""
198295,EVENT,527.7,0.0,6740,6754,7799,1070,1380,1,1,1,"STARTER 1400"
198755,DATA,527.5,0.0,6661,6610,6046,1070,1392,1,1,1,""
199255,DATA,526.7,-2.1,6773,6781,8400,1070,1400,1,1,1,""
199261,EVENT,526.7,-2.1,6773,6781,8400,1070,1400,1,1,1,"STARTER 1420"
199755,DATA,525.7,-4.2,6751,6659,2000,1070,1413,1,1,1,""
200255,DATA,524.7,-2.1,6670,6707,9000,1070,1420,1,1,1,""
200755,DATA,523.7,-2.1,7263,7180,9600,1070,1420,1,1,1,""
201255,DATA,522.7,-4.2,7324,7306,8401,1070,1420,1,1,1,""
201755,DATA,521.5,-4.2,7357,7351,8999,1070,1420,1,1,1,""
201974,EVENT,520.7,-6.2,7320,7333,8400,1070,1420,1,1,1,"STARTER 1400"
202255,DATA,520.0,-3.9,7133,7230,7740,1070,1412,1,1,1,""
202511,EVENT,519.0,-2.1,7203,7096,8401,1070,1406,1,1,1,"STARTER 1380"
202775,DATA,518.7,-1.9,6791,6969,1667,1070,1397,1,1,1,""
203275,DATA,518.0,0.0,6531,6782,2000,1070,1384,1,1,1,""
203775,DATA,517.2,0.0,6509,6569,10199,1070,1380,1,1,1,""
204275,DATA,517.7,2.1,6382,6416,7200,1070,1380,1,1,1,""
204775,DATA,518.7,4.2,6302,6322,6600,1070,1380,1,1,1,""
204939,EVENT,519.0,2.1,6282,6296,6601,1070,1380,1,1,0,"VALVE2 OFF"
205275,DATA,519.7,2.1,6315,6304,6000,1070,1380,1,1,0,""
205775,DATA,521.2,4.2,6284,6300,6600,1070,1380,1,1,0,""
206275,DATA,522.7,2.1,6181,6205,5999,1070,1380,1,1,0,""
206775,DATA,523.7,0.0,6189,6191,6600,1070,1380,1,1,0,""
207275,DATA,524.5,2.1,6205,6196,6000,1070,1380,1,1,0,""
207775,DATA,525.0,0.0,6236,6225,6000,1070,1380,1,1,0,""
208275,DATA,525.5,0.0,6199,6222,5999,1070,1380,1,1,0,""
208775,DATA,526.2,2.1,6163,6162,6000,1070,1380,1,1,0,""
209275,DATA,527.0,0.0,6256,6244,6599,1070,1380,1,1,0,""
209775,DATA,527.5,2.0,6150,6180,6000,1070,1380,1,1,0,""
210275,DATA,528.0,0.0,6120,6121,6600,1070,1380,1,1,0,""
210775,DATA,528.5,2.1,6057,6070,6000,1070,1380,1,1,0,""
211275,DATA,529.0,2.1,5995,6006,7200,1070,1380,1,1,0,""
211775,DATA,529.7,2.1,5998,6000,7200,1070,1380,1,1,0,""
212275,DATA,530.7,4.2,5975,5976,7800,1070,1380,1,1,0,""
212775,DATA,531.5,0.0,6014,5995,6600,1070,1380,1,1,0,""
213056,EVENT,531.7,0.0,6148,6097,6601,1070,1380,1,1,0,"PUMP 1075"
213275,DATA,531.7,0.0,6240,6186,6600,1070,1380,1,1,0,""
213775,DATA,531.5,-2.1,6280,6285,6000,1072,1380,1,1,0,""
214275,DATA,532.0,2.1,6233,6245,6000,1075,1380,1,1,0,""
214775,DATA,532.5,2.1,6151,6164,6000,1075,1380,1,1,0,""
215275,DATA,533.5,2.1,6087,6105,6000,1075,1380,1,1,0,""
215775,DATA,534.7,4.0,6105,6087,6600,1075,1380,1,1,0,""
216275,DATA,536.7,4.2,6037,6060,6000,1075,1380,1,1,0,""
216775,DATA,538.0,2.1,5995,6011,6000,1075,1380,1,1,0,""
217124,EVENT,539.2,2.1,6007,5991,6000,1075,1380,1,1,0,"PUMP 1070"
217275,DATA,539.7,4.2,6051,6018,5999,1075,1380,1,1,0,""
217775,DATA,540.7,2.1,6174,6152,6000,1073,1380,1,1,0,""
218275,DATA,541.7,2.1,6239,6220,5999,1071,1380,1,1,0,""
218775,DATA,542.0,0.0,6164,6188,6000,1070,1380,1,1,0,""
219275,DATA,542.0,-2.1,6110,6120,5999,1070,1380,1,1,0,""
219775,DATA,542.2,2.1,6141,6125,6000,1070,1380,1,1,0,""
220275,DATA,542.0,0.0,6126,6139,6000,1070,1380,1,1,0,""
220775,DATA,542.2,0.0,6015,6041,6000,1070,1380,1,1,0,""
221275,DATA,542.5,0.0,5915,5928,6601,1070,1380,1,1,0,""
221775,DATA,543.2,0.0,5805,5832,5400,1070,1380,1,1,0,""
222275,DATA,543.5,0.0,5756,5757,6000,1070,1380,1,1,0,""
222775,DATA,544.0,-2.1,5991,5935,6600,1070,1380,1,1,0,""
223275,DATA,544.0,0.0,6060,6052,5999,1070,1380,1,1,0,""
223775,DATA,544.2,0.0,6028,6040,6000,1070,1380,1,1,0,""
224275,DATA,544.5,0.0,6046,6039,6000,1070,1380,1,1,0,""
224775,DATA,544.5,-2.0,6039,6046,6000,1070,1380,1,1,0,""
225275,DATA,544.0,0.0,6133,6099,6599,1070,1380,1,1,0,""
225775,DATA,542.7,-4.2,6289,6261,6000,1070,1380,1,1,0,""
225877,EVENT,542.7,-4.2,6287,6273,6599,1070,1380,1,1,1,"VALVE2 ON"
226275,DATA,542.2,0.0,6257,6265,6001,1070,1380,1,1,1,""
226775,DATA,542.0,0.0,6190,6210,6599,1070,1380,1,1,1,""
227275,DATA,542.0,0.0,6232,6218,7200,1070,1380,1,1,1,""
227775,DATA,541.7,0.0,6137,6166,6000,1070,1380,1,1,1,""
228275,DATA,542.0,2.1,6113,6119,6600,1070,1380,1,1,1,""
228775,DATA,542.0,0.0,6087,6093,6000,1070,1380,1,1,1,""
229275,DATA,542.5,0.0,6019,6028,6000,1070,1380,1,1,1,""
229775,DATA,543.2,2.1,6060,6043,6000,1070,1380,1,1,1,""
230275,DATA,543.2,0.0,6124,6107,6000,1070,1380,1,1,1,""
230775,DATA,543.5,0.0,6148,6145,6000,1070,1380,1,1,1,""
231275,DATA,543.5,0.0,6140,6147,6000,1070,1380,1,1,1,""
231775,DATA,543.0,-2.1,6030,6046,6000,1070,1380,1,1,1,""
232275,DATA,543.5,2.1,6097,6082,6000,1070,1380,1,1,1,""
232775,DATA,543.5,0.0,6085,6090,5999,1070,1380,1,1,1,""
233275,DATA,543.7,0.0,6078,6073,6599,1070,1380,1,1,1,""
233775,DATA,544.5,2.0,6144,6125,6000,1070,1380,1,1,1,""
234275,DATA,544.2,-2.1,6212,6203,7200,1070,1380,1,1,1,""
234775,DATA,544.5,-2.1,6172,6179,6000,1070,1380,1,1,1,""
235275,DATA,544.5,2.1,6168,6174,6600,1070,1380,1,1,1,""
235775,DATA,545.0,2.1,6188,6184,6000,1070,1380,1,1,1,""
236042,EVENT,545.2,2.1,6220,6205,6600,1070,1380,1,1,1,"STARTER 1400"
236295,DATA,545.5,1.7,6087,6162,3723,1070,1387,1,1,1,""
236795,DATA,545.0,0.0,5802,6111,6601,1070,1397,1,1,1,""
237295,DATA,544.7,2.1,6155,6039,6600,1070,1400,1,1,1,""
237795,DATA,544.2,-2.1,6511,6440,7200,1070,1400,1,1,1,""
238295,DATA,543.5,-2.1,6731,6684,7801,1070,1400,1,1,1,""
238795,DATA,543.0,-4.2,7120,7014,8399,1070,1400,1,1,1,""
239295,DATA,542.2,-2.1,6744,6843,6600,1070,1400,1,1,1,""
239795,DATA,542.0,-2.1,6646,6654,8400,1070,1400,1,1,1,""
240295,DATA,541.7,0.0,7376,7065,11399,1070,1400,1,1,1,""
240795,DATA,541.5,0.0,7074,7196,10199,1070,1400,1,1,1,""
241295,DATA,541.0,0.0,6677,6756,8400,1070,1400,1,1,1,""
241795,DATA,541.5,0.0,6579,6592,10200,1070,1400,1,1,1,""
242295,DATA,542.0,0.0,6702,6675,8399,1070,1400,1,1,1,""
242795,DATA,541.5,0.0,6841,6808,9000,1070,1400,1,1,1,""
243295,DATA,540.2,-4.2,6871,6872,9600,1070,1400,1,1,1,""
243795,DATA,539.0,-4.2,6787,6803,8399,1070,1400,1,1,1,""
244295,DATA,538.0,-2.1,6978,6945,9001,1070,1400,1,1,1,""
244795,DATA,537.7,0.0,6947,6940,10200,1070,1400,1,1,1,""
245054,EVENT,537.7,0.0,6942,6943,9600,1070,1400,0,1,1,"IGN OFF"
245295,DATA,537.5,0.0,7198,7113,10200,1070,1400,0,1,1,""
245795,DATA,537.2,0.0,7066,7103,8999,1070,1400,0,1,1,""
246295,DATA,536.7,0.0,6975,7004,7800,1070,1400,0,1,1,""
246795,DATA,535.0,-4.2,6940,6938,6600,1070,1400,0,1,1,""
247295,DATA,534.2,0.0,7039,7011,7799,1070,1400,0,1,1,""
247795,DATA,533.0,0.0,7089,7078,9599,1070,1400,0,1,1,""
248295,DATA,532.7,2.1,7063,7071,7200,1070,1400,0,1,1,""
248795,DATA,532.5,2.0,7047,7052,9000,1070,1400,0,1,1,""
249295,DATA,531.7,-4.2,7051,7048,7800,1070,1400,0,1,1,""
249795,DATA,530.7,-2.1,7118,7099,8400,1070,1400,0,1,1,""
250295,DATA,529.5,0.0,7452,7327,9596,1070,1400,0,1,1,""
250795,DATA,527.0,0.0,7210,7268,11876,1070,1400,0,1,1,""
251295,DATA,525.2,-4.2,7181,7242,9501,1070,1400,0,1,1,""
251795,DATA,524.2,-2.0,7072,7074,13063,1070,1400,0,1,1,""
252295,DATA,522.7,-2.1,7006,7037,9500,1070,1400,0,1,1,""
252795,DATA,521.7,0.0,7372,7332,10094,1070,1400,0,1,1,""
253295,DATA,520.7,0.0,7029,7071,8907,1070,1400,0,1,1,""
253506,EVENT,520.2,-2.1,6925,6981,10202,1070,1400,0,1,1,"PUMP 1075"
253795,DATA,520.0,-2.1,6856,6883,8313,1070,1400,0,1,1,""
254295,DATA,519.0,-2.1,6909,6892,8904,1073,1400,0,1,1,""
254795,DATA,518.2,-2.0,8210,7682,12468,1075,1400,0,1,1,""
255024,EVENT,517.5,-2.1,9527,8844,10801,1075,1400,0,1,1,"PUMP 1080"
255295,DATA,517.5,0.0,8884,9108,8907,1075,1400,0,1,1,""
255795,DATA,516.0,-4.2,7215,7511,8907,1078,1400,0,1,1,""
256295,DATA,515.5,-2.1,7268,7206,7718,1080,1400,0,1,1,""
256795,DATA,515.0,0.0,6882,6946,8312,1080,1400,0,1,1,""
257295,DATA,513.7,-2.1,6789,6890,7125,1080,1400,0,1,1,""
257795,DATA,513.2,-2.0,6478,6544,7125,1080,1400,0,1,1,""
258241,EVENT,513.2,2.1,6384,6411,7801,1080,1400,0,1,1,"PUMP 1085"
258295,DATA,513.0,-2.1,6375,6395,7124,1080,1400,0,1,1,""
258795,DATA,512.5,0.0,6342,6352,6530,1082,1400,0,1,1,""
259295,DATA,512.2,-2.1,6298,6309,5937,1084,1400,0,1,1,""
259778,EVENT,511.8,-2.1,6309,6305,7125,1085,1400,0,1,1,"PUMP 1079"
259795,DATA,511.8,-2.1,6309,6305,7125,1085,1400,0,1,1,""
259905,EVENT,511.8,0.0,6316,6310,6003,1085,1400,0,1,1,"PUMP 1074"
260124,EVENT,511.8,-2.1,6341,6328,6601,1084,1400,0,1,1,"PUMP 1069"
260295,DATA,511.8,0.0,6376,6357,6532,1083,1400,0,1,1,""
260795,DATA,511.3,0.0,6368,6369,6531,1078,1400,0,1,1,""
261295,DATA,510.8,-2.1,6409,6399,7124,1071,1400,0,1,1,""
261458,EVENT,510.5,-2.1,6423,6410,6603,1070,1400,0,1,1,"STARTER 1420"
261795,DATA,510.2,0.0,6368,6408,6062,1069,1409,0,1,1,""
262295,DATA,509.2,-2.1,6917,6861,10201,1069,1418,0,1,1,""
262795,DATA,508.3,-2.1,6970,6945,7200,1069,1420,0,1,1,""
263295,DATA,506.8,-6.2,7065,7041,9601,1069,1420,0,1,1,""
263795,DATA,504.8,-6.2,7126,7119,9000,1069,1420,0,1,1,""
264295,DATA,503.5,0.0,7104,7111,6600,1069,1420,0,1,1,""
264795,DATA,502.0,-2.1,7064,7075,7800,1069,1420,0,1,1,""
265295,DATA,500.5,-2.1,7002,7012,7200,1069,1420,0,1,1,""
265795,DATA,499.0,-4.2,6994,6996,7795,1069,1420,0,1,1,""
265893,EVENT,499.0,0.0,6994,6996,7795,1069,1420,1,1,1,"IGN ON"
266296,DATA,497.2,-4.2,6982,6985,8313,1069,1420,1,1,1,""
266797,DATA,496.7,0.0,6995,6991,8313,1069,1420,1,1,1,""
267298,DATA,498.3,2.1,7053,7042,8906,1069,1420,1,1,1,""
267799,DATA,498.3,-2.1,7185,7149,9500,1069,1420,1,1,1,""
268300,DATA,498.0,2.1,7265,7246,8313,1069,1420,1,1,1,""
268801,DATA,497.5,2.1,7314,7303,8312,1069,1420,1,1,1,""
269302,DATA,497.0,0.0,7349,7343,8906,1069,1420,1,1,1,""
269803,DATA,496.7,0.0,7312,7324,7720,1069,1420,1,1,1,""
270304,DATA,496.3,-2.1,7251,7265,8313,1069,1420,1,1,1,""
270805,DATA,495.8,-2.1,7225,7231,7125,1069,1420,1,1,1,""
271306,DATA,495.3,-2.1,7218,7219,10688,1069,1420,1,1,1,""
271807,DATA,495.3,2.1,7253,7243,8312,1069,1420,1,1,1,""
272308,DATA,494.8,-2.0,7304,7295,7125,1069,1420,1,1,1,""
272809,DATA,494.3,0.0,7381,7358,7719,1069,1420,1,1,1,""
273310,DATA,493.2,-2.1,7451,7438,8312,1069,1420,1,1,1,""
273542,EVENT,492.7,-2.1,7469,7458,8401,1069,1420,1,1,0,"VALVE2 OFF"
273811,DATA,492.5,-2.1,7546,7503,10690,1069,1420,1,1,0,""
274312,DATA,491.8,-2.1,7599,7635,7719,1069,1420,1,1,0,""
274813,DATA,491.3,-2.1,7463,7490,8311,1069,1420,1,1,0,""
275314,DATA,490.5,-2.0,7440,7442,7719,1069,1420,1,1,0,""
275815,DATA,489.7,0.0,7447,7446,7124,1069,1420,1,1,0,""
276316,DATA,489.0,-2.1,7477,7464,10688,1069,1420,1,1,0,""
276817,DATA,489.0,0.0,7546,7531,8312,1069,1420,1,1,0,""
277318,DATA,488.7,-2.1,7613,7597,8906,1069,1420,1,1,0,""
277819,DATA,487.5,-2.1,7642,7635,7125,1069,1420,1,1,0,""
278320,DATA,486.5,-2.0,7644,7647,8312,1069,1420,1,1,0,""
278332,EVENT,486.5,-2.0,7644,7647,8312,1069,1420,1,1,0,"PUMP 1074"
278821,DATA,485.8,-2.1,7627,7630,8906,1070,1420,1,1,0,""
279322,DATA,484.7,-2.1,7622,7620,8311,1073,1420,1,1,0,""
279823,DATA,484.7,2.1,7646,7640,7124,1074,1420,1,1,0,""
280324,DATA,484.7,0.0,7666,7660,7124,1074,1420,1,1,0,""
280825,DATA,484.0,-2.1,7705,7696,7718,1074,1420,1,1,0,""
280925,EVENT,484.2,2.1,7705,7696,7718,1074,1420,1,1,0,"PUMP 1079"
281326,DATA,484.0,0.0,7723,7719,7718,1075,1420,1,1,0,""
281827,DATA,483.5,0.0,7709,7714,7718,1077,1420,1,1,0,""
282328,DATA,482.5,-4.2,7666,7674,8312,1079,1420,1,1,0,""
282829,DATA,482.8,2.1,7653,7654,7717,1079,1420,1,1,0,""
283330,DATA,483.5,2.1,7677,7671,7719,1079,1420,1,1,0,""
283831,DATA,484.2,2.1,7690,7688,7717,1079,1420,1,1,0,""
283888,EVENT,484.2,0.0,7690,7688,7717,1079,1420,1,1,0,"PUMP 1084"
284332,DATA,484.2,0.0,7660,7670,7719,1080,1420,1,1,0,""
284833,DATA,484.0,-2.1,7572,7591,7718,1082,1420,1,1,0,""
285334,DATA,484.2,0.0,7571,7571,8906,1084,1420,1,1,0,""
285835,DATA,484.2,2.1,7615,7604,7718,1084,1420,1,1,0,""
286336,DATA,484.7,2.1,7658,7647,7718,1084,1420,1,1,0,""
286837,DATA,485.5,4.2,7670,7669,8313,1084,1420,1,1,0,""
287338,DATA,485.8,0.0,7662,7665,7719,1084,1420,1,1,0,""
287839,DATA,486.3,0.0,7631,7637,7125,1084,1420,1,1,0,""
288340,DATA,486.3,0.0,7630,7629,8905,1084,1420,1,1,0,""
288755,EVENT,486.3,2.1,7638,7636,7801,1084,1420,1,1,0,"PUMP 1089"
288841,DATA,486.0,-2.1,7642,7639,7718,1084,1420,1,1,0,""
289342,DATA,486.8,4.2,7653,7652,8311,1086,1420,1,1,0,""
289843,DATA,487.3,2.1,7671,7666,7717,1088,1420,1,1,0,""
290344,DATA,487.5,0.0,7649,7655,7718,1089,1420,1,1,0,""
290845,DATA,487.5,0.0,7648,7647,7718,1089,1420,1,1,0,""
291346,DATA,488.0,0.0,7665,7660,7718,1089,1420,1,1,0,""
291847,DATA,488.3,2.1,7674,7673,8906,1089,1420,1,1,0,""
292348,DATA,488.7,0.0,7670,7670,7718,1089,1420,1,1,0,""
292849,DATA,489.7,2.1,7692,7687,7718,1089,1420,1,1,0,""
293350,DATA,490.8,0.0,7683,7685,7719,1089,1420,1,1,0,""
293851,DATA,491.3,2.1,7674,7675,7719,1089,1420,1,1,0,""
293950,EVENT,491.3,2.1,7674,7675,7719,1089,1420,1,1,0,"PUMP 1094"
294352,DATA,491.8,2.1,7670,7672,8312,1090,1420,1,1,0,""
294853,DATA,492.0,-2.1,7666,7664,7717,1092,1420,1,1,0,""
295354,DATA,492.5,2.1,7689,7687,7719,1094,1420,1,1,0,""
295855,DATA,494.0,4.2,7670,7675,7718,1094,1420,1,1,0,""
296356,DATA,494.8,0.0,7675,7673,7719,1094,1420,1,1,0,""
296857,DATA,495.5,4.2,7693,7688,8312,1094,1420,1,1,0,""
297358,DATA,495.8,0.0,7703,7701,7719,1094,1420,1,1,0,""
297859,DATA,496.0,0.0,7677,7684,7719,1094,1420,1,1,0,""
298360,DATA,496.7,2.1,7631,7638,7718,1094,1420,1,1,0,""
298861,DATA,497.5,0.0,7673,7661,8906,1094,1420,1,1,0,""
299206,EVENT,498.5,4.2,7719,7703,9600,1094,1420,1,1,0,"PUMP 1099"
299362,DATA,498.8,0.0,7723,7716,9503,1094,1420,1,1,0,""
299863,DATA,499.3,0.0,7689,7696,8310,1096,1420,1,1,0,""
300364,DATA,499.3,0.0,7662,7668,8904,1098,1420,1,1,0,""
300865,DATA,499.8,-2.1,7671,7668,7123,1099,1420,1,1,0,""
301366,DATA,500.8,2.1,7698,7695,8311,1099,1420,1,1,0,""
301867,DATA,501.0,0.0,7647,7658,7717,1099,1420,1,1,0,""
302368,DATA,502.0,2.0,7635,7636,8312,1099,1420,1,1,0,""
302869,DATA,502.0,-2.1,7650,7646,7718,1099,1420,1,1,0,""
303370,DATA,503.0,4.2,7699,7687,7717,1099,1420,1,1,0,""
303871,DATA,503.5,0.0,7713,7711,7718,1099,1420,1,1,0,""
304372,DATA,504.0,0.0,7702,7706,7719,1099,1420,1,1,0,""
304873,DATA,504.5,0.0,7703,7701,7718,1099,1420,1,1,0,""
305374,DATA,504.8,0.0,7736,7728,7718,1099,1420,1,1,0,""
305875,DATA,505.2,2.1,7759,7753,7719,1099,1420,1,1,0,""
306376,DATA,505.7,0.0,7761,7763,8311,1099,1420,1,1,0,""
306877,DATA,506.2,0.0,7727,7735,7719,1099,1420,1,1,0,""
307378,DATA,506.5,0.0,7728,7726,7717,1099,1420,1,1,0,""
307879,DATA,506.5,-2.1,7743,7740,7718,1099,1420,1,1,0,""
308380,DATA,507.0,4.0,7742,7742,7718,1099,1420,1,1,0,""
308881,DATA,507.8,2.1,7733,7737,7719,1099,1420,1,1,0,""
309382,DATA,508.0,2.1,7724,7725,7718,1099,1420,1,1,0,""
309883,DATA,508.5,2.1,7725,7726,7719,1099,1420,1,1,0,""
310384,DATA,508.5,0.0,7714,7717,7718,1099,1420,1,1,0,""
310885,DATA,508.3,0.0,7689,7696,7719,1099,1420,1,1,0,""
311224,EVENT,508.5,-2.1,7675,7680,7799,1099,1420,1,1,0,"PUMP 1094"
311386,DATA,508.8,2.0,7672,7675,7719,1099,1420,1,1,0,""
311607,EVENT,509.0,2.1,7675,7674,7801,1098,1420,1,1,0,"PUMP 1089"
311887,DATA,509.2,2.1,7691,7684,7718,1097,1420,1,1,0,""
312388,DATA,509.7,2.1,7706,7705,7718,1093,1420,1,1,0,""
312889,DATA,509.5,-2.1,7658,7671,7718,1090,1420,1,1,0,""
313390,DATA,510.0,0.0,7655,7652,7718,1089,1420,1,1,0,""
313891,DATA,510.5,2.1,7679,7675,7718,1089,1420,1,1,0,""
314392,DATA,509.7,-2.0,7699,7694,7719,1089,1420,1,1,0,""
314893,DATA,510.0,0.0,7726,7721,7718,1089,1420,1,1,0,""
315394,DATA,509.7,2.1,7710,7714,7718,1089,1420,1,1,0,""
315895,DATA,509.2,0.0,7703,7705,7124,1089,1420,1,1,0,""
316396,DATA,509.2,0.0,7704,7703,7719,1089,1420,1,1,0,""
316897,DATA,510.0,0.0,7711,7709,7718,1089,1420,1,1,0,""
317398,DATA,510.8,2.0,7702,7705,7717,1089,1420,1,1,0,""
317899,DATA,510.8,0.0,7695,7695,7719,1089,1420,1,1,0,""
318400,DATA,510.8,0.0,7715,7711,7717,1089,1420,1,1,0,""
318901,DATA,510.0,-2.1,7718,7717,7719,1089,1420,1,1,0,""
319402,DATA,509.5,0.0,7708,7712,7718,1089,1420,1,1,0,""
319903,DATA,509.5,2.1,7709,7708,7719,1089,1420,1,1,0,""
320404,DATA,510.0,0.0,7708,7710,7719,1089,1420,1,1,0,""
320905,DATA,510.2,0.0,7697,7699,7719,1089,1420,1,1,0,""
321406,DATA,510.5,2.1,7688,7692,7717,1089,1420,1,1,0,""
321907,DATA,510.2,0.0,7675,7676,7717,1089,1420,1,1,0,""
322408,DATA,510.2,-2.1,7676,7676,7719,1089,1420,1,1,0,""
322909,DATA,510.2,-2.1,7662,7667,7719,1089,1420,1,1,0,""
323410,DATA,511.0,4.0,7648,7649,8313,1089,1420,1,1,0,""
323911,DATA,511.5,2.1,7666,7660,8904,1089,1420,1,1,0,""
324412,DATA,511.5,0.0,7678,7678,8312,1089,1420,1,1,0,""
324586,EVENT,511.3,-2.1,7675,7676,8403,1089,1420,1,1,0,"STARTER 1440"
324915,DATA,511.8,2.1,7443,7566,3499,1089,1429,1,1,0,""
325415,DATA,512.0,0.0,7634,7566,7795,1089,1438,1,1,0,""
325915,DATA,512.0,2.1,7821,7775,7801,1089,1440,1,1,0,""
326415,DATA,511.8,2.1,7892,7878,7799,1089,1440,1,1,0,""
326915,DATA,512.0,4.2,7918,7914,7800,1089,1440,1,1,0,""
327415,DATA,512.0,0.0,7959,7950,8400,1089,1440,1,1,0,""
327915,DATA,511.5,0.0,7952,7951,7799,1089,1440,1,1,0,""
328415,DATA,511.3,0.0,7956,7956,7799,1089,1440,1,1,0,""
328915,DATA,510.5,-2.1,7978,7972,8400,1089,1440,1,1,0,""
329415,DATA,510.5,0.0,8016,8009,8401,1089,1440,1,1,0,""
329484,EVENT,510.5,0.0,8014,8011,7799,1089,1440,1,1,0,"STARTER 1460"
329935,DATA,510.0,-2.1,7225,7578,3000,1089,1452,1,1,0,""
330435,DATA,510.2,0.0,8119,8042,7800,1089,1459,1,1,0,""
330935,DATA,510.0,0.0,8226,8198,8399,1089,1460,1,1,0,""
331435,DATA,510.0,-2.1,8285,8273,8400,1089,1460,1,1,0,""
331935,DATA,509.5,-2.1,8343,8329,8401,1089,1460,1,1,0,""
331989,EVENT,509.0,-4.2,8343,8329,8401,1089,1460,1,1,1,"VALVE2 ON"
332435,DATA,508.0,-2.1,8327,8333,8401,1089,1460,1,1,1,""
332935,DATA,507.3,-2.1,8334,8329,8399,1089,1460,1,1,1,""
333435,DATA,506.2,-2.1,8385,8373,8400,1089,1460,1,1,1,""
333935,DATA,506.5,2.1,8409,8403,8401,1089,1460,1,1,1,""
334435,DATA,506.5,-4.2,8427,8423,8400,1089,1460,1,1,1,""
334935,DATA,506.2,0.0,8456,8450,8400,1089,1460,1,1,1,""
335435,DATA,505.2,-2.1,8447,8450,8400,1089,1460,1,1,1,""
335935,DATA,504.5,0.0,8431,8438,8400,1089,1460,1,1,1,""
336435,DATA,504.0,0.0,8363,8376,8399,1089,1460,1,1,1,""
336935,DATA,503.3,0.0,8361,8361,8399,1089,1460,1,1,1,""
337121,EVENT,503.0,-2.1,8376,8369,8400,1089,1460,1,1,1,"PUMP 1094"
337435,DATA,503.0,2.1,8415,8400,8401,1090,1460,1,1,1,""
337499,EVENT,503.0,2.1,8425,8411,8399,1090,1460,1,1,1,"PUMP 1099"
337935,DATA,502.5,-2.1,8408,8413,8400,1092,1460,1,1,1,""
338286,EVENT,502.2,-2.1,8411,8409,8401,1095,1460,1,1,1,"PUMP 1104"
338435,DATA,502.2,0.0,8433,8423,8401,1095,1460,1,1,1,""
338935,DATA,501.7,0.0,8462,8458,8400,1099,1460,1,1,1,""
339235,EVENT,501.5,0.0,8453,8456,8400,1101,1460,1,1,1,"PUMP 1109"
339435,DATA,501.2,-2.1,8453,8453,8400,1101,1460,1,1,1,""
339935,DATA,501.0,-2.1,8491,8482,8400,1105,1460,1,1,1,""
340435,DATA,501.0,0.0,8517,8513,8400,1108,1460,1,1,1,""
340935,DATA,501.0,0.0,8541,8533,8399,1109,1460,1,1,1,""
341435,DATA,501.5,2.1,8587,8578,8400,1109,1460,1,1,1,""
341935,DATA,501.5,2.1,8575,8577,8399,1109,1460,1,1,1,""
342435,DATA,501.2,0.0,8552,8558,9000,1109,1460,1,1,1,""
342519,EVENT,501.2,0.0,8550,8555,8400,1109,1460,1,1,1,"PUMP 1114"
342935,DATA,500.8,0.0,8543,8546,9001,1110,1460,1,1,1,""
343435,DATA,500.8,2.1,8540,8538,8400,1112,1460,1,1,1,""
343935,DATA,501.5,2.1,8542,8546,8399,1114,1460,1,1,1,""
344435,DATA,501.2,-2.1,8508,8514,8400,1114,1460,1,1,1,""
344935,DATA,501.2,2.1,8500,8500,9000,1114,1460,1,1,1,""
345435,DATA,500.8,0.0,8488,8493,8401,1114,1460,1,1,1,""
345935,DATA,501.2,2.1,8483,8482,8399,1114,1460,1,1,1,""
346435,DATA,501.5,0.0,8492,8491,8401,1114,1460,1,1,1,""
346935,DATA,501.2,-2.1,8487,8487,9000,1114,1460,1,1,1,""
347018,EVENT,501.2,0.0,8490,8488,8399,1114,1460,1,1,0,"VALVE2 OFF"
347435,DATA,501.0,-2.1,8489,8490,8401,1114,1460,1,1,0,""
347935,DATA,501.5,2.1,8459,8466,8399,1114,1460,1,1,0,""
348435,DATA,501.5,0.0,8456,8458,8400,1114,1460,1,1,0,""
348935,DATA,501.0,0.0,8453,8453,8400,1114,1460,1,1,0,""
349435,DATA,500.8,2.1,8455,8453,8399,1114,1460,1,1,0,""
349935,DATA,501.0,0.0,8442,8447,8399,1114,1460,1,1,0,""
350435,DATA,500.5,0.0,8390,8400,8401,1114,1460,1,1,0,""
350935,DATA,500.0,0.0,8411,8404,8400,1114,1460,1,1,0,""
351435,DATA,499.8,0.0,8429,8427,8400,1114,1460,1,1,0,""
351453,EVENT,499.8,0.0,8429,8427,8400,1114,1460,1,1,0,"PUMP 1109"
351671,EVENT,499.8,0.0,8413,8419,8401,1114,1460,1,1,0,"PUMP 1104"
351915,EVENT,499.8,0.0,8400,8405,8400,1113,1460,1,1,0,"PUMP 1099"
351935,DATA,499.8,0.0,8400,8405,8400,1113,1460,1,1,0,""
352049,EVENT,499.8,0.0,8399,8402,8400,1113,1460,1,1,0,"PUMP 1094"
352253,EVENT,499.5,-2.1,8399,8400,8402,1112,1460,1,1,0,"PUMP 1089"
352435,DATA,499.5,2.1,8391,8395,7802,1111,1460,1,1,0,""
352935,DATA,498.5,-2.1,8310,8332,8399,1102,1460,1,1,0,""
353435,DATA,498.5,2.1,8199,8224,8400,1092,1460,1,1,0,""
353676,EVENT,498.5,0.0,8156,8183,8407,1089,1460,1,1,0,"STARTER 1480"
353916,EVENT,498.8,0.0,8090,8127,7743,1089,1467,1,1,0,"STARTER 1500"
353955,DATA,498.8,0.0,8026,8081,4937,1089,1468,1,1,0,""
354475,DATA,498.5,-2.1,8301,7966,1500,1089,1489,1,1,0,""
354975,DATA,498.0,-2.1,7913,7854,8401,1089,1500,1,1,0,""
355475,DATA,498.0,2.1,8590,8627,7801,1089,1500,1,1,0,""
355975,DATA,497.7,-2.1,8321,8365,8400,1089,1500,1,1,0,""
356475,DATA,497.5,-2.1,8320,8314,8399,1089,1500,1,1,0,""
356975,DATA,497.0,0.0,8399,8380,8400,1089,1500,1,1,0,""
357475,DATA,496.5,0.0,8384,8390,8399,1089,1500,1,1,0,""
357975,DATA,496.0,2.1,8370,8374,8399,1089,1500,1,1,0,""
358475,DATA,495.5,-4.2,8463,8435,8400,1089,1500,1,1,0,""
358902,EVENT,495.8,0.0,8523,8506,8400,1089,1500,1,1,0,"PUMP 1094"
358975,DATA,495.8,0.0,8536,8519,8398,1089,1500,1,1,0,""
359475,DATA,495.8,0.0,8602,8582,8401,1091,1500,1,1,0,""
359975,DATA,495.0,-2.1,8692,8675,9000,1093,1500,1,1,0,""
360475,DATA,494.3,-4.2,8726,8717,8401,1094,1500,1,1,0,""
360975,DATA,493.7,-2.1,8775,8765,9000,1094,1500,1,1,0,""
361040,EVENT,493.7,-2.1,8775,8765,9000,1094,1500,1,1,0,"PUMP 1099"
361475,DATA,493.7,0.0,8801,8801,9000,1095,1500,1,1,0,""
361975,DATA,493.5,-2.1,8826,8815,9000,1097,1500,1,1,0,""
362475,DATA,492.7,-2.1,8882,8874,9000,1099,1500,1,1,0,""
362975,DATA,492.5,0.0,8906,8897,9000,1099,1500,1,1,0,""
363475,DATA,492.3,0.0,8942,8930,9000,1099,1500,1,1,0,""
363975,DATA,491.5,-2.1,8988,8977,9000,1099,1500,1,1,0,""
364475,DATA,491.5,-2.1,9060,9038,9000,1099,1500,1,1,0,""
364975,DATA,491.5,0.0,9152,9132,9599,1099,1500,1,1,0,""
365475,DATA,490.8,-2.1,9181,9178,8999,1099,1500,1,1,0,""
365975,DATA,490.0,-4.2,9153,9161,9599,1099,1500,1,1,0,""
366475,DATA,489.2,-2.1,9162,9156,8999,1099,1500,1,1,0,""
366975,DATA,488.7,0.0,9111,9129,10199,1099,1500,1,1,0,""
367383,EVENT,489.0,0.0,9119,9113,10201,1099,1500,1,1,0,"PUMP 1104"
367475,DATA,489.0,0.0,9136,9123,10798,1099,1500,1,1,0,""
367975,DATA,488.3,-4.2,9201,9189,9600,1101,1500,1,1,0,""
368475,DATA,488.0,0.0,9244,9234,10200,1103,1500,1,1,0,""
368975,DATA,487.3,-2.1,9258,9257,9001,1104,1500,1,1,0,""
369475,DATA,487.3,0.0,9248,9246,9000,1104,1500,1,1,0,""
369975,DATA,487.8,0.0,9286,9279,9601,1104,1500,1,1,0,""
370475,DATA,487.3,-2.1,9277,9281,9000,1104,1500,1,1,0,""
370975,DATA,486.8,0.0,9266,9267,9599,1104,1500,1,1,0,""
371475,DATA,486.3,0.0,9282,9278,8999,1104,1500,1,1,0,""
371736,EVENT,486.0,0.0,9289,9285,9007,1104,1500,1,1,1,"VALVE2 ON"
371975,DATA,486.0,0.0,9297,9294,9600,1104,1500,1,1,1,""
372475,DATA,485.8,-2.1,9313,9311,9599,1104,1500,1,1,1,""
372975,DATA,485.0,0.0,9302,9303,9000,1104,1500,1,1,1,""
373475,DATA,484.5,-2.1,9312,9311,9600,1104,1500,1,1,1,""
373962,EVENT,484.0,0.0,9307,9308,9000,1104,1500,1,1,1,"STARTER 1520"
373975,DATA,484.0,0.0,9306,9307,9599,1104,1500,1,1,1,""
374136,EVENT,484.0,0.0,9300,9304,7586,1104,1505,1,1,1,"STARTER 1540"
374336,EVENT,483.8,-1.7,8628,8945,1500,1104,1514,1,1,1,"STARTER 1560"
374495,DATA,483.8,0.0,7969,8506,2000,1104,1523,1,1,1,""
375015,DATA,484.2,2.1,9482,9288,1500,1104,1549,1,1,1,""
375515,DATA,483.8,-2.1,9404,8882,9678,1104,1560,1,1,1,""
375775,EVENT,483.5,0.0,10121,9706,10202,1104,1560,1,1,1,"STARTER 1580"
376015,DATA,482.8,-4.2,10091,10041,6550,1104,1567,1,1,1,""
376096,EVENT,482.8,0.0,10091,10041,6550,1104,1569,1,1,1,"STARTER 1600"
376336,EVENT,482.5,0.0,9680,9867,3037,1104,1578,1,1,1,"STARTER 1620"
376535,DATA,482.5,0.0,8424,9039,2026,1104,1588,1,1,1,""
377055,DATA,481.5,0.0,10957,10504,1500,1104,1611,1,1,1,""
377483,EVENT,480.5,2.1,8724,9462,3024,1104,1620,1,1,1,"STARTER 1600"
377555,DATA,480.5,2.1,9605,9527,11399,1104,1618,1,1,1,""
377736,EVENT,479.8,-2.1,10651,10033,8446,1104,1613,1,1,1,"STARTER 1580"
378055,DATA,479.0,-4.2,11482,11255,1500,1104,1600,1,1,1,""
378575,DATA,477.0,-4.2,8599,9501,1500,1104,1584,1,1,1,""
379075,DATA,475.8,-4.2,10834,10626,10800,1104,1580,1,1,1,""
379575,DATA,475.0,0.0,10659,10686,10200,1104,1580,1,1,1,""
380075,DATA,474.0,-4.2,10598,10609,11400,1104,1580,1,1,1,""
380575,DATA,473.0,-4.2,10576,10580,10801,1104,1580,1,1,1,""
381075,DATA,472.2,-2.1,10577,10577,10200,1104,1580,1,1,1,""
381575,DATA,471.7,-2.1,10535,10545,10199,1104,1580,1,1,1,""
381919,EVENT,470.8,-2.1,10521,10524,11401,1104,1580,1,1,1,"PUMP 1109"
382075,DATA,470.8,2.1,10523,10523,11397,1104,1580,1,1,1,""
382151,EVENT,470.8,2.1,10526,10524,10801,1104,1580,1,1,1,"PUMP 1114"
382575,DATA,470.0,-2.1,10539,10535,10799,1106,1580,1,1,1,""
383075,DATA,469.3,-2.1,10568,10561,10200,1111,1580,1,1,1,""
383575,DATA,469.0,0.0,10586,10581,10801,1114,1580,1,1,1,""
384035,EVENT,468.5,0.0,10568,10575,10798,1114,1580,1,1,1,"STARTER 1600"
384075,DATA,468.5,0.0,10568,10575,10798,1114,1581,1,1,1,""
384575,DATA,468.0,0.0,10469,10471,9675,1114,1594,1,1,1,""
384600,EVENT,468.0,0.0,10469,10471,9675,1114,1594,1,1,1,"STARTER 1620"
385075,DATA,467.7,-2.1,9784,10117,1500,1114,1609,1,1,1,""
385116,EVENT,467.7,-2.1,9784,10117,1500,1114,1610,1,1,1,"STARTER 1640"
385595,DATA,467.5,0.0,11481,10822,1500,1114,1628,1,1,1,""
386095,DATA,466.8,0.0,9416,10155,8467,1114,1640,1,1,1,""
386504,EVENT,466.3,-2.1,12242,11716,11402,1114,1640,1,1,1,"STARTER 1660"
386595,DATA,465.8,-4.2,12182,11926,11314,1114,1643,1,1,1,""
387095,DATA,465.3,2.1,10380,11008,9070,1114,1655,1,1,1,""
387595,DATA,464.2,-4.2,9520,9330,12001,1114,1660,1,1,1,""
388095,DATA,463.5,0.0,11448,11101,12001,1114,1660,1,1,1,""
388538,EVENT,463.3,0.0,11905,11812,12600,1114,1660,1,1,1,"PUMP 1119"
388595,DATA,462.8,-4.2,11905,11812,12600,1114,1660,1,1,1,""
388703,EVENT,462.5,-2.1,11940,11869,11997,1114,1660,1,1,1,"PUMP 1124"
388916,EVENT,462.5,2.1,11989,11964,11999,1115,1660,1,1,1,"PUMP 1129"
389095,DATA,462.3,-2.1,11988,11975,12000,1116,1660,1,1,1,""
389351,EVENT,462.0,-2.1,11968,11972,11999,1118,1660,1,1,1,"PUMP 1134"
389595,DATA,461.5,-4.2,11971,11971,12000,1119,1660,1,1,1,""
390095,DATA,460.8,-4.2,12013,12002,13201,1126,1660,1,1,1,""
390595,DATA,460.2,0.0,12043,12036,12000,1133,1660,1,1,1,""
390671,EVENT,460.2,0.0,12047,12041,11999,1133,1660,1,1,1,"PUMP 1129"
390886,EVENT,460.2,0.0,12051,12048,12001,1133,1660,1,1,1,"PUMP 1124"
391095,DATA,460.0,-2.1,12043,12046,12001,1133,1660,1,1,1,""
391595,DATA,459.5,-2.1,11997,12007,11999,1129,1660,1,1,1,""
392095,DATA,459.2,0.0,11985,11986,12001,1125,1660,1,1,1,""
392595,DATA,459.2,2.1,11990,11992,12002,1124,1660,1,1,1,""
392792,EVENT,458.8,-2.1,11987,11989,12001,1124,1660,1,1,1,"STARTER 1680"
393036,EVENT,458.3,-4.2,11969,11978,10722,1124,1667,1,1,1,"STARTER 1700"
393115,DATA,458.3,-4.2,11959,11969,5924,1124,1669,1,1,1,""
393635,DATA,457.8,0.0,9810,10555,1500,1124,1690,1,1,1,""
394135,DATA,457.0,-4.2,13360,12985,12601,1124,1700,1,1,1,""
394635,DATA,456.5,-2.1,12708,12803,12600,1124,1700,1,1,1,""
395135,DATA,455.7,0.0,12642,12651,13199,1124,1700,1,1,1,""
395635,DATA,455.0,0.0,12651,12650,12600,1124,1700,1,1,1,""
396135,DATA,454.3,-2.1,12614,12626,12599,1124,1700,1,1,1,""
396635,DATA,454.0,-2.1,12508,12534,12600,1124,1700,1,1,1,""
396818,EVENT,453.8,-2.0,12468,12493,12003,1124,1700,1,1,1,"PUMP 1119"
396943,EVENT,453.8,0.0,12447,12472,12597,1124,1700,1,1,1,"PUMP 1114"
397135,EVENT,453.5,-2.1,12405,12431,12602,1124,1700,1,1,1,"PUMP 1109"
397135,DATA,453.5,-2.1,12405,12431,12602,1124,1700,1,1,1,""
397358,EVENT,453.3,-2.1,12376,12396,12002,1123,1700,1,1,1,"PUMP 1104"
397533,EVENT,453.3,0.0,12371,12379,12002,1122,1700,1,1,1,"PUMP 1099"
397635,DATA,453.3,0.0,12372,12376,12599,1122,1700,1,1,1,""
398135,DATA,452.5,0.0,12367,12372,11998,1114,1700,1,1,1,""
398635,DATA,452.0,-2.1,12283,12300,12000,1103,1700,1,1,1,""
399135,DATA,451.7,0.0,12274,12275,12600,1099,1700,1,1,1,""
399358,EVENT,451.5,0.0,12263,12269,11999,1099,1700,1,1,1,"STARTER 1680"
399476,EVENT,451.0,-4.2,12259,12264,12599,1099,1696,1,1,1,"STARTER 1660"
399635,DATA,451.0,0.0,12041,12162,2531,1099,1689,1,1,1,""
399637,EVENT,451.0,0.0,12041,12162,2531,1099,1689,1,1,1,"STARTER 1640"
399756,EVENT,450.5,-4.2,11590,11904,2000,1099,1683,1,1,1,"STARTER 1620"
399916,EVENT,450.5,0.0,10933,11467,2726,1099,1671,1,1,1,"STARTER 1600"
400155,DATA,450.3,-2.1,9188,10108,1500,1099,1649,1,1,1,""
400675,DATA,449.8,2.1,12273,11691,1500,1099,1612,1,1,1,""
401052,EVENT,449.0,0.0,10297,10968,7257,1099,1600,1,1,1,"STARTER 1583"
401175,DATA,449.0,0.0,9360,10244,10799,1099,1597,1,1,1,""
401268,EVENT,449.0,0.0,8763,9577,10799,1099,1594,1,1,1,"STARTER 1563"
401695,DATA,448.5,0.0,7942,8404,1500,1099,1578,1,1,1,""
402195,DATA,448.8,2.1,10403,10253,7861,1099,1564,1,1,1,""
402695,DATA,449.0,2.1,9780,9756,10200,1099,1563,1,1,1,""
403195,DATA,448.8,-2.1,9965,9935,10209,1099,1563,1,1,1,""
403695,DATA,449.3,2.1,10018,10001,10201,1099,1563,1,1,1,""
404195,DATA,449.5,0.0,10009,10020,9599,1099,1563,1,1,1,""
404695,DATA,450.0,0.0,9974,9979,10200,1099,1563,1,1,1,""
405033,EVENT,450.0,0.0,9963,9969,9600,1099,1563,1,1,1,"PUMP 1104"
405195,DATA,450.0,0.0,9946,9955,9602,1099,1563,1,1,1,""
405695,DATA,450.5,0.0,9919,9924,10201,1101,1563,1,1,1,""
406195,DATA,450.5,0.0,9908,9912,10199,1103,1563,1,1,1,""
406695,DATA,451.0,0.0,9905,9903,9600,1104,1563,1,1,1,""
407195,DATA,451.5,2.1,9935,9931,9600,1104,1563,1,1,1,""
407571,EVENT,451.2,0.0,9945,9945,10206,1104,1563,1,1,1,"PUMP 1109"
407695,DATA,451.2,0.0,9944,9945,9598,1104,1563,1,1,1,""
408195,DATA,451.5,2.1,9945,9950,9599,1106,1563,1,1,1,""
408695,DATA,451.7,0.0,9934,9932,9600,1108,1563,1,1,1,""
408885,EVENT,451.7,2.1,9962,9950,10200,1109,1563,1,1,1,"PUMP 1114"
409195,DATA,452.0,2.1,9980,9971,10200,1110,1563,1,1,1,""
409695,DATA,452.0,0.0,9967,9975,10200,1112,1563,1,1,1,""
410195,DATA,452.8,2.1,9996,9987,10200,1114,1563,1,1,1,""
410695,DATA,453.3,0.0,10046,10034,10199,1114,1563,1,1,1,""
411195,DATA,454.0,2.1,10023,10031,9600,1114,1563,1,1,1,""
411695,DATA,454.3,2.1,10045,10038,10201,1114,1563,1,1,1,""
412195,DATA,454.5,2.1,10045,10047,10200,1114,1563,1,1,1,""
412695,DATA,455.0,0.0,9947,9974,10199,1114,1563,1,1,1,""
413195,DATA,455.0,-2.1,9917,9915,10200,1114,1563,1,1,1,""
413695,DATA,455.2,2.1,9983,9969,10200,1114,1563,1,1,1,""
413750,EVENT,455.2,0.0,9983,9969,10200,1114,1563,1,1,1,"PUMP 1119"
414195,DATA,455.0,0.0,9967,9974,9599,1115,1563,1,1,1,""
414695,DATA,454.8,0.0,9918,9929,10201,1117,1563,1,1,1,""
415195,DATA,455.5,2.1,9894,9897,10199,1119,1563,1,1,1,""
415695,DATA,455.5,0.0,9893,9896,9600,1119,1563,1,1,1,""
416195,DATA,456.0,2.1,9886,9887,10200,1119,1563,1,1,1,""
416695,DATA,455.5,-2.1,9888,9891,9601,1119,1563,1,1,1,""
416752,EVENT,455.5,-2.1,9888,9891,9601,1119,1563,1,1,1,"PUMP 1114"
417195,DATA,455.7,2.1,9885,9886,10200,1118,1563,1,1,1,""
417695,DATA,456.0,0.0,9876,9881,9600,1116,1563,1,1,1,""
418195,DATA,456.2,0.0,9859,9862,10200,1114,1563,1,1,1,""
418316,EVENT,456.2,0.0,9854,9858,9600,1114,1563,1,1,1,"PUMP 1109"
418695,DATA,456.0,0.0,9865,9861,10200,1113,1563,1,1,1,""
419195,DATA,456.0,0.0,9846,9849,9601,1111,1563,1,1,1,""
419695,DATA,456.2,0.0,9891,9879,10200,1109,1563,1,1,1,""
420195,DATA,456.2,0.0,9867,9877,9600,1109,1563,1,1,1,""
420695,DATA,456.2,2.1,9844,9846,9600,1109,1563,1,1,1,""
421195,DATA,456.0,-2.1,9876,9869,10200,1109,1563,1,1,1,""
421695,DATA,456.0,0.0,9883,9879,9600,1109,1563,1,1,1,""
421969,EVENT,456.0,0.0,9875,9877,9600,1109,1563,1,1,1,"PUMP 1114"
422195,DATA,456.0,0.0,9867,9870,10201,1109,1563,1,1,1,""
422695,DATA,456.0,0.0,9866,9868,9599,1111,1563,1,1,1,""
423195,DATA,456.0,0.0,9829,9835,9599,1114,1563,1,1,1,""
423695,DATA,456.0,0.0,9883,9871,10201,1114,1563,1,1,1,""
424195,DATA,456.5,2.1,9881,9881,9600,1114,1563,1,1,1,""
424695,DATA,456.8,0.0,9839,9854,9599,1114,1563,1,1,1,""
425195,DATA,456.8,0.0,9812,9817,9600,1114,1563,1,1,1,""
425537,EVENT,456.8,0.0,9814,9815,9499,1114,1563,1,1,1,"PUMP 1119"
425695,DATA,456.5,-2.1,9811,9813,9600,1114,1563,1,1,1,""
426195,DATA,457.0,0.0,9800,9797,10200,1116,1563,1,1,1,""
426695,DATA,457.5,2.1,9836,9828,10206,1118,1563,1,1,1,""
427195,DATA,457.5,0.0,9880,9875,9606,1119,1563,1,1,1,""
427695,DATA,457.5,0.0,9840,9850,9606,1119,1563,1,1,1,""
428195,DATA,457.3,2.1,9808,9814,9606,1119,1563,1,1,1,""
428695,DATA,457.3,2.1,9842,9832,10808,1119,1563,1,1,1,""
429195,DATA,457.3,0.0,9858,9855,10205,1119,1563,1,1,1,""
429605,EVENT,457.3,-2.0,9874,9868,10807,1119,1563,1,1,1,"PUMP 1114"
429695,DATA,457.3,0.0,9874,9868,10807,1119,1563,1,1,1,""
429834,EVENT,457.3,0.0,9885,9879,11401,1119,1563,1,1,1,"PUMP 1109"
430195,DATA,457.3,-2.1,9874,9878,10205,1118,1563,1,1,1,""
430201,EVENT,457.3,-2.1,9874,9878,10205,1118,1563,1,1,1,"PUMP 1104"
430380,EVENT,457.3,0.0,9856,9865,9603,1117,1563,1,1,1,"PUMP 1099"
430584,EVENT,457.3,0.0,9828,9843,10094,1116,1563,1,1,1,"PUMP 1094"
430695,DATA,457.3,0.0,9814,9830,10804,1116,1563,1,1,1,""
431195,DATA,457.8,2.1,9804,9804,10208,1108,1563,1,1,1,""
431695,DATA,457.8,2.1,9956,9965,9606,1098,1563,1,1,1,""
431760,EVENT,457.8,2.1,9925,9947,12599,1097,1563,1,1,1,"PUMP 1089"
432084,EVENT,457.3,-2.1,9894,9906,11875,1096,1563,1,1,1,"PUMP 1084"
432195,DATA,457.5,2.1,9889,9898,11405,1096,1563,1,1,1,""
432335,EVENT,457.3,-2.1,9869,9880,10200,1095,1563,1,1,1,"PUMP 1079"
432587,EVENT,457.0,0.0,9845,9859,9500,1094,1563,1,1,1,"PUMP 1074"
432695,DATA,457.0,0.0,9830,9846,10805,1094,1563,1,1,1,""
432749,EVENT,456.8,-2.1,9821,9835,10201,1093,1563,1,1,1,"PUMP 1069"
433130,EVENT,456.8,0.0,9834,9828,10207,1089,1563,1,1,1,"PUMP 1064"
433195,DATA,456.8,0.0,9834,9828,10207,1089,1563,1,1,1,""
433695,DATA,456.2,-2.1,9826,9830,12610,1081,1563,1,1,1,""
434195,DATA,455.2,-2.1,9756,9778,10208,1069,1563,1,1,1,""
434695,DATA,454.8,0.0,9695,9705,12008,1064,1563,1,1,1,""
435195,DATA,454.3,0.0,9722,9718,10806,1064,1563,1,1,1,""
435695,DATA,453.5,0.0,9761,9747,10806,1064,1563,1,1,1,""
436195,DATA,452.8,-2.1,9790,9781,10207,1064,1563,1,1,1,""
436695,DATA,452.5,0.0,9833,9827,10806,1064,1563,1,1,1,""
437063,EVENT,451.7,-2.1,9807,9815,10687,1064,1563,0,1,1,"IGN OFF"
437195,DATA,451.5,-2.1,9793,9805,11404,1064,1563,0,1,1,""
437695,DATA,450.3,-4.2,9794,9793,10206,1064,1563,0,1,1,""
438195,DATA,449.0,-2.1,9808,9808,9605,1064,1563,0,1,1,""
438695,DATA,446.7,-6.2,9775,9780,10806,1064,1563,0,1,1,""
439195,DATA,444.8,-2.1,9788,9786,10806,1064,1563,0,1,1,""
439695,DATA,442.5,-4.2,9752,9762,10205,1064,1563,0,1,1,""
440195,DATA,440.8,-4.2,9693,9704,11406,1064,1563,0,1,1,""
440524,EVENT,439.5,-4.2,9718,9709,10800,1064,1563,0,1,1,"PUMP 1069"
440695,DATA,439.2,-2.1,9745,9732,10251,1064,1563,0,1,1,""
441195,DATA,438.0,-4.2,9734,9735,10808,1066,1563,0,1,1,""
441695,DATA,436.5,-4.2,9692,9711,9607,1068,1563,0,1,1,""
442195,DATA,434.7,-4.2,9625,9635,12610,1069,1563,0,1,1,""
442695,DATA,433.0,-6.2,9619,9624,10807,1069,1563,0,1,1,""
443175,EVENT,431.2,-2.1,9606,9611,10205,1069,1563,0,1,1,"PUMP 1074"
443195,DATA,431.2,-2.1,9606,9611,10205,1069,1563,0,1,1,""
443695,DATA,429.3,-2.1,9571,9582,10807,1070,1563,0,1,1,""
444195,DATA,427.5,-4.2,9538,9543,9606,1073,1563,0,1,1,""
444695,DATA,426.2,-2.1,9552,9540,11407,1074,1563,0,1,1,""
444978,EVENT,425.3,-4.2,9604,9586,9600,1074,1563,0,1,1,"PUMP 1079"
445195,DATA,424.5,-2.1,9569,9581,10806,1074,1563,0,1,1,""
445695,DATA,423.3,0.0,9560,9563,10807,1076,1563,0,1,1,""
446195,DATA,421.7,-4.2,9542,9542,10808,1079,1563,0,1,1,""
446546,EVENT,420.8,-2.1,9579,9574,10686,1079,1563,0,1,1,"STARTER 1543"
446715,DATA,420.5,-2.1,9572,9573,9004,1079,1558,0,1,1,""
447215,DATA,419.0,0.0,8802,8748,9599,1079,1547,0,1,1,""
447267,EVENT,419.0,0.0,8802,8748,9599,1079,1546,0,1,1,"STARTER 1523"
447735,DATA,418.0,-3.8,9707,9715,2500,1079,1533,0,1,1,""
447896,EVENT,417.5,-3.4,8400,8983,1507,1079,1529,0,1,1,"STARTER 1503"
448255,DATA,416.3,-4.2,9713,9410,1667,1079,1517,0,1,1,""
448755,DATA,415.5,-2.1,7858,8520,3501,1079,1505,0,1,1,""
449255,DATA,414.2,-2.1,9025,8980,9001,1079,1503,0,1,1,""
449755,DATA,414.0,0.0,8685,8740,9000,1079,1503,0,1,1,""
450255,DATA,413.5,-2.1,8577,8604,10198,1079,1503,0,1,1,""
450755,DATA,412.8,-2.1,8575,8568,10800,1079,1503,0,1,1,""
451255,DATA,412.5,0.0,8597,8592,9000,1079,1503,0,1,1,""
451602,EVENT,412.0,0.0,8621,8611,9600,1079,1503,0,0,1,"VALVE1 OFF"
451755,DATA,412.0,0.0,8621,8615,10200,1079,1503,0,0,1,""
452255,DATA,411.5,-2.1,8851,8777,12599,1079,1503,0,0,1,""
452755,DATA,410.5,-2.1,9006,8908,13798,1079,1503,0,0,1,""
453255,DATA,410.0,2.1,9046,9049,9599,1079,1503,0,0,1,""
453755,DATA,408.5,-2.1,8802,8844,8999,1079,1503,0,0,1,""
454255,DATA,406.5,-4.2,8787,8787,19800,1079,1503,0,0,1,""
454755,DATA,403.5,-8.3,8814,8806,14399,1079,1503,0,0,1,""
455255,DATA,400.5,-4.0,9485,9297,10201,1079,1503,0,0,1,""
455285,EVENT,399.3,-10.4,9485,9297,10201,1079,1503,0,0,1,"PUMP 1084"
455517,EVENT,397.8,-8.3,9193,9281,9600,1079,1503,0,0,1,"PUMP 1089"
455755,DATA,396.0,-4.2,9300,9264,18603,1080,1503,0,0,1,""
456255,DATA,391.5,-12.5,8980,9120,12599,1084,1503,0,0,1,""
456755,DATA,387.3,-6.2,8747,8705,11401,1088,1503,0,0,1,""
457255,DATA,382.5,-10.4,8977,8900,18600,1089,1503,0,0,1,""
457755,DATA,378.2,-12.5,8761,8810,10200,1089,1503,0,0,1,""
458255,DATA,373.5,-11.9,8553,8594,15600,1089,1503,0,0,1,""
458755,DATA,368.8,-10.4,8689,8672,10199,1089,1503,0,0,1,""
458858,EVENT,368.8,-10.4,8642,8658,10200,1000,1503,0,0,0,"PUMP OFF"
459255,DATA,364.8,-6.2,8510,8540,8401,1000,1503,0,0,0,""
459755,DATA,360.5,-10.4,8437,8457,9000,1000,1503,0,0,0,""
460195,EVENT,356.8,-10.4,8397,8409,10799,1000,1503,0,0,0,"STARTER 1483"
460255,DATA,356.8,-10.4,8398,8404,10111,1000,1501,0,0,0,""
460398,EVENT,355.8,-8.0,8344,8375,5955,1000,1497,0,0,0,"STARTER 1463"
460755,DATA,352.5,-7.6,7575,7941,1500,1000,1482,0,0,0,""
460757,EVENT,352.5,-7.6,7575,7941,1500,1000,1482,0,0,0,"STARTER 1443"
461275,DATA,348.3,-9.5,8148,8018,2500,1000,1458,0,0,0,""
461476,EVENT,347.3,-6.8,7769,7906,1500,1000,1451,0,0,0,"STARTER 1423"
461795,DATA,344.3,-10.4,7805,7650,1818,1000,1440,0,0,0,""
462076,EVENT,342.5,-4.2,7642,7703,1500,1000,1431,0,0,0,"STARTER 1403"
462315,DATA,340.5,-7.6,7395,7426,2532,1000,1422,0,0,0,""
462716,EVENT,337.5,-10.4,6699,7093,1500,1000,1410,0,0,0,"STARTER 1383"
462835,DATA,336.8,-5.7,6906,7009,2500,1000,1407,0,0,0,""
463355,DATA,333.3,-7.6,6906,6902,2272,1000,1390,0,0,0,""
463357,EVENT,333.3,-7.6,6906,6902,2272,1000,1390,0,0,0,"STARTER 1363"
463875,DATA,329.8,-7.6,6582,6648,1500,1000,1373,0,0,0,""
464375,DATA,327.3,-2.1,6387,6509,7200,1000,1363,0,0,0,""
464875,DATA,324.3,-6.2,6465,6485,7201,1000,1363,0,0,0,""
465031,EVENT,323.5,-6.2,6411,6441,6600,1000,1363,0,0,0,"STARTER 1343"
465395,DATA,321.5,-4.2,6108,6259,3000,1000,1353,0,0,0,""
465895,DATA,318.0,-4.2,5959,6015,7199,1000,1345,0,0,0,""
465907,EVENT,318.0,-4.2,5959,6015,7199,1000,1344,0,0,0,"STARTER 1323"
466415,DATA,315.3,-8.3,5239,5457,2272,1000,1331,0,0,0,""
466915,DATA,312.5,-8.3,5073,4976,6600,1000,1323,0,0,0,""
467415,DATA,310.5,-6.2,5423,5368,9600,1000,1323,0,0,0,""
467915,DATA,308.5,2.1,5424,5427,7799,1000,1323,0,0,0,""
468199,EVENT,306.3,-6.2,5368,5387,6600,1000,1323,0,0,0,"STARTER 1303"
468435,DATA,306.0,-2.1,5341,5360,8340,1000,1316,0,0,0,""
468935,DATA,303.0,-4.2,4573,4627,7800,1000,1306,0,0,0,""
469435,DATA,300.8,-2.1,5591,5442,4800,1000,1303,0,0,0,""
469935,DATA,298.7,-2.1,5186,5254,5400,1000,1303,0,0,0,""
470435,DATA,296.3,-6.2,5119,5128,5999,1000,1303,0,0,0,""
470935,DATA,294.0,-10.4,5220,5193,6000,1000,1303,0,0,0,""
471435,DATA,291.8,-2.1,5322,5297,5399,1000,1303,0,0,0,""
471935,DATA,288.7,-4.2,5372,5367,6001,1000,1303,0,0,0,""
472435,DATA,286.0,-6.2,5273,5298,6600,1000,1303,0,0,0,""
472935,DATA,284.5,-2.1,5279,5271,6601,1000,1303,0,0,0,""
473435,DATA,282.0,-2.0,5360,5344,6599,1000,1303,0,0,0,""
473935,DATA,280.0,-2.1,5344,5353,7199,1000,1303,0,0,0,""
474435,DATA,277.3,-4.2,5664,5598,6000,1000,1303,0,0,0,""
474935,DATA,274.3,-8.3,5437,5475,5400,1000,1303,0,0,0,""
475435,DATA,272.3,-4.2,6047,6074,5999,1000,1303,0,0,0,""
475935,DATA,269.7,-6.2,5512,5608,8999,1000,1303,0,0,0,""
476435,DATA,267.5,-6.0,5576,5615,8400,1000,1303,0,0,0,""
476935,DATA,265.7,-4.2,5370,5401,8400,1000,1303,0,0,0,""
477435,DATA,263.5,-2.1,6656,6147,9599,1000,1303,0,0,0,""
477935,DATA,261.0,2.1,6143,6385,5400,1000,1303,0,0,0,""
478435,DATA,258.5,-6.2,5594,5690,6600,1000,1303,0,0,0,""
478935,DATA,256.3,-8.3,5539,5549,7201,1000,1303,0,0,0,""
479435,DATA,254.3,-6.0,5545,5544,6600,1000,1303,0,0,0,""
479935,DATA,252.0,-6.2,5567,5562,5400,1000,1303,0,0,0,""
480435,DATA,250.0,-6.2,5587,5582,5397,1000,1303,0,0,0,""
480935,DATA,247.5,-4.2,5609,5604,6531,1000,1303,0,0,0,""
481435,DATA,245.5,-6.2,5637,5629,5937,1000,1303,0,0,0,""
481935,DATA,243.5,-4.2,5640,5640,5344,1000,1303,0,0,0,""
482435,DATA,241.5,-4.0,5624,5629,6530,1000,1303,0,0,0,""
482935,DATA,239.5,-2.1,5745,5676,13063,1000,1303,0,0,0,""
483435,DATA,237.3,-6.2,5937,6017,7719,1000,1303,0,0,0,""
483935,DATA,235.5,-4.2,5670,5714,8905,1000,1303,0,0,0,""
484435,DATA,233.0,-4.2,5657,5668,7125,1000,1303,0,0,0,""
484935,DATA,231.3,-4.2,5676,5677,7718,1000,1303,0,0,0,""
485435,DATA,229.5,0.0,6874,6483,7718,1000,1303,0,0,0,""
485935,DATA,227.3,-6.2,6118,6328,5343,1000,1303,0,0,0,""
486435,DATA,225.8,-4.2,5715,5790,7125,1000,1303,0,0,0,""
486935,DATA,223.7,-6.2,5639,5655,7125,1000,1303,0,0,0,""
487435,DATA,221.5,-6.2,5630,5635,7125,1000,1303,0,0,0,""
487935,DATA,220.0,-2.1,5627,5628,8905,1000,1303,0,0,0,""
488435,DATA,218.0,-6.0,5632,5632,5344,1000,1303,0,0,0,""
488935,DATA,216.5,-2.1,5627,5630,5344,1000,1303,0,0,0,""
489435,DATA,214.8,-4.2,5617,5618,7124,1000,1303,0,0,0,""
489935,DATA,213.0,-6.2,5614,5614,5344,1000,1303,0,0,0,""
490435,DATA,211.2,-4.2,5611,5611,5343,1000,1303,0,0,0,""
490935,DATA,209.2,-4.2,5629,5624,9500,1000,1303,0,0,0,""
491435,DATA,208.0,-4.0,5645,5641,10688,1000,1303,0,0,0,""
491935,DATA,206.3,-2.1,5687,5690,5343,1000,1303,0,0,0,""
492435,DATA,204.8,-4.2,5670,5669,5937,1000,1303,0,0,0,""
492935,DATA,203.0,-4.2,5655,5657,10093,1000,1303,0,0,0,""
493067,EVENT,202.5,-4.2,5655,5656,7805,1000,1303,0,0,0,"STARTER 1283"
493435,DATA,201.5,-4.2,5459,5570,4664,1000,1293,0,0,0,""
493935,DATA,199.8,0.0,4543,4578,5999,1000,1284,0,0,0,""
494075,EVENT,199.3,-4.2,4948,4790,6001,1000,1283,0,0,0,"STARTER 1263"
494435,DATA,198.0,-4.2,5142,5098,4008,1000,1273,0,0,0,""
494935,DATA,196.8,-6.2,4783,4733,4800,1000,1265,0,0,0,""
495435,DATA,195.5,-2.1,5023,4989,5399,1000,1263,0,0,0,""
495935,DATA,194.2,-2.1,5017,5020,7800,1000,1263,0,0,0,""
496435,DATA,192.8,-2.1,6173,5719,5999,1000,1263,0,0,0,""
496935,DATA,191.5,-2.1,5540,5767,6600,1000,1263,0,0,0,""
497435,DATA,190.0,-4.2,5058,5144,8400,1000,1263,0,0,0,""
497935,DATA,189.0,-4.2,4962,4989,7799,1000,1263,0,0,0,""
498435,DATA,187.5,-4.2,4946,4952,7200,1000,1263,0,0,0,""
498935,DATA,186.5,-4.2,5511,5429,7800,1000,1263,0,0,0,""
499316,EVENT,185.8,0.0,5119,5204,6599,1000,1263,0,0,0,"STARTER 1243"
499435,DATA,185.5,-2.1,5075,5146,5999,1000,1259,0,0,0,""
499935,DATA,184.0,-2.0,3978,4261,6000,1000,1248,0,0,0,""
500435,DATA,182.8,-2.1,4585,4478,7200,1000,1243,0,0,0,""
500935,DATA,181.7,0.0,5354,5023,9599,1000,1243,0,0,0,""
501435,DATA,180.5,0.0,5010,5154,4801,1000,1243,0,0,0,""
501935,DATA,179.5,0.0,5680,5323,10200,1000,1243,0,0,0,""
502435,DATA,178.0,-4.2,5972,6192,6000,1000,1243,0,0,0,""
502935,DATA,177.0,-2.0,4863,5055,5400,1000,1243,0,0,0,""
503435,DATA,176.0,-2.1,4683,4719,7200,1000,1243,0,0,0,""
503935,DATA,174.8,-2.1,4623,4642,10801,1000,1243,0,0,0,""
504435,DATA,174.3,0.0,5514,5384,7800,1000,1243,0,0,0,""
504935,DATA,173.0,0.0,5055,5055,14401,1000,1243,0,0,0,""
505435,DATA,171.8,-4.2,6475,6083,10800,1000,1243,0,0,0,""
505935,DATA,170.5,-2.0,6774,7046,11399,1000,1243,0,0,0,""
506435,DATA,169.5,0.0,5020,5342,7800,1000,1243,0,0,0,""
506935,DATA,168.3,-4.2,4846,4877,9000,1000,1243,0,0,0,""
507435,DATA,167.3,-2.1,6050,5578,7800,1000,1243,0,0,0,""
507936,DATA,166.5,0.0,8171,7539,12602,1000,1243,0,0,0,""
508437,DATA,165.8,0.0,7111,7621,7200,1000,1243,0,0,0,""
508938,DATA,164.5,-2.0,5313,5561,9000,1000,1243,0,0,0,""
509439,DATA,163.5,-4.2,5403,5297,12601,1000,1243,0,0,0,""
509940,DATA,162.8,-2.1,5806,5635,10200,1000,1243,0,0,0,""
510441,DATA,161.8,-2.1,6163,5911,13801,1000,1243,0,0,0,""
510942,DATA,161.0,0.0,9267,8727,13801,1000,1243,0,0,0,""
511443,DATA,159.8,-2.1,6665,7387,7200,1000,1243,0,0,0,""
511944,DATA,158.5,0.0,5207,5528,8399,1000,1243,0,0,0,""
512445,DATA,157.8,-2.1,6542,6074,11999,1000,1243,0,0,0,""
512946,DATA,156.5,-4.2,5493,5816,6000,1000,1243,0,0,0,""
513447,DATA,156.0,0.0,4869,4991,11400,1000,1243,0,0,0,""
513948,DATA,155.0,-2.1,6788,6110,12601,1000,1243,0,0,0,""
514449,DATA,154.0,-2.1,11389,10348,14999,1000,1243,0,0,0,""
514950,DATA,153.0,0.0,11369,11703,10800,1000,1243,0,0,0,""
515451,DATA,152.0,-2.1,6989,8000,6601,1000,1243,0,0,0,""
515952,DATA,151.3,0.0,5880,6122,9000,1000,1243,0,0,0,""
516453,DATA,150.3,-2.1,5051,5164,8401,1000,1243,0,0,0,""
516954,DATA,149.3,-4.2,4821,4900,7799,1000,1243,0,0,0,""
517455,DATA,148.3,-4.2,4666,4699,6600,1000,1243,0,0,0,""
517956,DATA,147.0,-4.0,5194,4975,8400,1000,1243,0,0,0,""
518457,DATA,146.5,-2.1,4877,4979,5400,1000,1243,0,0,0,""
518958,DATA,145.5,-2.1,4698,4725,6600,1000,1243,0,0,0,""
519459,DATA,144.8,-2.1,6374,5873,5400,1000,1243,0,0,0,""
519960,DATA,144.0,-2.1,6231,6226,8401,1000,1243,0,0,0,""
520461,DATA,143.0,-4.2,5041,5274,8401,1000,1243,0,0,0,""
520962,DATA,142.3,0.0,5056,5050,7800,1000,1243,0,0,0,""
521463,DATA,141.3,-2.1,5076,4984,14400,1000,1243,0,0,0,""
521964,DATA,140.0,-4.2,5268,5402,6600,1000,1243,0,0,0,""
522465,DATA,139.3,-2.1,5639,5353,9600,1000,1243,0,0,0,""
522966,DATA,138.5,-2.1,6071,6280,12000,1000,1243,0,0,0,""
523467,DATA,138.0,0.0,5155,5238,10200,1000,1243,0,0,0,""
523968,DATA,137.0,0.0,5342,5421,9600,1000,1243,0,0,0,""
524469,DATA,136.0,-4.2,5208,5121,13800,1000,1243,0,0,0,""
524970,DATA,135.5,0.0,4949,5021,10199,1000,1243,0,0,0,""
525471,DATA,134.5,-2.1,4830,4874,9001,1000,1243,0,0,0,""
525972,DATA,134.0,0.0,5531,5247,7801,1000,1243,0,0,0,""
526473,DATA,133.0,-4.2,6403,6009,13800,1000,1243,0,0,0,""
526974,DATA,132.5,0.0,5776,6050,13202,1000,1243,0,0,0,""
527475,DATA,131.8,2.1,4851,4984,7196,1000,1243,0,0,0,""
527976,DATA,131.0,-2.1,7371,6709,11281,1000,1243,0,0,0,""
528477,DATA,130.3,-2.1,6069,6443,7717,1000,1243,0,0,0,""
528978,DATA,129.5,-2.1,5767,5848,7124,1000,1243,0,0,0,""
529479,DATA,128.8,-2.1,4906,5065,7124,1000,1243,0,0,0,""
529980,DATA,128.0,-2.0,6648,6059,15438,1000,1243,0,0,0,""
530481,DATA,127.2,-4.2,8957,8584,14250,1000,1243,0,0,0,""
530982,DATA,126.5,-4.2,8380,8819,10093,1000,1243,0,0,0,""
531483,DATA,126.0,0.0,5781,6355,8312,1000,1243,0,0,0,""
531984,DATA,125.2,0.0,5137,5301,11281,1000,1243,0,0,0,""
532485,DATA,124.5,-2.1,4971,4926,13060,1000,1243,0,0,0,""
532986,DATA,123.5,-2.0,4863,4882,10093,1000,1243,0,0,0,""
533487,DATA,122.7,-4.2,4835,4852,9499,1000,1243,0,0,0,""
533988,DATA,122.2,-2.1,7372,6704,15436,1000,1243,0,0,0,""
534489,DATA,121.5,-2.1,6773,6807,10094,1000,1243,0,0,0,""
534990,DATA,121.3,2.1,5406,5786,5344,1000,1243,0,0,0,""
535491,DATA,120.5,0.0,5457,5257,6531,1000,1243,0,0,0,""
535992,DATA,119.7,-2.0,5718,5607,5936,1000,1243,0,0,0,""
536493,DATA,119.0,0.0,4972,5136,8313,1000,1243,0,0,0,""
536994,DATA,118.5,-2.1,4751,4797,7718,1000,1243,0,0,0,""
537495,DATA,117.7,-2.1,5159,4941,14249,1000,1243,0,0,0,""
537996,DATA,117.3,-2.1,5748,5852,10687,1000,1243,0,0,0,""
538497,DATA,116.7,-2.1,4844,5007,7718,1000,1243,0,0,0,""
538998,DATA,116.0,-2.0,4826,4864,9499,1000,1243,0,0,0,""
539499,DATA,115.3,-2.1,6380,5929,9499,1000,1243,0,0,0,""
540000,DATA,114.7,-2.1,6289,6536,7125,1000,1243,0,0,0,""
540501,DATA,114.3,0.0,5055,5287,8906,1000,1243,0,0,0,""
541002,DATA,113.7,0.0,4730,4793,6530,1000,1243,0,0,0,""
541503,DATA,113.0,0.0,6005,5491,9499,1000,1243,0,0,0,""
542004,DATA,112.2,-2.0,5530,5797,10093,1000,1243,0,0,0,""
542505,DATA,111.7,0.0,5008,5132,5937,1000,1243,0,0,0,""
543006,DATA,111.0,-4.2,4779,4825,5344,1000,1243,0,0,0,""
543507,DATA,110.5,-2.1,5173,4984,8312,1000,1243,0,0,0,""
544008,DATA,110.0,-2.1,4913,4997,7719,1000,1243,0,0,0,""
544509,DATA,109.7,0.0,4864,4926,5343,1000,1243,0,0,0,""
544912,EVENT,109.0,-2.1,4746,4777,4801,1000,1243,0,0,0,"STARTER 1223"
545010,DATA,108.8,-2.0,4732,4757,7718,1000,1240,0,0,0,""
545511,DATA,108.5,-2.1,3797,4206,5399,1000,1228,0,0,0,""
546012,DATA,107.8,-2.1,4144,4008,7199,1000,1223,0,0,0,""
546513,DATA,107.5,2.1,4370,4335,4800,1000,1223,0,0,0,""
547014,DATA,106.8,-2.1,4848,4613,7799,1000,1223,0,0,0,""
547515,DATA,106.5,0.0,4858,4827,10201,1000,1223,0,0,0,""
548016,DATA,106.0,0.0,5842,5888,4199,1000,1223,0,0,0,""
548517,DATA,105.5,0.0,4590,4809,4799,1000,1223,0,0,0,""
549018,DATA,104.8,-2.1,4340,4389,4200,1000,1223,0,0,0,""
549519,DATA,104.5,0.0,4308,4314,5400,1000,1223,0,0,0,""
550020,DATA,103.8,-2.1,4313,4315,6600,1000,1223,0,0,0,""
550521,DATA,103.5,-2.1,4435,4379,6600,1000,1223,0,0,0,""
551022,DATA,103.2,2.1,5937,5569,9000,1000,1223,0,0,0,""
551523,DATA,102.5,0.0,5864,6063,6601,1000,1223,0,0,0,""
552024,DATA,102.0,0.0,4752,4943,9600,1000,1223,0,0,0,""
552475,EVENT,101.5,0.0,4906,4841,13800,1000,1223,0,0,0,"STARTER 1203"
552525,DATA,101.5,0.0,4906,4841,13800,1000,1221,0,0,0,""
553026,DATA,101.0,-2.1,4348,4743,10127,1000,1209,0,0,0,""
553527,DATA,100.8,0.0,4146,4155,7200,1000,1203,0,0,0,""
554028,DATA,100.2,0.0,4118,4139,6000,1000,1203,0,0,0,""
554529,DATA,99.8,0.0,4795,4589,7800,1000,1203,0,0,0,""
555030,DATA,99.2,0.0,4229,4360,5399,1000,1203,0,0,0,""
555531,DATA,98.7,-2.1,4264,4162,7200,1000,1203,0,0,0,""
556032,DATA,98.5,0.0,5457,5251,6600,1000,1203,0,0,0,""
556533,DATA,98.0,-2.1,4175,4403,6000,1000,1203,0,0,0,""
557034,DATA,97.5,-2.1,4583,4395,10200,1000,1203,0,0,0,""
557535,DATA,97.3,0.0,5426,5444,6001,1000,1203,0,0,0,""
558036,DATA,96.7,-4.2,4095,4333,7800,1000,1203,0,0,0,""
558537,DATA,96.2,-4.2,4275,4213,5401,1000,1203,0,0,0,""
559038,DATA,96.2,0.0,4224,4310,6000,1000,1203,0,0,0,""
559539,DATA,95.8,-2.1,4053,4070,7200,1000,1203,0,0,0,""
560040,DATA,95.5,0.0,5117,5038,5400,1000,1203,0,0,0,""
560541,DATA,95.0,2.0,4064,4309,4800,1000,1203,0,0,0,""
561042,DATA,94.8,0.0,3939,3970,7800,1000,1203,0,0,0,""
561543,DATA,94.2,2.1,3964,3933,7200,1000,1203,0,0,0,""
562044,DATA,94.0,0.0,4869,4570,9001,1000,1203,0,0,0,""
562545,DATA,93.3,-2.1,5681,5723,5400,1000,1203,0,0,0,""
563046,DATA,93.3,0.0,4496,4624,10800,1000,1203,0,0,0,""
563547,DATA,92.7,-2.0,6809,6145,11400,1000,1203,0,0,0,""
564048,DATA,92.5,0.0,6020,6441,7800,1000,1203,0,0,0,""
564549,DATA,92.0,-2.1,5208,5268,8400,1000,1203,0,0,0,""
565050,DATA,91.7,-2.1,4371,4494,7199,1000,1203,0,0,0,""
565551,DATA,91.5,0.0,4185,4231,5399,1000,1203,0,0,0,""
566052,DATA,91.0,-2.1,5719,5368,9599,1000,1203,0,0,0,""
566553,DATA,91.0,0.0,5323,5594,9000,1000,1203,0,0,0,""
567054,DATA,90.5,-2.1,4264,4458,6000,1000,1203,0,0,0,""
567555,DATA,90.2,0.0,4541,4385,8996,1000,1203,0,0,0,""
568056,DATA,90.0,0.0,4313,4338,5938,1000,1203,0,0,0,""
568557,DATA,89.5,-2.1,4454,4455,6532,1000,1203,0,0,0,""
569058,DATA,89.5,0.0,4290,4379,4751,1000,1203,0,0,0,""
569559,DATA,88.7,-2.0,3904,3997,4157,1000,1203,0,0,0,""
570060,DATA,88.5,0.0,4283,4213,7126,1000,1203,0,0,0,""
570561,DATA,88.3,-2.1,4016,4048,4749,1000,1203,0,0,0,""
571062,DATA,87.7,-2.1,4150,4160,5344,1000,1203,0,0,0,""
571563,DATA,87.5,-2.1,4213,4186,7718,1000,1203,0,0,0,""
572064,DATA,87.3,-2.1,4268,4333,5343,1000,1203,0,0,0,""
572565,DATA,87.0,0.0,4029,4087,5937,1000,1203,0,0,0,""
573066,DATA,86.5,0.0,5397,4996,4750,1000,1203,0,0,0,""
573567,DATA,86.2,-2.1,4942,4978,4156,1000,1203,0,0,0,""
574068,DATA,86.0,-2.1,4080,4264,4156,1000,1203,0,0,0,""
574569,DATA,85.8,-2.1,4018,3984,6531,1000,1203,0,0,0,""
575070,DATA,85.5,0.0,4874,4685,7126,1000,1203,0,0,0,""
575571,DATA,85.0,0.0,4424,4620,4156,1000,1203,0,0,0,""
576072,DATA,84.8,0.0,4486,4518,4157,1000,1203,0,0,0,""
576573,DATA,84.5,0.0,4738,4453,8908,1000,1203,0,0,0,""
577074,DATA,84.0,0.0,4489,4629,4157,1000,1203,0,0,0,""
577575,DATA,83.7,-2.1,4091,4134,4749,1000,1203,0,0,0,""
578076,DATA,83.7,0.0,4176,4179,5344,1000,1203,0,0,0,""
578577,DATA,83.3,0.0,4455,4385,5939,1000,1203,0,0,0,""
579078,DATA,83.0,0.0,5499,5250,7720,1000,1203,0,0,0,""
579579,DATA,82.7,0.0,4567,4786,4751,1000,1203,0,0,0,""
580080,DATA,82.3,-2.1,4346,4340,5344,1000,1203,0,0,0,""
580581,DATA,82.0,-2.1,4261,4318,1188,1000,1203,0,0,0,""
581082,DATA,82.0,0.0,3536,3671,2376,1000,1203,0,0,0,""
581583,DATA,81.5,0.0,3150,3257,5939,1000,1203,0,0,0,""
582084,DATA,81.2,0.0,3806,3680,5939,1000,1203,0,0,0,""
582585,DATA,81.0,0.0,4234,4071,4157,1000,1203,0,0,0,""
583086,DATA,80.5,-2.1,5333,5013,11281,1000,1203,0,0,0,""
583587,DATA,80.5,2.1,5694,5789,8314,1000,1203,0,0,0,""
584088,DATA,80.0,0.0,4768,5109,7127,1000,1203,0,0,0,""
584589,DATA,79.7,0.0,4368,4448,12467,1000,1203,0,0,0,""
585090,DATA,79.5,-2.1,4490,4550,10689,1000,1203,0,0,0,""
585591,DATA,79.2,0.0,4419,4445,16622,1000,1203,0,0,0,""
586092,DATA,79.0,-2.1,4557,4527,9499,1000,1203,0,0,0,""
586593,DATA,79.0,0.0,4679,4653,8314,1000,1203,0,0,0,""
587094,DATA,78.5,0.0,4504,4519,10689,1000,1203,0,0,0,""
587595,DATA,78.3,0.0,4462,4563,5344,1000,1203,0,0,0,""
588096,DATA,78.0,0.0,4459,4411,5345,1000,1203,0,0,0,""
588597,DATA,77.7,0.0,4202,4221,5938,1000,1203,0,0,0,""
589098,DATA,77.5,0.0,4108,4149,3563,1000,1203,0,0,0,""
589599,DATA,77.0,-2.1,4422,4295,8314,1000,1203,0,0,0,""
590100,DATA,76.7,-2.1,4293,4302,5344,1000,1203,0,0,0,""
590601,DATA,76.7,0.0,4273,4216,8908,1000,1203,0,0,0,""
591102,DATA,76.2,0.0,4318,4329,6531,1000,1203,0,0,0,""
591603,DATA,76.2,0.0,4007,4050,6533,1000,1203,0,0,0,""
592104,DATA,76.0,0.0,4613,4438,2969,1000,1203,0,0,0,""
592605,DATA,75.5,-2.1,5097,5043,6530,1000,1203,0,0,0,""
593106,DATA,75.5,0.0,4524,4629,6532,1000,1203,0,0,0,""
593607,DATA,75.0,0.0,4573,4527,6532,1000,1203,0,0,0,""
594108,DATA,75.0,0.0,4656,4624,5344,1000,1203,0,0,0,""
594609,DATA,74.7,0.0,4845,4708,7126,1000,1203,0,0,0,""
595110,DATA,74.2,-2.1,4795,4894,7718,1000,1203,0,0,0,""
595611,DATA,74.0,-2.1,4114,4268,4749,1000,1203,0,0,0,""
596112,DATA,74.0,0.0,4318,4209,11876,1000,1203,0,0,0,""
596613,DATA,73.7,0.0,4295,4380,7125,1000,1203,0,0,0,""
597114,DATA,73.7,2.1,4057,4070,11283,1000,1203,0,0,0,""
597615,DATA,73.3,0.0,4611,4587,7126,1000,1203,0,0,0,""
598116,DATA,73.0,0.0,4039,4128,4157,1000,1203,0,0,0,""
598617,DATA,73.0,0.0,4668,4515,11279,1000,1203,0,0,0,""
599118,DATA,72.7,2.1,4872,4937,7126,1000,1203,0,0,0,""
599619,DATA,72.5,0.0,4296,4338,12469,1000,1203,0,0,0,""
600120,DATA,72.5,2.1,5245,5048,11281,1000,1203,0,0,0,""
600621,DATA,72.0,-2.1,4194,4436,7720,1000,1203,0,0,0,""
601122,DATA,71.7,0.0,4574,4447,8907,1000,1203,0,0,0,""
601623,DATA,71.5,-2.1,4829,4750,8311,1000,1203,0,0,0,""
602124,DATA,71.2,-2.1,4489,4549,6531,1000,1203,0,0,0,""
602625,DATA,71.0,-2.0,4258,4390,5938,1000,1203,0,0,0,""
603126,DATA,71.0,0.0,4401,4417,4751,1000,1203,0,0,0,""
603627,DATA,70.8,0.0,4530,4446,7721,1000,1203,0,0,0,""
604128,DATA,70.8,0.0,4315,4373,5345,1000,1203,0,0,0,""
604629,DATA,70.5,0.0,4122,4151,6533,1000,1203,0,0,0,""
604875,EVENT,70.2,0.0,4158,4145,7802,1000,1203,0,0,0,"STARTER 1183"
605089,EVENT,70.2,0.0,4501,4373,5621,1000,1197,0,0,0,"STARTER 1163"
605155,DATA,70.2,0.0,4501,4373,5621,1000,1195,0,0,0,""
605675,DATA,70.2,0.0,3667,3827,1500,1000,1174,0,0,0,""
605996,EVENT,70.0,-2.1,3035,3376, 0,1000,1165,0,0,0,"STARTER 1143"
606195,DATA,70.0,0.0,2318,2718,1013,1000,1160,0,0,0,""
606695,DATA,69.7,0.0,1689,1863,1500,1000,1147,0,0,0,""
607195,DATA,69.5,0.0,1267,1372,3600,1000,1143,0,0,0,""
607695,DATA,69.2,-2.1,1233,1199,7200,1000,1143,0,0,0,""
608195,DATA,69.0,0.0,1476,1425,13199,1000,1143,0,0,0,""
608695,DATA,68.7,0.0,1657,1613,4800,1000,1143,0,0,0,""
609195,DATA,68.7,0.0,2241,2078,9000,1000,1143,0,0,0,""
609695,DATA,69.0,4.2,2527,2484,8999,1000,1143,0,0,0,""
610195,DATA,68.5,-2.1,2502,2506,8999,1000,1143,0,0,0,""
610695,DATA,68.5,-2.1,2224,2251,12001,1000,1143,0,0,0,""
611195,DATA,68.5,0.0,2276,2261,7200,1000,1143,0,0,0,""
611695,DATA,68.3,-2.1,2670,2555,5400,1000,1143,0,0,0,""
612195,DATA,68.3,0.0,2870,2840,6001,1000,1143,0,0,0,""
612695,DATA,68.0,2.1,3092,3041,7800,1000,1143,0,0,0,""
613195,DATA,68.0,2.1,3475,3398,6000,1000,1143,0,0,0,""
613695,DATA,67.7,2.1,3126,3240,4800,1000,1143,0,0,0,""
614195,DATA,67.2,-2.1,3231,3146,7800,1000,1143,0,0,0,""
614695,DATA,67.5,0.0,3441,3329,6599,1000,1143,0,0,0,""
615195,DATA,67.5,2.1,3911,3799,5400,1000,1143,0,0,0,""
615695,DATA,67.2,0.0,3330,3495,4800,1000,1143,0,0,0,""
616195,DATA,67.0,0.0,2893,2891,5400,1000,1143,0,0,0,""
616695,DATA,66.7,-2.1,3635,3467,6001,1000,1143,0,0,0,""
617195,DATA,66.7,-2.1,3720,3794,4800,1000,1143,0,0,0,""
617695,DATA,66.7,0.0,2997,3193,2400,1000,1143,0,0,0,""
618195,DATA,66.5,0.0,2711,2748,3600,1000,1143,0,0,0,""
618695,DATA,66.5,-2.1,3125,2952,4200,1000,1143,0,0,0,""
619195,DATA,66.2,0.0,3494,3448,6600,1000,1143,0,0,0,""
619695,DATA,66.0,0.0,3692,3734,9000,1000,1143,0,0,0,""
620195,DATA,66.0,0.0,3398,3376,7800,1000,1143,0,0,0,""
620695,DATA,65.8,0.0,3032,3164,4800,1000,1143,0,0,0,""
621195,DATA,65.5,-2.1,3408,3258,7800,1000,1143,0,0,0,""
621695,DATA,65.5,0.0,4019,3880,9601,1000,1143,0,0,0,""
622195,DATA,65.5,0.0,3344,3389,6600,1000,1143,0,0,0,""
622695,DATA,65.2,0.0,4014,3902,9600,1000,1143,0,0,0,""
623195,DATA,65.2,0.0,4462,4357,9001,1000,1143,0,0,0,""
623695,DATA,65.0,0.0,4586,4524,14399,1000,1143,0,0,0,""
624195,DATA,65.0,0.0,4641,4596,7799,1000,1143,0,0,0,""
624695,DATA,65.0,0.0,4880,4819,9000,1000,1143,0,0,0,""
625195,DATA,65.0,0.0,4911,4904,10799,1000,1143,0,0,0,""
625695,DATA,64.7,0.0,5104,5029,9601,1000,1143,0,0,0,""
626195,DATA,64.7,0.0,5194,5179,10202,1000,1143,0,0,0,""
626695,DATA,64.5,0.0,5086,5228,3000,1000,1143,0,0,0,""
627195,DATA,64.5,0.0,4347,4478,4800,1000,1143,0,0,0,""
627695,DATA,64.2,0.0,3908,3941,1800,1000,1143,0,0,0,""
628195,DATA,64.2,0.0,3891,3846,4800,1000,1143,0,0,0,""
628695,DATA,64.0,0.0,4235,4068,8400,1000,1143,0,0,0,""
629195,DATA,64.0,2.1,3840,3914,7800,1000,1143,0,0,0,""
629695,DATA,63.7,-2.1,3643,3653,7800,1000,1143,0,0,0,""
630195,DATA,63.7,0.0,4088,3902,2400,1000,1143,0,0,0,""
630695,DATA,63.7,2.1,4341,4268,15598,1000,1143,0,0,0,""
631195,DATA,63.5,0.0,4255,4316,6000,1000,1143,0,0,0,""
631695,DATA,63.3,0.0,3803,3927,9000,1000,1143,0,0,0,""
632195,DATA,63.3,0.0,3740,3801,8400,1000,1143,0,0,0,""
632695,DATA,63.0,0.0,4108,4017,10200,1000,1143,0,0,0,""
633195,DATA,63.0,0.0,4359,4268,10200,1000,1143,0,0,0,""
633695,DATA,62.7,0.0,4615,4687,6000,1000,1143,0,0,0,""
634195,DATA,62.7,0.0,4017,4116,5400,1000,1143,0,0,0,""
634695,DATA,62.5,-2.1,4339,4215,6600,1000,1143,0,0,0,""
635195,DATA,62.5,-2.1,4340,4341,9599,1000,1143,0,0,0,""
635695,DATA,62.2,0.0,4174,4217,5400,1000,1143,0,0,0,""
636195,DATA,62.5,0.0,3979,3945,7800,1000,1143,0,0,0,""
636695,DATA,62.2,0.0,3936,3937,8399,1000,1143,0,0,0,""
637195,DATA,62.0,0.0,4352,4322,10800,1000,1143,0,0,0,""
637695,DATA,62.2,0.0,4559,4515,6600,1000,1143,0,0,0,""
638195,DATA,62.2,2.1,4310,4362,6000,1000,1143,0,0,0,""
638695,DATA,62.0,2.1,4169,4193,8401,1000,1143,0,0,0,""
639195,DATA,61.7,0.0,4416,4329,8401,1000,1143,0,0,0,""
639695,DATA,62.0,0.0,4008,4104,8999,1000,1143,0,0,0,""
640195,DATA,61.7,0.0,4448,4317,7800,1000,1143,0,0,0,""
640695,DATA,61.5,-2.1,4389,4465,11399,1000,1143,0,0,0,""
641195,DATA,61.5,0.0,4803,4740,7800,1000,1143,0,0,0,""
641634,EVENT,61.5,0.0,4743,4723,10801,1000,1143,0,0,0,"STARTER OFF"
641715,DATA,61.5,0.0,4743,4723,10801,1000,1133,0,0,0,""
642235,DATA,61.7,0.0,3342,3857,1500,1000,1043,0,0,0,""
642735,DATA,62.0,4.2,1961,2318,1500,1000,1000,0,0,0,""
643235,DATA,62.2,2.1,1569,1647,22200,1000,1000,0,0,0,""
643735,DATA,62.2,0.0,1483,1501, 0,1000,1000,0,0,0,""
644235,DATA,62.2,0.0,1468,1471, 0,1000,1000,0,0,0,""
644735,DATA,62.5,2.1,723,999, 0,1000,1000,0,0,0,""
645235,DATA,62.5,0.0,63,143, 0,1000,1000,0,0,0,""
645735,DATA,62.5,0.0, 0, 0, 0,1000,1000,0,0,0,""
646235,DATA,62.7,0.0, 0, 0, 0,1000,1000,0,0,0,""
646735,DATA,62.7,0.0, 0, 0, 0,1000,1000,0,0,0,""
647235,DATA,62.7,0.0, 0, 0, 0,1000,1000,0,0,0,""
647735,DATA,63.0,0.0, 0, 0, 0,1000,1000,0,0,0,""
648235,DATA,63.0,0.0, 0, 0, 0,1000,1000,0,0,0,""
648735,DATA,63.0,0.0, 0, 0, 0,1000,1000,0,0,0,""
649235,DATA,63.0,0.0, 0, 0, 0,1000,1000,0,0,0,""
649735,DATA,63.0,0.0, 0, 0, 0,1000,1000,0,0,0,""
650235,DATA,63.0,0.0, 0, 0, 0,1000,1000,0,0,0,""
650735,DATA,63.0,0.0, 0, 0, 0,1000,1000,0,0,0,""
651235,DATA,63.0,0.0, 0, 0, 0,1000,1000,0,0,0,""
651735,DATA,63.0,0.0, 0, 0, 0,1000,1000,0,0,0,""
652235,DATA,63.0,0.0, 0, 0, 0,1000,1000,0,0,0,""
652735,DATA,63.0,0.0, 0, 0, 0,1000,1000,0,0,0,""
653235,DATA,63.0,0.0, 0, 0, 0,1000,1000,0,0,0,""
653735,DATA,63.0,-2.1, 0, 0, 0,1000,1000,0,0,0,""
654235,DATA,63.0,0.0, 0, 0, 0,1000,1000,0,0,0,""
654735,DATA,63.0,0.0, 0, 0, 0,1000,1000,0,0,0,""
655235,DATA,63.3,2.1, 0, 0, 0,1000,1000,0,0,0,""
655735,DATA,63.0,-2.1, 0, 0, 0,1000,1000,0,0,0,""
656235,DATA,63.3,0.0, 0, 0, 0,1000,1000,0,0,0,""
656735,DATA,63.3,0.0, 0, 0, 0,1000,1000,0,0,0,""
657235,DATA,63.0,0.0, 0, 0, 0,1000,1000,0,0,0,""
657735,DATA,63.0,0.0, 0, 0, 0,1000,1000,0,0,0,""
658235,DATA,63.0,-2.1, 0, 0, 0,1000,1000,0,0,0,""
658735,DATA,63.0,-2.1, 0, 0, 0,1000,1000,0,0,0,""
659235,DATA,63.0,0.0, 0, 0, 0,1000,1000,0,0,0,""
659735,DATA,63.0,-2.1, 0, 0, 0,1000,1000,0,0,0,""
660235,DATA,63.0,-2.1, 0, 0, 0,1000,1000,0,0,0,""
660735,DATA,63.0,-2.1, 0, 0, 0,1000,1000,0,0,0,""
661235,DATA,63.3,0.0, 0, 0, 0,1000,1000,0,0,0,""
661735,DATA,63.3,0.0, 0, 0, 0,1000,1000,0,0,0,""
662235,DATA,63.0,0.0, 0, 0, 0,1000,1000,0,0,0,""
662735,DATA,63.0,-2.1, 0, 0, 0,1000,1000,0,0,0,""
663235,DATA,63.0,0.0, 0, 0, 0,1000,1000,0,0,0,""
663735,DATA,63.0,0.0, 0, 0, 0,1000,1000,0,0,0,""
664235,DATA,63.0,0.0, 0, 0, 0,1000,1000,0,0,0,""
664735,DATA,63.0,0.0, 0, 0, 0,1000,1000,0,0,0,""
665235,DATA,63.0,0.0, 0, 0, 0,1000,1000,0,0,0,""
665735,DATA,63.0,0.0, 0, 0, 0,1000,1000,0,0,0,""
666235,DATA,63.0,0.0, 0, 0, 0,1000,1000,0,0,0,""
666735,DATA,63.0,0.0, 0, 0, 0,1000,1000,0,0,0,""
667235,DATA,63.0,0.0, 0, 0, 0,1000,1000,0,0,0,""
667735,DATA,63.0,0.0, 0, 0, 0,1000,1000,0,0,0,""
668235,DATA,62.7,-2.1, 0, 0, 0,1000,1000,0,0,0,""
668735,DATA,62.7,0.0, 0, 0, 0,1000,1000,0,0,0,""
669235,DATA,62.7,0.0, 0, 0, 0,1000,1000,0,0,0,""
669735,DATA,62.7,0.0, 0, 0, 0,1000,1000,0,0,0,""
670235,DATA,62.7,0.0, 0, 0, 0,1000,1000,0,0,0,""
670735,DATA,62.7,0.0, 0, 0, 0,1000,1000,0,0,0,""
671235,DATA,62.7,0.0, 0, 0, 0,1000,1000,0,0,0,""
671735,DATA,62.7,0.0, 0, 0, 0,1000,1000,0,0,0,""
672235,DATA,62.7,0.0, 0, 0, 0,1000,1000,0,0,0,""
672735,DATA,62.7,0.0, 0, 0, 0,1000,1000,0,0,0,""
673235,DATA,62.7,0.0, 0, 0, 0,1000,1000,0,0,0,""
673735,DATA,62.7,0.0, 0, 0, 0,1000,1000,0,0,0,""
674235,DATA,62.5,0.0, 0, 0, 0,1000,1000,0,0,0,""
674735,DATA,62.7,2.1, 0, 0, 0,1000,1000,0,0,0,""
675235,DATA,62.7,0.0, 0, 0, 0,1000,1000,0,0,0,""
675735,DATA,62.5,-2.1, 0, 0, 0,1000,1000,0,0,0,""
676235,DATA,62.5,-2.1, 0, 0, 0,1000,1000,0,0,0,""
676735,DATA,62.5,0.0, 0, 0, 0,1000,1000,0,0,0,""
677235,DATA,62.5,-2.1, 0, 0, 0,1000,1000,0,0,0,""
677735,DATA,62.5,0.0, 0, 0, 0,1000,1000,0,0,0,""
678235,DATA,62.5,0.0, 0, 0, 0,1000,1000,0,0,0,""
678735,DATA,62.5,0.0, 0, 0, 0,1000,1000,0,0,0,""
679235,DATA,62.5,0.0, 0, 0, 0,1000,1000,0,0,0,""
679735,DATA,62.5,0.0, 0, 0, 0,1000,1000,0,0,0,""
680235,DATA,62.5,2.1, 0, 0, 0,1000,1000,0,0,0,""
680735,DATA,62.5,0.0, 0, 0, 0,1000,1000,0,0,0,""
681235,DATA,62.2,0.0, 0, 0, 0,1000,1000,0,0,0,""
681735,DATA,62.5,0.0, 0, 0, 0,1000,1000,0,0,0,""
682235,DATA,62.5,2.1, 0, 0, 0,1000,1000,0,0,0,""
682735,DATA,62.2,0.0, 0, 0, 0,1000,1000,0,0,0,""
683235,DATA,62.2,0.0, 0, 0, 0,1000,1000,0,0,0,""
683735,DATA,62.2,0.0, 0, 0, 0,1000,1000,0,0,0,""
684235,DATA,62.2,0.0, 0, 0, 0,1000,1000,0,0,0,""
684735,DATA,62.2,0.0, 0, 0, 0,1000,1000,0,0,0,""
685235,DATA,62.2,0.0, 0, 0, 0,1000,1000,0,0,0,""
685735,DATA,62.2,0.0, 0, 0, 0,1000,1000,0,0,0,""
686235,DATA,62.2,0.0, 0, 0, 0,1000,1000,0,0,0,""
686735,DATA,62.2,0.0, 0, 0, 0,1000,1000,0,0,0,""
687235,DATA,62.2,0.0, 0, 0, 0,1000,1000,0,0,0,""
687735,DATA,62.2,2.1, 0, 0, 0,1000,1000,0,0,0,""
688235,DATA,62.0,-2.1, 0, 0, 0,1000,1000,0,0,0,""
688735,DATA,62.0,0.0, 0, 0, 0,1000,1000,0,0,0,""
689235,DATA,62.0,0.0, 0, 0, 0,1000,1000,0,0,0,""
689735,DATA,62.0,0.0, 0, 0, 0,1000,1000,0,0,0,""
690235,DATA,62.0,0.0, 0, 0, 0,1000,1000,0,0,0,""
690735,DATA,62.0,0.0, 0, 0, 0,1000,1000,0,0,0,""
691235,DATA,62.0,0.0, 0, 0, 0,1000,1000,0,0,0,""
691735,DATA,62.0,0.0, 0, 0, 0,1000,1000,0,0,0,""
692235,DATA,62.0,0.0, 0, 0, 0,1000,1000,0,0,0,""
692735,DATA,62.0,0.0, 0, 0, 0,1000,1000,0,0,0,""
693235,DATA,62.0,0.0, 0, 0, 0,1000,1000,0,0,0,""
693735,DATA,62.0,0.0, 0, 0, 0,1000,1000,0,0,0,""
694235,DATA,62.0,0.0, 0, 0, 0,1000,1000,0,0,0,""
694735,DATA,61.7,-2.1, 0, 0, 0,1000,1000,0,0,0,""
695235,DATA,62.0,2.1, 0, 0, 0,1000,1000,0,0,0,""
695735,DATA,61.7,0.0, 0, 0, 0,1000,1000,0,0,0,""
696235,DATA,61.7,0.0, 0, 0, 0,1000,1000,0,0,0,""
696735,DATA,61.7,0.0, 0, 0, 0,1000,1000,0,0,0,""
697235,DATA,61.7,0.0, 0, 0, 0,1000,1000,0,0,0,""
697735,DATA,61.7,0.0, 0, 0, 0,1000,1000,0,0,0,""
698235,DATA,61.5,-2.1, 0, 0, 0,1000,1000,0,0,0,""
698735,DATA,61.5,0.0, 0, 0, 0,1000,1000,0,0,0,""
699235,DATA,61.5,0.0, 0, 0, 0,1000,1000,0,0,0,""
699735,DATA,61.5,0.0, 0, 0, 0,1000,1000,0,0,0,""
700235,DATA,61.5,0.0, 0, 0, 0,1000,1000,0,0,0,""
700735,DATA,61.5,0.0, 0, 0, 0,1000,1000,0,0,0,""
701235,DATA,61.5,0.0, 0, 0, 0,1000,1000,0,0,0,""
701735,DATA,61.5,0.0, 0, 0, 0,1000,1000,0,0,0,""
702235,DATA,61.5,0.0, 0, 0, 0,1000,1000,0,0,0,""
702735,DATA,61.5,0.0, 0, 0, 0,1000,1000,0,0,0,""
703235,DATA,61.5,2.1, 0, 0, 0,1000,1000,0,0,0,""
703735,DATA,61.2,-2.1, 0, 0, 0,1000,1000,0,0,0,""
704235,DATA,61.2,0.0, 0, 0, 0,1000,1000,0,0,0,""
704735,DATA,61.2,0.0, 0, 0, 0,1000,1000,0,0,0,""
705235,DATA,61.5,2.1, 0, 0, 0,1000,1000,0,0,0,""
705735,DATA,61.2,0.0, 0, 0, 0,1000,1000,0,0,0,""
706235,DATA,61.2,0.0, 0, 0, 0,1000,1000,0,0,0,""
706735,DATA,61.2,0.0, 0, 0, 0,1000,1000,0,0,0,""
707235,DATA,61.2,0.0, 0, 0, 0,1000,1000,0,0,0,""
707735,DATA,61.2,0.0, 0, 0, 0,1000,1000,0,0,0,""
708235,DATA,61.2,0.0, 0, 0, 0,1000,1000,0,0,0,""
708735,DATA,61.2,0.0, 0, 0, 0,1000,1000,0,0,0,""
709235,DATA,61.2,0.0, 0, 0, 0,1000,1000,0,0,0,""
709735,DATA,61.2,0.0, 0, 0, 0,1000,1000,0,0,0,""
710235,DATA,61.0,0.0, 0, 0, 0,1000,1000,0,0,0,""
710735,DATA,61.0,0.0, 0, 0, 0,1000,1000,0,0,0,""
711235,DATA,61.0,0.0, 0, 0, 0,1000,1000,0,0,0,""
711735,DATA,61.0,0.0, 0, 0, 0,1000,1000,0,0,0,""
712235,DATA,61.0,0.0, 0, 0, 0,1000,1000,0,0,0,""
712735,DATA,61.0,0.0, 0, 0, 0,1000,1000,0,0,0,""
713235,DATA,60.8,0.0, 0, 0, 0,1000,1000,0,0,0,""
713735,DATA,60.8,-2.1, 0, 0, 0,1000,1000,0,0,0,""
714235,DATA,60.8,-2.1, 0, 0, 0,1000,1000,0,0,0,""
714735,DATA,60.8,0.0, 0, 0, 0,1000,1000,0,0,0,""
715235,DATA,60.8,0.0, 0, 0, 0,1000,1000,0,0,0,""
715735,DATA,60.8,0.0, 0, 0, 0,1000,1000,0,0,0,""
716235,DATA,60.8,0.0, 0, 0, 0,1000,1000,0,0,0,""
716735,DATA,60.8,0.0, 0, 0, 0,1000,1000,0,0,0,""
717235,DATA,60.8,0.0, 0, 0, 0,1000,1000,0,0,0,""
717735,DATA,60.8,0.0, 0, 0, 0,1000,1000,0,0,0,""
718235,DATA,60.5,-2.1, 0, 0, 0,1000,1000,0,0,0,""
718735,DATA,60.5,-2.1, 0, 0, 0,1000,1000,0,0,0,""
719235,DATA,60.5,0.0, 0, 0, 0,1000,1000,0,0,0,""
719735,DATA,60.5,0.0, 0, 0, 0,1000,1000,0,0,0,""
720235,DATA,60.5,0.0, 0, 0, 0,1000,1000,0,0,0,""
720735,DATA,60.5,0.0, 0, 0, 0,1000,1000,0,0,0,""
721235,DATA,60.5,0.0, 0, 0, 0,1000,1000,0,0,0,""
721735,DATA,60.5,0.0, 0, 0, 0,1000,1000,0,0,0,""
722235,DATA,60.5,0.0, 0, 0, 0,1000,1000,0,0,0,""
722735,DATA,60.5,0.0, 0, 0, 0,1000,1000,0,0,0,""
723235,DATA,60.5,0.0, 0, 0, 0,1000,1000,0,0,0,""
723735,DATA,60.5,0.0, 0, 0, 0,1000,1000,0,0,0,""
724235,DATA,60.5,0.0, 0, 0, 0,1000,1000,0,0,0,""
724735,DATA,60.5,0.0, 0, 0, 0,1000,1000,0,0,0,""
725235,DATA,60.5,0.0, 0, 0, 0,1000,1000,0,0,0,""
725735,DATA,60.5,0.0, 0, 0, 0,1000,1000,0,0,0,""
726235,DATA,60.5,0.0, 0, 0, 0,1000,1000,0,0,0,""
726735,DATA,60.5,0.0, 0, 0, 0,1000,1000,0,0,0,""
727235,DATA,60.5,0.0, 0, 0, 0,1000,1000,0,0,0,""
727735,DATA,60.5,2.1, 0, 0, 0,1000,1000,0,0,0,""
728235,DATA,60.2,0.0, 0, 0, 0,1000,1000,0,0,0,""
728735,DATA,60.2,0.0, 0, 0, 0,1000,1000,0,0,0,""
729235,DATA,60.2,0.0, 0, 0, 0,1000,1000,0,0,0,""
729735,DATA,60.2,0.0, 0, 0, 0,1000,1000,0,0,0,""
730235,DATA,60.0,-2.1, 0, 0, 0,1000,1000,0,0,0,""
730735,DATA,60.2,2.1, 0, 0, 0,1000,1000,0,0,0,""
731235,DATA,60.0,-2.1, 0, 0, 0,1000,1000,0,0,0,""
731735,DATA,60.0,0.0, 0, 0, 0,1000,1000,0,0,0,""
732235,DATA,60.0,0.0, 0, 0,33601,1000,1000,0,0,0,""
732735,DATA,60.0,0.0, 0, 0, 0,1000,1000,0,0,0,""
733235,DATA,60.0,0.0, 0, 0,11399,1000,1000,0,0,0,""
733735,DATA,60.0,0.0, 0, 0, 0,1000,1000,0,0,0,""
734235,DATA,59.7,-2.1, 0, 0, 0,1000,1000,0,0,0,""
734735,DATA,60.0,0.0, 0, 0, 0,1000,1000,0,0,0,""
735235,DATA,60.0,2.1, 0, 0, 0,1000,1000,0,0,0,""
735735,DATA,59.7,0.0, 0, 0, 0,1000,1000,0,0,0,""
736235,DATA,59.7,0.0, 0, 0, 0,1000,1000,0,0,0,""
736735,DATA,59.7,0.0, 0, 0,2400,1000,1000,0,0,0,""
737235,DATA,59.7,0.0, 0, 0, 0,1000,1000,0,0,0,""
737735,DATA,59.7,0.0, 0, 0, 0,1000,1000,0,0,0,""
738235,DATA,59.7,0.0, 0, 0, 0,1000,1000,0,0,0,""
738735,DATA,59.7,0.0, 0, 0,41395,1000,1000,0,0,0,""
739235,DATA,59.7,0.0, 0, 0, 0,1000,1000,0,0,0,""
739735,DATA,59.7,0.0, 0, 0,14402,1000,1000,0,0,0,""
740235,DATA,59.7,0.0, 0, 0,154195,1000,1000,0,0,0,""
740735,DATA,59.7,0.0, 0, 0, 0,1000,1000,0,0,0,""
741235,DATA,59.7,0.0, 0, 0,3600,1000,1000,0,0,0,""
741735,DATA,59.5,0.0, 0, 0,600,1000,1000,0,0,0,""
742235,DATA,59.5,0.0, 0, 0,67200,1000,1000,0,0,0,""
742735,DATA,59.5,0.0, 0, 0, 0,1000,1000,0,0,0,""
743235,DATA,59.2,-2.1, 0, 0,3600,1000,1000,0,0,0,""
743735,DATA,59.2,0.0, 0, 0, 0,1000,1000,0,0,0,""
744235,DATA,59.2,0.0, 0, 0,600,1000,1000,0,0,0,""
744735,DATA,59.2,0.0, 0, 0, 0,1000,1000,0,0,0,""
745235,DATA,59.2,0.0, 0, 0,1200,1000,1000,0,0,0,""
745735,DATA,59.2,2.1, 0, 0,1200,1000,1000,0,0,0,""
746235,DATA,59.2,0.0, 0, 0, 0,1000,1000,0,0,0,""
746735,DATA,59.2,0.0, 0, 0, 0,1000,1000,0,0,0,""
747235,DATA,59.0,0.0, 0, 0,1800,1000,1000,0,0,0,""
747735,DATA,59.0,-2.1, 0, 0, 0,1000,1000,0,0,0,""
748235,DATA,59.0,0.0, 0, 0, 0,1000,1000,0,0,0,""
748735,DATA,59.0,0.0, 0, 0, 0,1000,1000,0,0,0,""
749235,DATA,59.0,0.0, 0, 0, 0,1000,1000,0,0,0,""
749735,DATA,59.0,0.0, 0, 0,1200,1000,1000,0,0,0,""
750235,DATA,59.0,0.0, 0, 0, 0,1000,1000,0,0,0,""
750735,DATA,59.0,0.0, 0, 0, 0,1000,1000,0,0,0,""
751235,DATA,59.0,0.0, 0, 0, 0,1000,1000,0,0,0,""
751735,DATA,59.0,0.0, 0, 0, 0,1000,1000,0,0,0,""
752235,DATA,59.0,0.0, 0, 0, 0,1000,1000,0,0,0,""
752735,DATA,59.0,0.0, 0, 0, 0,1000,1000,0,0,0,""
753235,DATA,59.0,0.0, 0, 0, 0,1000,1000,0,0,0,""
753735,DATA,59.0,0.0, 0, 0, 0,1000,1000,0,0,0,""
754235,DATA,59.0,0.0, 0, 0, 0,1000,1000,0,0,0,""
754735,DATA,59.0,0.0, 0, 0, 0,1000,1000,0,0,0,""
755235,DATA,59.0,0.0, 0, 0, 0,1000,1000,0,0,0,""
755735,DATA,59.0,0.0, 0, 0, 0,1000,1000,0,0,0,""
756235,DATA,59.0,0.0, 0, 0, 0,1000,1000,0,0,0,""
756735,DATA,59.0,0.0, 0, 0,1201,1000,1000,0,0,0,""
757235,DATA,59.0,0.0, 0, 0, 0,1000,1000,0,0,0,""
757735,DATA,59.0,0.0, 0, 0,2401,1000,1000,0,0,0,""
758235,DATA,58.7,-2.1, 0, 0,4803,1000,1000,0,0,0,""
758735,DATA,59.0,2.1, 0, 0,13202,1000,1000,0,0,0,""
759235,DATA,59.0,0.0, 0, 0,1801,1000,1000,0,0,0,""
759735,DATA,59.0,0.0, 0, 0, 0,1000,1000,0,0,0,""
760235,DATA,59.0,0.0, 0, 0, 0,1000,1000,0,0,0,""
760735,DATA,59.0,0.0, 0, 0,4803,1000,1000,0,0,0,""
761235,DATA,59.0,0.0, 0, 0,23403,1000,1000,0,0,0,""
761735,DATA,59.0,0.0, 0, 0,33607,1000,1000,0,0,0,""
762235,DATA,59.0,2.1, 0, 0,6004,1000,1000,0,0,0,""
762735,DATA,59.0,0.0, 0, 0,18610,1000,1000,0,0,0,""
763235,DATA,58.7,0.0, 0, 0,600,1000,1000,0,0,0,""
763735,DATA,58.7,0.0, 0, 0,37226,1000,1000,0,0,0,""
764235,DATA,58.7,0.0, 0, 0,18008,1000,1000,0,0,0,""
764735,DATA,58.7,0.0, 0, 0,3001,1000,1000,0,0,0,""
765235,DATA,58.7,0.0, 0, 0,7204,1000,1000,0,0,0,""
765735,DATA,58.7,0.0, 0, 0,4203,1000,1000,0,0,0,""
766235,DATA,58.7,0.0, 0, 0,600,1000,1000,0,0,0,""
766735,DATA,58.7,0.0, 0, 0,3002,1000,1000,0,0,0,""
767235,DATA,58.7,0.0, 0, 0,24613,1000,1000,0,0,0,""
767735,DATA,58.7,0.0, 0, 0,9004,1000,1000,0,0,0,""
768235,DATA,58.7,0.0, 0, 0,34222,1000,1000,0,0,0,""
768735,DATA,58.5,-2.1, 0, 0, 0,1000,1000,0,0,0,""
769235,DATA,58.7,0.0, 0, 0,68439,1000,1000,0,0,0,""
769735,DATA,58.7,2.1, 0, 0, 0,1000,1000,0,0,0,""
770235,DATA,58.5,0.0, 0, 0, 0,1000,1000,0,0,0,""
770735,DATA,58.5,0.0, 0, 0,1201,1000,1000,0,0,0,""
771235,DATA,58.5,0.0, 0, 0,5403,1000,1000,0,0,0,""
771735,DATA,58.5,0.0, 0, 0,7204,1000,1000,0,0,0,""
772235,DATA,58.5,0.0, 0, 0,24017,1000,1000,0,0,0,""
772735,DATA,58.5,0.0, 0, 0, 0,1000,1000,0,0,0,""
773235,DATA,58.5,0.0, 0, 0,4803,1000,1000,0,0,0,""
773735,DATA,58.5,0.0, 0, 0,15608,1000,1000,0,0,0,""
774235,DATA,58.5,0.0, 0, 0, 0,1000,1000,0,0,0,""
774735,DATA,58.5,0.0, 0, 0,1801,1000,1000,0,0,0,""
775235,DATA,58.5,0.0, 0, 0,20414,1000,1000,0,0,0,""
775735,DATA,58.5,0.0, 0, 0,6003,1000,1000,0,0,0,""
776235,DATA,58.5,0.0, 0, 0,18005,1000,1000,0,0,0,""
776735,DATA,58.5,0.0, 0, 0,1801,1000,1000,0,0,0,""
777235,DATA,58.5,0.0, 0, 0, 0,1000,1000,0,0,0,""
777735,DATA,58.5,0.0, 0, 0, 0,1000,1000,0,0,0,""
778235,DATA,58.5,2.1, 0, 0, 0,1000,1000,0,0,0,""
778735,DATA,58.5,2.1, 0, 0,600,1000,1000,0,0,0,""
779235,DATA,58.3,0.0, 0, 0,600,1000,1000,0,0,0,""
779735,DATA,58.3,0.0, 0, 0, 0,1000,1000,0,0,0,""
780235,DATA,58.3,0.0, 0, 0, 0,1000,1000,0,0,0,""
780735,DATA,58.3,0.0, 0, 0,82854,1000,1000,0,0,0,""
781235,DATA,58.3,0.0, 0, 0,10206,1000,1000,0,0,0,""
781735,DATA,58.3,0.0, 0, 0, 0,1000,1000,0,0,0,""
782235,DATA,58.0,-2.1, 0, 0, 0,1000,1000,0,0,0,""
782735,DATA,58.3,0.0, 0, 0, 0,1000,1000,0,0,0,""
783235,DATA,58.0,0.0, 0, 0, 0,1000,1000,0,0,0,""
783735,DATA,58.3,0.0, 0, 0,90642,1000,1000,0,0,0,""
784235,DATA,58.0,0.0, 0, 0,31822,1000,1000,0,0,0,""
784735,DATA,58.3,0.0, 0, 0,600,1000,1000,0,0,0,""
785235,DATA,58.0,0.0, 0, 0,5403,1000,1000,0,0,0,""
785735,DATA,58.0,0.0, 0, 0,4801,1000,1000,0,0,0,""
786235,DATA,58.0,-2.1, 0, 0, 0,1000,1000,0,0,0,""
786735,DATA,58.3,2.1, 0, 0,71417,1000,1000,0,0,0,""
787235,DATA,58.0,0.0, 0, 0,1200,1000,1000,0,0,0,""
787735,DATA,58.0,0.0, 0, 0, 0,1000,1000,0,0,0,""
788235,DATA,58.0,0.0, 0, 0, 0,1000,1000,0,0,0,""
788735,DATA,58.0,0.0, 0, 0,159113,1000,1000,0,0,0,""
789235,DATA,58.0,0.0, 0, 0,84655,1000,1000,0,0,0,""
789735,DATA,58.0,0.0, 0, 0,3602,1000,1000,0,0,0,""
790235,DATA,58.0,0.0, 0, 0, 0,1000,1000,0,0,0,""
790735,DATA,58.0,0.0, 0, 0, 0,1000,1000,0,0,0,""
791235,DATA,58.0,0.0, 0, 0, 0,1000,1000,0,0,0,""
791735,DATA,57.7,-2.1, 0, 0,2401,1000,1000,0,0,0,""
792235,DATA,58.0,0.0, 0, 0,101458,1000,1000,0,0,0,""
792735,DATA,58.0,2.1, 0, 0, 0,1000,1000,0,0,0,""
793235,DATA,58.0,2.1, 0, 0,66649,1000,1000,0,0,0,""
793735,DATA,57.7,0.0, 0, 0, 0,1000,1000,0,0,0,""
794235,DATA,57.7,0.0, 0, 0,39627,1000,1000,0,0,0,""
794735,DATA,57.7,0.0, 0, 0,10807,1000,1000,0,0,0,""
795235,DATA,57.7,0.0, 0, 0,600,1000,1000,0,0,0,""
795735,DATA,57.7,0.0, 0, 0,3002,1000,1000,0,0,0,""
796235,DATA,57.7,0.0, 0, 0,4201,1000,1000,0,0,0,""
796735,DATA,57.7,0.0, 0, 0, 0,1000,1000,0,0,0,""
797235,DATA,57.7,0.0, 0, 0,1782,1000,1000,0,0,0,""
797735,DATA,57.7,0.0, 0, 0, 0,1000,1000,0,0,0,""
798235,DATA,57.5,-2.1, 0, 0, 0,1000,1000,0,0,0,""
798735,DATA,57.5,-2.1, 0, 0, 0,1000,1000,0,0,0,""
799235,DATA,57.5,-2.1, 0, 0,1188,1000,1000,0,0,0,""
799735,DATA,57.5,-2.1, 0, 0, 0,1000,1000,0,0,0,""
800235,DATA,57.5,0.0, 0, 0, 0,1000,1000,0,0,0,""
800735,DATA,57.5,0.0, 0, 0, 0,1000,1000,0,0,0,""
801235,DATA,57.5,0.0, 0, 0, 0,1000,1000,0,0,0,""
801735,DATA,57.5,0.0, 0, 0,594,1000,1000,0,0,0,""
802235,DATA,57.5,0.0, 0, 0, 0,1000,1000,0,0,0,""
802735,DATA,57.5,0.0, 0, 0,594,1000,1000,0,0,0,""
803235,DATA,57.5,2.0, 0, 0, 0,1000,1000,0,0,0,""
803735,DATA,57.2,-2.1, 0, 0,1188,1000,1000,0,0,0,""
804235,DATA,57.2,0.0, 0, 0, 0,1000,1000,0,0,0,""
804735,DATA,57.2,0.0, 0, 0, 0,1000,1000,0,0,0,""
805235,DATA,57.2,0.0, 0, 0, 0,1000,1000,0,0,0,""
805735,DATA,57.2,0.0, 0, 0,594,1000,1000,0,0,0,""
806235,DATA,57.2,0.0, 0, 0, 0,1000,1000,0,0,0,""
806735,DATA,57.0,0.0, 0, 0, 0,1000,1000,0,0,0,""
807235,DATA,57.2,0.0, 0, 0,5937,1000,1000,0,0,0,""
807735,DATA,57.0,-2.1, 0, 0, 0,1000,1000,0,0,0,""
808235,DATA,57.0,0.0, 0, 0,594,1000,1000,0,0,0,""
808735,DATA,57.0,0.0, 0, 0,594,1000,1000,0,0,0,""
809235,DATA,57.0,0.0, 0, 0, 0,1000,1000,0,0,0,""
809735,DATA,57.0,0.0, 0, 0, 0,1000,1000,0,0,0,""
810235,DATA,57.0,0.0, 0, 0, 0,1000,1000,0,0,0,""
810735,DATA,57.0,0.0, 0, 0, 0,1000,1000,0,0,0,""
811235,DATA,57.0,0.0, 0, 0,5938,1000,1000,0,0,0,""
811735,DATA,56.7,0.0, 0, 0,1187,1000,1000,0,0,0,""
812235,DATA,56.7,0.0, 0, 0,2375,1000,1000,0,0,0,""
812735,DATA,56.7,0.0, 0, 0, 0,1000,1000,0,0,0,""
813235,DATA,56.7,0.0, 0, 0, 0,1000,1000,0,0,0,""
813735,DATA,56.7,0.0, 0, 0, 0,1000,1000,0,0,0,""
814235,DATA,56.7,0.0, 0, 0, 0,1000,1000,0,0,0,""
814735,DATA,56.5,0.0, 0, 0, 0,1000,1000,0,0,0,""
815235,DATA,56.5,0.0, 0, 0, 0,1000,1000,0,0,0,""
815735,DATA,56.5,0.0, 0, 0, 0,1000,1000,0,0,0,""
816235,DATA,56.5,0.0, 0, 0,7720,1000,1000,0,0,0,""
816735,DATA,56.5,0.0, 0, 0, 0,1000,1000,0,0,0,""
817235,DATA,56.5,0.0, 0, 0,2970,1000,1000,0,0,0,""
817735,DATA,56.5,0.0, 0, 0, 0,1000,1000,0,0,0,""
818235,DATA,56.5,0.0, 0, 0, 0,1000,1000,0,0,0,""
818735,DATA,56.2,-2.1, 0, 0, 0,1000,1000,0,0,0,""
819235,DATA,56.2,0.0, 0, 0, 0,1000,1000,0,0,0,""
819735,DATA,56.2,0.0, 0, 0,3562,1000,1000,0,0,0,""
820235,DATA,56.5,0.0, 0, 0, 0,1000,1000,0,0,0,""
820735,DATA,56.5,0.0, 0, 0, 0,1000,1000,0,0,0,""
821235,DATA,56.2,-2.0, 0, 0,1188,1000,1000,0,0,0,""
821735,DATA,56.5,0.0, 0, 0,594,1000,1000,0,0,0,""
822235,DATA,56.5,0.0, 0, 0, 0,1000,1000,0,0,0,""
822735,DATA,56.5,0.0, 0, 0, 0,1000,1000,0,0,0,""
823235,DATA,56.5,0.0, 0, 0, 0,1000,1000,0,0,0,""
823735,DATA,56.5,0.0, 0, 0, 0,1000,1000,0,0,0,""
824235,DATA,56.5,0.0, 0, 0, 0,1000,1000,0,0,0,""
824735,DATA,56.5,0.0, 0, 0, 0,1000,1000,0,0,0,""
825235,DATA,56.2,0.0, 0, 0, 0,1000,1000,0,0,0,""
825735,DATA,56.2,0.0, 0, 0, 0,1000,1000,0,0,0,""
826235,DATA,56.2,0.0, 0, 0, 0,1000,1000,0,0,0,""
826735,DATA,56.2,0.0, 0, 0, 0,1000,1000,0,0,0,""
827235,DATA,56.2,0.0, 0, 0, 0,1000,1000,0,0,0,""
827735,DATA,56.2,0.0, 0, 0, 0,1000,1000,0,0,0,""
828235,DATA,56.2,0.0, 0, 0, 0,1000,1000,0,0,0,""
828735,DATA,56.2,0.0, 0, 0, 0,1000,1000,0,0,0,""
829235,DATA,56.2,0.0, 0, 0, 0,1000,1000,0,0,0,""
829735,DATA,56.2,0.0, 0, 0, 0,1000,1000,0,0,0,""
830235,DATA,56.2,0.0, 0, 0, 0,1000,1000,0,0,0,""
830735,DATA,56.2,0.0, 0, 0, 0,1000,1000,0,0,0,""
831235,DATA,56.0,0.0, 0, 0, 0,1000,1000,0,0,0,""
831735,DATA,56.0,0.0, 0, 0, 0,1000,1000,0,0,0,""
832235,DATA,56.0,0.0, 0, 0, 0,1000,1000,0,0,0,""
832735,DATA,56.0,0.0, 0, 0, 0,1000,1000,0,0,0,""
833235,DATA,56.0,0.0, 0, 0, 0,1000,1000,0,0,0,""
833735,DATA,56.0,0.0, 0, 0, 0,1000,1000,0,0,0,""
834235,DATA,56.0,0.0, 0, 0, 0,1000,1000,0,0,0,""
834735,DATA,56.0,0.0, 0, 0, 0,1000,1000,0,0,0,""
835235,DATA,56.0,0.0, 0, 0, 0,1000,1000,0,0,0,""
835735,DATA,56.0,0.0, 0, 0, 0,1000,1000,0,0,0,""
836235,DATA,56.0,0.0, 0, 0, 0,1000,1000,0,0,0,""
836735,DATA,56.0,0.0, 0, 0, 0,1000,1000,0,0,0,""
837235,DATA,56.0,0.0, 0, 0,1187,1000,1000,0,0,0,""
837735,DATA,56.0,2.1, 0, 0, 0,1000,1000,0,0,0,""
838235,DATA,55.8,0.0, 0, 0, 0,1000,1000,0,0,0,""
838735,DATA,56.0,0.0, 0, 0, 0,1000,1000,0,0,0,""
839235,DATA,56.0,2.0, 0, 0, 0,1000,1000,0,0,0,""
839735,DATA,55.8,0.0, 0, 0, 0,1000,1000,0,0,0,""
840235,DATA,55.8,0.0, 0, 0, 0,1000,1000,0,0,0,""
840735,DATA,55.8,0.0, 0, 0, 0,1000,1000,0,0,0,""
841235,DATA,55.8,0.0, 0, 0, 0,1000,1000,0,0,0,""
841735,DATA,55.8,0.0, 0, 0, 0,1000,1000,0,0,0,""
842235,DATA,55.8,0.0, 0, 0, 0,1000,1000,0,0,0,""
842735,DATA,55.8,0.0, 0, 0, 0,1000,1000,0,0,0,""
843235,DATA,55.8,0.0, 0, 0, 0,1000,1000,0,0,0,""
843735,DATA,55.5,-2.1, 0, 0, 0,1000,1000,0,0,0,""
844235,DATA,55.8,0.0, 0, 0,594,1000,1000,0,0,0,""
844735,DATA,55.8,0.0, 0, 0, 0,1000,1000,0,0,0,""
845235,DATA,55.5,0.0, 0, 0, 0,1000,1000,0,0,0,""
845735,DATA,55.5,0.0, 0, 0, 0,1000,1000,0,0,0,""
846235,DATA,55.5,0.0, 0, 0,594,1000,1000,0,0,0,""
846735,DATA,55.5,0.0, 0, 0,594,1000,1000,0,0,0,""
847236,DATA,55.5,0.0, 0, 0,594,1000,1000,0,0,0,""
847737,DATA,55.5,0.0, 0, 0, 0,1000,1000,0,0,0,""
848238,DATA,55.5,0.0, 0, 0, 0,1000,1000,0,0,0,""
848739,DATA,55.5,0.0, 0, 0, 0,1000,1000,0,0,0,""
849240,DATA,55.5,0.0, 0, 0, 0,1000,1000,0,0,0,""
849741,DATA,55.5,0.0, 0, 0, 0,1000,1000,0,0,0,""
850242,DATA,55.5,0.0, 0, 0, 0,1000,1000,0,0,0,""
850743,DATA,55.5,0.0, 0, 0, 0,1000,1000,0,0,0,""
851244,DATA,55.5,0.0, 0, 0, 0,1000,1000,0,0,0,""
851745,DATA,55.5,0.0, 0, 0, 0,1000,1000,0,0,0,""
852246,DATA,55.5,0.0, 0, 0, 0,1000,1000,0,0,0,""
852747,DATA,55.5,0.0, 0, 0, 0,1000,1000,0,0,0,""
853248,DATA,55.2,-2.1, 0, 0, 0,1000,1000,0,0,0,""
853749,DATA,55.5,0.0, 0, 0, 0,1000,1000,0,0,0,""
854250,DATA,55.2,0.0, 0, 0, 0,1000,1000,0,0,0,""
854751,DATA,55.2,0.0, 0, 0, 0,1000,1000,0,0,0,""
855252,DATA,55.2,0.0, 0, 0,6532,1000,1000,0,0,0,""
855753,DATA,55.2,0.0, 0, 0, 0,1000,1000,0,0,0,""
856254,DATA,55.2,0.0, 0, 0, 0,1000,1000,0,0,0,""
856755,DATA,55.2,0.0, 0, 0,4156,1000,1000,0,0,0,""
857256,DATA,55.2,0.0, 0, 0,594,1000,1000,0,0,0,""
857757,DATA,55.2,0.0, 0, 0,4157,1000,1000,0,0,0,""
857903,EVENT,55.2,0.0, 0, 0,600,1000,1000,0,0,0,"STARTER OFF"
858258,DATA,55.0,-2.1, 0, 0,594,1000,1000,0,0,0,""
858759,DATA,55.2,0.0, 0, 0, 0,1000,1000,0,0,0,""
859260,DATA,55.2,0.0, 0, 0,1782,1000,1000,0,0,0,""
859761,DATA,55.2,0.0, 0, 0,594,1000,1000,0,0,0,""
860262,DATA,55.2,0.0, 0, 0, 0,1000,1000,0,0,0,""
860763,DATA,55.2,0.0, 0, 0, 0,1000,1000,0,0,0,""
861264,DATA,55.2,0.0, 0, 0, 0,1000,1000,0,0,0,""
861765,DATA,55.2,0.0, 0, 0,594,1000,1000,0,0,0,""
862266,DATA,55.2,0.0, 0, 0, 0,1000,1000,0,0,0,""
862767,DATA,55.2,0.0, 0, 0, 0,1000,1000,0,0,0,""
863268,DATA,55.0,-2.0, 0, 0,1782,1000,1000,0,0,0,""
863769,DATA,55.0,0.0, 0, 0, 0,1000,1000,0,0,0,""
864270,DATA,55.0,0.0, 0, 0, 0,1000,1000,0,0,0,""
864771,DATA,55.0,0.0, 0, 0, 0,1000,1000,0,0,0,""
865272,DATA,55.0,0.0, 0, 0,1782,1000,1000,0,0,0,""
865773,DATA,55.0,0.0, 0, 0,594,1000,1000,0,0,0,""
866274,DATA,55.0,0.0, 0, 0,1188,1000,1000,0,0,0,""
866775,DATA,55.0,0.0, 0, 0, 0,1000,1000,0,0,0,""
867276,DATA,55.0,0.0, 0, 0,4156,1000,1000,0,0,0,""
867777,DATA,55.0,0.0, 0, 0,8316,1000,1000,0,0,0,""
868278,DATA,55.0,0.0, 0, 0,594,1000,1000,0,0,0,""
868779,DATA,54.7,-2.1, 0, 0, 0,1000,1000,0,0,0,""
869280,DATA,55.0,2.0, 0, 0, 0,1000,1000,0,0,0,""
869781,DATA,55.0,0.0, 0, 0,1188,1000,1000,0,0,0,""
870282,DATA,54.7,-2.1, 0, 0, 0,1000,1000,0,0,0,""
870783,DATA,54.7,0.0, 0, 0, 0,1000,1000,0,0,0,""
871284,DATA,54.7,0.0, 0, 0,1782,1000,1000,0,0,0,""
871785,DATA,54.7,0.0, 0, 0,7126,1000,1000,0,0,0,""
872286,DATA,54.7,0.0, 0, 0, 0,1000,1000,0,0,0,""
872787,DATA,55.0,2.1, 0, 0, 0,1000,1000,0,0,0,""
873288,DATA,55.0,2.1, 0, 0, 0,1000,1000,0,0,0,""
873789,DATA,54.7,-2.1, 0, 0, 0,1000,1000,0,0,0,""
874290,DATA,54.7,-2.1, 0, 0, 0,1000,1000,0,0,0,""
874791,DATA,54.7,0.0, 0, 0, 0,1000,1000,0,0,0,""
875292,DATA,54.7,0.0, 0, 0, 0,1000,1000,0,0,0,""
875793,DATA,54.7,0.0, 0, 0, 0,1000,1000,0,0,0,""
876294,DATA,55.0,0.0, 0, 0, 0,1000,1000,0,0,0,""
876795,DATA,54.7,0.0, 0, 0, 0,1000,1000,0,0,0,""
877296,DATA,54.7,0.0, 0, 0, 0,1000,1000,0,0,0,""
877797,DATA,54.7,0.0, 0, 0, 0,1000,1000,0,0,0,""
878298,DATA,54.7,0.0, 0, 0, 0,1000,1000,0,0,0,""
878799,DATA,54.7,0.0, 0, 0, 0,1000,1000,0,0,0,""
879300,DATA,54.7,0.0, 0, 0, 0,1000,1000,0,0,0,""
879801,DATA,54.7,0.0, 0, 0, 0,1000,1000,0,0,0,""
880302,DATA,54.7,0.0, 0, 0, 0,1000,1000,0,0,0,""
880803,DATA,54.7,0.0, 0, 0, 0,1000,1000,0,0,0,""
881304,DATA,54.7,0.0, 0, 0, 0,1000,1000,0,0,0,""
881805,DATA,54.7,0.0, 0, 0, 0,1000,1000,0,0,0,""
882306,DATA,54.7,0.0, 0, 0, 0,1000,1000,0,0,0,""
882807,DATA,54.7,0.0, 0, 0, 0,1000,1000,0,0,0,""
883308,DATA,54.7,0.0, 0, 0, 0,1000,1000,0,0,0,""
883809,DATA,54.7,0.0, 0, 0, 0,1000,1000,0,0,0,""
884310,DATA,54.7,0.0, 0, 0, 0,1000,1000,0,0,0,""
884811,DATA,54.7,2.1, 0, 0, 0,1000,1000,0,0,0,""
885312,DATA,54.7,0.0, 0, 0, 0,1000,1000,0,0,0,""
885813,DATA,54.7,2.1, 0, 0, 0,1000,1000,0,0,0,""
886314,DATA,54.5,0.0, 0, 0, 0,1000,1000,0,0,0,""
886815,DATA,54.5,-2.1, 0, 0, 0,1000,1000,0,0,0,""
887316,DATA,54.5,0.0, 0, 0, 0,1000,1000,0,0,0,""
887817,DATA,54.5,0.0, 0, 0, 0,1000,1000,0,0,0,""
888318,DATA,54.5,0.0, 0, 0, 0,1000,1000,0,0,0,""
888819,DATA,54.5,0.0, 0, 0, 0,1000,1000,0,0,0,""
889320,DATA,54.5,0.0, 0, 0, 0,1000,1000,0,0,0,""
889821,DATA,54.5,0.0, 0, 0, 0,1000,1000,0,0,0,""
890322,DATA,54.5,0.0, 0, 0, 0,1000,1000,0,0,0,""
890823,DATA,54.5,0.0, 0, 0, 0,1000,1000,0,0,0,""
891324,DATA,54.5,0.0, 0, 0, 0,1000,1000,0,0,0,""
891825,DATA,54.2,-2.1, 0, 0, 0,1000,1000,0,0,0,""
892326,DATA,54.2,0.0, 0, 0, 0,1000,1000,0,0,0,""
892827,DATA,54.5,0.0, 0, 0, 0,1000,1000,0,0,0,""
893328,DATA,54.2,0.0, 0, 0, 0,1000,1000,0,0,0,""
893829,DATA,54.5,2.1, 0, 0, 0,1000,1000,0,0,0,""
894330,DATA,54.2,0.0, 0, 0, 0,1000,1000,0,0,0,""
894831,DATA,54.2,0.0, 0, 0, 0,1000,1000,0,0,0,""
895332,DATA,54.2,0.0, 0, 0, 0,1000,1000,0,0,0,""
895833,DATA,54.2,0.0, 0, 0, 0,1000,1000,0,0,0,""
896334,DATA,54.2,0.0, 0, 0, 0,1000,1000,0,0,0,""
896835,DATA,54.2,0.0, 0, 0, 0,1000,1000,0,0,0,""
897336,DATA,54.2,0.0, 0, 0, 0,1000,1000,0,0,0,""
897837,DATA,54.2,0.0, 0, 0, 0,1000,1000,0,0,0,""
898338,DATA,54.2,0.0, 0, 0, 0,1000,1000,0,0,0,""
898839,DATA,54.2,0.0, 0, 0, 0,1000,1000,0,0,0,""
899340,DATA,54.0,-2.0, 0, 0, 0,1000,1000,0,0,0,""
899841,DATA,54.2,2.1, 0, 0, 0,1000,1000,0,0,0,""
900342,DATA,54.0,-2.1, 0, 0, 0,1000,1000,0,0,0,""
900843,DATA,54.0,0.0, 0, 0, 0,1000,1000,0,0,0,""
901344,DATA,54.0,-2.1, 0, 0, 0,1000,1000,0,0,0,""
901845,DATA,54.2,0.0, 0, 0, 0,1000,1000,0,0,0,""
902346,DATA,54.0,-2.0, 0, 0, 0,1000,1000,0,0,0,""
902847,DATA,54.0,0.0, 0, 0, 0,1000,1000,0,0,0,""
903348,DATA,54.0,0.0, 0, 0, 0,1000,1000,0,0,0,""
903849,DATA,54.0,0.0, 0, 0, 0,1000,1000,0,0,0,""
904350,DATA,54.0,0.0, 0, 0, 0,1000,1000,0,0,0,""
904851,DATA,54.0,0.0, 0, 0, 0,1000,1000,0,0,0,""
905352,DATA,54.0,0.0, 0, 0, 0,1000,1000,0,0,0,""
905853,DATA,54.0,-2.1, 0, 0, 0,1000,1000,0,0,0,""
906354,DATA,54.0,0.0, 0, 0, 0,1000,1000,0,0,0,""
906855,DATA,54.0,0.0, 0, 0, 0,1000,1000,0,0,0,""
907356,DATA,54.0,0.0, 0, 0, 0,1000,1000,0,0,0,""
907857,DATA,54.0,0.0, 0, 0, 0,1000,1000,0,0,0,""
908358,DATA,54.0,0.0, 0, 0, 0,1000,1000,0,0,0,""
908859,DATA,54.0,0.0, 0, 0, 0,1000,1000,0,0,0,""
909360,DATA,54.0,0.0, 0, 0, 0,1000,1000,0,0,0,""
909861,DATA,54.0,0.0, 0, 0, 0,1000,1000,0,0,0,""
910362,DATA,54.0,0.0, 0, 0, 0,1000,1000,0,0,0,""
910863,DATA,54.0,0.0, 0, 0, 0,1000,1000,0,0,0,""
911364,DATA,54.0,0.0, 0, 0, 0,1000,1000,0,0,0,""
911865,DATA,54.0,0.0, 0, 0, 0,1000,1000,0,0,0,""
912366,DATA,54.0,0.0, 0, 0, 0,1000,1000,0,0,0,""
912867,DATA,54.0,0.0, 0, 0, 0,1000,1000,0,0,0,""
913368,DATA,54.0,0.0, 0, 0, 0,1000,1000,0,0,0,""
913869,DATA,54.0,0.0, 0, 0, 0,1000,1000,0,0,0,""
914370,DATA,54.0,0.0, 0, 0, 0,1000,1000,0,0,0,""
914871,DATA,54.0,0.0, 0, 0, 0,1000,1000,0,0,0,""
915372,DATA,54.0,2.1, 0, 0, 0,1000,1000,0,0,0,""
915873,DATA,54.0,0.0, 0, 0, 0,1000,1000,0,0,0,""
916374,DATA,54.0,0.0, 0, 0, 0,1000,1000,0,0,0,""
916875,DATA,54.0,0.0, 0, 0, 0,1000,1000,0,0,0,""
917376,DATA,54.0,0.0, 0, 0,594,1000,1000,0,0,0,""
917877,DATA,54.0,0.0, 0, 0,32069,1000,1000,0,0,0,""
918378,DATA,54.0,0.0, 0, 0,18410,1000,1000,0,0,0,""
918879,DATA,53.7,-2.1, 0, 0,27317,1000,1000,0,0,0,""
919380,DATA,54.0,0.0, 0, 0, 0,1000,1000,0,0,0,""
919881,DATA,53.7,-2.1, 0, 0,5345,1000,1000,0,0,0,""
920382,DATA,54.0,2.0, 0, 0,80142,1000,1000,0,0,0,""
920883,DATA,53.7,0.0, 0, 0,1782,1000,1000,0,0,0,""
921384,DATA,53.7,0.0, 0, 0, 0,1000,1000,0,0,0,""
921885,DATA,53.7,0.0, 0, 0,96191,1000,1000,0,0,0,""
922386,DATA,53.7,0.0, 0, 0,20186,1000,1000,0,0,0,""
922887,DATA,53.7,0.0, 0, 0,23747,1000,1000,0,0,0,""
923388,DATA,53.7,0.0, 0, 0,55798,1000,1000,0,0,0,""
923889,DATA,53.7,0.0, 0, 0,53434,1000,1000,0,0,0,""
924390,DATA,53.7,0.0, 0, 0,18406,1000,1000,0,0,0,""
924891,DATA,53.7,0.0, 0, 0,84308,1000,1000,0,0,0,""
925392,DATA,53.7,0.0, 0, 0,32646,1000,1000,0,0,0,""
925893,DATA,53.7,0.0, 0, 0,11281,1000,1000,0,0,0,""
926394,DATA,53.7,0.0, 0, 0,62340,1000,1000,0,0,0,""
926895,DATA,53.7,0.0, 0, 0,103891,1000,1000,0,0,0,""
927396,DATA,53.7,0.0, 0, 0,100334,1000,1000,0,0,0,""
927897,DATA,53.7,0.0, 0, 0,41562,1000,1000,0,0,0,""
928398,DATA,53.7,0.0, 0, 0,89646,1000,1000,0,0,0,""
928899,DATA,53.7,0.0, 0, 0,13657,1000,1000,0,0,0,""
929400,DATA,53.7,2.0, 0, 0,10092,1000,1000,0,0,0,""
929901,DATA,53.7,0.0, 0, 0,100344,1000,1000,0,0,0,""
930402,DATA,53.7,0.0, 0, 0,6533,1000,1000,0,0,0,""
930903,DATA,53.5,0.0, 0, 0, 0,1000,1000,0,0,0,""
931404,DATA,53.5,0.0, 0, 0,17811,1000,1000,0,0,0,""
931905,DATA,53.7,2.1, 0, 0,32060,1000,1000,0,0,0,""
932406,DATA,53.7,2.0, 0, 0,5343,1000,1000,0,0,0,""
932907,DATA,53.5,0.0, 0, 0,3563,1000,1000,0,0,0,""
933408,DATA,53.5,0.0, 0, 0,2375,1000,1000,0,0,0,""
933909,DATA,53.5,0.0, 0, 0,9499,1000,1000,0,0,0,""
934410,DATA,53.5,0.0, 0, 0,6531,1000,1000,0,0,0,""
934911,DATA,53.5,0.0, 0, 0,11282,1000,1000,0,0,0,""
935412,DATA,53.5,0.0, 0, 0,8314,1000,1000,0,0,0,""
935913,DATA,53.5,0.0, 0, 0,14842,1000,1000,0,0,0,""
936414,DATA,53.5,0.0, 0, 0,3562,1000,1000,0,0,0,""
936915,DATA,53.5,0.0, 0, 0,2375,1000,1000,0,0,0,""
937416,DATA,53.5,0.0, 0, 0,594,1000,1000,0,0,0,""
937917,DATA,53.5,0.0, 0, 0,2375,1000,1000,0,0,0,""
938418,DATA,53.5,0.0, 0, 0,7125,1000,1000,0,0,0,""
938919,DATA,53.5,0.0, 0, 0,13062,1000,1000,0,0,0,""
939420,DATA,53.3,-2.1, 0, 0,7124,1000,1000,0,0,0,""
939921,DATA,53.3,0.0, 0, 0,7718,1000,1000,0,0,0,""
940422,DATA,53.3,0.0, 0, 0,4156,1000,1000,0,0,0,""
940923,DATA,53.3,0.0, 0, 0,17217,1000,1000,0,0,0,""
941424,DATA,53.3,0.0, 0, 0,26718,1000,1000,0,0,0,""
941925,DATA,53.3,0.0, 0, 0,8906,1000,1000,0,0,0,""
942426,DATA,53.3,0.0, 0, 0,6532,1000,1000,0,0,0,""
942927,DATA,53.3,0.0, 0, 0,26716,1000,1000,0,0,0,""
943428,DATA,53.3,0.0, 0, 0,48088,1000,1000,0,0,0,""
943929,DATA,53.3,0.0, 0, 0,16624,1000,1000,0,0,0,""
944430,DATA,53.3,0.0, 0, 0,25532,1000,1000,0,0,0,""
944931,DATA,53.3,0.0, 0, 0,1781,1000,1000,0,0,0,""
945432,DATA,53.3,0.0, 0, 0,69468,1000,1000,0,0,0,""
945933,DATA,53.3,0.0, 0, 0,23155,1000,1000,0,0,0,""
946434,DATA,53.3,0.0, 0, 0,19593,1000,1000,0,0,0,""
946935,DATA,53.3,0.0, 0, 0,8312,1000,1000,0,0,0,""
947436,DATA,53.3,0.0, 0, 0,7124,1000,1000,0,0,0,""
947937,DATA,53.3,2.1, 0, 0,594,1000,1000,0,0,0,""
948438,DATA,53.0,0.0, 0, 0,1187,1000,1000,0,0,0,""
948939,DATA,53.0,0.0, 0, 0,65306,1000,1000,0,0,0,""
949440,DATA,53.0,0.0, 0, 0, 0,1000,1000,0,0,0,""
949941,DATA,53.0,0.0, 0, 0, 0,1000,1000,0,0,0,""
950442,DATA,53.0,0.0, 0, 0,50467,1000,1000,0,0,0,""
950943,DATA,53.0,0.0, 0, 0,3562,1000,1000,0,0,0,""
951444,DATA,53.0,0.0, 0, 0,54628,1000,1000,0,0,0,""
951945,DATA,53.0,0.0, 0, 0,68273,1000,1000,0,0,0,""
952446,DATA,53.0,0.0, 0, 0,33243,1000,1000,0,0,0,""
952947,DATA,53.0,0.0, 0, 0,95627,1000,1000,0,0,0,""
953448,DATA,53.0,0.0, 0, 0,80158,1000,1000,0,0,0,""
953949,DATA,53.0,0.0, 0, 0,17814,1000,1000,0,0,0,""
954450,DATA,53.0,0.0, 0, 0,5344,1000,1000,0,0,0,""
954951,DATA,52.7,0.0, 0, 0,38592,1000,1000,0,0,0,""
955452,DATA,52.7,-2.1, 0, 0,65312,1000,1000,0,0,0,""
955953,DATA,52.7,0.0, 0, 0,73617,1000,1000,0,0,0,""
956454,DATA,52.7,0.0, 0, 0,40963,1000,1000,0,0,0,""
956955,DATA,52.7,0.0, 0, 0,7717,1000,1000,0,0,0,""
957456,DATA,53.0,0.0, 0, 0,14251,1000,1000,0,0,0,""
957957,DATA,52.7,0.0, 0, 0,26125,1000,1000,0,0,0,""
958458,DATA,52.7,0.0, 0, 0,42747,1000,1000,0,0,0,""
958959,DATA,52.7,0.0, 0, 0,36813,1000,1000,0,0,0,""
959460,DATA,52.7,0.0, 0, 0,67684,1000,1000,0,0,0,""
959961,DATA,52.7,0.0, 0, 0,79549,1000,1000,0,0,0,""
960462,DATA,52.7,0.0, 0, 0,64713,1000,1000,0,0,0,""
960963,DATA,52.7,0.0, 0, 0,53433,1000,1000,0,0,0,""
961464,DATA,52.7,0.0, 0, 0,69464,1000,1000,0,0,0,""
961965,DATA,52.7,0.0, 0, 0,26717,1000,1000,0,0,0,""
962466,DATA,52.7,0.0, 0, 0,32062,1000,1000,0,0,0,""
962967,DATA,52.7,0.0, 0, 0, 0,1000,1000,0,0,0,""
963468,DATA,52.7,2.1, 0, 0,54035,1000,1000,0,0,0,""
963969,DATA,52.7,0.0, 0, 0,89647,1000,1000,0,0,0,""
964470,DATA,52.5,-2.1, 0, 0,2969,1000,1000,0,0,0,""
964971,DATA,52.7,0.0, 0, 0,45721,1000,1000,0,0,0,""
965472,DATA,52.7,0.0, 0, 0,81327,1000,1000,0,0,0,""
965973,DATA,52.7,0.0, 0, 0,26122,1000,1000,0,0,0,""
966474,DATA,52.5,0.0, 0, 0,75988,1000,1000,0,0,0,""
966975,DATA,52.5,-2.1, 0, 0,39180,1000,1000,0,0,0,""
967476,DATA,52.7,2.1, 0, 0,594,1000,1000,0,0,0,""
967977,DATA,52.5,-2.1, 0, 0,19589,1000,1000,0,0,0,""
968478,DATA,52.5,0.0, 0, 0,40966,1000,1000,0,0,0,""
968979,DATA,52.5,0.0, 0, 0,16623,1000,1000,0,0,0,""
969480,DATA,52.5,0.0, 0, 0,19000,1000,1000,0,0,0,""
969981,DATA,52.5,0.0, 0, 0,17812,1000,1000,0,0,0,""
970482,DATA,52.5,0.0, 0, 0,51059,1000,1000,0,0,0,""
970983,DATA,52.5,0.0, 0, 0,594,1000,1000,0,0,0,""
971484,DATA,52.5,0.0, 0, 0,49281,1000,1000,0,0,0,""
971985,DATA,52.5,0.0, 0, 0,15443,1000,1000,0,0,0,""
972486,DATA,52.5,0.0, 0, 0, 0,1000,1000,0,0,0,""
972987,DATA,52.5,0.0, 0, 0,3563,1000,1000,0,0,0,""
973488,DATA,52.5,0.0, 0, 0,1188,1000,1000,0,0,0,""
973989,DATA,52.5,0.0, 0, 0, 0,1000,1000,0,0,0,""
974490,DATA,52.5,0.0, 0, 0,1782,1000,1000,0,0,0,""
974991,DATA,52.5,0.0, 0, 0, 0,1000,1000,0,0,0,""
975492,DATA,52.5,0.0, 0, 0,52257,1000,1000,0,0,0,""
975993,DATA,52.5,0.0, 0, 0,10690,1000,1000,0,0,0,""
976494,DATA,52.5,0.0, 0, 0,10095,1000,1000,0,0,0,""
976995,DATA,52.5,0.0, 0, 0,7717,1000,1000,0,0,0,""
977496,DATA,52.2,-2.0, 0, 0, 0,1000,1000,0,0,0,""
977997,DATA,52.2,-2.1, 0, 0,45711,1000,1000,0,0,0,""
978498,DATA,52.2,-2.1, 0, 0,594,1000,1000,0,0,0,""
978999,DATA,52.2,0.0, 0, 0,26719,1000,1000,0,0,0,""
979500,DATA,52.2,0.0, 0, 0, 0,1000,1000,0,0,0,""
980001,DATA,52.2,0.0, 0, 0,45134,1000,1000,0,0,0,""
980502,DATA,52.2,0.0, 0, 0,3563,1000,1000,0,0,0,""
981003,DATA,52.2,0.0, 0, 0,5939,1000,1000,0,0,0,""
981504,DATA,52.2,0.0, 0, 0,4157,1000,1000,0,0,0,""
982005,DATA,52.2,0.0, 0, 0,30873,1000,1000,0,0,0,""
982506,DATA,52.2,0.0, 0, 0, 0,1000,1000,0,0,0,""
983007,DATA,52.2,0.0, 0, 0,8908,1000,1000,0,0,0,""
983508,DATA,52.2,0.0, 0, 0,32065,1000,1000,0,0,0,""
984009,DATA,52.2,0.0, 0, 0,4156,1000,1000,0,0,0,""
984510,DATA,52.2,0.0, 0, 0,56401,1000,1000,0,0,0,""
985011,DATA,52.2,0.0, 0, 0,26121,1000,1000,0,0,0,""
985512,DATA,52.2,0.0, 0, 0, 0,1000,1000,0,0,0,""
986013,DATA,52.2,0.0, 0, 0,38596,1000,1000,0,0,0,""
986514,DATA,52.2,0.0, 0, 0, 0,1000,1000,0,0,0,""
987015,DATA,52.2,0.0, 0, 0,123490,1000,1000,0,0,0,""
987516,DATA,52.0,-2.1, 0, 0,62346,1000,1000,0,0,0,""
988017,DATA,52.0,-2.1, 0, 0,35025,1000,1000,0,0,0,""
988518,DATA,52.0,0.0, 0, 0,10092,1000,1000,0,0,0,""
989019,DATA,52.2,2.1, 0, 0, 0,1000,1000,0,0,0,""
989520,DATA,52.0,0.0, 0, 0, 0,1000,1000,0,0,0,""
990021,DATA,52.0,0.0, 0, 0,17812,1000,1000,0,0,0,""
990522,DATA,52.0,0.0, 0, 0, 0,1000,1000,0,0,0,""
991023,DATA,52.0,0.0, 0, 0,31469,1000,1000,0,0,0,""
991524,DATA,52.0,0.0, 0, 0, 0,1000,1000,0,0,0,""
992025,DATA,52.0,0.0, 0, 0,113406,1000,1000,0,0,0,""
992526,DATA,52.0,0.0, 0, 0,10688,1000,1000,0,0,0,""
993027,DATA,52.0,0.0, 0, 0, 0,1000,1000,0,0,0,""
993528,DATA,52.0,0.0, 0, 0, 0,1000,1000,0,0,0,""
994029,DATA,52.0,0.0, 0, 0, 0,1000,1000,0,0,0,""
994530,DATA,52.0,0.0, 0, 0, 0,1000,1000,0,0,0,""
995031,DATA,52.0,0.0, 0, 0, 0,1000,1000,0,0,0,""
995532,DATA,52.0,0.0, 0, 0, 0,1000,1000,0,0,0,""
996033,DATA,51.7,0.0, 0, 0, 0,1000,1000,0,0,0,""
996534,DATA,51.7,0.0, 0, 0, 0,1000,1000,0,0,0,""
997035,DATA,51.7,0.0, 0, 0, 0,1000,1000,0,0,0,""
997536,DATA,52.0,2.1, 0, 0, 0,1000,1000,0,0,0,""
998037,DATA,51.7,0.0, 0, 0, 0,1000,1000,0,0,0,""
998538,DATA,51.7,0.0, 0, 0, 0,1000,1000,0,0,0,""
999039,DATA,51.7,0.0, 0, 0,594,1000,1000,0,0,0,""
999540,DATA,51.7,0.0, 0, 0, 0,1000,1000,0,0,0,""
1000041,DATA,51.7,0.0, 0, 0, 0,1000,1000,0,0,0,""
1000542,DATA,51.7,0.0, 0, 0,2376,1000,1000,0,0,0,""
1001043,DATA,51.7,0.0, 0, 0,7717,1000,1000,0,0,0,""
1001544,DATA,51.7,0.0, 0, 0,41562,1000,1000,0,0,0,""
1002045,DATA,51.7,0.0, 0, 0,70055,1000,1000,0,0,0,""
1002546,DATA,51.7,0.0, 0, 0,88468,1000,1000,0,0,0,""
1003047,DATA,51.7,0.0, 0, 0,105077,1000,1000,0,0,0,""
1003548,DATA,51.7,0.0, 0, 0,113971,1000,1000,0,0,0,""
1004049,DATA,51.5,-2.1, 0, 0,121103,1000,1000,0,0,0,""
1004550,DATA,51.7,0.0, 0, 0,127643,1000,1000,0,0,0,""
1005051,DATA,51.7,0.0, 0, 0,132399,1000,1000,0,0,0,""
1005128,EVENT,51.7,0.0, 0, 0,132399,1000,1000,0,0,0,"STARTER 1200"
1005555,DATA,50.8,4.2,2261,2031,500,1000,1106,0,0,0,""
1006075,DATA,51.7,10.4,2570,2685, 0,1000,1190,0,0,0,""
1006575,DATA,50.8,2.1,3690,3317,3000,1000,1200,0,0,0,""
1007075,DATA,50.2,-2.1,4363,4239,6600,1000,1200,0,0,0,""
1007575,DATA,50.5,0.0,4470,4447,7799,1000,1200,0,0,0,""
1008075,DATA,50.8,0.0,3920,4051,7200,1000,1200,0,0,0,""
1008371,EVENT,50.8,0.0,4152,4065,12600,1000,1200,0,0,0,"STARTER 1220"
1008575,DATA,50.8,0.0,4316,4222,7454,1000,1206,0,0,0,""
1009075,DATA,50.5,0.0,4480,4435,7800,1000,1216,0,0,0,""
1009575,DATA,50.5,0.0,4407,4323,9601,1000,1220,0,0,0,""
1010075,DATA,50.2,0.0,4369,4422,10200,1000,1220,0,0,0,""
1010575,DATA,50.5,2.1,4291,4311,8400,1000,1220,0,0,0,""
1011075,DATA,50.2,2.1,4331,4345,5400,1000,1220,0,0,0,""
1011575,DATA,50.0,0.0,4256,4278,6000,1000,1220,0,0,0,""
1012075,DATA,49.7,-2.1,4287,4290,4200,1000,1220,0,0,0,""
1012575,DATA,49.7,0.0,4598,4532,4800,1000,1220,0,0,0,""
1013075,DATA,49.7,0.0,4644,4600,6600,1000,1220,0,0,0,""
1013575,DATA,49.5,-2.1,4360,4414,6000,1000,1220,0,0,0,""
1014075,DATA,49.5,-2.1,4601,4500,15000,1000,1220,0,0,0,""
1014575,DATA,49.5,0.0,4716,4695,7200,1000,1220,0,0,0,""
1015075,DATA,49.5,2.1,4791,4723,12000,1000,1220,0,0,0,""
1015505,EVENT,49.2,0.0,4728,4823,9599,1000,1220,0,0,0,"STARTER 1240"
1015575,DATA,49.2,0.0,4598,4722,7199,1000,1222,0,0,0,""
1016075,DATA,49.0,-2.1,4471,4466,7257,1000,1234,0,0,0,""
1016575,DATA,49.0,0.0,4641,4629,7201,1000,1240,0,0,0,""
1017075,DATA,49.0,0.0,4853,4808,8399,1000,1240,0,0,0,""
1017575,DATA,48.7,0.0,4665,4704,6000,1000,1240,0,0,0,""
1018075,DATA,48.7,0.0,4638,4644,7201,1000,1240,0,0,0,""
1018575,DATA,48.5,0.0,4664,4660,5400,1000,1240,0,0,0,""
1019075,DATA,48.5,0.0,4721,4702,6600,1000,1240,0,0,0,""
1019575,DATA,48.3,-2.1,4904,4799,8400,1000,1240,0,0,0,""
1020075,DATA,48.3,0.0,4960,5007,8399,1000,1240,0,0,0,""
1020575,DATA,48.3,0.0,4809,4856,7800,1000,1240,0,0,0,""
1021075,DATA,48.0,0.0,4848,4850,6600,1000,1240,0,0,0,""
1021338,EVENT,48.0,0.0,4930,4862,5399,1000,1240,0,1,0,"VALVE1 ON"
1021575,DATA,48.0,0.0,4885,4889,6601,1000,1240,0,1,0,""
1022075,DATA,48.0,0.0,4761,4782,6601,1000,1240,0,1,0,""
1022539,EVENT,47.7,0.0,5109,5010,10801,1000,1240,1,1,0,"IGN ON"
1022575,DATA,47.7,0.0,5109,5010,10801,1000,1240,1,1,0,""
1023075,DATA,47.2,0.0,5336,5307,12601,1000,1240,1,1,0,""
1023575,DATA,47.5,2.1,5112,5257,10799,1000,1240,1,1,0,""
1023696,EVENT,47.5,0.0,4980,5132,10093,1000,1240,1,1,0,"PUMP 1045"
1024075,DATA,47.5,0.0,4991,5044,7800,1007,1240,1,1,0,""
1024575,DATA,47.5,0.0,4473,4628,1500,1026,1240,1,1,0,""
1025095,DATA,47.5,0.0,4331,4403,1500,1044,1240,1,1,0,""
1025595,DATA,47.2,0.0,4319,4331,15000,1045,1240,1,1,0,""
1026095,DATA,47.2,0.0,4563,4526,10200,1045,1240,1,1,0,""
1026595,DATA,47.2,0.0,6192,5583,18601,1045,1240,1,1,0,""
1027095,DATA,47.2,0.0,7361,7138,19198,1045,1240,1,1,0,""
1027595,DATA,48.0,2.1,5755,6225,8401,1045,1240,1,1,0,""
1028095,DATA,50.0,4.2,7444,6940,15001,1045,1240,1,1,0,""
1028595,DATA,52.0,2.1,6548,6694,8399,1045,1240,1,1,0,""
1029095,DATA,54.0,4.2,5792,6096,11402,1045,1240,1,1,0,""
1029595,DATA,56.0,4.2,5687,5504,7799,1045,1240,1,1,0,""
1030095,DATA,57.7,4.2,5259,5467,5400,1045,1240,1,1,0,""
1030595,DATA,59.0,2.1,4811,4891,7199,1045,1240,1,1,0,""
1031095,DATA,60.5,2.1,4832,4827,7800,1045,1240,1,1,0,""
1031595,DATA,62.2,4.2,4732,4749,5999,1045,1240,1,1,0,""
1032095,DATA,63.7,2.1,4723,4725,7200,1045,1240,1,1,0,""
1032595,DATA,65.8,4.2,4720,4726,6001,1045,1240,1,1,0,""
1033095,DATA,68.3,4.2,4808,4841,4800,1045,1240,1,1,0,""
1033595,DATA,70.5,2.1,4739,4753,5400,1045,1240,1,1,0,""
1034095,DATA,73.5,8.3,4733,4734,7200,1045,1240,1,1,0,""
1034595,DATA,75.8,4.2,5157,5037,6000,1045,1240,1,1,0,""
1035095,DATA,78.3,6.2,4811,4875,4800,1045,1240,1,1,0,""
1035595,DATA,80.5,6.2,4730,4747,6000,1045,1240,1,1,0,""
1036095,DATA,83.3,4.2,5373,5284,9599,1045,1240,1,1,0,""
1036595,DATA,85.5,4.2,4835,4938,7201,1045,1240,1,1,0,""
1037095,DATA,87.3,4.2,4799,4796,10200,1045,1240,1,1,0,""
1037595,DATA,89.2,4.2,4721,4740,7200,1045,1240,1,1,0,""
1038095,DATA,91.0,4.2,4700,4707,6600,1045,1240,1,1,0,""
1038595,DATA,92.5,2.1,4689,4690,6000,1045,1240,1,1,0,""
1039095,DATA,94.5,2.1,5127,4947,9000,1045,1240,1,1,0,""
1039595,DATA,96.2,4.2,4852,4926,9601,1045,1240,1,1,0,""
1040095,DATA,97.5,2.1,4734,4752,4800,1045,1240,1,1,0,""
1040595,DATA,99.2,4.2,4725,4727,5400,1045,1240,1,1,0,""
1041095,DATA,100.2,2.1,4716,4717,6600,1045,1240,1,1,0,""
1041595,DATA,101.5,4.2,4806,4794,5400,1045,1240,1,1,0,""
1042095,DATA,102.8,2.1,4752,4758,9001,1045,1240,1,1,0,""
1042595,DATA,104.2,2.1,4668,4692,4799,1045,1240,1,1,0,""
1043095,DATA,105.5,4.2,5093,4972,10199,1045,1240,1,1,0,""
1043595,DATA,106.5,2.1,5141,5168,10799,1045,1240,1,1,0,""
1044095,DATA,107.8,2.1,5365,5394,8400,1045,1240,1,1,0,""
1044595,DATA,109.0,2.1,4819,4921,5999,1045,1240,1,1,0,""
1045095,DATA,110.0,2.1,4745,4769,5400,1045,1240,1,1,0,""
1045279,EVENT,110.7,4.2,4775,4761,8402,1045,1240,1,1,0,"STARTER 1260"
1045595,DATA,111.2,3.8,5341,5167,7515,1045,1249,1,1,0,""
1046095,DATA,112.7,2.1,4959,5041,12599,1045,1258,1,1,0,""
1046595,DATA,113.7,2.1,4971,4962,6600,1045,1260,1,1,0,""
1047095,DATA,115.0,2.1,5043,5033,10199,1045,1260,1,1,0,""
1047595,DATA,116.0,2.1,5237,5188,5400,1045,1260,1,1,0,""
1048095,DATA,116.7,2.1,5075,5105,7201,1045,1260,1,1,0,""
1048595,DATA,117.7,2.1,5716,5410,12001,1045,1260,1,1,0,""
1049095,DATA,119.3,2.1,6670,6496,6000,1045,1260,1,1,0,""
1049595,DATA,120.3,4.2,5465,5715,7200,1045,1260,1,1,0,""
1050095,DATA,121.0,0.0,5140,5202,6601,1045,1260,1,1,0,""
1050595,DATA,122.7,4.2,5480,5519,6600,1045,1260,1,1,0,""
1051095,DATA,123.5,0.0,5397,5368,5999,1045,1260,1,1,0,""
1051595,DATA,125.0,4.2,5154,5198,8401,1045,1260,1,1,0,""
1052095,DATA,126.2,2.1,5052,5066,6600,1045,1260,1,1,0,""
1052595,DATA,127.0,0.0,5947,5587,8401,1045,1260,1,1,0,""
1053095,DATA,128.3,2.1,5513,5685,6001,1045,1260,1,1,0,""
1053595,DATA,129.0,2.1,5094,5169,6000,1045,1260,1,1,0,""
1054095,DATA,130.0,2.1,6499,6268,7200,1045,1260,1,1,0,""
1054503,EVENT,130.5,0.0,5474,5715,5400,1045,1260,1,1,0,"STARTER 1280"
1054595,DATA,130.5,0.0,5326,5540,6599,1045,1263,1,1,0,""
1055095,DATA,131.5,2.1,4817,4963,7200,1045,1275,1,1,0,""
1055595,DATA,132.3,0.0,5683,5563,7199,1045,1280,1,1,0,""
1056095,DATA,133.3,0.0,5358,5412,6600,1045,1280,1,1,0,""
1056595,DATA,134.3,0.0,5307,5316,5400,1045,1280,1,1,0,""
1057095,DATA,134.8,-2.1,5285,5291,6000,1045,1280,1,1,0,""
1057588,EVENT,135.8,2.1,5261,5266,6001,1045,1280,1,1,0,"PUMP 1050"
1057595,DATA,135.8,2.1,5261,5266,6001,1045,1280,1,1,0,""
1058095,DATA,136.3,0.0,5507,5424,9000,1046,1280,1,1,0,""
1058595,DATA,137.5,0.0,5985,5804,7800,1049,1280,1,1,0,""
1059095,DATA,138.5,0.0,5450,5556,9600,1050,1280,1,1,0,""
1059595,DATA,140.5,6.2,6088,5855,10199,1050,1280,1,1,0,""
1060095,DATA,143.0,8.3,6071,6241,7200,1050,1280,1,1,0,""
1060595,DATA,145.0,2.1,6611,6451,7800,1050,1280,1,1,0,""
1061095,DATA,147.5,4.2,5629,5812,6600,1050,1280,1,1,0,""
1061595,DATA,149.0,4.2,5596,5520,10800,1050,1280,1,1,0,""
1062095,DATA,152.0,4.2,5832,5904,6600,1050,1280,1,1,0,""
1062595,DATA,153.8,2.1,5384,5464,7800,1050,1280,1,1,0,""
1063095,DATA,155.8,2.1,5346,5363,7200,1050,1280,1,1,0,""
1063595,DATA,157.5,4.2,5306,5312,4800,1050,1280,1,1,0,""
1064095,DATA,158.8,2.1,5309,5310,5400,1050,1280,1,1,0,""
1064595,DATA,160.3,0.0,5306,5305,6000,1050,1280,1,1,0,""
1065095,DATA,162.0,0.0,5322,5318,7201,1050,1280,1,1,0,""
1065595,DATA,163.0,2.1,5308,5310,7800,1050,1280,1,1,0,""
1066095,DATA,164.5,4.2,5329,5324,5400,1050,1280,1,1,0,""
1066595,DATA,165.8,2.1,5312,5317,7800,1050,1280,1,1,0,""
1067095,DATA,166.5,0.0,5290,5293,6599,1050,1280,1,1,0,""
1067595,DATA,167.8,2.1,5282,5284,8401,1050,1280,1,1,0,""
1068095,DATA,169.5,2.1,5577,5466,7801,1050,1280,1,1,0,""
1068595,DATA,170.5,0.0,5395,5439,6000,1050,1280,1,1,0,""
1069095,DATA,171.8,4.2,5297,5316,4800,1050,1280,1,1,0,""
1069595,DATA,173.0,2.1,6010,5900,8400,1050,1280,1,1,0,""
1070095,DATA,174.5,4.2,5568,5687,5400,1050,1280,1,1,0,""
1070595,DATA,175.8,0.0,5384,5415,11400,1050,1280,1,1,0,""
1071095,DATA,177.5,6.2,5371,5386,7200,1050,1280,1,1,0,""
1071595,DATA,179.3,2.1,7654,7028,7800,1050,1280,1,1,0,""
1072095,DATA,180.0,2.1,6238,6636,5999,1050,1280,1,1,0,""
1072595,DATA,181.5,4.2,5452,5594,6600,1050,1280,1,1,0,""
1073095,DATA,182.5,2.1,6694,6331,6000,1050,1280,1,1,0,""
1073595,DATA,184.0,2.1,6698,6893,7800,1050,1280,1,1,0,""
1073704,EVENT,184.3,2.1,6336,6642,11400,1050,1280,0,1,0,"IGN OFF"
1074095,DATA,185.3,4.2,6386,6246,9600,1050,1280,0,1,0,""
1074595,DATA,187.0,6.2,5740,5943,7799,1050,1280,0,1,0,""
1075095,DATA,187.5,-2.1,7102,6657,12598,1050,1280,0,1,0,""
1075595,DATA,189.5,6.2,5902,6191,6000,1050,1280,0,1,0,""
1076095,DATA,191.3,2.1,5972,5986,6600,1050,1280,0,1,0,""
1076595,DATA,193.8,4.2,5992,6093,9600,1050,1280,0,1,0,""
1077095,DATA,196.3,6.2,5502,5572,10201,1050,1280,0,1,0,""
1077595,DATA,199.0,0.0,8304,7532,13801,1050,1280,0,1,0,""
1078095,DATA,200.3,0.0,10586,10222,12601,1050,1280,0,1,0,""
1078595,DATA,200.0,2.1,10148,10297,10799,1050,1280,0,1,0,""
1079095,DATA,200.8,6.2,8518,8912,17398,1050,1280,0,1,0,""
1079595,DATA,201.2,0.0,8918,8766,9599,1050,1280,0,1,0,""
1080095,DATA,204.8,12.5,8632,8664,10200,1050,1280,0,1,0,""
1080595,DATA,208.3,2.1,9982,9801,13201,1050,1280,0,1,0,""
1081095,DATA,211.2,4.2,8382,8864,14401,1050,1280,0,1,0,""
1081595,DATA,213.3,8.3,7076,7140,8400,1050,1280,0,1,0,""
1082095,DATA,214.8,4.2,6388,6556,9001,1050,1280,0,1,0,""
1082595,DATA,217.3,8.3,5563,5738,8400,1050,1280,0,1,0,""
1083095,DATA,218.0,0.0,6813,6347,10800,1050,1280,0,1,0,""
1083595,DATA,220.0,4.2,8204,8230,7800,1050,1280,0,1,0,""
1084095,DATA,222.0,2.1,5948,6360,9000,1050,1280,0,1,0,""
1084595,DATA,224.0,4.2,5787,5736,14400,1050,1280,0,1,0,""
1085095,DATA,224.8,2.1,7108,6806,11999,1050,1280,0,1,0,""
1085595,DATA,226.2,2.1,9308,8811,13200,1050,1280,0,1,0,""
1086095,DATA,227.8,4.2,9293,9369,11401,1050,1280,0,1,0,""
1086595,DATA,229.5,6.2,6743,7383,11400,1050,1280,0,1,0,""
1087095,DATA,231.5,6.2,7377,7068,8400,1050,1280,0,1,0,""
1087595,DATA,233.0,2.1,8122,7836,9598,1050,1280,0,1,0,""
1088095,DATA,234.8,6.2,6222,6699,9000,1050,1280,0,1,0,""
1088595,DATA,236.2,0.0,5460,5600,9000,1050,1280,0,1,0,""
1089095,DATA,238.7,8.3,5341,5365,5400,1050,1280,0,1,0,""
1089595,DATA,239.8,-2.1,5334,5335,9600,1050,1280,0,1,0,""
1090095,DATA,241.8,0.0,5451,5349,14999,1050,1280,0,1,0,""
1090595,DATA,243.0,4.2,6708,6704,9000,1050,1280,0,1,0,""
1091095,DATA,244.3,0.0,5542,5742,7199,1050,1280,0,1,0,""
1091595,DATA,245.8,4.2,5289,5338,7800,1050,1280,0,1,0,""
1092095,DATA,246.7,0.0,5253,5253,6001,1050,1280,0,1,0,""
1092595,DATA,248.3,2.1,5881,5816,6000,1050,1280,0,1,0,""
1093095,DATA,249.8,6.2,6349,6161,6000,1050,1280,0,1,0,""
1093595,DATA,251.0,0.0,6105,6186,9601,1050,1280,0,1,0,""
1094095,DATA,253.2,8.3,5480,5589,12599,1050,1280,0,1,0,""
1094595,DATA,254.3,2.1,5572,5595,10800,1050,1280,0,1,0,""
1095095,DATA,255.5,0.0,5344,5402,11400,1050,1280,0,1,0,""
1095443,EVENT,256.5,2.1,5362,5370,10806,1050,1280,0,1,0,"PUMP 1055"
1095595,DATA,256.5,0.0,5352,5362,10200,1050,1280,0,1,0,""
1096095,DATA,257.8,2.1,6905,6409,10799,1052,1280,0,1,0,""
1096595,DATA,259.0,2.1,9464,8917,12000,1054,1280,0,1,0,""
1097095,DATA,260.0,0.0,7510,8189,9600,1055,1280,0,1,0,""
1097595,DATA,261.5,4.2,5635,5971,13199,1055,1280,0,1,0,""
1098095,DATA,262.8,4.2,5792,5733,12601,1055,1280,0,1,0,""
1098595,DATA,264.3,2.1,6192,6237,9000,1055,1280,0,1,0,""
1099095,DATA,266.3,4.2,8214,7647,10200,1055,1280,0,1,0,""
1099595,DATA,268.8,4.2,6895,7430,4799,1055,1280,0,1,0,""
1100095,DATA,270.3,2.1,5398,5648,7800,1055,1280,0,1,0,""
1100595,DATA,272.3,2.1,7280,6615,11399,1055,1280,0,1,0,""
1101095,DATA,273.7,4.2,6598,6937,6600,1055,1280,0,1,0,""
1101595,DATA,275.3,4.2,5371,5599,9601,1055,1280,0,1,0,""
1102095,DATA,277.0,6.2,5156,5193,9600,1055,1280,0,1,0,""
1102595,DATA,278.2,4.2,6517,6219,8400,1055,1280,0,1,0,""
1103095,DATA,280.0,4.2,5476,5676,9000,1055,1280,0,1,0,""
1103595,DATA,281.3,2.1,5219,5260,14399,1055,1280,0,1,0,""
1104095,DATA,282.3,2.1,6921,6633,9600,1055,1280,0,1,0,""
1104595,DATA,283.8,4.2,5649,5887,8999,1055,1280,0,1,0,""
1105095,DATA,285.0,4.2,5194,5286,7801,1055,1280,0,1,0,""
1105595,DATA,286.2,4.2,5111,5159,7200,1055,1280,0,1,0,""
1106095,DATA,288.0,4.2,5242,5143,11400,1055,1280,0,1,0,""
1106595,DATA,289.8,2.1,7408,7090,12002,1055,1280,0,1,0,""
1107095,DATA,291.0,4.2,7337,7562,7800,1055,1280,0,1,0,""
1107595,DATA,291.8,0.0,5595,5914,6000,1055,1280,0,1,0,""
1108095,DATA,293.5,4.2,5500,5485,12601,1055,1280,0,1,0,""
1108595,DATA,294.8,4.2,5295,5368,7200,1055,1280,0,1,0,""
1109095,DATA,296.0,4.2,5172,5209,3000,1055,1280,0,1,0,""
1109595,DATA,296.7,0.0,6395,5914,10801,1055,1280,0,1,0,""
1110095,DATA,297.8,2.1,8534,7915,9602,1055,1285,0,1,0,""
1110595,DATA,299.0,6.2,7134,7655,9600,1055,1296,0,1,0,""
1111095,DATA,300.3,4.2,6432,6391,16801,1055,1300,0,1,0,""
1111595,DATA,301.2,6.2,6732,6951,11400,1055,1300,0,1,0,""
1112095,DATA,302.3,2.1,7507,7363,6600,1055,1300,0,1,0,""
1112595,DATA,303.0,2.1,6000,6281,9000,1055,1300,0,1,0,""
1113095,DATA,304.0,2.1,6086,6093,7199,1055,1300,0,1,0,""
1113595,DATA,305.0,2.1,5847,5811,11398,1055,1300,0,1,0,""
1114095,DATA,306.0,0.0,6435,6249,10799,1055,1300,0,1,0,""
1114595,DATA,307.2,4.2,5939,6022,8400,1055,1300,0,1,0,""
1115095,DATA,308.3,2.1,5867,5996,6600,1055,1300,0,1,0,""
1115595,DATA,309.2,0.0,5548,5604,5400,1055,1300,0,1,0,""
1116095,DATA,310.5,4.2,5508,5516,6600,1055,1300,0,1,0,""
1116595,DATA,311.2,2.1,6472,6061,10199,1055,1300,0,1,0,""
1117095,DATA,312.5,6.2,6649,6705,7799,1055,1300,0,1,0,""
1117595,DATA,313.3,0.0,5792,5957,7800,1055,1300,0,1,0,""
1118095,DATA,314.3,2.1,5552,5597,9000,1055,1300,0,1,0,""
1118595,DATA,315.5,4.2,5612,5658,5400,1055,1300,0,1,0,""
1119095,DATA,316.3,2.1,5507,5524,6000,1055,1300,0,1,0,""
1119595,DATA,317.0,0.0,5496,5498,6600,1055,1300,0,1,0,""
1120095,DATA,317.7,0.0,5514,5509,5400,1055,1300,0,1,0,""
1120595,DATA,318.8,4.2,5512,5513,5400,1055,1300,0,1,0,""
1121095,DATA,319.5,2.1,5500,5503,6000,1055,1300,0,1,0,""
1121595,DATA,320.3,0.0,5498,5500,5401,1055,1300,0,1,0,""
1122095,DATA,321.5,4.2,5485,5486,6000,1055,1300,0,1,0,""
1122595,DATA,322.3,4.2,5497,5491,9600,1055,1300,0,1,0,""
1123095,DATA,323.0,2.1,5808,5694,9000,1055,1300,0,1,0,""
1123386,EVENT,323.5,2.1,6377,6084,13654,1055,1300,0,1,0,"PUMP 1060"
1123595,DATA,324.3,4.2,7360,6884,9002,1055,1300,0,1,0,""
1124095,DATA,325.0,0.0,8182,7797,14398,1057,1300,0,1,0,""
1124595,DATA,326.0,2.1,11410,10774,8999,1060,1300,0,1,0,""
1125095,DATA,327.0,4.2,9082,9721,9001,1060,1300,0,1,0,""
1125595,DATA,327.8,-2.1,6472,7033,8401,1060,1300,0,1,0,""
1126095,DATA,328.8,0.0,6695,6444,10800,1060,1300,0,1,0,""
1126595,DATA,330.0,2.1,6110,6219,11399,1060,1300,0,1,0,""
1127095,DATA,331.0,4.2,8804,8161,14399,1060,1300,0,1,0,""
1127595,DATA,332.2,4.2,7017,7539,12000,1060,1300,0,1,0,""
1128095,DATA,333.5,0.0,5697,5944,9000,1060,1300,0,1,0,""
1128595,DATA,334.5,6.2,5957,5814,12601,1060,1300,0,1,0,""
1129095,DATA,335.8,2.1,5762,5882,8399,1060,1300,0,1,0,""
1129595,DATA,336.8,4.2,5460,5508,7800,1060,1300,0,1,0,""
1130095,DATA,337.3,2.1,5577,5614,18000,1060,1300,0,1,0,""
1130595,DATA,338.5,-2.1,5825,5749,10800,1060,1300,0,1,0,""
1131095,DATA,340.5,6.2,7159,6649,11400,1060,1300,0,1,0,""
1131595,DATA,341.5,4.2,8524,8504,9601,1060,1300,0,1,0,""
1132095,DATA,342.3,2.1,6256,6719,8399,1060,1300,0,1,0,""
1132595,DATA,343.8,4.2,7018,6644,13201,1060,1300,0,1,0,""
1133095,DATA,345.0,8.3,6197,6424,12001,1060,1300,0,1,0,""
1133595,DATA,346.0,2.1,5567,5710,9600,1060,1300,0,1,0,""
1134095,DATA,347.5,6.2,6338,6174,9599,1060,1300,0,1,0,""
1134595,DATA,348.0,2.1,6105,6153,5403,1060,1300,0,1,0,""
1135095,DATA,349.0,-2.1,5968,5902,12007,1060,1300,0,1,0,""
1135595,DATA,350.5,0.0,7136,6692,13207,1060,1300,0,1,0,""
1136095,DATA,351.5,4.2,7141,7277,6603,1060,1300,0,1,0,""
1136595,DATA,352.8,2.1,7873,7593,8405,1060,1300,0,1,0,""
1137095,DATA,353.8,4.2,7083,7447,10206,1060,1300,0,1,0,""
1137595,DATA,355.2,4.2,6081,6250,9005,1060,1300,0,1,0,""
1138095,DATA,356.5,4.2,6905,6482,10205,1060,1300,0,1,0,""
1138595,DATA,357.2,2.1,6240,6545,9004,1060,1300,0,1,0,""
1139095,DATA,358.8,4.2,6072,5937,13810,1060,1300,0,1,0,""
1139595,DATA,360.3,6.2,7416,7386,22215,1060,1300,0,1,0,""
1140095,DATA,361.2,4.2,5860,6155,10805,1060,1300,0,1,0,""
1140385,EVENT,362.0,2.1,5640,5750,6000,1060,1300,0,1,0,"PUMP 1065"
1140595,DATA,362.8,6.2,5476,5577,9606,1060,1300,0,1,0,""
1141095,DATA,363.7,2.1,5705,5604,13208,1062,1300,0,1,0,""
1141595,DATA,365.0,2.1,5496,5552,9606,1065,1300,0,1,0,""
1142095,DATA,366.3,6.2,7508,6790,15009,1065,1300,0,1,0,""
1142595,DATA,367.3,2.1,8498,8663,7804,1065,1300,0,1,0,""
1143095,DATA,368.0,2.1,6327,6611,12606,1065,1300,0,1,0,""
1143595,DATA,370.3,8.3,5587,5764,7204,1065,1300,0,1,0,""
1144095,DATA,371.0,4.2,5491,5557,10805,1065,1300,0,1,0,""
1144595,DATA,372.3,0.0,7005,6532,21612,1065,1300,0,1,0,""
1145095,DATA,373.7,6.2,6579,6737,14408,1065,1300,0,1,0,""
1145595,DATA,375.0,4.2,7162,6931,14407,1065,1300,0,1,0,""
1146095,DATA,376.2,6.2,7259,7573,6604,1065,1300,0,1,0,""
1146595,DATA,377.0,4.2,5677,5967,9607,1065,1300,0,1,0,""
1147095,DATA,378.8,4.2,5407,5462,9605,1065,1300,0,1,0,""
1147595,DATA,379.8,2.1,6229,5989,10805,1065,1300,0,1,0,""
1148095,DATA,381.0,-2.1,5837,5941,12006,1065,1300,0,1,0,""
1148595,DATA,382.3,0.0,6731,6483,12606,1065,1300,0,1,0,""
1149095,DATA,383.8,0.0,5865,6088,10206,1065,1300,0,1,0,""
1149595,DATA,385.0,2.1,5683,5755,7203,1065,1300,0,1,0,""
1150095,DATA,386.8,4.2,5399,5486,10806,1065,1300,0,1,0,""
1150595,DATA,387.8,2.1,5768,5587,10805,1065,1300,0,1,0,""
1151095,DATA,389.0,0.0,6759,6591,16808,1065,1300,0,1,0,""
1151595,DATA,390.7,4.2,5816,6059,5403,1065,1300,0,1,0,""
1152095,DATA,391.8,2.1,5423,5492,6604,1065,1300,0,1,0,""
1152595,DATA,392.7,4.2,5368,5395,5403,1065,1300,0,1,0,""
1153095,DATA,394.5,4.2,5620,5515,7204,1065,1300,0,1,0,""
1153595,DATA,395.8,2.1,5337,5397,7204,1065,1300,0,1,0,""
1154095,DATA,397.3,2.1,5312,5318,7804,1065,1300,0,1,0,""
1154345,EVENT,397.8,2.1,5304,5307,6599,1065,1300,0,1,0,"STARTER 1320"
1154595,DATA,398.5,0.0,5220,5267,2778,1065,1307,0,1,0,""
1155095,DATA,399.8,4.2,5052,5128,6000,1065,1317,0,1,0,""
1155595,DATA,401.0,2.1,5503,5420,6000,1065,1320,0,1,0,""
1156095,DATA,402.0,0.0,5669,5634,5400,1065,1320,0,1,0,""
1156595,DATA,403.0,0.0,5736,5722,5400,1065,1320,0,1,0,""
1157095,DATA,403.8,2.1,5756,5752,5400,1065,1320,0,1,0,""
1157595,DATA,404.3,2.1,5755,5756,6000,1065,1320,0,1,0,""
1158095,DATA,405.0,2.1,5709,5719,6000,1065,1320,0,1,0,""
1158595,DATA,405.7,0.0,5693,5695,5400,1065,1320,0,1,0,""
1159095,DATA,406.5,0.0,5725,5718,6000,1065,1320,0,1,0,""
1159595,DATA,407.8,0.0,5722,5724,6000,1065,1320,0,1,0,""
1160095,DATA,409.0,2.1,5715,5716,6000,1065,1320,0,1,0,""
1160595,DATA,410.0,0.0,5729,5728,6001,1065,1320,0,1,0,""
1161095,DATA,411.5,4.2,5726,5726,6001,1065,1320,0,1,0,""
1161595,DATA,412.8,4.2,5735,5733,6000,1065,1320,0,1,0,""
1162095,DATA,413.7,4.2,5728,5729,6000,1065,1320,0,1,0,""
1162595,DATA,414.5,0.0,5715,5717,6000,1065,1320,0,1,0,""
1163095,DATA,415.8,0.0,5709,5712,5999,1065,1320,0,1,0,""
1163595,DATA,417.3,4.2,5721,5715,6001,1065,1320,0,1,0,""
1164095,DATA,418.0,0.0,5756,5749,5400,1065,1320,0,1,0,""
1164595,DATA,418.7,0.0,5782,5775,5401,1065,1320,0,1,0,""
1165095,DATA,419.5,0.0,5799,5794,6001,1065,1320,0,1,0,""
1165595,DATA,420.5,2.1,5776,5785,6000,1065,1320,0,1,0,""
1166095,DATA,421.5,4.2,5732,5744,5999,1065,1320,0,1,0,""
1166595,DATA,422.5,4.2,5703,5708,6000,1065,1320,0,1,0,""
1167095,DATA,423.0,0.0,5688,5692,6001,1065,1320,0,1,0,""
1167595,DATA,424.0,2.1,5703,5701,6000,1065,1320,0,1,0,""
1167695,EVENT,424.3,2.1,5704,5702,5400,1065,1320,0,1,0,"STARTER 1340"
1168095,DATA,425.0,2.1,5490,5607,3500,1065,1331,0,1,0,""
1168595,DATA,425.5,0.0,5484,5410,6000,1065,1339,0,1,0,""
1169095,DATA,426.5,2.1,5862,5793,6000,1065,1340,0,1,0,""
1169595,DATA,427.0,2.1,5935,5917,6000,1065,1340,0,1,0,""
1170095,DATA,427.5,2.1,5977,5969,6000,1065,1340,0,1,0,""
1170595,DATA,428.0,0.0,5969,5970,6000,1065,1340,0,1,0,""
1171095,DATA,428.8,2.1,5990,5985,6600,1065,1340,0,1,0,""
1171595,DATA,429.3,2.1,5955,5963,5401,1065,1340,0,1,0,""
1172095,DATA,429.5,0.0,5965,5962,6000,1065,1340,0,1,0,""
1172595,DATA,430.2,2.1,5961,5959,6000,1065,1340,0,1,0,""
1173095,DATA,430.7,2.1,6019,6004,6001,1065,1340,0,1,0,""
1173595,DATA,430.7,0.0,6081,6067,6000,1065,1340,0,1,0,""
1174095,DATA,431.2,2.1,6131,6118,7793,1065,1340,0,1,0,""
1174595,DATA,431.5,0.0,6289,6285,10200,1065,1340,0,1,0,""
1175095,DATA,431.8,0.0,6967,6799,10799,1065,1340,0,1,0,""
1175595,DATA,432.3,0.0,6750,6750,10801,1065,1340,0,1,0,""
1176095,DATA,432.8,0.0,6403,6475,9600,1065,1340,0,1,0,""
1176595,DATA,433.0,0.0,6736,6552,13200,1065,1340,0,1,0,""
1177095,DATA,433.0,0.0,6419,6532,13200,1065,1340,0,1,0,""
1177595,DATA,433.3,0.0,7276,7112,10200,1065,1340,0,1,0,""
1178095,DATA,433.8,0.0,7592,7527,10800,1065,1340,0,1,0,""
1178595,DATA,434.7,2.1,7037,7190,10199,1065,1340,0,1,0,""
1179095,DATA,435.5,2.1,7728,7611,13802,1065,1340,0,1,0,""
1179595,DATA,436.0,0.0,6742,6999,11401,1065,1340,0,1,0,""
1180095,DATA,436.3,0.0,6709,6723,13799,1065,1340,0,1,0,""
1180595,DATA,436.5,0.0,7102,7056,17400,1065,1340,0,1,0,""
1181095,DATA,436.8,0.0,7817,7849,17400,1065,1340,0,1,0,""
1181595,DATA,437.0,0.0,6854,6989,10199,1065,1340,0,1,0,""
1182095,DATA,437.0,-2.1,8072,7717,9595,1065,1340,0,1,0,""
1182595,DATA,437.5,2.1,6780,7090,9500,1065,1340,0,1,0,""
1183095,DATA,438.0,0.0,6845,6748,9499,1065,1340,0,1,0,""
1183595,DATA,438.3,2.0,7265,7032,12469,1065,1340,0,1,0,""
1184095,DATA,438.5,2.1,7039,7287,10686,1065,1340,0,1,0,""
1184595,DATA,438.5,0.0,7331,7170,13064,1065,1340,0,1,0,""
1185095,DATA,438.7,0.0,8794,8572,12468,1065,1340,0,1,0,""
1185595,DATA,439.0,0.0,8366,8296,16030,1065,1340,0,1,0,""
1186095,DATA,439.2,2.1,7537,7745,13062,1065,1340,0,1,0,""
1186493,EVENT,439.2,-2.1,6996,7125,17402,1065,1340,0,1,0,"STARTER 1360"
1186595,DATA,439.7,4.0,7199,7158,16624,1065,1343,0,1,0,""
1187095,DATA,440.0,1.9,6831,7033,14400,1065,1355,0,1,0,""
1187595,DATA,440.0,0.0,6516,6585,9001,1065,1360,0,1,0,""
1188095,DATA,440.3,2.1,6671,6705,6599,1065,1360,0,1,0,""
1188595,DATA,440.3,0.0,6522,6580,19198,1065,1360,0,1,0,""
1189095,DATA,440.0,0.0,6770,6715,9599,1065,1360,0,1,0,""
1189595,DATA,440.0,2.1,7509,7297,10799,1065,1360,0,1,0,""
1190095,DATA,440.5,0.0,7347,7309,14998,1065,1360,0,1,0,""
1190595,DATA,440.8,0.0,8511,8330,10799,1065,1360,0,1,0,""
1191095,DATA,441.0,2.1,7218,7448,19200,1065,1360,0,1,0,""
1191595,DATA,441.3,0.0,6936,7003,7800,1065,1360,0,1,0,""
1192095,DATA,441.3,0.0,7189,7057,5400,1065,1360,0,1,0,""
1192595,DATA,441.0,0.0,8202,8033,6600,1065,1360,0,1,0,""
1192723,EVENT,440.8,-2.1,8096,8061,8999,1065,1360,0,1,0,"PUMP 1070"
1193095,DATA,441.0,0.0,8386,8221,13799,1066,1360,0,1,0,""
1193595,DATA,441.5,2.1,8141,8210,7200,1068,1360,0,1,0,""
1194095,DATA,441.8,0.0,7954,7878,9600,1070,1360,0,1,0,""
1194595,DATA,441.8,0.0,6797,6995,7799,1070,1360,0,1,0,""
1195095,DATA,441.8,0.0,6499,6579,11998,1070,1360,0,1,0,""
1195595,DATA,442.0,0.0,7613,7349,8999,1070,1360,0,1,0,""
1196095,DATA,442.0,-2.0,7128,7391,7800,1070,1360,0,1,0,""
1196595,DATA,442.0,0.0,8206,7857,10800,1070,1360,0,1,0,""
1197095,DATA,442.5,2.1,7513,7677,8999,1070,1360,0,1,0,""
1197595,DATA,443.2,2.1,7144,7163,16200,1070,1360,0,1,0,""
1198095,DATA,443.7,0.0,7138,7164,10799,1070,1360,0,1,0,""
1198595,DATA,444.5,2.1,6999,7052,12599,1070,1360,0,1,0,""
1199095,DATA,444.3,-2.0,7225,7127,10800,1070,1360,0,1,0,""
1199595,DATA,444.5,0.0,7224,7183,9600,1070,1360,0,1,0,""
1200095,DATA,445.0,2.1,7235,7218,12598,1070,1360,0,1,0,""
1200595,DATA,445.5,0.0,6812,6888,8400,1070,1360,0,1,0,""
1201095,DATA,446.0,2.1,6681,6876,1800,1070,1360,0,1,0,""
1201595,DATA,446.5,2.1,6738,6703,6000,1070,1360,0,1,0,""
1202095,DATA,447.0,2.0,6517,6483,9596,1070,1360,0,1,0,""
1202595,DATA,447.5,2.1,6899,6835,8311,1070,1360,0,1,0,""
1203095,DATA,448.0,0.0,7192,6989,14844,1070,1360,0,1,0,""
1203595,DATA,448.0,0.0,7950,7913,15436,1070,1360,0,1,0,""
1204095,DATA,448.3,0.0,8310,8152,16626,1070,1360,0,1,0,""
1204595,DATA,448.8,0.0,7960,8008,8311,1070,1360,0,1,0,""
1204996,EVENT,449.0,0.0,7016,7260,13800,1070,1360,0,1,0,"PUMP 1075"
1205095,DATA,449.3,2.0,6910,7102,16031,1070,1360,0,1,0,""
1205595,DATA,449.3,0.0,7701,7380,13060,1072,1360,0,1,0,""
1206095,DATA,450.0,2.1,7791,8001,16623,1074,1360,0,1,0,""
1206595,DATA,450.5,0.0,7778,7885,23748,1075,1360,0,1,0,""
1207095,DATA,451.2,2.1,8052,7899,11874,1075,1360,0,1,0,""
1207595,DATA,452.0,2.1,7938,7999,11875,1075,1360,0,1,0,""
1208095,DATA,452.2,0.0,6634,6954,2968,1075,1360,0,1,0,""
1208595,DATA,452.2,0.0,6296,6283,7125,1075,1360,0,1,0,""
1208962,EVENT,452.5,2.1,6161,6196,7800,1075,1360,0,1,0,"PUMP 1080"
1209095,DATA,452.2,-2.1,6050,6103,5344,1075,1360,0,1,0,""
1209595,DATA,452.8,2.1,6454,6385,6531,1077,1360,0,1,0,""
1210095,DATA,453.3,2.1,7213,7112,8312,1079,1360,0,1,0,""
1210595,DATA,453.8,2.1,6282,6338,9499,1080,1360,0,1,0,""
1211095,DATA,454.0,0.0,6790,6733,8312,1080,1360,0,1,0,""
1211595,DATA,454.5,2.1,6325,6341,8906,1080,1360,0,1,0,""
1212095,DATA,454.8,0.0,6287,6231,9500,1080,1360,0,1,0,""
1212595,DATA,454.8,0.0,6170,6179,9499,1080,1360,0,1,0,""
1213095,DATA,455.2,2.1,7019,6942,8905,1080,1360,0,1,0,""
1213595,DATA,455.2,2.1,6406,6587,5937,1080,1360,0,1,0,""
1214095,DATA,455.0,0.0,6482,6420,5343,1080,1360,0,1,0,""
1214595,DATA,455.2,0.0,6323,6338,7718,1080,1360,0,1,0,""
1215095,DATA,455.5,0.0,7189,6768,11281,1080,1360,0,1,0,""
1215595,DATA,456.2,2.1,6920,7051,1187,1080,1360,0,1,0,""
1216095,DATA,456.8,0.0,6790,6775,8312,1080,1360,0,1,0,""
1216595,DATA,457.3,2.1,6596,6705,7125,1080,1360,0,1,0,""
1217095,DATA,457.5,0.0,6387,6394,6531,1080,1360,0,1,0,""
1217595,DATA,458.0,2.1,6220,6167,5937,1080,1360,0,1,0,""
1218095,DATA,458.0,0.0,6305,6222,8313,1080,1360,0,1,0,""
1218595,DATA,458.5,0.0,6677,6509,8907,1080,1360,0,1,0,""
1219095,DATA,458.3,0.0,6518,6564,5937,1080,1360,0,1,0,""
1219595,DATA,458.5,0.0,6345,6355,8906,1080,1360,0,1,0,""
1220095,DATA,459.2,2.0,6266,6317,6530,1080,1360,0,1,0,""
1220595,DATA,459.7,0.0,5867,5890,7718,1080,1360,0,1,0,""
1221095,DATA,459.7,0.0,6467,6462,8312,1080,1360,0,1,0,""
1221461,EVENT,460.0,2.1,6689,6551,17402,1080,1360,0,1,0,"STARTER 1380"
1221595,DATA,459.7,-2.1,7178,6833,13798,1080,1364,0,1,0,""
1222095,DATA,459.7,0.0,6966,7036,6601,1080,1375,0,1,0,""
1222595,DATA,460.0,-2.1,6818,6750,9000,1080,1380,0,1,0,""
1223095,DATA,460.2,0.0,6898,6887,10800,1080,1380,0,1,0,""
1223198,EVENT,460.2,0.0,6823,6858,9599,1080,1380,0,1,1,"VALVE2 ON"
1223595,DATA,460.2,0.0,6621,6708,9001,1080,1380,0,1,1,""
1224095,DATA,460.0,0.0,7723,7489,9600,1080,1380,0,1,1,""
1224595,DATA,460.0,0.0,7124,7261,10201,1080,1380,0,1,1,""
1224994,EVENT,460.2,0.0,7106,7161,9000,1080,1380,0,1,1,"STARTER 1400"
1225095,DATA,460.2,0.0,6870,7030,11400,1080,1383,0,1,1,""
1225440,EVENT,460.2,-2.1,6238,6551,4500,1080,1392,0,1,1,"STARTER 1420"
1225595,DATA,460.2,0.0,6495,6526,7998,1080,1397,0,1,1,""
1225648,EVENT,460.2,0.0,6698,6604,1494,1080,1399,0,1,1,"STARTER 1440"
1226115,DATA,460.0,-2.1,7006,6765,1500,1080,1423,0,1,1,""
1226117,EVENT,460.0,-2.1,7006,6765,1500,1080,1423,0,1,1,"STARTER 1460"
1226476,EVENT,460.0,0.0,7222,7012,1500,1080,1440,0,1,1,"STARTER 1480"
1226596,EVENT,459.7,-2.1,7592,7273,1500,1080,1445,0,1,1,"STARTER 1500"
1226635,DATA,459.7,-2.1,7592,7273,1500,1080,1446,0,1,1,""
1226716,EVENT,459.7,0.0,7663,7449,3180,1080,1453,0,1,1,"STARTER 1520"
1226956,EVENT,459.5,-1.7,6911,7200,2000,1080,1473,0,1,1,"STARTER 1540"
1227155,DATA,458.8,-3.2,7462,7318,1500,1080,1490,0,1,1,""
1227675,DATA,457.8,0.0,7180,7599,1500,1080,1526,0,1,1,""
1228175,DATA,456.0,-4.2,9357,8985,13308,1080,1540,0,1,1,""
1228675,DATA,453.8,-6.2,8663,8746,15000,1080,1540,0,1,1,""
1229090,EVENT,451.7,-2.1,8837,8802,16798,1080,1540,0,1,1,"PUMP 1085"
1229175,DATA,451.7,-2.1,8930,8860,15600,1080,1540,0,1,1,""
1229195,EVENT,451.7,-2.1,8930,8860,15600,1080,1540,0,1,1,"PUMP 1090"
1229325,EVENT,450.5,-4.2,9006,8953,13902,1080,1540,0,1,1,"PUMP 1095"
1229443,EVENT,450.0,-4.2,9249,9086,13799,1080,1540,0,1,1,"PUMP 1100"
1229572,EVENT,449.5,-4.2,9395,9225,16800,1080,1540,0,1,1,"PUMP 1105"
1229675,DATA,449.3,-2.1,9354,9283,14399,1080,1540,0,1,1,""
1229821,EVENT,448.5,-6.2,9362,9313,11402,1082,1540,0,1,1,"PUMP 1110"
1230175,DATA,446.7,-6.2,9114,9191,14398,1086,1540,0,1,1,""
1230675,DATA,444.8,-4.2,9086,9087,15486,1099,1540,0,1,1,""
1231175,DATA,442.7,-6.2,9227,8759,12694,1109,1540,0,1,1,""
1231675,DATA,440.5,-2.1,9936,9859,10800,1110,1540,0,1,1,""
1232175,DATA,438.0,-8.3,9675,9748,15602,1110,1540,0,1,1,""
1232675,DATA,435.2,-6.2,9199,9335,9000,1110,1540,0,1,1,""
1233175,DATA,433.3,-2.1,9519,9398,9600,1110,1540,0,1,1,""
1233675,DATA,430.7,-6.2,8852,8922,10200,1110,1540,0,1,1,""
1234175,DATA,428.8,-6.2,9129,9108,6000,1110,1540,0,1,1,""
1234675,DATA,426.2,-6.2,9317,9258,12001,1110,1540,0,1,1,""
1234830,EVENT,426.0,-2.1,9365,9327,12001,1110,1540,0,1,1,"PUMP 1105"
1234948,EVENT,425.3,-6.2,9385,9353,14399,1110,1540,0,1,1,"PUMP 1100"
1235094,EVENT,424.0,-6.2,9409,9378,11398,1110,1540,0,1,1,"PUMP 1095"
1235175,DATA,424.0,-6.2,9430,9401,10202,1110,1540,0,1,1,""
1235333,EVENT,423.0,-2.1,9630,9514,13802,1109,1540,0,1,1,"PUMP 1090"
1235675,DATA,421.7,-4.2,9791,9701,15000,1106,1540,0,1,1,""
1235829,EVENT,420.3,-6.2,10278,10068,12601,1104,1540,0,1,1,"PUMP 1085"
1236175,DATA,419.0,-2.1,10454,10318,13800,1101,1540,0,1,1,""
1236426,EVENT,417.5,-6.2,10256,10276,16202,1097,1540,0,1,1,"PUMP 1080"
1236675,DATA,416.3,-6.2,9950,10099,9601,1096,1540,0,1,1,""
1237175,DATA,414.2,-2.1,9762,9792,9601,1089,1540,0,1,1,""
1237675,DATA,411.8,-6.2,9710,9692,21601,1081,1540,0,1,1,""
1238175,DATA,409.7,-4.2,9888,9784,22799,1080,1540,0,1,1,""
1238675,DATA,407.3,-6.2,10027,10029,13201,1080,1540,0,1,1,""
1239175,DATA,404.8,-4.2,10072,9945,15000,1080,1540,0,1,1,""
1239675,DATA,402.8,-4.2,9897,9957,12600,1080,1540,0,1,1,""
1239838,EVENT,402.0,-6.2,9795,9859,12601,1080,1540,0,1,1,"STARTER 1520"
1240045,EVENT,401.2,-4.2,9734,9781,11317,1080,1534,0,1,1,"STARTER 1500"
1240195,DATA,400.5,-5.0,9610,9704,6496,1080,1528,0,1,1,""
1240715,DATA,398.5,-4.2,8456,8548,1500,1080,1508,0,1,1,""
1241215,DATA,396.7,-4.2,8205,8624,12599,1080,1500,0,1,1,""
1241715,DATA,395.0,-4.2,8422,8262,11999,1080,1500,0,1,1,""
1241959,EVENT,394.5,-2.1,9189,8894,15600,1080,1500,0,1,0,"VALVE2 OFF"
1242215,DATA,393.8,-4.2,9308,9170,13202,1080,1500,0,1,0,""
1242715,DATA,392.5,-2.1,9246,9243,14400,1080,1500,0,1,0,""
1243215,DATA,391.0,-4.2,8897,8978,16800,1080,1500,0,1,0,""
1243715,DATA,389.5,-2.1,9671,9451,16200,1080,1500,0,1,0,""
1244215,DATA,388.5,-2.1,10502,10260,16799,1080,1500,0,1,0,""
1244715,DATA,387.3,-4.2,10397,10484,16801,1080,1500,0,1,0,""
1245215,DATA,386.0,-2.1,9503,9687,13800,1080,1500,0,1,0,""
1245715,DATA,384.5,-4.2,9216,9258,15000,1080,1500,0,1,0,""
1246142,EVENT,383.5,0.0,8924,9003,15602,1080,1500,0,1,0,"STARTER 1480"
1246215,DATA,383.5,0.0,8982,8993,13798,1080,1498,0,1,0,""
1246436,EVENT,382.8,-2.1,8640,8818,4499,1080,1492,0,1,0,"STARTER 1460"
1246676,EVENT,382.0,-4.2,7407,8010,1500,1080,1482,0,1,0,"STARTER 1440"
1246715,DATA,382.0,-4.2,7407,8010,1500,1080,1481,0,1,0,""
1246876,EVENT,381.3,-3.8,7819,7924,2499,1080,1471,0,1,0,"STARTER 1420"
1247235,DATA,380.8,-2.1,8353,8306,1500,1080,1448,0,1,0,""
1247755,DATA,379.8,-2.1,7729,7705,2000,1080,1425,0,1,0,""
1248255,DATA,378.8,-2.1,7650,7446,15000,1080,1420,0,1,0,""
1248755,DATA,378.0,-2.1,7886,7779,15601,1080,1420,0,1,0,""
1249255,DATA,377.5,-2.1,9226,9052,12598,1080,1420,0,1,0,""
1249755,DATA,377.0,-2.1,6804,7429,11999,1080,1420,0,1,0,""
1250017,EVENT,377.0,2.1,6704,6928,9001,1080,1420,0,1,0,"STARTER 1400"
1250255,DATA,376.8,0.0,6685,6756,5361,1080,1413,0,1,0,""
1250755,DATA,376.5,0.0,6888,6948,10801,1080,1403,0,1,0,""
1251255,DATA,375.8,0.0,7269,7111,7800,1080,1400,0,1,0,""
1251751,EVENT,375.3,0.0,6664,6899,4200,1080,1400,0,1,0,"PUMP 1085"
1251755,DATA,375.3,0.0,6664,6899,4200,1080,1400,0,1,0,""
1251983,EVENT,375.0,0.0,6643,6671,6601,1080,1400,0,1,0,"PUMP 1090"
1252255,DATA,374.8,0.0,6438,6540,4800,1081,1400,0,1,0,""
1252755,DATA,374.3,0.0,6934,6780,8999,1085,1400,0,1,0,""
1253255,DATA,373.7,0.0,6075,6354,7800,1089,1400,0,1,0,""
1253567,EVENT,373.3,-2.1,6127,6141,9599,1090,1400,0,1,0,"PUMP 1095"
1253755,DATA,373.3,0.0,6754,6465,12000,1090,1400,0,1,0,""
1254255,DATA,372.5,-2.1,6476,6608,8401,1092,1400,0,1,0,""
1254755,DATA,371.7,-2.1,6725,6720,10201,1094,1400,0,1,0,""
1255255,DATA,371.0,-2.1,6847,6785,5400,1095,1400,0,1,0,""
1255755,DATA,370.3,-2.1,6399,6440,6600,1095,1400,0,1,0,""
1256255,DATA,369.5,-2.1,6057,6268,4200,1095,1400,0,1,0,""
1256755,DATA,368.8,-2.1,6893,6752,9600,1095,1400,0,1,0,""
1257192,EVENT,368.0,-2.1,6686,6811,11401,1095,1400,0,1,0,"PUMP 1090"
1257255,DATA,368.0,-2.1,6686,6811,11401,1095,1400,0,1,0,""
1257324,EVENT,367.7,-2.1,6442,6645,7799,1095,1400,0,1,0,"PUMP 1085"
1257490,EVENT,367.7,0.0,6960,6813,7801,1095,1400,0,1,0,"PUMP 1080"
1257636,EVENT,367.3,-2.1,6894,6849,6000,1095,1400,0,1,0,"PUMP 1075"
1257755,DATA,367.3,0.0,6684,6775,8400,1095,1400,0,1,0,""
1258004,EVENT,366.8,0.0,6144,6417,10201,1092,1400,0,1,0,"PUMP 1070"
1258255,DATA,366.3,-2.1,5835,6013,11400,1090,1400,0,1,0,""
1258408,EVENT,365.7,-4.2,6189,6070,10800,1088,1400,0,1,0,"PUMP 1065"
1258755,DATA,365.3,-2.1,6739,6640,7799,1085,1400,0,1,0,""
1259255,DATA,364.3,-2.1,6553,6718,6600,1074,1400,0,1,0,""
1259755,DATA,363.5,-2.1,6384,6578,8400,1066,1400,0,1,0,""
1260255,DATA,362.8,-2.1,6332,6462,7200,1065,1400,0,1,0,""
1260619,EVENT,362.3,-2.1,6695,6640,4200,1065,1400,0,1,0,"STARTER 1420"
1260755,DATA,362.0,0.0,6414,6539,3600,1065,1404,0,1,0,""
1261255,DATA,361.2,0.0,6952,6845,6000,1065,1415,0,1,0,""
1261755,DATA,360.8,-2.1,7428,7235,5400,1065,1420,0,1,0,""
1262255,DATA,360.3,-2.1,7100,7093,6601,1065,1420,0,1,0,""
1262755,DATA,359.5,-2.1,7222,7017,9000,1065,1420,0,1,0,""
1263255,DATA,358.8,-2.1,6996,6997,7201,1065,1420,0,1,0,""
1263755,DATA,358.0,-2.1,6830,6917,7799,1065,1420,0,1,0,""
1264255,DATA,357.0,-2.1,6429,6402,12599,1065,1420,0,1,0,""
1264755,DATA,356.3,-2.1,6460,6509,6600,1065,1420,0,1,0,""
1265255,DATA,355.8,-2.1,6018,6205,7200,1065,1420,0,1,0,""
1265755,DATA,355.0,-2.1,6056,6062,6000,1065,1420,0,1,0,""
1266255,DATA,354.3,-2.1,6728,6672,6000,1065,1420,0,1,0,""
1266755,DATA,353.8,-2.1,7587,7456,7201,1065,1420,0,1,0,""
1267255,DATA,353.2,-2.1,7757,7722,9599,1065,1420,0,1,0,""
1267755,DATA,353.0,0.0,7036,7155,10800,1065,1420,0,1,0,""
1268255,DATA,352.5,0.0,8081,7796,12602,1065,1420,0,1,0,""
1268755,DATA,352.0,0.0,7587,7868,6600,1065,1420,0,1,0,""
1269255,DATA,351.2,-2.1,7196,7277,10200,1065,1420,0,1,0,""
1269699,EVENT,350.8,0.0,7311,7373,10201,1065,1420,0,1,0,"STARTER 1400"
1269755,DATA,350.8,0.0,7311,7373,10201,1065,1418,0,1,0,""
1269836,EVENT,350.5,-2.1,7545,7450,16196,1065,1416,0,1,0,"STARTER 1380"
1269948,EVENT,350.5,0.0,8033,7712,7144,1065,1412,0,1,0,"STARTER 1360"
1270255,DATA,350.3,0.0,8244,8097,1500,1065,1392,0,1,0,""
1270576,EVENT,350.0,0.0,7222,7474,2000,1065,1374,0,1,0,"STARTER 1340"
1270775,DATA,349.8,-2.1,6813,7089,1500,1065,1366,0,1,0,""
1271295,DATA,349.3,-2.1,6182,6450,1500,1065,1347,0,1,0,""
1271795,DATA,349.3,0.0,5169,5368,11399,1065,1340,0,1,0,""
1272295,DATA,349.3,0.0,6647,6257,13800,1065,1340,0,1,0,""
1272638,EVENT,349.5,0.0,7489,7241,10800,1065,1340,0,1,0,"PUMP 1070"
1272795,DATA,349.5,0.0,7853,7611,9000,1065,1340,0,1,0,""
1273295,DATA,349.8,0.0,6756,7160,5999,1067,1340,0,1,0,""
1273795,DATA,350.3,2.1,6274,6318,7801,1069,1340,0,1,0,""
1274295,DATA,350.5,2.1,6639,6491,8400,1070,1340,0,1,0,""
1274795,DATA,350.8,0.0,6812,6763,7201,1070,1340,0,1,0,""
1275295,DATA,351.0,0.0,6553,6534,9000,1070,1340,0,1,0,""
1275795,DATA,351.0,0.0,6353,6397,13799,1070,1340,0,1,0,""
1276295,DATA,351.2,0.0,6289,6296,7199,1070,1340,0,1,0,""
1276795,DATA,351.2,0.0,6393,6361,7201,1070,1340,0,1,0,""
1277295,DATA,351.5,2.1,6347,6353,8400,1070,1340,0,1,0,""
1277795,DATA,351.5,0.0,6562,6438,12601,1070,1340,0,1,0,""
1278295,DATA,351.5,0.0,6643,6731,7200,1070,1340,0,1,0,""
1278795,DATA,351.5,-2.1,6373,6418,7800,1070,1340,0,1,0,""
1279295,DATA,351.8,0.0,6333,6342,8398,1070,1340,0,1,0,""
1279795,DATA,351.5,-2.1,6369,6366,7200,1070,1340,0,1,0,""
1279876,EVENT,351.5,0.0,6564,6455,10799,1070,1340,0,1,0,"PUMP 1075"
1280295,DATA,351.5,0.0,6444,6477,7800,1071,1340,0,1,0,""
1280795,DATA,351.5,0.0,6326,6346,9000,1073,1340,0,1,0,""
1281126,EVENT,351.5,0.0,6305,6315,9000,1075,1340,0,1,0,"PUMP 1069"
1281295,DATA,351.5,0.0,6290,6299,7801,1075,1340,0,1,0,""
1281795,DATA,351.8,0.0,6282,6285,9000,1072,1340,0,1,0,""
1282295,DATA,351.8,0.0,6483,6490,8400,1070,1340,0,1,0,""
1282795,DATA,351.8,0.0,6312,6348,7800,1069,1340,0,1,0,""
1283249,EVENT,352.0,0.0,6425,6362,13201,1069,1340,0,1,0,"STARTER 1360"
1283295,DATA,352.0,0.0,6764,6543,12598,1069,1342,0,1,0,""
1283795,DATA,352.3,0.0,6593,6645,4838,1069,1354,0,1,0,""
1284295,DATA,352.3,0.0,6136,6142,8999,1069,1360,0,1,0,""
1284795,DATA,352.0,-2.1,6478,6414,6601,1069,1360,0,1,0,""
1285295,DATA,352.0,0.0,6577,6557,6600,1069,1360,0,1,0,""
1285795,DATA,351.8,0.0,6596,6593,6600,1069,1360,0,1,0,""
1286295,DATA,351.8,0.0,6603,6601,7200,1069,1360,0,1,0,""
1286795,DATA,351.8,0.0,6606,6605,6600,1069,1360,0,1,0,""
1287295,DATA,351.5,0.0,6599,6602,6600,1069,1360,0,1,0,""
1287795,DATA,351.2,0.0,6594,6595,6600,1069,1360,0,1,0,""
1288295,DATA,351.2,0.0,6605,6603,6600,1069,1360,0,1,0,""
1288795,DATA,351.2,0.0,6605,6605,6601,1069,1360,0,1,0,""
1289295,DATA,351.0,0.0,6612,6610,6601,1069,1360,0,1,0,""
1289795,DATA,351.0,0.0,6618,6617,7800,1069,1360,0,1,0,""
1290295,DATA,350.8,-2.1,6609,6611,6601,1069,1360,0,1,0,""
1290795,DATA,350.8,0.0,6615,6613,9000,1069,1360,0,1,0,""
1291295,DATA,350.8,0.0,6610,6612,7200,1069,1360,0,1,0,""
1291795,DATA,350.8,0.0,6614,6613,7200,1069,1360,0,1,0,""
1292295,DATA,350.5,0.0,6746,6704,7199,1069,1360,0,1,0,""
1292795,DATA,350.3,-2.1,6700,6694,9000,1069,1360,0,1,0,""
1293295,DATA,350.5,2.1,6795,6767,9600,1069,1360,0,1,0,""
1293795,DATA,350.3,0.0,7058,6989,8400,1069,1360,0,1,0,""
1294295,DATA,349.8,0.0,6950,6975,9001,1069,1360,0,1,0,""
1294795,DATA,349.3,-2.1,7022,6981,19798,1069,1360,0,1,0,""
1295295,DATA,349.0,0.0,7117,7113,20398,1069,1360,0,1,0,""
1295795,DATA,348.5,-2.1,8021,7677,13199,1069,1360,0,1,0,""
1296295,DATA,348.5,0.0,8449,8262,6601,1069,1360,0,1,0,""
1296795,DATA,348.0,0.0,7315,7547,7201,1069,1360,0,1,0,""
1297295,DATA,348.0,0.0,6950,7013,10800,1069,1360,0,1,0,""
1297795,DATA,347.5,-2.1,6958,6984,7799,1069,1360,0,1,0,""
1298295,DATA,347.3,0.0,6902,6909,6601,1069,1360,0,1,0,""
1298795,DATA,347.0,-2.1,7138,7089,14400,1069,1360,0,1,0,""
1299295,DATA,347.0,0.0,7358,7370,9000,1069,1360,0,1,0,""
1299795,DATA,346.7,-2.1,7392,7303,8399,1069,1360,0,1,0,""
1300295,DATA,346.7,0.0,6891,7021,7800,1069,1360,0,1,0,""
1300795,DATA,346.5,0.0,7012,7040,7801,1069,1360,0,1,0,""
1301295,DATA,346.3,0.0,7603,7536,8400,1069,1360,0,1,0,""
1301795,DATA,346.0,0.0,6759,7064,8400,1069,1360,0,1,0,""
1302295,DATA,345.8,0.0,6266,6323,6600,1069,1360,0,1,0,""
1302795,DATA,345.5,0.0,6169,6239,2400,1069,1360,0,1,0,""
1303295,DATA,345.3,0.0,6428,6382,5401,1069,1360,0,1,0,""
1303795,DATA,345.3,0.0,6049,6065,7200,1069,1360,0,1,0,""
1304295,DATA,345.5,2.1,5797,5961,6600,1069,1360,0,1,0,""
1304795,DATA,345.5,0.0,5636,5720,7800,1069,1360,0,1,0,""
1305295,DATA,345.5,0.0,6434,6141,7801,1069,1360,0,1,0,""
1305441,EVENT,345.3,-2.1,6878,6589,9001,1069,1360,0,1,1,"VALVE2 ON"
1305795,DATA,345.3,0.0,6712,6705,6600,1069,1360,0,1,1,""
1306295,DATA,345.3,0.0,6171,6327, 0,1069,1360,0,1,1,""
1306407,EVENT,345.0,-2.1,6314,6321,600,1069,1360,0,0,1,"VALVE1 OFF"
1306795,DATA,345.0,0.0,6313,6279,6000,1069,1360,0,0,1,""
1307295,DATA,345.0,0.0,6001,5972,5400,1069,1360,0,0,1,""
1307795,DATA,344.7,-2.1,6042,6098,3000,1069,1360,0,0,1,""
1307863,EVENT,344.7,-2.1,5761,5946,3600,1069,1360,0,0,1,"PUMP 1074"
1308295,DATA,344.7,0.0,5806,5895,7200,1070,1360,0,0,1,""
1308795,DATA,344.7,0.0,5844,5932,3600,1072,1360,0,0,1,""
1309295,DATA,344.7,0.0,6206,6072,4200,1074,1360,0,0,1,""
1309369,EVENT,344.5,-2.1,6207,6133,7200,1074,1360,0,0,1,"PUMP 1079"
1309795,DATA,344.3,-2.1,6156,6190,7800,1075,1360,0,0,1,""
1310295,DATA,344.0,2.1,6176,6250,8400,1077,1360,0,0,1,""
1310299,EVENT,343.5,-4.2,6176,6250,8400,1077,1360,0,0,1,"PUMP 1084"
1310795,DATA,342.5,-2.1,5872,5914,2400,1079,1360,0,0,1,""
1311295,DATA,341.0,-2.1,6265,6186,4200,1082,1360,0,0,1,""
1311795,DATA,339.3,-2.1,6214,6121,4200,1084,1360,0,0,1,""
1312295,DATA,337.0,-4.2,6288,6243,6599,1084,1360,0,0,1,""
1312795,DATA,334.8,-4.2,6813,6622,6000,1084,1360,0,0,1,""
1313295,DATA,331.8,-6.2,6044,6123,7200,1084,1360,0,0,1,""
1313306,EVENT,331.3,-4.2,6044,6123,7200,1084,1360,1,0,1,"IGN ON"
1313795,DATA,327.5,-8.3,6123,6141,3600,1084,1360,1,0,1,""
1314295,DATA,325.0,-2.1,6292,6348,4800,1084,1360,1,0,1,""
1314795,DATA,322.8,-4.2,6253,6346,4200,1084,1360,1,0,1,""
1315295,DATA,321.0,-4.2,6274,6189,5999,1084,1360,1,0,1,""
1315795,DATA,319.0,-4.2,6314,6341,5999,1084,1360,1,0,1,""
1316295,DATA,317.0,-6.2,6168,6304,4201,1084,1360,1,0,1,""
1316402,EVENT,316.5,-4.2,6313,6308,7799,1084,1360,1,1,1,"VALVE1 ON"
1316795,DATA,314.5,-6.2,6232,6261,4200,1084,1360,1,1,1,""
1317295,DATA,313.0,0.0,6251,6180,6000,1084,1360,1,1,1,""
1317717,EVENT,313.5,0.0,6536,6473,7200,1084,1360,0,1,1,"IGN OFF"
1317795,DATA,313.7,2.1,6631,6545,5400,1084,1360,0,1,1,""
1318295,DATA,315.0,2.1,6608,6624,7200,1084,1360,0,1,1,""
1318795,DATA,317.7,6.2,6481,6493,7801,1084,1360,0,1,1,""
1319295,DATA,320.5,4.2,6460,6481,9000,1084,1360,0,1,1,""
1319795,DATA,323.7,8.3,6760,6791,4200,1084,1360,0,1,1,""
1320295,DATA,327.0,6.2,5947,6177,6603,1084,1360,0,1,1,""
1320622,EVENT,328.2,6.2,6447,6273,6532,1084,1360,0,1,1,"PUMP 1089"
1320795,DATA,329.3,2.1,6613,6426,6002,1084,1360,0,1,1,""
1321295,DATA,331.3,4.2,5972,6205,3002,1086,1360,0,1,1,""
1321795,DATA,332.2,0.0,6936,6577,5404,1088,1360,0,1,1,""
1322295,DATA,332.8,0.0,6567,6650,3602,1089,1360,0,1,1,""
1322795,DATA,333.3,2.1,6501,6466,8404,1089,1360,0,1,1,""
1323295,DATA,333.8,0.0,6063,6312,9005,1089,1360,0,1,1,""
1323795,DATA,334.0,0.0,6313,6279,6604,1089,1360,0,1,1,""
1324295,DATA,334.5,0.0,6605,6454,6003,1089,1360,0,1,1,""
1324338,EVENT,334.5,0.0,6539,6492,7200,1089,1360,0,1,1,"PUMP 1094"
1324795,DATA,335.3,2.1,6425,6419,4803,1090,1360,0,1,1,""
1325295,DATA,336.0,2.1,6035,6155,4203,1093,1360,0,1,1,""
1325795,DATA,337.3,4.2,5976,5829,6604,1094,1360,0,1,1,""
1326295,DATA,338.3,2.1,5656,5809,4803,1094,1360,0,1,1,""
1326795,DATA,338.7,2.1,6205,6097,5403,1094,1360,0,1,1,""
1327005,EVENT,339.0,2.1,6295,6218,5400,1094,1360,0,1,1,"PUMP 1099"
1327295,DATA,339.8,2.1,6651,6536,4201,1094,1360,0,1,1,""
1327795,DATA,340.5,2.1,6468,6484,6004,1097,1360,0,1,1,""
1328295,DATA,341.0,0.0,5444,5738,6604,1099,1360,0,1,1,""
1328795,DATA,341.8,2.1,6143,6007,5404,1099,1360,0,1,1,""
1328908,EVENT,341.8,0.0,6161,6076,6599,1099,1360,0,1,1,"STARTER 1380"
1329315,DATA,342.3,2.1,6080,6119,2779,1099,1371,0,1,1,""
1329815,DATA,342.3,0.0,6642,6515,3600,1099,1379,0,1,1,""
1330315,DATA,342.5,0.0,6409,6539,6001,1099,1380,0,1,1,""
1330815,DATA,343.0,0.0,6448,6302,4800,1099,1380,0,1,1,""
1331315,DATA,343.5,0.0,6391,6316,2400,1099,1380,0,1,1,""
1331815,DATA,344.0,0.0,6864,6745,7800,1099,1380,0,1,1,""
1332315,DATA,344.5,2.1,6537,6605,8400,1099,1380,0,1,1,""
1332815,DATA,345.0,0.0,5935,6214,7801,1099,1380,0,1,1,""
1333069,EVENT,345.3,0.0,5555,5795,6000,1099,1380,0,1,1,"STARTER 1400"
1333315,DATA,345.5,0.0,6188,6094,2383,1099,1387,0,1,1,""
1333815,DATA,345.8,0.0,6567,6501,4801,1099,1397,0,1,1,""
1334315,DATA,346.0,2.1,6392,6356,4200,1099,1400,0,1,1,""
1334693,EVENT,346.3,0.0,6653,6627,7799,1099,1400,0,1,1,"PUMP 1094"
1334815,DATA,346.3,0.0,6483,6563,4800,1099,1400,0,1,1,""
1335315,DATA,346.5,-2.1,7178,6934,6001,1097,1400,0,1,1,""
1335815,DATA,347.0,0.0,6500,6725,11399,1095,1400,0,1,1,""
1336315,DATA,347.5,2.1,6138,6093,7199,1094,1400,0,1,1,""
1336815,DATA,347.8,0.0,6112,6169,6000,1094,1400,0,1,1,""
1337315,DATA,348.0,0.0,6354,6472,4800,1094,1400,0,1,1,""
1337815,DATA,348.3,2.1,5921,6101,7200,1094,1400,0,1,1,""
1337816,EVENT,348.3,2.1,5921,6101,7200,1094,1400,0,1,1,"STARTER 1420"
1338315,DATA,348.5,0.0,6490,6384,2418,1094,1413,0,1,1,""
1338815,DATA,348.7,0.0,6753,6790,10199,1094,1420,0,1,1,""
1339315,DATA,349.3,0.0,7034,6866,6600,1094,1420,0,1,1,""
1339455,EVENT,349.3,0.0,6950,6964,9601,1094,1420,0,1,1,"STARTER 1440"
1339815,DATA,349.3,0.0,7102,7066,3000,1094,1430,0,1,1,""
1340315,DATA,349.0,-2.1,7347,7387,6000,1094,1438,0,1,1,""
1340815,DATA,349.0,0.0,6280,6630,7200,1094,1440,0,1,1,""
1341210,EVENT,349.3,0.0,7259,7201,6599,1094,1440,0,1,1,"STARTER 1460"
1341315,DATA,349.3,0.0,6864,7050,10200,1094,1443,0,1,1,""
1341815,DATA,349.3,2.1,7560,7563,6046,1094,1455,0,1,1,""
1342315,DATA,349.3,0.0,7358,7611,600,1094,1460,0,1,1,""
1342815,DATA,349.3,0.0,7494,7270,12600,1094,1460,0,1,1,""
1343315,DATA,349.0,-2.1,9076,8882,21602,1094,1460,0,1,1,""
1343815,DATA,348.7,-2.1,9109,9027,16192,1094,1460,0,1,1,""
1344315,DATA,348.5,0.0,8999,8946,27313,1094,1460,0,1,1,""
1344815,DATA,348.0,-2.1,9944,9693,19595,1094,1460,0,1,1,""
1345315,DATA,347.3,-4.2,9476,9569,16624,1094,1460,0,1,1,""
1345815,DATA,346.7,0.0,8998,9111,10093,1094,1460,0,1,1,""
1346315,DATA,346.3,0.0,9370,9375,11874,1094,1460,0,1,1,""
1346815,DATA,345.5,-2.1,8731,8913,14843,1094,1460,0,1,1,""
1347202,EVENT,345.0,-2.1,8883,8779,16803,1094,1460,0,1,1,"PUMP 1099"
1347315,DATA,344.7,-2.0,9348,9035,14247,1094,1460,0,1,1,""
1347688,EVENT,344.5,0.0,9178,9283,9000,1095,1460,0,1,1,"PUMP 1104"
1347815,DATA,344.3,-2.1,9051,9179,10685,1095,1460,0,1,1,""
1348315,DATA,343.5,0.0,8826,8871,10687,1098,1460,0,1,1,""
1348815,DATA,342.7,-2.1,8748,8762,8905,1103,1460,0,1,1,""
1349315,DATA,342.3,-2.1,9410,9100,17218,1104,1460,0,1,1,""
1349815,DATA,341.8,-2.1,9092,9223,13062,1104,1460,0,1,1,""
1350315,DATA,341.0,-2.0,8836,8881,9499,1104,1460,0,1,1,""
1350815,DATA,340.3,-2.1,8861,8871,8905,1104,1460,0,1,1,""
1351315,DATA,339.3,0.0,8797,8808,11282,1104,1460,0,1,1,""
1351815,DATA,338.3,-2.1,8804,8807,11279,1104,1460,0,1,1,""
1352315,DATA,337.5,0.0,8786,8790,8907,1104,1460,0,1,1,""
1352815,DATA,336.5,-4.2,8766,8771,10688,1104,1460,0,1,1,""
1353315,DATA,335.5,-2.0,9254,9038,11875,1104,1460,0,1,1,""
1353815,DATA,334.8,-2.1,8926,9011,11281,1104,1460,0,1,1,""
1353841,EVENT,334.8,0.0,8868,8946,9006,1104,1460,0,1,1,"PUMP 1099"
1354069,EVENT,334.2,-4.2,8801,8852,10802,1104,1460,0,1,1,"PUMP 1094"
1354315,DATA,333.8,-2.1,8794,8811,12470,1103,1460,0,1,1,""
1354815,DATA,333.3,2.1,8773,8778,10092,1099,1460,0,1,1,""
1355315,DATA,332.5,0.0,8801,8813,11874,1095,1460,0,1,1,""
1355815,DATA,331.8,0.0,8752,8761,11280,1094,1460,0,1,1,""
1356315,DATA,330.8,-4.0,8895,8878,10093,1094,1460,0,1,1,""
1356815,DATA,330.5,0.0,8874,8868,8312,1094,1460,0,1,1,""
1357315,DATA,329.5,-2.1,8781,8798,11281,1094,1460,0,1,1,""
1357815,DATA,328.8,-2.1,8756,8759,11875,1094,1460,0,1,1,""
1358315,DATA,328.0,-2.1,8747,8748,11281,1094,1460,0,1,1,""
1358815,DATA,326.8,-4.2,8749,8747,9499,1094,1460,0,1,1,""
1359315,DATA,326.2,-2.0,9030,9028,9499,1094,1460,0,1,1,""
1359815,DATA,325.3,-2.1,8808,8849,9499,1094,1460,0,1,1,""
1360315,DATA,324.5,-4.2,8748,8760,10093,1094,1460,0,1,1,""
1360815,DATA,323.5,-2.1,8925,8931,14250,1094,1460,0,1,1,""
1361315,DATA,322.5,-2.1,8802,8828,9501,1094,1460,0,1,1,""
1361815,DATA,321.7,0.0,8943,8957,10687,1094,1460,0,1,1,""
1362054,EVENT,321.3,0.0,8842,8876,8401,1094,1460,0,1,1,"STARTER 1440"
1362163,EVENT,321.0,-2.1,9034,8947,11997,1094,1457,0,1,1,"STARTER 1420"
1362335,DATA,321.0,0.0,9095,9014,7189,1094,1449,0,1,1,""
1362376,EVENT,321.0,0.0,9095,9014,7189,1094,1447,0,1,1,"STARTER 1400"
1362496,EVENT,320.5,-3.4,8895,8960,1645,1094,1441,0,1,1,"STARTER 1380"
1362855,DATA,320.0,-1.9,7834,8089,1500,1094,1413,0,1,1,""
1363375,DATA,319.3,-1.9,7364,7449,3501,1094,1386,0,1,1,""
1363875,DATA,319.0,0.0,6903,6860,10799,1094,1380,0,1,1,""
1364375,DATA,318.5,-2.1,7357,7294,9000,1094,1380,0,1,1,""
1364875,DATA,318.5,0.0,8060,7779,9000,1094,1380,0,1,1,""
1365375,DATA,318.3,0.0,7625,7772,10800,1094,1380,0,1,1,""
1365454,EVENT,318.3,0.0,7625,7772,10800,1094,1380,0,0,1,"VALVE1 OFF"
1365875,DATA,318.3,0.0,8385,8279,9600,1094,1380,0,0,1,""
1366375,DATA,318.0,0.0,7443,7540,8400,1094,1380,0,0,1,""
1366875,DATA,318.0,0.0,7740,7596,8400,1094,1380,0,0,1,""
1367375,DATA,318.0,0.0,7169,7315,10199,1094,1380,0,0,1,""
1367875,DATA,318.3,2.1,8089,7992,8399,1094,1380,0,0,1,""
1368375,DATA,318.3,0.0,8113,8129,10200,1094,1380,0,0,1,""
1368570,EVENT,318.3,-2.1,7766,7928,9601,1094,1380,0,0,1,"STARTER 1360"
1368895,DATA,318.3,0.0,7405,7627,3862,1094,1371,0,0,1,""
1369121,EVENT,318.3,0.0,6838,7002,7201,1094,1366,0,0,1,"STARTER 1340"
1369415,DATA,318.3,0.0,6598,6706,2272,1094,1356,0,0,1,""
1369736,EVENT,318.0,0.0,6051,6276,1500,1094,1347,0,0,1,"STARTER 1320"
1369935,DATA,317.5,-1.9,5701,6018,3000,1094,1340,0,0,1,""
1370455,DATA,316.8,-1.9,5178,5259,1500,1094,1325,0,0,1,""
1370955,DATA,315.7,-2.1,5412,5231,14399,1094,1320,0,0,1,""
1371455,DATA,314.5,-4.2,6400,6324,7201,1094,1320,0,0,1,""
1371955,DATA,313.3,-2.1,6789,6582,13800,1094,1320,0,0,1,""
1372455,DATA,312.0,-4.2,7008,7193,15600,1094,1320,0,0,1,""
1372955,DATA,310.3,-4.2,6287,6407,7800,1094,1320,0,0,1,""
1373455,DATA,308.5,-6.0,6436,6359,17999,1094,1320,0,0,1,""
1373489,EVENT,308.5,-6.0,6436,6359,17999,1094,1320,0,0,1,"STARTER 1300"
1373955,DATA,306.3,-5.7,5551,5821,6047,1094,1308,0,0,1,""
1374170,EVENT,305.2,-2.1,5542,5608,9000,1094,1304,0,0,1,"STARTER 1280"
1374455,DATA,304.0,-3.8,5502,5566,2000,1094,1295,0,0,1,""
1374955,DATA,301.5,-6.2,4907,5005,7259,1094,1283,0,0,1,""
1375027,EVENT,301.5,-6.2,4907,5005,7259,1094,1282,0,0,1,"STARTER 1260"
1375475,DATA,299.3,-1.9,4760,4772,1500,1094,1270,0,0,1,""
1375975,DATA,297.0,-2.1,4874,4782,9600,1094,1261,0,0,1,""
1376206,EVENT,295.5,-6.2,5201,5023,13801,1094,1260,0,0,1,"STARTER 1280"
1376495,DATA,294.8,-3.3,5467,5441,3180,1094,1268,0,0,1,""
1376995,DATA,292.3,-6.2,4886,4977,11398,1094,1278,0,0,1,""
1377495,DATA,290.5,0.0,5342,5257,9600,1094,1280,0,0,1,""
1377995,DATA,288.3,-2.1,7680,6948,10801,1094,1280,0,0,1,""
1378495,DATA,286.2,-4.2,7662,7870,8999,1094,1280,0,0,1,""
1378995,DATA,283.5,-2.1,6293,6384,8999,1094,1280,0,0,1,""
1379495,DATA,280.8,-6.0,6976,6811,10200,1094,1280,0,0,1,""
1379995,DATA,278.8,-6.2,6863,7080,9600,1094,1280,0,0,1,""
1380495,DATA,276.5,-6.2,6305,6445,7196,1094,1280,0,0,1,""
1380995,DATA,274.5,-4.2,6585,6385,12467,1094,1280,0,0,1,""
1381495,DATA,272.5,-2.1,7405,7039,21372,1094,1280,0,0,1,""
1381995,DATA,269.5,-4.2,8672,8561,11281,1094,1280,0,0,1,""
1382495,DATA,267.3,-2.0,8072,8204,11280,1094,1280,0,0,1,""
1382995,DATA,265.3,-2.1,6038,6474,5938,1094,1280,0,0,1,""
1383495,DATA,262.8,-2.1,6088,5957,7123,1094,1280,0,0,1,""
1383995,DATA,260.5,-4.2,6215,6097,7125,1094,1280,0,0,1,""
1384081,EVENT,259.8,-6.2,6215,6097,7125,1000,1280,0,0,0,"PUMP OFF"
1384495,DATA,258.3,-2.1,5921,5905,10200,1000,1280,0,0,0,""
1384995,DATA,256.0,-2.1,7749,7386,7201,1000,1280,0,0,0,""
1385495,DATA,253.5,-4.0,6932,7006,5400,1000,1280,0,0,0,""
1385829,EVENT,252.0,-8.3,6204,6449,7200,1000,1280,0,0,0,"PUMP OFF"
1385995,DATA,251.0,-4.2,6259,6313,7202,1000,1280,0,0,0,""
1386495,DATA,248.7,-4.2,6118,6235,1800,1000,1280,0,0,0,""
1386995,DATA,246.7,-4.2,5146,5310,5400,1000,1280,0,0,0,""
1387267,EVENT,245.5,-4.2,5079,5135,6000,1000,1280,0,0,1,"VALVE2 ON"
1387495,DATA,244.5,-6.2,6672,6060,7800,1000,1280,0,0,1,""
1387995,DATA,242.5,-4.2,7877,7914,9599,1000,1280,0,0,1,""
1388495,DATA,240.0,-2.0,6109,6515,10199,1000,1280,0,0,1,""
1388995,DATA,238.0,-4.2,5235,5467,4199,1000,1280,0,0,1,""
1389495,DATA,235.5,-10.4,5162,5162,6600,1000,1280,0,0,1,""
1389868,EVENT,234.8,-2.1,4922,5028,6000,1000,1280,0,0,0,"VALVE2 OFF"
1389995,DATA,233.8,-8.3,4938,4961,5999,1000,1280,0,0,0,""
1390495,DATA,231.8,-6.2,4733,4775,4750,1000,1280,0,0,0,""
1390996,DATA,229.8,-4.2,4893,4895,3563,1000,1280,0,0,0,""
1391497,DATA,227.0,-6.0,4869,4891,3562,1000,1280,0,0,0,""
1391998,DATA,225.0,-6.2,5273,5037,8311,1000,1280,0,0,0,""
1392499,DATA,223.3,-2.1,5083,5168,3562,1000,1280,0,0,0,""
1393000,DATA,221.7,0.0,4743,4816,4156,1000,1280,0,0,0,""
1393501,DATA,219.5,-2.1,4820,4798,5938,1000,1280,0,0,0,""
1394002,DATA,217.5,-4.2,4824,4886,5344,1000,1280,0,0,0,""
1394503,DATA,215.7,2.0,4826,4830,10687,1000,1280,0,0,0,""
1395004,DATA,213.7,-4.2,4734,4749,7124,1000,1280,0,0,0,""
1395505,DATA,212.0,-2.1,5211,5119,5937,1000,1280,0,0,0,""
1396006,DATA,209.2,-10.4,4968,5088,9499,1000,1280,0,0,0,""
1396507,DATA,208.5,0.0,5059,5010,6531,1000,1280,0,0,0,""
1397008,DATA,206.3,-4.2,6254,6008,8312,1000,1280,0,0,0,""
1397509,DATA,204.5,-2.0,5611,5740,4156,1000,1280,0,0,0,""
1398010,DATA,203.0,0.0,5561,5619,8906,1000,1280,0,0,0,""
1398511,DATA,200.8,-4.2,7162,6723,8907,1000,1280,0,0,0,""
1399012,DATA,199.8,-2.1,6156,6482,5937,1000,1280,0,0,0,""
1399513,DATA,197.8,-6.2,5569,5655,7719,1000,1280,0,0,0,""
1399611,EVENT,197.5,-2.1,5569,5655,7719,1000,1280,0,0,0,"STARTER 1260"
1400015,DATA,196.5,0.0,4953,5150,2500,1000,1269,0,0,0,""
1400515,DATA,194.8,-4.2,4769,4789,8399,1000,1261,0,0,0,""
1401015,DATA,192.5,-6.2,4616,4568,5400,1000,1260,0,0,0,""
1401515,DATA,191.0,-4.2,5297,5055,7799,1000,1260,0,0,0,""
1402015,DATA,189.8,-6.2,6222,6095,3600,1000,1260,0,0,0,""
1402515,DATA,188.3,-2.1,4837,5088,5400,1000,1260,0,0,0,""
1403015,DATA,186.8,-2.1,5371,5356,4801,1000,1260,0,0,0,""
1403515,DATA,185.3,-2.1,4967,5103,4200,1000,1260,0,0,0,""
1404015,DATA,183.5,-2.1,5158,4961,4200,1000,1260,0,0,0,""
1404515,DATA,182.5,0.0,5549,5568,4200,1000,1260,0,0,0,""
1405015,DATA,181.3,-4.2,4944,5043,2400,1000,1260,0,0,0,""
1405515,DATA,179.8,-4.2,5000,4973,4800,1000,1260,0,0,0,""
1406015,DATA,178.5,-4.2,4976,4976,4200,1000,1260,0,0,0,""
1406515,DATA,177.0,-4.2,5939,5795,34196,1000,1260,0,0,0,""
1407015,DATA,175.5,-6.2,5793,5811,9000,1000,1260,0,0,0,""
1407515,DATA,174.0,-4.2,4861,5018,4800,1000,1260,0,0,0,""
1408015,DATA,172.8,-2.1,4529,4597,6001,1000,1260,0,0,0,""
1408515,DATA,171.5,-4.2,4785,4790,5401,1000,1260,0,0,0,""
1409015,DATA,170.5,-2.1,4885,4842,4800,1000,1260,0,0,0,""
1409515,DATA,169.0,-2.1,4823,4820,4800,1000,1260,0,0,0,""
1410015,DATA,167.8,-2.1,4817,4826,4800,1000,1260,0,0,0,""
1410515,DATA,166.5,0.0,4831,4885,4200,1000,1260,0,0,0,""
1411015,DATA,165.0,-4.2,4860,4827,5400,1000,1260,0,0,0,""
1411515,DATA,163.8,-4.2,5380,5370,6000,1000,1260,0,0,0,""
1412015,DATA,162.5,-4.2,5497,5344,8999,1000,1260,0,0,0,""
1412515,DATA,161.8,0.0,5587,5783,4801,1000,1260,0,0,0,""
1413015,DATA,160.3,-2.1,4781,4944,4800,1000,1260,0,0,0,""
1413515,DATA,158.8,-4.2,4800,4725,7799,1000,1260,0,0,0,""
1414015,DATA,157.5,-4.2,4756,4828,5401,1000,1260,0,0,0,""
1414515,DATA,156.5,-2.1,4957,4909,7800,1000,1260,0,0,0,""
1415015,DATA,155.3,-4.2,5008,5018,4801,1000,1260,0,0,0,""
1415515,DATA,154.0,-4.2,4974,4970,6000,1000,1260,0,0,0,""
1416015,DATA,153.0,-4.2,4957,5011,5400,1000,1260,0,0,0,""
1416515,DATA,152.3,0.0,5686,5439,5400,1000,1260,0,0,0,""
1417015,DATA,150.5,-2.1,4929,5086,3600,1000,1260,0,0,0,""
1417515,DATA,149.5,-4.2,4985,4982,6001,1000,1260,0,0,0,""
1418015,DATA,148.8,0.0,4975,4973,3000,1000,1260,0,0,0,""
1418515,DATA,147.5,-4.2,4773,4825,4201,1000,1260,0,0,0,""
1419015,DATA,146.5,-2.1,4805,4792,4800,1000,1260,0,0,0,""
1419515,DATA,145.3,-2.1,4838,4830,3600,1000,1260,0,0,0,""
1420015,DATA,144.3,-4.2,4920,4891,5400,1000,1260,0,0,0,""
1420515,DATA,143.3,0.0,4715,4785,3600,1000,1260,0,0,0,""
1421015,DATA,142.3,-2.1,4831,4795,4800,1000,1260,0,0,0,""
1421515,DATA,141.0,-4.2,4750,4792,6600,1000,1260,0,0,0,""
1422015,DATA,140.3,0.0,4825,4735,5400,1000,1260,0,0,0,""
1422515,DATA,139.3,-2.1,4693,4746,6000,1000,1260,0,0,0,""
1423015,DATA,138.3,0.0,4743,4807,6600,1000,1260,0,0,0,""
1423515,DATA,137.3,-2.1,4691,4744,3600,1000,1260,0,0,0,""
1424015,DATA,136.3,0.0,4728,4706,4800,1000,1260,0,0,0,""
1424515,DATA,135.0,-4.2,4553,4563,600,1000,1260,0,0,0,""
1425015,DATA,134.3,-2.1,5052,4993,8400,1000,1260,0,0,0,""
1425515,DATA,133.3,-4.2,5386,5229,10799,1000,1260,0,0,0,""
1426015,DATA,132.5,-2.1,6808,6501,10801,1000,1260,0,0,0,""
1426515,DATA,131.5,-4.2,6069,6255,7199,1000,1260,0,0,0,""
1427015,DATA,130.5,-2.1,5928,5861,6001,1000,1260,0,0,0,""
1427515,DATA,129.8,-4.2,5447,5489,6600,1000,1260,0,0,0,""
1428015,DATA,128.8,-2.1,4963,5034,5400,1000,1260,0,0,0,""
1428515,DATA,128.0,0.0,5179,5085,8400,1000,1260,0,0,0,""
1429015,DATA,127.2,0.0,5639,5478,8999,1000,1260,0,0,0,""
1429515,DATA,126.2,-2.1,5853,5765,7801,1000,1260,0,0,0,""
1430015,DATA,125.5,-2.1,5097,5270,9000,1000,1260,0,0,0,""
1430515,DATA,124.7,0.0,5443,5474,5400,1000,1260,0,0,0,""
1431015,DATA,123.5,-4.2,6118,5853,7800,1000,1260,0,0,0,""
1431515,DATA,123.0,0.0,5193,5301,2400,1000,1260,0,0,0,""
1432015,DATA,122.2,0.0,5560,5407,15599,1000,1260,0,0,0,""
1432515,DATA,121.0,-4.2,6403,6408,11400,1000,1260,0,0,0,""
1433015,DATA,120.3,-2.1,7778,7383,10801,1000,1260,0,0,0,""
1433515,DATA,119.5,-2.1,7023,7184,9000,1000,1260,0,0,0,""
1434015,DATA,118.7,-2.1,5749,6113,10801,1000,1260,0,0,0,""
1434515,DATA,118.0,-2.1,6448,6446,6600,1000,1260,0,0,0,""
1435015,DATA,117.5,0.0,5384,5553, 0,1000,1260,0,0,0,""
1435515,DATA,116.5,-2.1,5192,5231,9001,1000,1260,0,0,0,""
1436015,DATA,115.7,-2.1,4841,4889,1800,1000,1260,0,0,0,""
1436515,DATA,115.3,-2.1,5205,5135,5401,1000,1260,0,0,0,""
1437015,DATA,114.5,0.0,5423,5343,6600,1000,1260,0,0,0,""
1437515,DATA,113.7,-2.1,5367,5388,6600,1000,1260,0,0,0,""
1438015,DATA,113.3,2.1,5702,5712,9000,1000,1260,0,0,0,""
1438515,DATA,112.2,-2.1,5804,5705,9000,1000,1260,0,0,0,""
1439015,DATA,111.5,-2.1,6283,6136,6000,1000,1260,0,0,0,""
1439515,DATA,110.7,-2.1,6149,6117,3600,1000,1260,0,0,0,""
1440015,DATA,110.2,0.0,5505,5613,6601,1000,1260,0,0,0,""
1440515,DATA,109.5,-2.1,5139,5243,7800,1000,1260,0,0,0,""
1441015,DATA,108.8,-2.1,6435,5958,14401,1000,1260,0,0,0,""
1441515,DATA,108.2,0.0,5723,6001,6000,1000,1260,0,0,0,""
1442015,DATA,107.5,-2.1,5095,5232,5400,1000,1260,0,0,0,""
1442515,DATA,106.8,-4.2,5354,5278,10200,1000,1260,0,0,0,""
1443015,DATA,106.2,-2.1,5526,5545,6600,1000,1260,0,0,0,""
1443515,DATA,105.5,-2.1,5094,5100,2400,1000,1260,0,0,0,""
1444015,DATA,105.0,0.0,5192,5181,4800,1000,1260,0,0,0,""
1444515,DATA,104.2,-2.1,5573,5373,7199,1000,1260,0,0,0,""
1445015,DATA,103.5,-2.1,5501,5597,7799,1000,1260,0,0,0,""
1445515,DATA,102.8,0.0,5431,5371,8399,1000,1260,0,0,0,""
1446015,DATA,102.2,-2.1,5531,5435,7800,1000,1260,0,0,0,""
1446515,DATA,102.0,0.0,5264,5325,11400,1000,1260,0,0,0,""
1447015,DATA,101.5,0.0,5556,5382,7200,1000,1260,0,0,0,""
1447515,DATA,101.0,0.0,6325,6058,10800,1000,1260,0,0,0,""
1448015,DATA,100.2,0.0,5698,5889,9600,1000,1260,0,0,0,""
1448515,DATA,99.5,-2.1,5305,5376,9001,1000,1260,0,0,0,""
1449015,DATA,99.0,0.0,5274,5283,11999,1000,1260,0,0,0,""
1449515,DATA,98.5,-2.1,5302,5271,12601,1000,1260,0,0,0,""
1450015,DATA,97.5,-6.2,5253,5268,5400,1000,1260,0,0,0,""
1450515,DATA,97.3,-2.1,6006,5757,7800,1000,1260,0,0,0,""
1451015,DATA,96.7,-2.1,5970,5994,9600,1000,1260,0,0,0,""
1451515,DATA,96.5,0.0,5856,6020,12000,1000,1260,0,0,0,""
1452015,DATA,95.8,-2.1,6222,6278,7199,1000,1260,0,0,0,""
1452515,DATA,95.0,-4.2,7333,6998,6000,1000,1260,0,0,0,""
1453015,DATA,94.8,0.0,5774,6108,12600,1000,1260,0,0,0,""
1453515,DATA,94.2,0.0,5190,5315,8401,1000,1260,0,0,0,""
1454015,DATA,93.7,0.0,6575,6215,7799,1000,1260,0,0,0,""
1454515,DATA,93.0,-2.1,5793,5978,7200,1000,1260,0,0,0,""
1455015,DATA,92.7,0.0,5344,5414,7199,1000,1260,0,0,0,""
1455515,DATA,92.0,-2.1,5312,5298,10800,1000,1260,0,0,0,""
1456015,DATA,91.7,-2.1,5400,5387,9600,1000,1260,0,0,0,""
1456515,DATA,91.0,-2.1,5663,5544,7200,1000,1260,0,0,0,""
1457015,DATA,90.5,-2.1,5438,5469,7800,1000,1260,0,0,0,""
1457515,DATA,90.0,-4.2,6978,6501,8400,1000,1260,0,0,0,""
1458015,DATA,89.8,0.0,6068,6253,11401,1000,1260,0,0,0,""
1458515,DATA,89.2,0.0,5374,5485,8401,1000,1260,0,0,0,""
1459015,DATA,88.7,-2.1,5529,5576,7800,1000,1260,0,0,0,""
1459515,DATA,88.5,0.0,5289,5326,7800,1000,1260,0,0,0,""
1460015,DATA,88.0,0.0,5217,5234,8399,1000,1260,0,0,0,""
1460515,DATA,87.7,0.0,5241,5259,9000,1000,1260,0,0,0,""
1461015,DATA,87.0,-2.1,5882,5643,10799,1000,1260,0,0,0,""
1461515,DATA,86.5,-2.1,6927,6880,9001,1000,1260,0,0,0,""
1462015,DATA,86.2,0.0,7030,7045,9600,1000,1260,0,0,0,""
1462515,DATA,85.5,-4.2,6274,6634,9000,1000,1260,0,0,0,""
1463015,DATA,85.5,0.0,5369,5543,6601,1000,1260,0,0,0,""
1463515,DATA,85.0,0.0,5320,5341,6000,1000,1260,0,0,0,""
1464015,DATA,84.2,-2.1,5489,5476,7801,1000,1260,0,0,0,""
1464515,DATA,84.0,-2.1,5347,5382,7201,1000,1260,0,0,0,""
1465015,DATA,83.5,-2.1,5820,5720,8999,1000,1260,0,0,0,""
1465515,DATA,83.3,0.0,5339,5437,6600,1000,1260,0,0,0,""
1466015,DATA,82.7,-2.1,5644,5577,12001,1000,1260,0,0,0,""
1466515,DATA,82.5,0.0,6313,6103,8999,1000,1260,0,0,0,""
1467015,DATA,82.0,-2.1,5822,5957,12000,1000,1260,0,0,0,""
1467515,DATA,81.5,0.0,5862,6003,7801,1000,1260,0,0,0,""
1468015,DATA,81.2,-2.1,6860,6551,9000,1000,1260,0,0,0,""
1468515,DATA,80.8,0.0,6119,6246,8401,1000,1260,0,0,0,""
1469015,DATA,80.5,0.0,5564,5700,12000,1000,1260,0,0,0,""
1469515,DATA,80.0,-2.1,5410,5456,10799,1000,1260,0,0,0,""
1470015,DATA,79.7,0.0,5165,5210,10199,1000,1260,0,0,0,""
1470515,DATA,79.5,0.0,5179,5178,10200,1000,1260,0,0,0,""
1471015,DATA,79.0,-2.1,5030,5084,9599,1000,1260,0,0,0,""
1471515,DATA,78.7,-2.1,5213,5148,11401,1000,1260,0,0,0,""
1472015,DATA,78.3,-2.1,5420,5342,9000,1000,1260,0,0,0,""
1472515,DATA,78.0,0.0,5206,5264,9599,1000,1260,0,0,0,""
1473015,DATA,77.7,0.0,5140,5149,6000,1000,1260,0,0,0,""
1473515,DATA,77.2,0.0,5544,5408,7801,1000,1260,0,0,0,""
1474015,DATA,77.0,0.0,5557,5487,10200,1000,1260,0,0,0,""
1474515,DATA,76.7,0.0,5440,5526,7800,1000,1260,0,0,0,""
1475015,DATA,76.2,0.0,5295,5304,11399,1000,1260,0,0,0,""
1475515,DATA,76.0,0.0,5576,5496,9601,1000,1260,0,0,0,""
1476015,DATA,75.8,0.0,5433,5485,6600,1000,1260,0,0,0,""
1476515,DATA,75.2,-2.1,5452,5403,10201,1000,1260,0,0,0,""
1477015,DATA,74.7,-2.1,5411,5462,10199,1000,1260,0,0,0,""
1477515,DATA,74.5,0.0,5268,5346,9600,1000,1260,0,0,0,""
1478015,DATA,74.0,-2.1,5294,5264,10799,1000,1260,0,0,0,""
1478515,DATA,73.7,-2.1,5420,5481,9600,1000,1260,0,0,0,""
1479015,DATA,73.7,2.1,5389,5437,8400,1000,1260,0,0,0,""
1479515,DATA,73.3,-2.1,5622,5455,7800,1000,1260,0,0,0,""
1480015,DATA,73.0,0.0,6366,6174,8399,1000,1260,0,0,0,""
1480515,DATA,72.7,0.0,5490,5661,9000,1000,1260,0,0,0,""
1481015,DATA,72.5,0.0,5790,5672,8999,1000,1260,0,0,0,""
1481515,DATA,72.2,0.0,5467,5542,8999,1000,1260,0,0,0,""
1482015,DATA,71.7,0.0,5916,5800,13200,1000,1260,0,0,0,""
1482515,DATA,71.5,0.0,6024,6099,14400,1000,1260,0,0,0,""
1483015,DATA,71.2,0.0,5407,5601,7801,1000,1260,0,0,0,""
1483515,DATA,71.0,0.0,5463,5490,7200,1000,1260,0,0,0,""
1484015,DATA,70.8,-2.1,5364,5397,9600,1000,1260,0,0,0,""
1484515,DATA,70.5,0.0,5625,5520,7800,1000,1260,0,0,0,""
1485015,DATA,70.2,0.0,5401,5491,6001,1000,1260,0,0,0,""
1485515,DATA,70.0,0.0,5449,5469,7200,1000,1260,0,0,0,""
1486015,DATA,69.7,0.0,5000,5161,7200,1000,1260,0,0,0,""
1486515,DATA,69.2,-2.1,5181,5143,6000,1000,1260,0,0,0,""
1487015,DATA,69.2,0.0,5330,5391,6000,1000,1260,0,0,0,""
1487515,DATA,68.7,0.0,5153,5179,6600,1000,1260,0,0,0,""
1488015,DATA,68.5,-2.1,5588,5474,4800,1000,1260,0,0,0,""
1488515,DATA,68.3,-2.1,5183,5250,6600,1000,1260,0,0,0,""
1489015,DATA,68.0,-2.1,5510,5477,7200,1000,1260,0,0,0,""
1489515,DATA,67.7,0.0,5234,5306,12600,1000,1260,0,0,0,""
1490015,DATA,67.5,0.0,5470,5428,8401,1000,1260,0,0,0,""
1490515,DATA,67.2,-2.1,5562,5452,10200,1000,1260,0,0,0,""
1491015,DATA,67.0,0.0,5386,5532,7800,1000,1260,0,0,0,""
1491515,DATA,66.7,-2.1,5236,5281,9000,1000,1260,0,0,0,""
1492015,DATA,66.5,0.0,5332,5320,10799,1000,1260,0,0,0,""
1492515,DATA,66.2,0.0,5450,5497,8400,1000,1260,0,0,0,""
1493015,DATA,65.8,-2.1,5778,5599,6000,1000,1260,0,0,0,""
1493515,DATA,65.5,0.0,5310,5404,12000,1000,1260,0,0,0,""
1494015,DATA,65.2,0.0,5157,5198,7800,1000,1260,0,0,0,""
1494515,DATA,65.2,0.0,5123,5129,7800,1000,1260,0,0,0,""
1495015,DATA,65.0,0.0,5446,5370,9000,1000,1260,0,0,0,""
1495515,DATA,65.0,0.0,5183,5232,7201,1000,1260,0,0,0,""
1496015,DATA,64.7,0.0,5174,5174,10801,1000,1260,0,0,0,""
1496515,DATA,64.5,0.0,5533,5456,10799,1000,1260,0,0,0,""
1497015,DATA,64.2,0.0,5615,5511,8999,1000,1260,0,0,0,""
1497200,EVENT,64.2,0.0,5489,5516,11401,1000,1260,0,0,0,"STARTER OFF"
1497515,DATA,64.2,0.0,4364,4885,1500,1000,1155,0,0,0,""
1498035,DATA,63.0,-2.1,2948,3452,1500,1000,1031,0,0,0,""
1498535,DATA,64.2,0.0,1736,1962,1800,1000,1000,0,0,0,""
1499035,DATA,64.5,2.1,1341,1419, 0,1000,1000,0,0,0,""
1499535,DATA,64.7,2.1,1267,1282, 0,1000,1000,0,0,0,""
1500035,DATA,64.7,0.0,1257,1259, 0,1000,1000,0,0,0,""
1500535,DATA,65.0,0.0,243,434, 0,1000,1000,0,0,0,""
1501035,DATA,65.2,0.0, 0, 0, 0,1000,1000,0,0,0,""
1501535,DATA,65.2,0.0, 0, 0, 0,1000,1000,0,0,0,""
1502035,DATA,65.5,0.0, 0, 0, 0,1000,1000,0,0,0,""
1502535,DATA,65.5,0.0, 0, 0, 0,1000,1000,0,0,0,""
1503035,DATA,65.8,2.1, 0, 0, 0,1000,1000,0,0,0,""
1503535,DATA,65.8,0.0, 0, 0, 0,1000,1000,0,0,0,""
1504035,DATA,65.8,0.0, 0, 0, 0,1000,1000,0,0,0,""
1504535,DATA,65.8,0.0, 0, 0, 0,1000,1000,0,0,0,""
1505035,DATA,66.0,2.1, 0, 0, 0,1000,1000,0,0,0,""
1505535,DATA,66.0,0.0, 0, 0, 0,1000,1000,0,0,0,""
1506035,DATA,66.0,0.0, 0, 0, 0,1000,1000,0,0,0,""
1506535,DATA,66.0,0.0, 0, 0, 0,1000,1000,0,0,0,""
1507035,DATA,66.0,0.0, 0, 0, 0,1000,1000,0,0,0,""
1507535,DATA,66.0,-2.1, 0, 0, 0,1000,1000,0,0,0,""
1508035,DATA,66.2,0.0, 0, 0, 0,1000,1000,0,0,0,""
1508535,DATA,66.2,0.0, 0, 0, 0,1000,1000,0,0,0,""
1509035,DATA,66.2,0.0, 0, 0, 0,1000,1000,0,0,0,""
1509535,DATA,66.2,0.0, 0, 0, 0,1000,1000,0,0,0,""
1510035,DATA,66.2,0.0, 0, 0, 0,1000,1000,0,0,0,""
1510535,DATA,66.2,0.0, 0, 0, 0,1000,1000,0,0,0,""
1511035,DATA,66.2,0.0, 0, 0, 0,1000,1000,0,0,0,""
1511535,DATA,66.2,0.0, 0, 0, 0,1000,1000,0,0,0,""
1512035,DATA,66.2,0.0, 0, 0, 0,1000,1000,0,0,0,""
1512535,DATA,66.5,2.1, 0, 0, 0,1000,1000,0,0,0,""
1513035,DATA,66.2,0.0, 0, 0, 0,1000,1000,0,0,0,""
1513535,DATA,66.2,0.0, 0, 0, 0,1000,1000,0,0,0,""
1514035,DATA,66.2,0.0, 0, 0, 0,1000,1000,0,0,0,""
1514535,DATA,66.2,0.0, 0, 0, 0,1000,1000,0,0,0,""
1515035,DATA,66.2,0.0, 0, 0, 0,1000,1000,0,0,0,""
1515535,DATA,66.2,0.0, 0, 0, 0,1000,1000,0,0,0,""
1516035,DATA,66.2,0.0, 0, 0, 0,1000,1000,0,0,0,""
1516535,DATA,66.2,0.0, 0, 0, 0,1000,1000,0,0,0,""
1517035,DATA,66.2,0.0, 0, 0, 0,1000,1000,0,0,0,""
1517535,DATA,66.2,0.0, 0, 0, 0,1000,1000,0,0,0,""
1518035,DATA,66.2,0.0, 0, 0, 0,1000,1000,0,0,0,""
1518535,DATA,66.5,2.1, 0, 0, 0,1000,1000,0,0,0,""
1519035,DATA,66.2,0.0, 0, 0, 0,1000,1000,0,0,0,""
1519535,DATA,66.2,0.0, 0, 0, 0,1000,1000,0,0,0,""
1520035,DATA,66.2,0.0, 0, 0, 0,1000,1000,0,0,0,""
1520535,DATA,66.2,0.0, 0, 0, 0,1000,1000,0,0,0,""
1521035,DATA,66.2,0.0, 0, 0, 0,1000,1000,0,0,0,""
1521535,DATA,66.2,0.0, 0, 0, 0,1000,1000,0,0,0,""
1522035,DATA,66.0,-2.1, 0, 0, 0,1000,1000,0,0,0,""
1522535,DATA,66.0,0.0, 0, 0, 0,1000,1000,0,0,0,""
1523035,DATA,66.0,0.0, 0, 0, 0,1000,1000,0,0,0,""
1523535,DATA,66.0,0.0, 0, 0, 0,1000,1000,0,0,0,""
1524035,DATA,66.0,0.0, 0, 0, 0,1000,1000,0,0,0,""
1524535,DATA,66.0,0.0, 0, 0, 0,1000,1000,0,0,0,""
1525035,DATA,66.0,0.0, 0, 0, 0,1000,1000,0,0,0,""
1525535,DATA,65.8,-2.1, 0, 0, 0,1000,1000,0,0,0,""
1526035,DATA,65.8,0.0, 0, 0, 0,1000,1000,0,0,0,""
1526535,DATA,65.8,-2.1, 0, 0, 0,1000,1000,0,0,0,""
1527035,DATA,65.8,0.0, 0, 0, 0,1000,1000,0,0,0,""
1527535,DATA,65.8,0.0, 0, 0, 0,1000,1000,0,0,0,""
1528035,DATA,65.8,0.0, 0, 0, 0,1000,1000,0,0,0,""
1528535,DATA,65.8,0.0, 0, 0, 0,1000,1000,0,0,0,""
1529035,DATA,65.5,0.0, 0, 0, 0,1000,1000,0,0,0,""
1529535,DATA,65.5,0.0, 0, 0, 0,1000,1000,0,0,0,""
1530035,DATA,65.5,0.0, 0, 0, 0,1000,1000,0,0,0,""
1530535,DATA,65.5,0.0, 0, 0, 0,1000,1000,0,0,0,""
1531035,DATA,65.5,0.0, 0, 0, 0,1000,1000,0,0,0,""
1531535,DATA,65.5,0.0, 0, 0, 0,1000,1000,0,0,0,""
1532035,DATA,65.5,0.0, 0, 0, 0,1000,1000,0,0,0,""
1532535,DATA,65.5,0.0, 0, 0, 0,1000,1000,0,0,0,""
1533035,DATA,65.5,0.0, 0, 0, 0,1000,1000,0,0,0,""
1533535,DATA,65.5,2.1, 0, 0, 0,1000,1000,0,0,0,""
1534035,DATA,65.2,0.0, 0, 0, 0,1000,1000,0,0,0,""
1534535,DATA,65.2,0.0, 0, 0, 0,1000,1000,0,0,0,""
1535035,DATA,65.2,0.0, 0, 0, 0,1000,1000,0,0,0,""
1535535,DATA,65.2,-2.1, 0, 0, 0,1000,1000,0,0,0,""
1536035,DATA,65.2,0.0, 0, 0, 0,1000,1000,0,0,0,""
1536535,DATA,65.2,0.0, 0, 0, 0,1000,1000,0,0,0,""
1537035,DATA,65.2,0.0, 0, 0, 0,1000,1000,0,0,0,""
1537535,DATA,65.0,0.0, 0, 0, 0,1000,1000,0,0,0,""
1538035,DATA,65.0,0.0, 0, 0, 0,1000,1000,0,0,0,""
1538535,DATA,65.2,0.0, 0, 0, 0,1000,1000,0,0,0,""
1539035,DATA,65.0,0.0, 0, 0, 0,1000,1000,0,0,0,""
1539535,DATA,65.0,0.0, 0, 0, 0,1000,1000,0,0,0,""
1540035,DATA,65.0,0.0, 0, 0, 0,1000,1000,0,0,0,""
1540535,DATA,65.0,0.0, 0, 0, 0,1000,1000,0,0,0,""
1541035,DATA,64.7,0.0, 0, 0, 0,1000,1000,0,0,0,""
1541535,DATA,64.7,0.0, 0, 0, 0,1000,1000,0,0,0,""
1542035,DATA,64.7,0.0, 0, 0, 0,1000,1000,0,0,0,""
1542535,DATA,64.7,0.0, 0, 0, 0,1000,1000,0,0,0,""
1543035,DATA,64.7,0.0, 0, 0, 0,1000,1000,0,0,0,""
1543535,DATA,64.7,0.0, 0, 0, 0,1000,1000,0,0,0,""
1544035,DATA,64.5,0.0, 0, 0, 0,1000,1000,0,0,0,""
1544535,DATA,64.5,0.0, 0, 0, 0,1000,1000,0,0,0,""
1545035,DATA,64.5,0.0, 0, 0, 0,1000,1000,0,0,0,""
1545535,DATA,64.5,0.0, 0, 0, 0,1000,1000,0,0,0,""
1546035,DATA,64.5,0.0, 0, 0, 0,1000,1000,0,0,0,""
1546535,DATA,64.5,0.0, 0, 0, 0,1000,1000,0,0,0,""
1547035,DATA,64.5,0.0, 0, 0, 0,1000,1000,0,0,0,""
1547535,DATA,64.5,0.0, 0, 0, 0,1000,1000,0,0,0,""
1548035,DATA,64.2,0.0, 0, 0, 0,1000,1000,0,0,0,""
1548535,DATA,64.2,0.0, 0, 0, 0,1000,1000,0,0,0,""
1549035,DATA,64.2,0.0, 0, 0, 0,1000,1000,0,0,0,""
1549535,DATA,64.2,0.0, 0, 0, 0,1000,1000,0,0,0,""
1550035,DATA,64.2,0.0, 0, 0, 0,1000,1000,0,0,0,""
1550535,DATA,64.2,0.0, 0, 0, 0,1000,1000,0,0,0,""
1551035,DATA,64.0,0.0, 0, 0, 0,1000,1000,0,0,0,""
1551535,DATA,64.0,0.0, 0, 0, 0,1000,1000,0,0,0,""
1552035,DATA,64.0,0.0, 0, 0, 0,1000,1000,0,0,0,""
1552535,DATA,64.0,0.0, 0, 0, 0,1000,1000,0,0,0,""
1553035,DATA,64.0,0.0, 0, 0, 0,1000,1000,0,0,0,""
1553535,DATA,64.0,0.0, 0, 0, 0,1000,1000,0,0,0,""
1554035,DATA,63.7,-2.1, 0, 0, 0,1000,1000,0,0,0,""
1554535,DATA,63.7,0.0, 0, 0, 0,1000,1000,0,0,0,""
1555035,DATA,63.7,0.0, 0, 0, 0,1000,1000,0,0,0,""
1555535,DATA,63.7,0.0, 0, 0, 0,1000,1000,0,0,0,""
1556035,DATA,63.7,0.0, 0, 0, 0,1000,1000,0,0,0,""
1556535,DATA,63.7,0.0, 0, 0, 0,1000,1000,0,0,0,""
1557035,DATA,63.7,0.0, 0, 0, 0,1000,1000,0,0,0,""
1557535,DATA,63.5,0.0, 0, 0, 0,1000,1000,0,0,0,""
1558035,DATA,63.5,-2.1, 0, 0, 0,1000,1000,0,0,0,""
1558535,DATA,63.5,0.0, 0, 0, 0,1000,1000,0,0,0,""
1559035,DATA,63.5,0.0, 0, 0, 0,1000,1000,0,0,0,""
1559535,DATA,63.5,0.0, 0, 0, 0,1000,1000,0,0,0,""
1560035,DATA,63.3,-2.1, 0, 0, 0,1000,1000,0,0,0,""
1560535,DATA,63.5,0.0, 0, 0, 0,1000,1000,0,0,0,""
1561035,DATA,63.3,0.0, 0, 0, 0,1000,1000,0,0,0,""
1561535,DATA,63.3,0.0, 0, 0, 0,1000,1000,0,0,0,""
1562035,DATA,63.3,0.0, 0, 0, 0,1000,1000,0,0,0,""
1562535,DATA,63.3,0.0, 0, 0, 0,1000,1000,0,0,0,""
1563035,DATA,63.3,0.0, 0, 0, 0,1000,1000,0,0,0,""
1563535,DATA,63.0,0.0, 0, 0, 0,1000,1000,0,0,0,""
1564035,DATA,63.0,-2.1, 0, 0, 0,1000,1000,0,0,0,""
1564535,DATA,63.0,0.0, 0, 0, 0,1000,1000,0,0,0,""
1565035,DATA,63.0,0.0, 0, 0, 0,1000,1000,0,0,0,""
1565535,DATA,63.0,0.0, 0, 0, 0,1000,1000,0,0,0,""
1566035,DATA,63.0,0.0, 0, 0, 0,1000,1000,0,0,0,""
1566535,DATA,63.0,0.0, 0, 0, 0,1000,1000,0,0,0,""
1567035,DATA,63.0,2.1, 0, 0, 0,1000,1000,0,0,0,""
1567535,DATA,63.0,2.1, 0, 0, 0,1000,1000,0,0,0,""
1568035,DATA,62.7,0.0, 0, 0, 0,1000,1000,0,0,0,""
1568535,DATA,63.0,2.1, 0, 0, 0,1000,1000,0,0,0,""
1569035,DATA,62.7,0.0, 0, 0, 0,1000,1000,0,0,0,""
1569535,DATA,62.7,0.0, 0, 0, 0,1000,1000,0,0,0,""
1570035,DATA,62.7,0.0, 0, 0, 0,1000,1000,0,0,0,""
1570535,DATA,62.7,0.0, 0, 0, 0,1000,1000,0,0,0,""
1571035,DATA,62.7,0.0, 0, 0, 0,1000,1000,0,0,0,""
1571535,DATA,62.7,0.0, 0, 0, 0,1000,1000,0,0,0,""
1572035,DATA,62.7,0.0, 0, 0, 0,1000,1000,0,0,0,""
1572535,DATA,62.7,0.0, 0, 0, 0,1000,1000,0,0,0,""
1573035,DATA,62.7,0.0, 0, 0, 0,1000,1000,0,0,0,""
1573535,DATA,62.7,2.1, 0, 0, 0,1000,1000,0,0,0,""
1574035,DATA,62.5,0.0, 0, 0, 0,1000,1000,0,0,0,""
1574535,DATA,62.5,0.0, 0, 0, 0,1000,1000,0,0,0,""
1575035,DATA,62.2,-2.1, 0, 0, 0,1000,1000,0,0,0,""
1575535,DATA,62.2,0.0, 0, 0, 0,1000,1000,0,0,0,""
1576035,DATA,62.2,0.0, 0, 0, 0,1000,1000,0,0,0,""
1576535,DATA,62.2,0.0, 0, 0, 0,1000,1000,0,0,0,""
1577035,DATA,62.2,0.0, 0, 0, 0,1000,1000,0,0,0,""
1577535,DATA,62.2,0.0, 0, 0, 0,1000,1000,0,0,0,""
1578035,DATA,62.0,-2.1, 0, 0, 0,1000,1000,0,0,0,""
1578535,DATA,62.2,2.1, 0, 0, 0,1000,1000,0,0,0,""
1579035,DATA,62.2,2.1, 0, 0, 0,1000,1000,0,0,0,""
1579535,DATA,62.0,-2.1, 0, 0, 0,1000,1000,0,0,0,""
1580035,DATA,62.0,0.0, 0, 0, 0,1000,1000,0,0,0,""
1580535,DATA,62.0,0.0, 0, 0, 0,1000,1000,0,0,0,""
1581035,DATA,62.0,0.0, 0, 0, 0,1000,1000,0,0,0,""
1581535,DATA,62.0,0.0, 0, 0, 0,1000,1000,0,0,0,""
1582035,DATA,61.7,0.0, 0, 0, 0,1000,1000,0,0,0,""
1582535,DATA,61.7,0.0, 0, 0, 0,1000,1000,0,0,0,""
1583035,DATA,61.7,0.0, 0, 0, 0,1000,1000,0,0,0,""
1583535,DATA,61.7,0.0, 0, 0, 0,1000,1000,0,0,0,""
1584035,DATA,61.7,0.0, 0, 0, 0,1000,1000,0,0,0,""
1584535,DATA,61.7,0.0, 0, 0, 0,1000,1000,0,0,0,""
1585035,DATA,61.7,0.0, 0, 0, 0,1000,1000,0,0,0,""
1585535,DATA,61.7,0.0, 0, 0, 0,1000,1000,0,0,0,""
1586035,DATA,61.7,0.0, 0, 0, 0,1000,1000,0,0,0,""
1586535,DATA,61.7,2.1, 0, 0, 0,1000,1000,0,0,0,""
1587035,DATA,61.5,0.0, 0, 0, 0,1000,1000,0,0,0,""
1587188,EVENT,61.5,0.0, 0, 0, 0,1000,1000,0,0,0,"STARTER 1200"
1587535,DATA,61.0,-4.2,2105,2001, 0,1000,1088,0,0,0,""
1588055,DATA,60.2,0.0,2661,2815,1000,1000,1180,0,0,0,""
1588555,DATA,59.7,-12.5,3381,3042, 0,1000,1200,0,0,0,""
1589055,DATA,59.7,-4.2,4065,3963,7200,1000,1200,0,0,0,""
1589555,DATA,60.0,2.1,4165,4186,1200,1000,1200,0,0,0,""
1590055,DATA,59.7,-8.3,4304,4283,600,1000,1200,0,0,0,""
1590555,DATA,60.5,10.4,4497,4438, 0,1000,1200,0,0,0,""
1591055,DATA,60.0,2.1,4575,4558,7800,1000,1200,0,0,0,""
1591555,DATA,60.0,0.0,4367,4467,9600,1000,1200,0,0,0,""
1591706,EVENT,60.0,0.0,4294,4389,5999,1000,1200,0,0,0,"STARTER 1220"
1592075,DATA,60.0,0.0,4208,4209,2272,1000,1210,0,0,0,""
1592575,DATA,59.7,-2.1,4283,4309,6600,1000,1219,0,0,0,""
1593075,DATA,59.7,0.0,4510,4460,5400,1000,1220,0,0,0,""
1593575,DATA,59.5,-2.1,4267,4327,3600,1000,1220,0,0,0,""
1594075,DATA,59.0,-2.1,4111,4118,6600,1000,1220,0,0,0,""
1594575,DATA,58.7,-2.1,4326,4286,7800,1000,1220,0,0,0,""
1594649,EVENT,58.7,0.0,4359,4319,9001,1000,1220,1,0,0,"IGN ON"
1595075,DATA,58.0,0.0,4522,4492,6001,1000,1220,1,0,0,""
1595454,EVENT,58.0,-2.1,4988,4923,11399,1000,1220,1,1,0,"VALVE1 ON"
1595575,DATA,58.0,0.0,4995,4955,6600,1000,1220,1,1,0,""
1596075,DATA,57.7,-2.1,4917,4954,8994,1000,1220,1,1,0,""
1596575,DATA,57.7,0.0,4454,4495,7127,1000,1220,1,1,0,""
1597075,DATA,57.7,0.0,4326,4357,6532,1000,1220,1,1,0,""
1597575,DATA,57.2,-2.1,4267,4276,4750,1000,1220,1,1,0,""
1597627,EVENT,57.2,0.0,4265,4271,5403,1000,1220,1,1,0,"PUMP 1045"
1598075,DATA,57.2,0.0,4435,4343,7720,1009,1220,1,1,0,""
1598595,DATA,57.0,0.0,4510,4499,2272,1030,1220,1,1,0,""
1599095,DATA,56.7,-2.1,4483,4488,2000,1045,1220,1,1,0,""
1599595,DATA,57.5,2.1,4367,4404,6600,1045,1220,1,1,0,""
1600095,DATA,59.2,4.2,4324,4332,6600,1045,1220,1,1,0,""
1600595,DATA,60.8,2.1,4269,4277,8401,1045,1220,1,1,0,""
1601095,DATA,62.2,4.2,4306,4295,7200,1045,1220,1,1,0,""
1601141,EVENT,62.2,4.2,4306,4295,7200,1045,1220,1,1,0,"STARTER 1240"
1601595,DATA,63.3,0.0,4493,4478,2501,1045,1232,1,1,0,""
1602095,DATA,65.0,4.2,4778,4641,5401,1045,1239,1,1,0,""
1602139,EVENT,65.2,2.1,4778,4641,5401,1045,1240,1,1,0,"STARTER 1260"
1602595,DATA,66.0,2.1,4471,4565,5360,1045,1252,1,1,0,""
1603095,DATA,67.5,2.1,4755,4682,9599,1045,1260,1,1,0,""
1603595,DATA,69.0,4.2,5121,5004,9000,1045,1260,1,1,0,""
1604095,DATA,70.2,2.1,5702,5504,15598,1045,1260,1,1,0,""
1604595,DATA,71.7,2.1,6124,6169,10798,1045,1260,1,1,0,""
1605095,DATA,72.7,0.0,5687,5794,10198,1045,1260,1,1,0,""
1605595,DATA,74.2,2.1,5628,5620,8400,1045,1260,1,1,0,""
1606095,DATA,76.2,4.2,5414,5376,9000,1045,1260,1,1,0,""
1606595,DATA,77.7,6.2,5447,5378,12001,1045,1260,1,1,0,""
1607095,DATA,79.2,4.1,6715,6252,9600,1045,1260,1,1,0,""
1607595,DATA,80.8,4.2,6745,6909,9000,1045,1260,1,1,0,""
1608095,DATA,82.3,4.2,5476,5710,8399,1045,1260,1,1,0,""
1608595,DATA,83.7,4.2,5579,5524,7801,1045,1260,1,1,0,""
1609095,DATA,85.5,2.1,5556,5672,11998,1045,1260,1,1,0,""
1609595,DATA,87.3,0.0,5842,5719,9001,1045,1260,1,1,0,""
1610062,EVENT,88.5,2.1,5516,5641,6600,1045,1260,1,1,0,"STARTER 1280"
1610095,DATA,89.0,3.9,5402,5534,6599,1045,1261,1,1,0,""
1610595,DATA,90.5,3.8,5136,5266,3629,1045,1274,1,1,0,""
1611095,DATA,91.5,0.0,5181,5019,10800,1045,1280,1,1,0,""
1611595,DATA,92.7,4.2,5315,5305,8400,1045,1280,1,1,0,""
1612095,DATA,94.0,4.2,5542,5462,9601,1045,1280,1,1,0,""
1612595,DATA,94.8,0.0,5435,5461,6000,1045,1280,1,1,0,""
1613095,DATA,96.2,2.1,5383,5387,5999,1045,1280,1,1,0,""
1613595,DATA,97.0,2.0,5204,5235,7200,1045,1280,1,1,0,""
1614095,DATA,97.7,0.0,6116,5685,8999,1045,1280,1,1,0,""
1614595,DATA,98.7,2.1,5684,5957,4801,1045,1280,1,1,0,""
1615095,DATA,99.5,0.0,5657,5616,1800,1045,1280,1,1,0,""
1615595,DATA,100.5,4.2,5085,5139,6599,1045,1280,1,1,0,""
1616095,DATA,101.8,4.2,5469,5448,1200,1045,1280,1,1,0,""
1616595,DATA,102.2,0.0,5538,5541,8401,1045,1280,1,1,0,""
1617095,DATA,103.2,2.1,5742,5630,11400,1045,1280,1,1,0,""
1617595,DATA,104.0,0.0,6233,6109,11399,1045,1280,1,1,0,""
1618095,DATA,105.0,2.1,5706,5811,7199,1045,1280,1,1,0,""
1618595,DATA,105.5,0.0,5594,5620,5400,1045,1280,1,1,0,""
1619095,DATA,106.5,0.0,5587,5586,9599,1045,1280,1,1,0,""
1619595,DATA,107.5,2.0,5595,5598,6001,1045,1280,1,1,0,""
1620095,DATA,108.2,0.0,6012,5921,9601,1045,1280,1,1,0,""
1620595,DATA,109.0,2.1,5674,5744,6600,1045,1280,1,1,0,""
1621095,DATA,110.0,2.1,5603,5614,6001,1045,1280,1,1,0,""
1621595,DATA,110.7,2.1,5578,5583,5400,1045,1280,1,1,0,""
1622095,DATA,111.5,4.2,5603,5593,7799,1045,1280,1,1,0,""
1622322,EVENT,112.0,2.1,6290,5965,10200,1045,1280,1,1,0,"PUMP 1050"
1622595,DATA,112.5,2.0,6284,6306,7200,1045,1280,1,1,0,""
1623095,DATA,113.5,4.2,6054,6016,8400,1048,1280,1,1,0,""
1623595,DATA,114.3,2.1,5708,5788,6600,1050,1280,1,1,0,""
1624095,DATA,115.0,0.0,5579,5604,5401,1050,1280,1,1,0,""
1624595,DATA,117.0,6.2,5560,5563,7801,1050,1280,1,1,0,""
1625096,DATA,118.5,2.1,5563,5565,7799,1050,1280,1,1,0,""
1625597,DATA,120.7,4.0,5575,5571,5400,1050,1280,1,1,0,""
1626098,DATA,122.2,4.2,5600,5591,9000,1050,1280,1,1,0,""
1626599,DATA,124.0,2.1,5817,5824,9600,1050,1280,1,1,0,""
1627100,DATA,125.2,2.1,5702,5718,7800,1050,1280,1,1,0,""
1627601,DATA,126.5,2.1,5789,5771,9601,1050,1280,1,1,0,""
1628102,DATA,127.8,2.1,6259,6022,15602,1050,1280,1,1,0,""
1628603,DATA,129.5,2.0,6040,6162,8401,1050,1280,1,1,0,""
1629104,DATA,130.8,2.1,5715,5765,12000,1050,1280,1,1,0,""
1629605,DATA,132.3,2.1,5692,5714,7201,1050,1280,1,1,0,""
1630106,DATA,133.5,2.1,5661,5691,11999,1050,1280,1,1,0,""
1630607,DATA,135.0,2.1,5658,5666,7200,1050,1280,1,1,0,""
1631108,DATA,136.0,2.1,6002,5854,10200,1050,1280,1,1,0,""
1631609,DATA,137.5,0.0,6574,6326,11399,1050,1280,1,1,0,""
1632110,DATA,138.8,2.1,7011,7144,13199,1050,1280,1,1,0,""
1632611,DATA,139.8,4.2,5929,6184,8401,1050,1280,1,1,0,""
1632923,EVENT,140.3,0.0,5682,5787,7199,1050,1280,1,1,0,"STARTER 1300"
1633135,DATA,141.3,4.0,5514,5621,4968,1050,1286,1,1,0,""
1633635,DATA,142.3,4.2,5149,5136,7200,1050,1296,1,1,0,""
1634135,DATA,143.5,2.1,5772,5650,10801,1050,1300,1,1,0,""
1634635,DATA,145.0,4.2,6031,6054,4800,1050,1300,1,1,0,""
1635135,DATA,145.8,0.0,6089,6052,4200,1050,1300,1,1,0,""
1635635,DATA,147.0,2.1,6015,6065,6000,1050,1300,1,1,0,""
1636135,DATA,148.3,4.2,5896,5917,7800,1050,1300,1,1,0,""
1636635,DATA,149.5,2.1,5821,5865,6600,1050,1300,1,1,0,""
1637135,DATA,150.8,2.1,5831,5888,4200,1050,1300,1,1,0,""
1637635,DATA,151.7,2.0,5668,5698,6600,1050,1300,1,1,0,""
1638135,DATA,152.8,0.0,5334,5474,6000,1050,1300,1,1,0,""
1638635,DATA,154.0,4.2,5678,5612,4800,1050,1300,1,1,0,""
1639135,DATA,154.5,0.0,5371,5455,6600,1050,1300,1,1,0,""
1639635,DATA,155.8,2.1,5586,5601,6600,1050,1300,1,1,0,""
1640135,DATA,156.5,0.0,5462,5577,5400,1050,1300,1,1,0,""
1640635,DATA,157.8,0.0,5045,5110,2400,1050,1300,1,1,0,""
1641135,DATA,159.0,2.1,5245,5176,6599,1050,1300,1,1,0,""
1641635,DATA,160.0,2.1,5485,5357,4801,1050,1300,1,1,0,""
1642135,DATA,161.0,2.1,5327,5387,7800,1050,1300,1,1,0,""
1642635,DATA,161.8,4.2,5396,5410,4799,1050,1300,1,1,0,""
1643135,DATA,162.5,2.1,5271,5300,5400,1050,1300,1,1,0,""
1643536,EVENT,163.5,4.2,5119,5211,4800,1050,1300,1,1,0,"STARTER 1320"
1643635,DATA,163.5,0.0,5132,5176,5400,1050,1303,1,1,0,""
1644135,DATA,164.2,2.1,5229,5245,4201,1050,1315,1,1,0,""
1644635,DATA,165.5,2.1,4997,5019,7200,1050,1320,1,1,0,""
1645136,DATA,166.3,0.0,5096,5128,4200,1050,1320,1,1,0,""
1645637,DATA,167.3,2.1,5340,5212,5999,1050,1320,1,1,0,""
1645745,EVENT,167.5,2.1,5366,5281,4800,1050,1320,1,1,0,"PUMP 1055"
1646138,DATA,168.0,2.1,5124,5215,6600,1051,1320,1,1,0,""
1646639,DATA,168.8,2.1,5083,5075,6600,1053,1320,1,1,0,""
1647140,DATA,170.0,2.0,5076,5079,6600,1055,1320,1,1,0,""
1647641,DATA,170.8,2.1,5100,5134,4800,1055,1320,1,1,0,""
1648142,DATA,172.0,2.1,5620,5454,117006,1055,1320,1,1,0,""
1648643,DATA,173.3,2.1,5677,5713,94809,1055,1320,1,1,0,""
1649144,DATA,174.8,2.1,5621,5675,74394,1055,1320,1,1,0,""
1649645,DATA,176.0,4.2,6254,6055,71401,1055,1320,1,1,0,""
1650146,DATA,177.5,2.0,6002,6072,149412,1055,1320,1,1,0,""
1650647,DATA,179.0,2.1,5889,5920,135599,1055,1320,1,1,0,""
1651148,DATA,180.3,2.1,7373,6905,54595,1055,1320,1,1,0,""
1651649,DATA,181.5,2.1,6627,6945,58798,1055,1320,1,1,0,""
1652150,DATA,182.8,4.2,5662,5920,34798,1055,1320,1,1,0,""
1652651,DATA,184.0,2.1,5885,5639,6001,1055,1320,1,1,0,""
1653152,DATA,185.3,2.0,5681,5738,37802,1055,1320,1,1,0,""
1653336,EVENT,185.8,4.2,6041,5927,2400,1055,1320,0,1,0,"IGN OFF"
1653653,DATA,186.5,4.2,5483,5672,6000,1055,1320,0,1,0,""
1654154,DATA,187.5,2.1,6330,5983,5401,1055,1320,0,1,0,""
1654655,DATA,188.5,4.2,5683,5916,3600,1055,1320,0,1,0,""
1655156,DATA,189.8,2.1,5372,5425,3000,1055,1320,0,1,0,""
1655657,DATA,191.3,6.2,5161,5194,4800,1055,1320,0,1,0,""
1656066,EVENT,192.8,2.1,5045,5026,7800,1055,1320,0,1,0,"PUMP 1060"
1656158,DATA,193.5,6.0,5202,5105,10797,1055,1320,0,1,0,""
1656659,DATA,195.3,2.1,6027,5819,3600,1057,1320,0,1,0,""
1657160,DATA,197.0,2.1,7516,7275,6600,1059,1320,0,1,0,""
1657661,DATA,197.5,2.1,7060,7074,11400,1060,1320,0,1,0,""
1658162,DATA,199.0,8.3,6276,6477,4200,1060,1320,0,1,0,""
1658663,DATA,201.2,4.2,5171,5415,6600,1060,1320,0,1,0,""
1659164,DATA,205.0,2.0,6464,6179,7200,1060,1320,0,1,0,""
1659665,DATA,207.0,6.2,6807,6764,1200,1060,1320,0,1,0,""
1660166,DATA,209.0,4.2,6056,6187,9600,1060,1320,0,1,0,""
1660667,DATA,211.2,6.2,6777,6558,5400,1060,1320,0,1,0,""
1661168,DATA,213.3,4.2,5716,5985,7800,1060,1320,0,1,0,""
1661669,DATA,215.0,2.1,5796,5791,7200,1060,1320,0,1,0,""
1662170,DATA,218.0,6.0,6181,6153,3600,1060,1320,0,1,0,""
1662671,DATA,219.7,4.2,5724,5710,9000,1060,1320,0,1,0,""
1663172,DATA,221.5,2.1,6081,6048,5400,1060,1320,0,1,0,""
1663673,DATA,223.7,6.2,6091,6126,4800,1060,1320,0,1,0,""
1664174,DATA,226.0,4.2,5536,5718,6000,1060,1320,0,1,0,""
1664675,DATA,228.0,4.2,6313,6136,3000,1060,1320,0,1,0,""
1665176,DATA,229.8,4.0,5610,5688,4200,1060,1320,0,1,0,""
1665677,DATA,231.5,2.1,6286,6159,7801,1060,1320,0,1,0,""
1666178,DATA,233.0,4.2,6055,6201,4200,1060,1320,0,1,0,""
1666679,DATA,234.8,2.1,6403,6253,7800,1060,1320,0,1,0,""
1667180,DATA,236.2,4.2,6061,6173,4200,1060,1320,0,1,0,""
1667681,DATA,237.0,0.0,5509,5660,7200,1060,1320,0,1,0,""
1668182,DATA,238.7,2.0,5680,5553,7801,1060,1320,0,1,0,""
1668683,DATA,240.3,2.1,6997,6679,7800,1060,1320,0,1,0,""
1669184,DATA,241.8,4.2,7012,6958,7801,1060,1320,0,1,0,""
1669685,DATA,243.0,2.1,6850,6914,6600,1060,1320,0,1,0,""
1670186,DATA,243.5,2.1,6872,6858,9001,1060,1320,0,1,0,""
1670687,DATA,244.5,4.2,6662,6687,7800,1060,1320,0,1,0,""
1671188,DATA,245.8,2.0,6695,6677,11400,1060,1320,0,1,0,""
1671689,DATA,246.0,0.0,5711,5785,9000,1060,1320,0,1,0,""
1672190,DATA,247.3,4.2,6330,6242,9000,1060,1320,0,1,0,""
1672691,DATA,248.3,2.1,6221,6238,7200,1060,1320,0,1,0,""
1673192,DATA,248.7,0.0,6474,6418,4799,1060,1320,0,1,0,""
1673693,DATA,249.8,4.2,5715,6029,7200,1060,1320,0,1,0,""
1674194,DATA,251.2,2.0,5943,5894,7200,1060,1320,0,1,0,""
1674695,DATA,251.8,0.0,6854,6693,12001,1060,1320,0,1,0,""
1675196,DATA,253.0,4.2,7896,7739,15600,1060,1320,0,1,0,""
1675697,DATA,253.8,0.0,8687,8487,15002,1060,1320,0,1,0,""
1676198,DATA,254.3,2.1,7870,8181,17398,1060,1320,0,1,0,""
1676699,DATA,254.5,0.0,7181,7349,15000,1060,1320,0,1,0,""
1677200,DATA,255.2,2.0,7685,7623,12601,1060,1320,0,1,0,""
1677701,DATA,256.5,2.1,7192,7243,21000,1060,1320,0,1,0,""
1677858,EVENT,257.0,4.2,7248,7212,22204,1060,1320,0,1,0,"PUMP 1065"
1678202,DATA,257.5,0.0,7319,7299,13800,1061,1320,0,1,0,""
1678703,DATA,258.3,2.1,8129,8007,11999,1063,1320,0,1,0,""
1679204,DATA,259.5,0.0,7542,7614,15600,1065,1320,0,1,0,""
1679705,DATA,260.8,2.1,7213,7264,14400,1065,1320,0,1,0,""
1680206,DATA,262.3,4.0,6825,6899,9600,1065,1320,0,1,0,""
1680707,DATA,263.3,0.0,7643,7449,15600,1065,1320,0,1,0,""
1681208,DATA,264.5,2.1,6880,7036,10799,1065,1320,0,1,0,""
1681709,DATA,266.0,4.2,7283,7308,9000,1065,1320,0,1,0,""
1682210,DATA,267.0,2.1,7761,7558,9599,1065,1320,0,1,0,""
1682711,DATA,267.7,2.1,5780,6266,3000,1065,1320,0,1,0,""
1683212,DATA,269.5,4.0,4962,5181,8400,1065,1320,0,1,0,""
1683713,DATA,270.5,2.1,6148,5865,15001,1065,1320,0,1,0,""
1684214,DATA,271.3,2.1,6652,6576,12600,1065,1320,0,1,0,""
1684715,DATA,272.0,0.0,5985,6160,8395,1065,1320,0,1,0,""
1685216,DATA,273.5,4.2,7011,6753,7718,1065,1320,0,1,0,""
1685717,DATA,275.0,2.1,6471,6564,7718,1065,1320,0,1,0,""
1686218,DATA,276.2,2.0,5457,5732,5343,1065,1320,0,1,0,""
1686719,DATA,277.0,2.1,5595,5620,6531,1065,1320,0,1,0,""
1687220,DATA,277.5,0.0,5849,5871,5343,1065,1320,0,1,0,""
1687721,DATA,278.8,4.2,5768,5693,7718,1065,1320,0,1,0,""
1688222,DATA,280.5,2.1,5507,5476,5343,1065,1320,0,1,0,""
1688723,DATA,281.5,2.1,5691,5675,7124,1065,1320,0,1,0,""
1689224,DATA,282.5,2.0,5072,5257,4157,1065,1320,0,1,0,""
1689725,DATA,283.0,0.0,5884,5652,7125,1065,1320,0,1,0,""
1690226,DATA,284.5,4.2,7106,6718,5344,1065,1320,0,1,0,""
1690727,DATA,286.0,2.1,6439,6520,7718,1065,1320,0,1,0,""
1691228,DATA,287.0,2.1,6465,6501,8905,1065,1320,0,1,0,""
1691729,DATA,287.5,2.1,6031,6053,6531,1065,1320,0,1,0,""
1692230,DATA,289.5,2.0,6413,6383,8312,1065,1320,0,1,0,""
1692731,DATA,290.7,2.1,5373,5469,7125,1065,1320,0,1,0,""
1693232,DATA,291.3,0.0,6005,5723,6531,1065,1320,0,1,0,""
1693733,DATA,292.3,2.1,6268,6340,5938,1065,1320,0,1,0,""
1694234,DATA,293.8,4.2,5153,5409,5344,1065,1320,0,1,0,""
1694735,DATA,294.8,2.1,4918,4986,7125,1065,1320,0,1,0,""
1695236,DATA,295.5,0.0,5047,5011,4750,1065,1320,0,1,0,""
1695737,DATA,296.5,2.1,5020,4984,8907,1065,1320,0,1,0,""
1696238,DATA,298.0,2.1,6084,5853,6531,1065,1320,0,1,0,""
1696739,DATA,299.0,4.2,4916,5121,5937,1065,1320,0,1,0,""
1697240,DATA,299.5,0.0,5143,5150,9501,1065,1320,0,1,0,""
1697741,DATA,301.0,4.2,5324,5225,5938,1065,1320,0,1,0,""
1698242,DATA,302.0,2.0,5328,5344,5937,1065,1320,0,1,0,""
1698743,DATA,302.8,0.0,6065,5977,7125,1065,1320,0,1,0,""
1699244,DATA,304.0,4.2,5959,6122,7719,1065,1320,0,1,0,""
1699745,DATA,305.2,2.1,5944,5998,8313,1065,1320,0,1,0,""
1700246,DATA,306.0,0.0,5408,5429,4750,1065,1320,0,1,0,""
1700747,DATA,307.0,2.1,5622,5451,6531,1065,1320,0,1,0,""
1701248,DATA,308.3,0.0,5614,5688,9499,1065,1320,0,1,0,""
1701749,DATA,309.5,4.2,5582,5673,6531,1065,1320,0,1,0,""
1702250,DATA,310.3,2.1,6081,6035,7124,1065,1320,0,1,0,""
1702751,DATA,311.8,4.2,6540,6516,5937,1065,1320,0,1,0,""
1703252,DATA,312.5,2.1,5826,5934,5937,1065,1320,0,1,0,""
1703753,DATA,313.0,0.0,5173,5293,3562,1065,1320,0,1,0,""
1704254,DATA,314.0,0.0,4897,4963,6531,1065,1320,0,1,0,""
1704755,DATA,315.5,2.1,5271,5308,4156,1065,1320,0,1,0,""
1705256,DATA,316.5,2.1,5474,5356,4750,1065,1320,0,1,0,""
1705757,DATA,317.3,2.1,5698,5557,6532,1065,1320,0,1,0,""
1706258,DATA,317.7,2.1,5296,5471,5344,1065,1320,0,1,0,""
1706759,DATA,319.0,4.2,6399,6083,5938,1065,1320,0,1,0,""
1707260,DATA,320.3,2.0,5754,5843,10094,1065,1320,0,1,0,""
1707761,DATA,321.0,2.1,5504,5462,7125,1065,1320,0,1,0,""
1708262,DATA,321.7,0.0,6191,6015,5344,1065,1320,0,1,0,""
1708763,DATA,323.0,2.1,5932,5982,6531,1065,1320,0,1,0,""
1709264,DATA,324.3,2.1,5458,5600,3563,1065,1320,0,1,0,""
1709765,DATA,324.8,0.0,5186,5227,4750,1065,1320,0,1,0,""
1710266,DATA,325.5,2.0,5054,5072,6532,1065,1320,0,1,0,""
1710767,DATA,326.5,2.1,5046,5093,7719,1065,1320,0,1,0,""
1711268,DATA,327.5,0.0,5130,5104,7718,1065,1320,0,1,0,""
1711769,DATA,328.5,2.1,5534,5433,5938,1065,1320,0,1,0,""
1712270,DATA,329.0,0.0,5510,5665,2969,1065,1320,0,1,0,""
1712771,DATA,330.2,2.1,5068,5163,3563,1065,1320,0,1,0,""
1713272,DATA,331.5,2.0,4768,4822,5344,1065,1320,0,1,0,""
1713773,DATA,332.2,0.0,5024,4967,5938,1065,1320,0,1,0,""
1714274,DATA,333.8,2.1,5134,5151,2969,1065,1320,0,1,0,""
1714775,DATA,334.5,2.1,4981,4967,4156,1065,1320,0,1,0,""
1715082,EVENT,335.0,2.1,4904,4923,19801,1065,1320,0,1,0,"PUMP 1070"
1715276,DATA,335.0,0.0,4935,4904,3563,1065,1320,0,1,0,""
1715777,DATA,336.0,2.1,5361,5182,5937,1067,1320,0,1,0,""
1716278,DATA,337.3,2.0,5156,5213,4156,1069,1320,0,1,0,""
1716779,DATA,338.3,4.2,5260,5145,6530,1070,1320,0,1,0,""
1717280,DATA,339.5,2.1,5264,5285,5938,1070,1320,0,1,0,""
1717781,DATA,340.3,2.1,5325,5289,4156,1070,1320,0,1,0,""
1718282,DATA,341.0,2.1,4939,5072,5344,1070,1320,0,1,0,""
1718783,DATA,342.3,2.1,5400,5383,5937,1070,1320,0,1,0,""
1719284,DATA,343.5,4.0,5034,5112,5937,1070,1320,0,1,0,""
1719785,DATA,344.5,2.1,5387,5351,8313,1070,1320,0,1,0,""
1720286,DATA,345.3,2.1,5796,5672,5344,1070,1320,0,1,0,""
1720787,DATA,346.0,2.1,5733,5722,7126,1070,1320,0,1,0,""
1721288,DATA,347.0,0.0,6363,6273,7124,1070,1320,0,1,0,""
1721789,DATA,348.3,2.1,5463,5685,3563,1070,1320,0,1,0,""
1722290,DATA,349.5,2.0,5246,5349,7125,1070,1320,0,1,0,""
1722791,DATA,350.5,2.1,5742,5571,10094,1070,1320,0,1,0,""
1723292,DATA,351.2,2.1,5321,5411,594,1070,1320,0,1,0,""
1723793,DATA,352.0,2.1,6010,5731,11282,1070,1320,0,1,0,""
1724294,DATA,353.0,2.1,6321,6264,10687,1070,1320,0,1,0,""
1724795,DATA,354.3,4.2,6486,6427,10688,1070,1320,0,1,0,""
1725296,DATA,355.5,2.0,7343,7220,9500,1070,1320,0,1,0,""
1725797,DATA,356.8,4.2,6531,6678,7718,1070,1320,0,1,0,""
1726298,DATA,357.5,0.0,6762,6693,11875,1070,1320,0,1,0,""
1726799,DATA,358.8,2.1,6947,6921,4750,1070,1320,0,1,0,""
1727300,DATA,359.5,2.1,6123,6348,5937,1070,1320,0,1,0,""
1727801,DATA,360.8,2.1,5535,5701,8312,1070,1320,0,1,0,""
1728302,DATA,362.3,4.0,5050,5154,4750,1070,1320,0,1,0,""
1728803,DATA,363.5,4.2,5107,5150,5937,1070,1320,0,1,0,""
1729304,DATA,364.8,2.1,5619,5402,7718,1070,1320,0,1,0,""
1729805,DATA,366.3,4.2,5886,5921,1187,1070,1320,0,1,0,""
1730306,DATA,367.5,2.1,5186,5309,4157,1070,1320,0,1,0,""
1730807,DATA,369.3,4.2,5041,5022,5343,1070,1320,0,1,0,""
1731308,DATA,371.0,4.0,5137,5094,6532,1070,1320,0,1,0,""
1731809,DATA,372.3,2.1,5217,5133,5938,1070,1320,0,1,0,""
1732310,DATA,373.5,2.1,5169,5309,3562,1070,1320,0,1,0,""
1732811,DATA,374.8,2.1,5564,5356,5344,1070,1320,0,1,0,""
1733312,DATA,376.0,2.1,5855,5898,3563,1070,1320,0,1,0,""
1733813,DATA,377.3,0.0,5783,5782,4156,1070,1320,0,1,0,""
1734314,DATA,379.0,2.0,5240,5328,8906,1070,1320,0,1,0,""
1734815,DATA,380.5,4.2,5458,5278,8906,1070,1320,0,1,0,""
1735316,DATA,382.0,2.1,5429,5424,6532,1070,1320,0,1,0,""
1735817,DATA,383.5,4.2,5079,5172,5344,1070,1320,0,1,0,""
1736318,DATA,384.8,2.1,5075,5061,5343,1070,1320,0,1,0,""
1736819,DATA,386.2,4.2,4930,4936,2375,1070,1320,0,1,0,""
1737320,DATA,387.8,2.0,5054,5017,1781,1070,1320,0,1,0,""
1737821,DATA,388.7,0.0,4866,4932,4750,1070,1320,0,1,0,""
1738322,DATA,390.3,2.1,4940,4986,7718,1070,1320,0,1,0,""
1738823,DATA,391.8,4.2,5739,5561,5937,1070,1320,0,1,0,""
1739324,DATA,393.3,2.1,5960,5820,8312,1070,1320,0,1,0,""
1739825,DATA,394.5,4.2,6701,6634,7125,1070,1320,0,1,0,""
1740326,DATA,395.8,0.0,5083,5387,7125,1070,1320,0,1,0,""
1740827,DATA,396.7,0.0,5532,5455,5938,1070,1320,0,1,0,""
1741328,DATA,398.3,2.1,5873,5740,8313,1070,1320,0,1,0,""
1741829,DATA,399.8,2.1,5914,5958,5344,1070,1320,0,1,0,""
1742330,DATA,401.0,4.2,5827,5828,4157,1070,1320,0,1,0,""
1742831,DATA,401.7,2.1,5222,5337,7719,1070,1320,0,1,0,""
1743332,DATA,403.0,2.0,5330,5364,8312,1070,1320,0,1,0,""
1743833,DATA,404.0,2.1,5023,5093,5937,1070,1320,0,1,0,""
1744334,DATA,404.8,0.0,5209,5175,7125,1070,1320,0,1,0,""
1744835,DATA,405.5,0.0,5147,5156,6531,1070,1320,0,1,0,""
1745336,DATA,406.5,0.0,5392,5218,7718,1070,1320,0,1,0,""
1745837,DATA,407.8,4.2,5142,5240,5344,1070,1320,0,1,0,""
1746338,DATA,408.8,2.0,5035,5065,4750,1070,1320,0,1,0,""
1746839,DATA,409.5,0.0,5094,5074,2968,1070,1320,0,1,0,""
1747340,DATA,410.8,4.2,4978,5014,5344,1070,1320,0,1,0,""
1747841,DATA,411.5,2.1,5059,5030,4156,1070,1320,0,1,0,""
1748193,EVENT,412.3,2.1,5166,5091,6000,1070,1320,0,1,0,"STARTER 1340"
1748355,DATA,412.5,2.1,5182,5164,5344,1070,1325,0,1,0,""
1748855,DATA,413.3,0.0,5051,5114,7200,1070,1336,0,1,0,""
1749355,DATA,414.2,2.1,6198,5962,7199,1070,1340,0,1,0,""
1749855,DATA,414.7,1.9,6248,6167,11400,1070,1340,0,1,0,""
1750355,DATA,415.3,0.0,6174,6236,4799,1070,1340,0,1,0,""
1750855,DATA,415.8,0.0,5735,5666,9600,1070,1340,0,1,0,""
1751355,DATA,416.5,2.1,6650,6529,11400,1070,1340,0,1,0,""
1751855,DATA,417.3,2.1,6429,6498,8400,1070,1340,0,1,0,""
1752355,DATA,417.7,2.1,6487,6399,11400,1070,1340,0,1,0,""
1752855,DATA,418.5,0.0,6871,6924,6600,1070,1340,0,1,0,""
1753355,DATA,419.3,4.2,5867,5971,7799,1070,1340,0,1,0,""
1753855,DATA,419.5,0.0,5842,5865,7801,1070,1340,0,1,0,""
1754355,DATA,420.3,0.0,6455,6360,6599,1070,1340,0,1,0,""
1754855,DATA,420.8,2.1,6162,6286,4797,1070,1340,0,1,0,""
1755356,DATA,421.3,0.0,5224,5412,3562,1070,1340,0,1,0,""
1755857,DATA,422.0,0.0,5853,5637,17219,1070,1340,0,1,0,""
1756358,DATA,422.5,0.0,6622,6336,8313,1070,1340,0,1,0,""
1756859,DATA,423.0,0.0,6732,6905,10092,1070,1340,0,1,0,""
1757360,DATA,423.8,2.1,5941,6104,7125,1070,1340,0,1,0,""
1757861,DATA,424.3,2.1,5124,5197,4750,1070,1340,0,1,0,""
1758362,DATA,424.8,2.1,5784,5703,4156,1070,1340,0,1,0,""
1758863,DATA,425.3,2.0,5626,5682,5343,1070,1340,0,1,0,""
1759364,DATA,426.0,2.1,5856,5718,9500,1070,1340,0,1,0,""
1759865,DATA,426.5,2.1,6999,6679,9499,1070,1340,0,1,0,""
1760366,DATA,426.7,0.0,6391,6521,5344,1070,1340,0,1,0,""
1760867,DATA,427.2,2.1,6582,6445,10094,1070,1340,0,1,0,""
1761368,DATA,427.5,0.0,6448,6507,7718,1070,1340,0,1,0,""
1761869,DATA,428.3,4.0,6355,6377,11874,1070,1340,0,1,0,""
1762370,DATA,428.5,2.1,6305,6314,7718,1070,1340,0,1,0,""
1762871,DATA,429.0,0.0,6650,6623,10687,1070,1340,0,1,0,""
1763372,DATA,429.5,2.1,6819,6650,7717,1070,1340,0,1,0,""
1763873,DATA,430.2,2.1,7045,7024,11874,1070,1340,0,1,0,""
1764374,DATA,430.7,0.0,6881,6886,10687,1070,1340,0,1,0,""
1764875,DATA,431.0,0.0,6459,6540,11281,1070,1340,0,1,0,""
1765376,DATA,431.2,0.0,6511,6493,14250,1070,1340,0,1,0,""
1765877,DATA,431.8,2.1,6420,6450,10687,1070,1340,0,1,0,""
1766378,DATA,432.0,0.0,6498,6443,9500,1070,1340,0,1,0,""
1766879,DATA,432.3,0.0,6446,6511,12470,1070,1340,0,1,0,""
1767380,DATA,433.0,0.0,6208,6252,8311,1070,1340,0,1,0,""
1767881,DATA,433.8,2.0,6204,6219,9501,1070,1340,0,1,0,""
1768382,DATA,433.8,0.0,6153,6168,7719,1070,1340,0,1,0,""
1768883,DATA,434.2,0.0,6226,6214,10686,1070,1340,0,1,0,""
1769384,DATA,434.2,0.0,6204,6199,7718,1070,1340,0,1,0,""
1769885,DATA,435.2,4.2,6798,6603,10687,1070,1340,0,1,0,""
1770386,DATA,435.8,0.0,6370,6467,8312,1070,1340,0,1,0,""
1770887,DATA,436.8,2.0,5948,5941,6530,1070,1340,0,1,0,""
1771388,DATA,438.0,4.2,5242,5484,3563,1070,1340,0,1,0,""
1771889,DATA,439.2,2.1,5069,5085,13062,1070,1340,0,1,0,""
1772390,DATA,440.8,4.2,4838,4942,4156,1070,1340,0,1,0,""
1772891,DATA,442.3,2.1,4950,4917,4749,1070,1340,0,1,0,""
1773392,DATA,443.7,4.2,4945,4926,7124,1070,1340,0,1,0,""
1773893,DATA,445.5,6.0,5287,5159,5936,1070,1340,0,1,0,""
1774394,DATA,446.7,2.1,5289,5262,5343,1070,1340,0,1,0,""
1774895,DATA,448.8,6.2,5088,5056,11874,1070,1340,0,1,0,""
1775396,DATA,450.3,4.2,5265,5308,5344,1070,1340,0,1,0,""
1775897,DATA,452.2,4.2,5108,5096,5937,1070,1340,0,1,0,""
1776398,DATA,454.0,6.2,5413,5371,4750,1070,1340,0,1,0,""
1776899,DATA,456.8,6.0,5420,5344,11282,1070,1340,0,1,0,""
1777400,DATA,459.2,6.2,5133,5236,2375,1070,1340,0,1,0,""
1777764,EVENT,461.0,4.2,5113,5126,6000,1070,1340,0,1,0,"STARTER 1360"
1777935,DATA,461.8,6.2,5084,5078,3897,1070,1345,0,1,0,""
1778435,DATA,464.0,2.1,5758,5557,5400,1070,1356,0,1,0,""
1778935,DATA,466.3,4.2,6134,5988,7201,1070,1360,0,1,0,""
1779341,EVENT,467.7,2.1,6230,6160,5400,1070,1360,0,1,0,"STARTER 1340"
1779435,DATA,467.7,2.1,6230,6160,5400,1070,1357,0,1,0,""
1779935,DATA,469.5,2.1,5937,6072,5443,1070,1345,0,1,0,""
1780027,EVENT,469.5,2.1,5801,5950,2999,1070,1344,0,1,0,"STARTER 1320"
1780435,DATA,470.0,2.1,5243,5448,1500,1070,1332,0,1,0,""
1780935,DATA,470.3,0.0,5100,5113,10200,1070,1321,0,1,0,""
1781435,DATA,471.0,2.1,5026,5077,3600,1070,1320,0,1,0,""
1781626,EVENT,471.3,2.1,4999,5047,3000,1070,1320,0,1,0,"STARTER 1340"
1781955,DATA,472.0,3.4,5067,5045,1500,1070,1329,0,1,0,""
1782455,DATA,473.0,4.2,4973,5005,6600,1070,1338,0,1,0,""
1782955,DATA,474.0,0.0,5059,5028,5400,1070,1340,0,1,0,""
1783455,DATA,475.0,4.2,5044,5005,7199,1070,1340,0,1,0,""
1783900,EVENT,475.8,0.0,5055,5021,4200,1000,1340,0,0,0,"PUMP OFF"
1783955,DATA,476.2,4.2,4970,4998,4800,1000,1340,0,0,0,""
1784455,DATA,476.7,2.1,5058,5027,8400,1000,1340,0,0,0,""
1784955,DATA,477.8,4.2,4972,5002,4200,1000,1340,0,0,0,""
1785455,DATA,478.3,0.0,5112,5085,7200,1000,1340,0,0,0,""
1785955,DATA,478.3,-2.1,5112,5052,7201,1000,1340,0,0,0,""
1786455,DATA,478.8,4.2,5015,5061,4200,1000,1340,0,0,0,""
1786955,DATA,479.0,0.0,5065,5041,4800,1000,1340,0,0,0,""
1787455,DATA,478.3,-2.1,5029,4996,3000,1000,1340,0,0,0,""
1787955,DATA,477.5,-2.1,4968,4995,5400,1000,1340,0,0,0,""
1788455,DATA,476.5,-2.1,5058,5027,2400,1000,1340,0,0,0,""
1788955,DATA,475.5,-2.1,5462,5408,3600,1000,1340,0,0,0,""
1789455,DATA,474.8,0.0,4949,5104,6600,1000,1340,0,0,0,""
1789955,DATA,473.8,-2.1,5210,5188,4200,1000,1340,0,0,0,""
1790455,DATA,472.0,-4.2,4999,5051,1800,1000,1340,0,0,0,""
1790955,DATA,470.5,-2.1,5062,5036,3000,1000,1340,0,0,0,""
1791455,DATA,468.2,-6.2,4972,5004,3000,1000,1340,0,0,0,""
1791955,DATA,466.3,-2.1,5058,5028,3000,1000,1340,0,0,0,""
1792455,DATA,463.7,-6.2,4972,5002,4200,1000,1340,0,0,0,""
1792955,DATA,461.8,-4.2,5122,5096,3600,1000,1340,0,0,0,""
1793455,DATA,459.2,-2.1,4998,5033,3599,1000,1340,0,0,0,""
1793955,DATA,457.3,-4.2,5064,5038,5400,1000,1340,0,0,0,""
1794361,EVENT,455.7,-6.2,5009,5007,5400,1000,1340,0,0,0,"STARTER 1360"
1794455,DATA,455.5,-2.0,4965,4988,4800,1000,1343,0,0,0,""
1794955,DATA,453.5,-4.2,5553,5334,3628,1000,1355,0,0,0,""
1795455,DATA,451.5,-2.1,6031,5878,4201,1000,1360,0,0,0,""
1795955,DATA,449.5,-6.2,6050,6105,7201,1000,1360,0,0,0,""
1796455,DATA,447.0,-6.2,6295,6241,3000,1000,1360,0,0,0,""
1796955,DATA,445.0,-4.2,6256,6212,5399,1000,1360,0,0,0,""
1797455,DATA,442.7,-6.2,6499,6273,3600,1000,1360,0,0,0,""
1797955,DATA,441.0,-4.2,6067,6212,14400,1000,1360,0,0,0,""
1798455,DATA,438.5,-6.2,6229,6143,6601,1000,1360,0,0,0,""
1798955,DATA,436.5,-4.2,6008,6207,5399,1000,1360,0,0,0,""
1799455,DATA,434.0,-4.2,6322,6253,6000,1000,1360,0,0,0,""
1799955,DATA,432.0,-2.1,5840,6032,7801,1000,1360,0,0,0,""
1800455,DATA,430.0,-4.2,6290,6145,7800,1000,1360,0,0,0,""
1800955,DATA,428.0,-2.1,5977,6089,8399,1000,1360,0,0,0,""
1801342,EVENT,426.0,-2.1,6305,6251,7799,1000,1360,0,0,0,"STARTER OFF"
1801455,DATA,425.3,-4.8,6084,6176,6548,1000,1317,0,0,0,""
1801975,DATA,422.7,-4.2,4201,4710,1500,1000,1098,0,0,0,""
1802475,DATA,420.5,-4.2,2257,2714, 0,1000,1000,0,0,0,""
1802698,EVENT,418.7,-8.3,1865,2162,600,1000,1000,0,0,0,"STARTER 1200"
1802975,DATA,417.5,-8.3,1613,1808,2500,1000,1071,0,0,0,""
1803495,DATA,415.3,-2.1,2648,2503,1500,1000,1171,0,0,0,""
1803995,DATA,412.8,-4.2,2895,2598,6000,1000,1200,0,0,0,""
1804495,DATA,411.3,-4.2,3939,3820,6599,1000,1200,0,0,0,""
1804995,DATA,408.8,-2.1,4550,4254,20401,1000,1200,0,0,0,""
1805495,DATA,406.8,-6.2,4827,4951,4200,1000,1200,0,0,0,""
1805995,DATA,405.0,-4.2,4107,4299,4800,1000,1200,0,0,0,""
1806495,DATA,403.0,-2.1,3923,3946,4200,1000,1200,0,0,0,""
1806995,DATA,400.8,-6.2,4265,4135,9001,1000,1200,0,0,0,""
1807495,DATA,398.3,-6.2,5456,5241,4200,1000,1200,0,0,0,""
1807995,DATA,396.0,-2.1,4392,4595,6000,1000,1200,0,0,0,""
1808110,EVENT,394.8,-10.4,4117,4298,5426,1000,1200,0,0,0,"STARTER OFF"
1808495,DATA,393.5,-6.2,3808,4022,1500,1000,1103,0,0,0,""
1809015,DATA,391.5,-4.2,2170,2585, 0,1000,1015,0,0,0,""
1809515,DATA,389.8,-4.2,1603,1711,5999,1000,1000,0,0,0,""
1810015,DATA,387.8,-4.2,1428,1510,166195,1000,1000,0,0,0,""
1810515,DATA,385.8,0.0,1283,1310,167992,1000,1000,0,0,0,""
1810893,EVENT,384.2,-4.2,1261,1268,165592,1000,1000,0,0,0,"STARTER 1200"
1811035,DATA,384.0,-2.0,1370,1314,16445,1000,1033,0,0,0,""
1811555,DATA,381.5,-6.2,2350,1995,1500,1000,1151,0,0,0,""
1812055,DATA,380.0,-4.2,2273,2122,1500,1000,1200,0,0,0,""
1812555,DATA,378.2,-2.1,3882,3696,7200,1000,1200,0,0,0,""
1813055,DATA,376.8,-4.2,4524,4319,5400,1000,1200,0,0,0,""
1813555,DATA,375.3,-2.1,5012,5020,3600,1000,1200,0,0,0,""
1814055,DATA,373.7,-2.1,4270,4388,6000,1000,1200,0,0,0,""
1814555,DATA,372.3,-4.2,3996,4030,3000,1000,1200,0,0,0,""
1814975,EVENT,371.0,-4.2,4083,4116,2400,1000,1200,0,0,0,"STARTER OFF"
1815055,DATA,370.5,-3.6,4083,4116,2400,1000,1187,0,0,0,""
1815575,DATA,368.3,-8.3,2863,3045,1500,1000,1060,0,0,0,""
1816075,DATA,366.8,-4.2,1891,2140,1500,1000,1000,0,0,0,""
1816575,DATA,365.5,-2.1,2463,2134,17401,1000,1000,0,0,0,""
1817075,DATA,363.5,-6.2,6641,5680,13200,1000,1000,0,0,0,""
1817575,DATA,362.0,-2.1,7838,7647,11999,1000,1000,0,0,0,""
1818075,DATA,359.8,-6.2,5555,6340,15000,1000,1000,0,0,0,""
1818575,DATA,357.5,-6.2,2314,2670,13800,1000,1000,0,0,0,""
1819075,DATA,355.8,-2.1,3226,3393,2400,1000,1000,0,0,0,""
1819575,DATA,354.0,-4.2,1332,1641,33603,1000,1000,0,0,0,""
1820075,DATA,352.5,-4.2,880,929, 0,1000,1000,0,0,0,""
1820575,DATA,350.8,-4.2,686,751,27599,1000,1000,0,0,0,""
1821075,DATA,349.3,-4.2,660,663, 0,1000,1000,0,0,0,""
1821575,DATA,347.5,-2.1,548,588,15000,1000,1000,0,0,0,""
1822075,DATA,345.5,0.0,430,604, 0,1000,1000,0,0,0,""
1822575,DATA,343.5,-4.2, 0, 0, 0,1000,1000,0,0,0,""
1823065,EVENT,342.0,-2.1, 0, 0, 0,1000,1000,0,0,0,"STARTER 1200"
1823095,DATA,342.0,-2.1, 0, 0, 0,1000,1002,0,0,0,""
1823615,DATA,339.3,-4.2,2202,1924,500,1000,1131,0,0,0,""
1824135,DATA,337.8,-4.2,1748,1931,1500,1000,1200,0,0,0,""
1824635,DATA,336.2,-2.1,3702,3368,10799,1000,1200,0,0,0,""
1825135,DATA,334.5,-4.2,4019,3873,34197,1000,1200,0,0,0,""
1825635,DATA,332.8,-2.1,5223,4857,25197,1000,1200,0,0,0,""
1826135,DATA,331.3,-4.2,8313,7772,7200,1000,1200,0,0,0,""
1826635,DATA,329.8,-2.1,8655,8791,6600,1000,1200,0,0,0,""
1827002,EVENT,328.5,-2.1,5780,6587,9000,1000,1200,0,0,0,"STARTER OFF"
1827155,DATA,328.2,-1.8,5488,6093,1987,1000,1164,0,0,0,""
1827675,DATA,326.8,-4.2,3325,4053,500,1000,1048,0,0,0,""
1828175,DATA,325.8,0.0,1940,2313, 0,1000,1000,0,0,0,""
1828675,DATA,324.8,-2.1,1545,1598, 0,1000,1000,0,0,0,""
1829175,DATA,323.5,-2.1,1432,1443, 0,1000,1000,0,0,0,""
1829675,DATA,322.0,-2.1,978,1100, 0,1000,1000,0,0,0,""
1830175,DATA,320.5,-2.1,1937,1430,5401,1000,1000,0,0,0,""
1830675,DATA,319.0,-2.1,2172,2836, 0,1000,1000,0,0,0,""
1831175,DATA,317.5,-2.1,860,1216, 0,1000,1000,0,0,0,""
1831675,DATA,316.0,0.0,1202,1944,167397,1000,1000,0,0,0,""
1832175,DATA,314.0,-4.2, 0, 0, 0,1000,1000,0,0,0,""
1832675,DATA,312.5,-4.2, 0, 0,2400,1000,1000,0,0,0,""
1833175,DATA,311.0,-2.1, 0, 0, 0,1000,1000,0,0,0,""
1833675,DATA,309.0,-4.2, 0, 0,600,1000,1000,0,0,0,""
1834175,DATA,307.5,-4.2, 0, 0, 0,1000,1000,0,0,0,""
1834675,DATA,306.0,-2.1, 0, 0,16201,1000,1000,0,0,0,""
1835175,DATA,304.3,-6.2, 0, 0,44402,1000,1000,0,0,0,""
1835675,DATA,302.8,-2.1, 0, 0, 0,1000,1000,0,0,0,""
1836175,DATA,301.0,-2.1, 0, 0,165015,1000,1000,0,0,0,""
1836675,DATA,299.3,-2.1, 0, 0, 0,1000,1000,0,0,0,""
1837175,DATA,297.3,0.0, 0, 0,134393,1000,1000,0,0,0,""
1837675,DATA,295.5,-4.2, 0, 0, 0,1000,1000,0,0,0,""
1838175,DATA,294.2,-2.1, 0, 0, 0,1000,1000,0,0,0,""
1838675,DATA,292.7,-4.2, 0, 0,19200,1000,1000,0,0,0,""
1839175,DATA,291.8,-2.1, 0, 0,52206,1000,1000,0,0,0,""
1839675,DATA,290.3,-4.2, 0, 0, 0,1000,1000,0,0,0,""
1840175,DATA,289.0,-2.1, 0, 0, 0,1000,1000,0,0,0,""
1840675,DATA,288.3,0.0, 0, 0, 0,1000,1000,0,0,0,""
1841175,DATA,287.0,-4.2, 0, 0, 0,1000,1000,0,0,0,""
1841675,DATA,286.2,-2.1, 0, 0,10201,1000,1000,0,0,0,""
1842175,DATA,285.0,-2.1, 0, 0,100214,1000,1000,0,0,0,""
1842675,DATA,284.2,-2.1, 0, 0,30603,1000,1000,0,0,0,""
1843175,DATA,283.0,-2.1, 0, 0,62404,1000,1000,0,0,0,""
1843675,DATA,282.3,-2.1, 0, 0,49206,1000,1000,0,0,0,""
1844175,DATA,281.3,-4.2, 0, 0,77395,1000,1000,0,0,0,""
1844675,DATA,280.2,-2.1, 0, 0,84000,1000,1000,0,0,0,""
1845175,DATA,279.5,-2.1, 0, 0,148803,1000,1000,0,0,0,""
1845675,DATA,278.8,0.0, 0, 0,120612,1000,1000,0,0,0,""
1846175,DATA,277.8,-4.2, 0, 0,135591,1000,1000,0,0,0,""
1846675,DATA,276.8,-2.1, 0, 0,151812,1000,1000,0,0,0,""
1847175,DATA,275.8,-2.1, 0, 0,120595,1000,1000,0,0,0,""
1847675,DATA,274.5,-4.2, 0, 0,167418,1000,1000,0,0,0,""
1848175,DATA,273.5,-2.1, 0, 0,151803,1000,1000,0,0,0,""
1848675,DATA,272.3,-2.1, 0, 0,130207,1000,1000,0,0,0,""
1849175,DATA,271.3,0.0, 0, 0,121790,1000,1000,0,0,0,""
1849675,DATA,269.5,-2.1, 0, 0,113998,1000,1000,0,0,0,""
1850175,DATA,268.3,-2.1, 0, 0,131409,1000,1000,0,0,0,""
1850675,DATA,267.3,-2.1, 0, 0,92400,1000,1000,0,0,0,""
1851175,DATA,265.5,-4.2, 0, 0,152397,1000,1000,0,0,0,""
1851675,DATA,264.3,-4.2, 0, 0,167425,1000,1000,0,0,0,""
1852175,DATA,262.8,-4.2, 0, 0,139187,1000,1000,0,0,0,""
1852675,DATA,261.8,-2.1, 0, 0,143391,1000,1000,0,0,0,""
1853175,DATA,260.5,-2.1, 0, 0,52202,1000,1000,0,0,0,""
1853675,DATA,259.2,-2.1, 0, 0, 0,1000,1000,0,0,0,""
1854175,DATA,258.0,-4.2, 0, 0,166193,1000,1000,0,0,0,""
1854675,DATA,257.0,0.0, 0, 0,166223,1000,1000,0,0,0,""
1855175,DATA,256.0,0.0, 0, 0,165607,1000,1000,0,0,0,""
1855675,DATA,255.0,-2.1, 0, 0,166813,1000,1000,0,0,0,""
1856175,DATA,254.0,0.0, 0, 0,165615,1000,1000,0,0,0,""
1856675,DATA,253.2,-4.2, 0, 0,65398,1000,1000,0,0,0,""
1857175,DATA,252.5,-2.1, 0, 0, 0,1000,1000,0,0,0,""
1857675,DATA,251.5,-2.1, 0, 0, 0,1000,1000,0,0,0,""
1858175,DATA,251.0,0.0, 0, 0, 0,1000,1000,0,0,0,""
1858675,DATA,250.3,-2.1, 0, 0, 0,1000,1000,0,0,0,""
1859175,DATA,249.3,-2.1, 0, 0, 0,1000,1000,0,0,0,""
1859675,DATA,248.5,-2.1, 0, 0, 0,1000,1000,0,0,0,""
1860175,DATA,247.8,-2.1, 0, 0,2400,1000,1000,0,0,0,""
1860675,DATA,246.7,-2.1, 0, 0, 0,1000,1000,0,0,0,""
1861175,DATA,246.0,-2.1, 0, 0, 0,1000,1000,0,0,0,""
1861675,DATA,245.3,0.0, 0, 0, 0,1000,1000,0,0,0,""
1862175,DATA,244.0,-2.1, 0, 0,155423,1000,1000,0,0,0,""
1862675,DATA,243.0,-2.1, 0, 0,166195,1000,1000,0,0,0,""
1863175,DATA,242.3,-2.1, 0, 0,165603,1000,1000,0,0,0,""
1863675,DATA,241.0,-4.2, 0, 0,167405,1000,1000,0,0,0,""
1864175,DATA,240.3,-2.1, 0, 0,165008,1000,1000,0,0,0,""
1864675,DATA,239.5,0.0, 0, 0,167403,1000,1000,0,0,0,""
1865139,EVENT,238.5,-4.2, 0, 0,164997,1000,1000,0,0,0,"STARTER 1200"
1865175,DATA,238.5,-4.2, 0, 0,164997,1000,1002,0,0,0,""
1865695,DATA,237.0,-3.4,2397,2043,500,1000,1132,0,0,0,""
1866195,DATA,236.2,-1.7,2118,2311, 0,1000,1200,0,0,0,""
1866695,DATA,235.5,-4.2,3896,3543,2400,1000,1200,0,0,0,""
1867195,DATA,234.8,0.0,4065,4085,8401,1000,1200,0,0,0,""
1867695,DATA,233.3,-4.2,4214,4171,2400,1000,1200,0,0,0,""
1868195,DATA,232.8,-4.2,3955,4062,4201,1000,1200,0,0,0,""
1868695,DATA,232.5,0.0,4514,4386,10801,1000,1200,0,0,0,""
1869195,DATA,232.0,-2.1,5877,5434,7200,1000,1200,0,0,0,""
1869324,EVENT,231.8,-2.1,5967,5674,11400,1000,1200,0,0,0,"STARTER OFF"
1869715,DATA,231.3,-1.7,5835,5926,1500,1000,1102,0,0,0,""
1870235,DATA,230.5,0.0,2676,3363,500,1000,1014,0,0,0,""
1870735,DATA,230.0,-2.1,2146,2124,14402,1000,1000,0,0,0,""
1871235,DATA,229.3,0.0,3093,2775,29997,1000,1000,0,0,0,""
1871735,DATA,228.2,0.0,4573,4304,38401,1000,1000,0,0,0,""
1872235,DATA,227.0,-2.1,6729,6651,55801,1000,1000,0,0,0,""
1872735,DATA,226.2,-2.1,9783,8483,6600,1000,1000,0,0,0,""
1873235,DATA,225.8,0.0,11617,10273, 0,1000,1000,0,0,0,""
1873735,DATA,225.3,0.0,15192,14780,1200,1000,1000,0,0,0,""
1874235,DATA,224.8,-2.1,7143,9372,2400,1000,1000,0,0,0,""
1874735,DATA,224.3,-2.1,2394,2882,3600,1000,1000,0,0,0,""
1875235,DATA,223.5,-2.1,5037,4310,13200,1000,1000,0,0,0,""
1875735,DATA,223.0,-2.1,6539,7593, 0,1000,1000,0,0,0,""
1876235,DATA,222.3,-2.1,3719,3673,102589,1000,1000,0,0,0,""
1876735,DATA,221.5,-2.1,3658,3447, 0,1000,1000,0,0,0,""
1877235,DATA,220.8,0.0,3696,3782, 0,1000,1000,0,0,0,""
1877735,DATA,219.7,-2.1,632,1153, 0,1000,1000,0,0,0,""
1878235,DATA,219.0,-2.1,3784,2559,19801,1000,1000,0,0,0,""
1878735,DATA,218.0,0.0,2384,3536, 0,1000,1000,0,0,0,""
1879235,DATA,217.3,-2.1,1016,1374, 0,1000,1000,0,0,0,""
1879735,DATA,216.8,0.0, 0, 0, 0,1000,1000,0,0,0,""
1880235,DATA,216.0,-2.1, 0, 0, 0,1000,1000,0,0,0,""
1880735,DATA,215.3,-2.1, 0, 0,40199,1000,1000,0,0,0,""
1881235,DATA,214.8,0.0, 0, 0, 0,1000,1000,0,0,0,""
1881735,DATA,213.7,-2.1, 0, 0,22802,1000,1000,0,0,0,""
1882235,DATA,213.0,-2.1, 0, 0,93001,1000,1000,0,0,0,""
1882735,DATA,212.5,-2.1, 0, 0,25797,1000,1000,0,0,0,""
1883235,DATA,212.0,-2.1, 0, 0,39001,1000,1000,0,0,0,""
1883735,DATA,211.5,0.0, 0, 0, 0,1000,1000,0,0,0,""
1884235,DATA,210.8,-2.1, 0, 0, 0,1000,1000,0,0,0,""
1884735,DATA,209.8,-2.1, 0, 0,162603,1000,1000,0,0,0,""
1885235,DATA,209.0,-2.1, 0, 0,97792,1000,1000,0,0,0,""
1885735,DATA,208.5,-2.1, 0, 0,60605,1000,1000,0,0,0,""
1886235,DATA,207.8,0.0, 0, 0,12599,1000,1000,0,0,0,""
1886735,DATA,207.0,-2.1, 0, 0,110414,1000,1000,0,0,0,""
1887235,DATA,206.3,0.0, 0, 0,7800,1000,1000,0,0,0,""
1887735,DATA,205.2,-2.1, 0, 0,101398,1000,1000,0,0,0,""
1888235,DATA,204.5,0.0, 0, 0, 0,1000,1000,0,0,0,""
1888735,DATA,203.8,-2.1, 0, 0,26402,1000,1000,0,0,0,""
1889235,DATA,203.2,0.0, 0, 0,12600,1000,1000,0,0,0,""
1889735,DATA,202.8,0.0, 0, 0,33599,1000,1000,0,0,0,""
1890235,DATA,202.5,0.0, 0, 0, 0,1000,1000,0,0,0,""
1890735,DATA,201.8,-2.1, 0, 0, 0,1000,1000,0,0,0,""
1891235,DATA,200.8,-2.1, 0, 0,4800,1000,1000,0,0,0,""
1891735,DATA,200.0,-2.1, 0, 0, 0,1000,1000,0,0,0,""
1892235,DATA,199.5,0.0, 0, 0, 0,1000,1000,0,0,0,""
1892735,DATA,198.8,-2.1, 0, 0,2400,1000,1000,0,0,0,""
1893235,DATA,198.3,0.0, 0, 0,106211,1000,1000,0,0,0,""
1893735,DATA,197.5,-2.1, 0, 0, 0,1000,1000,0,0,0,""
1894235,DATA,196.8,-2.1, 0, 0,14998,1000,1000,0,0,0,""
1894735,DATA,196.5,0.0, 0, 0, 0,1000,1000,0,0,0,""
1895235,DATA,195.5,-2.1, 0, 0, 0,1000,1000,0,0,0,""
1895735,DATA,194.8,-4.2, 0, 0,154183,1000,1000,0,0,0,""
1896235,DATA,194.2,-2.1, 0, 0,89988,1000,1000,0,0,0,""
1896735,DATA,193.8,-2.1, 0, 0,25800,1000,1000,0,0,0,""
1897235,DATA,193.0,-2.1, 0, 0,102607,1000,1000,0,0,0,""
1897735,DATA,191.8,-2.1, 0, 0,10799,1000,1000,0,0,0,""
1898235,DATA,191.3,-2.1, 0, 0, 0,1000,1000,0,0,0,""
1898735,DATA,190.5,-2.1, 0, 0, 0,1000,1000,0,0,0,""
1899235,DATA,190.0,0.0, 0, 0,4200,1000,1000,0,0,0,""
1899735,DATA,189.5,0.0, 0, 0,12600,1000,1000,0,0,0,""
1900235,DATA,188.8,-2.1, 0, 0, 0,1000,1000,0,0,0,""
1900735,DATA,188.0,-2.1, 0, 0, 0,1000,1000,0,0,0,""
1901235,DATA,187.5,0.0, 0, 0,6000,1000,1000,0,0,0,""
1902235,DATA,186.3,0.0, 0, 0, 0,1000,1000,0,0,0,""
1902735,DATA,185.8,-2.1,67,67, 0,1000,1000,0,0,0,""
1903235,DATA,185.3,0.0, 0, 0,600,1000,1000,0,0,0,""
1903735,DATA,184.5,0.0, 0, 0,8401,1000,1000,0,0,0,""
1904235,DATA,183.3,-2.1, 0, 0,91264,1000,1000,0,0,0,""
1904735,DATA,182.5,-2.1, 0, 0,21013,1000,1000,0,0,0,""
1905235,DATA,181.7,-2.1, 0, 0,94264,1000,1000,0,0,0,""
1905735,DATA,181.3,0.0, 0, 0,37222,1000,1000,0,0,0,""
1906235,DATA,180.8,0.0, 0, 0, 0,1000,1000,0,0,0,""
1906735,DATA,180.0,-2.0, 0, 0,105642,1000,1000,0,0,0,""
1907235,DATA,179.3,-2.1, 0, 0, 0,1000,1000,0,0,0,""
1907735,DATA,178.5,0.0, 0, 0,160299,1000,1000,0,0,0,""
1908235,DATA,177.5,-2.1, 0, 0,600,1000,1000,0,0,0,""
1908735,DATA,177.0,0.0, 0, 0,28820,1000,1000,0,0,0,""
1909235,DATA,176.7,0.0, 0, 0,55827,1000,1000,0,0,0,""
1909735,DATA,176.3,-2.0, 0, 0,52233,1000,1000,0,0,0,""
1910235,DATA,175.5,0.0, 0, 0,48024,1000,1000,0,0,0,""
1910735,DATA,174.8,-2.1, 0, 0,33016,1000,1000,0,0,0,""
1911235,DATA,174.5,0.0, 0, 0,56437,1000,1000,0,0,0,""
1911735,DATA,174.3,-2.1, 0, 0,30620,1000,1000,0,0,0,""
1912235,DATA,174.3,0.0, 0, 0,46824,1000,1000,0,0,0,""
1912735,DATA,174.0,-2.0, 0, 0,62446,1000,1000,0,0,0,""
1913235,DATA,174.0,0.0, 0, 0,50429,1000,1000,0,0,0,""
1913735,DATA,173.8,0.0, 0, 0,56430,1000,1000,0,0,0,""
1914235,DATA,173.8,0.0, 0, 0,84053,1000,1000,0,0,0,""
1914735,DATA,173.3,-2.1, 0, 0,30871,1000,1000,0,0,0,""
1915235,DATA,172.8,-2.1, 0, 0,76590,1000,1000,0,0,0,""
1915735,DATA,172.0,-2.0, 0, 0,71841,1000,1000,0,0,0,""
1916235,DATA,171.5,0.0, 0, 0,130019,1000,1000,0,0,0,""
1916735,DATA,170.5,-2.1, 0, 0,56992,1000,1000,0,0,0,""
1917235,DATA,170.0,-2.1, 0, 0,84907,1000,1000,0,0,0,""
1917735,DATA,169.5,-2.1, 0, 0,118743,1000,1000,0,0,0,""
1918235,DATA,169.3,-2.1, 0, 0,54629,1000,1000,0,0,0,""
1918735,DATA,168.8,-2.0, 0, 0,72427,1000,1000,0,0,0,""
1919235,DATA,168.3,-2.1, 0, 0,98548,1000,1000,0,0,0,""
1919735,DATA,167.8,-2.1, 0, 0,20186,1000,1000,0,0,0,""
1920235,DATA,167.5,0.0, 0, 0,59963,1000,1000,0,0,0,""
1920735,DATA,167.0,0.0, 0, 0,86092,1000,1000,0,0,0,""
1921235,DATA,166.5,0.0, 0, 0,67082,1000,1000,0,0,0,""
1921735,DATA,166.0,0.0, 0, 0,21967,1000,1000,0,0,0,""
1922235,DATA,165.8,0.0, 0, 0,108034,1000,1000,0,0,0,""
1922735,DATA,165.3,0.0, 0, 0,58775,1000,1000,0,0,0,""
1923235,DATA,164.8,-2.1, 0, 0,23154,1000,1000,0,0,0,""
1923735,DATA,164.5,0.0, 0, 0,77769,1000,1000,0,0,0,""
1924235,DATA,164.0,-2.1, 0, 0,80758,1000,1000,0,0,0,""
1924735,DATA,163.8,0.0, 0, 0, 0,1000,1000,0,0,0,""
1925235,DATA,163.3,-2.1, 0, 0,32059,1000,1000,0,0,0,""
1925735,DATA,163.0,0.0, 0, 0,9500,1000,1000,0,0,0,""
1926235,DATA,162.5,0.0, 0, 0,41562,1000,1000,0,0,0,""
1926735,DATA,162.0,-2.1, 0, 0, 0,1000,1000,0,0,0,""
1927235,DATA,161.5,-2.1, 0, 0,9501,1000,1000,0,0,0,""
1927735,DATA,161.3,0.0, 0, 0,2375,1000,1000,0,0,0,""
1928235,DATA,161.0,0.0, 0, 0,14842,1000,1000,0,0,0,""
1928735,DATA,160.5,0.0, 0, 0,17812,1000,1000,0,0,0,""
1929235,DATA,160.3,0.0, 0, 0,8311,1000,1000,0,0,0,""
1929735,DATA,159.8,0.0, 0, 0,2375,1000,1000,0,0,0,""
1930235,DATA,159.5,0.0, 0, 0, 0,1000,1000,0,0,0,""
1930735,DATA,159.3,0.0, 0, 0, 0,1000,1000,0,0,0,""
1931235,DATA,159.0,0.0, 0, 0, 0,1000,1000,0,0,0,""
1931735,DATA,158.5,0.0, 0, 0,159085,1000,1000,0,0,0,""
1932235,DATA,158.0,0.0, 0, 0,161479,1000,1000,0,0,0,""
1932735,DATA,157.3,-2.1, 0, 0, 0,1000,1000,0,0,0,""
1933235,DATA,156.8,-2.1, 0, 0,129428,1000,1000,0,0,0,""
1933735,DATA,156.5,-2.0, 0, 0,132415,1000,1000,0,0,0,""
1934235,DATA,156.0,-2.1, 0, 0,161477,1000,1000,0,0,0,""
1934735,DATA,155.8,-2.1, 0, 0,162080,1000,1000,0,0,0,""
1935235,DATA,155.5,0.0, 0, 0,129432,1000,1000,0,0,0,""
1935735,DATA,155.0,0.0, 0, 0,107457,1000,1000,0,0,0,""
1936235,DATA,154.5,-2.1, 0, 0,17814,1000,1000,0,0,0,""
1936735,DATA,154.0,-2.0, 0, 0,75997,1000,1000,0,0,0,""
1937235,DATA,153.5,-2.1, 0, 0,138927,1000,1000,0,0,0,""
1937735,DATA,153.3,0.0, 0, 0,90841,1000,1000,0,0,0,""
1938235,DATA,153.0,0.0, 0, 0,68276,1000,1000,0,0,0,""
1938735,DATA,152.5,0.0, 0, 0,7719,1000,1000,0,0,0,""
1939235,DATA,152.0,0.0, 0, 0,135939,1000,1000,0,0,0,""
1939735,DATA,151.5,-2.0, 0, 0,159090,1000,1000,0,0,0,""
1940235,DATA,151.0,-2.1, 0, 0,159107,1000,1000,0,0,0,""
1940735,DATA,150.3,-2.1, 0, 0,160902,1000,1000,0,0,0,""
1941235,DATA,149.8,0.0, 0, 0,160866,1000,1000,0,0,0,""
1941735,DATA,149.0,0.0, 0, 0,159113,1000,1000,0,0,0,""
1942235,DATA,148.8,0.0, 0, 0,20190,1000,1000,0,0,0,""
1942735,DATA,148.5,0.0, 0, 0,137146,1000,1000,0,0,0,""
1943235,DATA,148.0,-2.1, 0, 0,17216,1000,1000,0,0,0,""
1943735,DATA,147.5,-2.1, 0, 0,45118,1000,1000,0,0,0,""
1944235,DATA,147.0,0.0, 0, 0,126440,1000,1000,0,0,0,""
1944735,DATA,146.3,0.0, 0, 0,158510,1000,1000,0,0,0,""
1945235,DATA,145.8,-2.1, 0, 0,160895,1000,1000,0,0,0,""
1945735,DATA,145.0,-2.0, 0, 0,148425,1000,1000,0,0,0,""
1946235,DATA,144.5,-2.1, 0, 0,147814,1000,1000,0,0,0,""
1946735,DATA,144.0,0.0, 0, 0,81944,1000,1000,0,0,0,""
1947235,DATA,143.3,-2.1, 0, 0,130031,1000,1000,0,0,0,""
1947735,DATA,142.8,0.0, 0, 0,159098,1000,1000,0,0,0,""
1948235,DATA,142.3,0.0, 0, 0,150206,1000,1000,0,0,0,""
1948735,DATA,142.3,0.0, 0, 0,145437,1000,1000,0,0,0,""
1949235,DATA,142.3,0.0, 0, 0,13655,1000,1000,0,0,0,""
1949735,DATA,142.0,0.0, 0, 0,135365,1000,1000,0,0,0,""
1950235,DATA,141.8,0.0, 0, 0, 0,1000,1000,0,0,0,""
1950735,DATA,141.5,0.0, 0, 0,18405,1000,1000,0,0,0,""
1951235,DATA,141.3,0.0, 0, 0,18998,1000,1000,0,0,0,""
1951735,DATA,141.0,2.0, 0, 0,15436,1000,1000,0,0,0,""
1952235,DATA,140.8,0.0, 0, 0,14248,1000,1000,0,0,0,""
1952735,DATA,140.5,0.0, 0, 0,4156,1000,1000,0,0,0,""
1953235,DATA,140.3,0.0, 0, 0,19000,1000,1000,0,0,0,""
1953735,DATA,140.3,0.0, 0, 0,19594,1000,1000,0,0,0,""
1954235,DATA,139.8,0.0, 0, 0,25529,1000,1000,0,0,0,""
1954735,DATA,139.5,0.0, 0, 0,16030,1000,1000,0,0,0,""
1955235,DATA,139.3,0.0, 0, 0,8313,1000,1000,0,0,0,""
1955735,DATA,138.8,-2.1, 0, 0,1187,1000,1000,0,0,0,""
1956235,DATA,138.5,0.0, 0, 0,11282,1000,1000,0,0,0,""
1956735,DATA,137.8,-2.1, 0, 0,10092,1000,1000,0,0,0,""
1957235,DATA,137.3,-2.1, 0, 0,15435,1000,1000,0,0,0,""
1957735,DATA,136.8,-2.0, 0, 0,27311,1000,1000,0,0,0,""
1958235,DATA,136.3,-2.1, 0, 0,24341,1000,1000,0,0,0,""
1958735,DATA,136.0,-2.1, 0, 0,19593,1000,1000,0,0,0,""
1959235,DATA,135.5,0.0, 0, 0,39778,1000,1000,0,0,0,""
1959735,DATA,135.0,-2.1, 0, 0,13063,1000,1000,0,0,0,""
1960235,DATA,134.8,-2.1, 0, 0,24936,1000,1000,0,0,0,""
1960735,DATA,134.3,-2.0, 0, 0,38000,1000,1000,0,0,0,""
1961235,DATA,134.0,0.0, 0, 0,23749,1000,1000,0,0,0,""
1961735,DATA,133.5,0.0, 0, 0,15437,1000,1000,0,0,0,""
1962235,DATA,133.0,-2.1, 0, 0,17812,1000,1000,0,0,0,""
1962735,DATA,132.8,0.0, 0, 0,31466,1000,1000,0,0,0,""
1963235,DATA,132.3,-2.1, 0, 0,9500,1000,1000,0,0,0,""
1963735,DATA,132.0,0.0, 0, 0,24936,1000,1000,0,0,0,""
1964235,DATA,131.5,0.0, 0, 0,31470,1000,1000,0,0,0,""
1964736,DATA,131.0,0.0, 0, 0,20186,1000,1000,0,0,0,""
1965237,DATA,130.5,0.0, 0, 0,7124,1000,1000,0,0,0,""
1965738,DATA,129.8,-2.1, 0, 0,23153,1000,1000,0,0,0,""
1966239,DATA,129.3,-2.1, 0, 0,43340,1000,1000,0,0,0,""
1966740,DATA,129.3,0.0, 0, 0,39187,1000,1000,0,0,0,""
1967241,DATA,129.0,0.0, 0, 0,18996,1000,1000,0,0,0,""
1967742,DATA,129.0,0.0, 0, 0,20186,1000,1000,0,0,0,""
1968243,DATA,128.8,-2.1, 0, 0,24340,1000,1000,0,0,0,""
1968744,DATA,128.8,0.0, 0, 0,27311,1000,1000,0,0,0,""
1969245,DATA,128.5,0.0, 0, 0,20782,1000,1000,0,0,0,""
1969746,DATA,128.5,0.0, 0, 0,36811,1000,1000,0,0,0,""
1970081,EVENT,128.5,0.0, 0, 0,20401,1000,1000,0,0,0,"STARTER 1200"
1970275,DATA,128.3,-1.9,1000,1000,9834,1000,1052,0,0,0,""
1970795,DATA,128.0,5.7,3124,2987, 0,1000,1161,0,0,0,""
1971295,DATA,126.8,-2.1,2385,2377,5443,1000,1200,0,0,0,""
1971795,DATA,126.2,-2.1,4060,3763,4200,1000,1200,0,0,0,""
1972295,DATA,125.2,-2.1,4890,4769,6599,1000,1200,0,0,0,""
1972795,DATA,124.7,0.0,4904,4927,3600,1000,1200,0,0,0,""
1973295,DATA,124.2,-2.1,4893,4706,9600,1000,1200,0,0,0,""
1973795,DATA,123.2,0.0,6118,6160,8400,1000,1200,0,0,0,""
1974295,DATA,122.2,0.0,4497,4785,7200,1000,1200,0,0,0,""
1974795,DATA,121.0,-2.1,4498,4484,6601,1000,1200,0,0,0,""
1975295,DATA,120.0,-2.1,4131,4268,4800,1000,1200,0,0,0,""
1975795,DATA,119.0,-2.1,4117,4188,4800,1000,1200,0,0,0,""
1976295,DATA,118.3,0.0,5119,4754,10200,1000,1200,0,0,0,""
1976795,DATA,117.3,0.0,4650,4822,5400,1000,1200,0,0,0,""
1977295,DATA,115.7,-2.0,4217,4305,4800,1000,1200,0,0,0,""
1977795,DATA,115.5,0.0,4143,4163,7799,1000,1200,0,0,0,""
1978295,DATA,114.5,-4.2,4378,4303,6600,1000,1200,0,0,0,""
1978795,DATA,114.0,0.0,4309,4327,7201,1000,1200,0,0,0,""
1979295,DATA,113.0,-2.1,4312,4358,6000,1000,1200,0,0,0,""
1979795,DATA,112.5,-2.1,4265,4284,4201,1000,1200,0,0,0,""
1980295,DATA,111.5,-2.0,4120,4180,5401,1000,1200,0,0,0,""
1980795,DATA,111.0,0.0,4601,4437,4801,1000,1200,0,0,0,""
1981295,DATA,110.0,-2.1,4622,4672,3600,1000,1200,0,0,0,""
1981795,DATA,109.5,2.1,4359,4343,6600,1000,1200,0,0,0,""
1982295,DATA,108.2,-2.1,4551,4603,3600,1000,1200,0,0,0,""
1982795,DATA,107.5,-2.1,4475,4485,8399,1000,1200,0,0,0,""
1983295,DATA,106.8,-2.0,4946,4835,6001,1000,1200,0,0,0,""
1983795,DATA,105.8,-2.1,4855,4917,4800,1000,1200,0,0,0,""
1984295,DATA,105.2,-2.1,4769,4749,4800,1000,1200,0,0,0,""
1984795,DATA,104.5,-2.1,4251,4379,4200,1000,1200,0,0,0,""
1985296,DATA,104.0,-2.1,4098,4112,10800,1000,1200,0,0,0,""
1985797,DATA,104.0,2.1,4620,4676,18000,1000,1200,0,0,0,""
1986298,DATA,103.2,0.0,4317,4383,9600,1000,1200,0,0,0,""
1986799,DATA,102.8,-2.1,4749,4552,5399,1000,1200,0,0,0,""
1987300,DATA,102.0,-2.1,5428,5164,12001,1000,1200,0,0,0,""
1987801,DATA,101.5,-2.1,4718,4881,4800,1000,1200,0,0,0,""
1988302,DATA,101.0,-2.1,4806,4889,6001,1000,1200,0,0,0,""
1988803,DATA,100.5,-2.1,4402,4468,7200,1000,1200,0,0,0,""
1989304,DATA,99.8,-2.0,5010,4710,6600,1000,1200,0,0,0,""
1989805,DATA,99.2,-2.1,5551,5418,8399,1000,1200,0,0,0,""
1990306,DATA,99.0,0.0,5256,5302,7800,1000,1200,0,0,0,""
1990807,DATA,98.5,0.0,5271,5327,6599,1000,1200,0,0,0,""
1991308,DATA,98.3,0.0,5406,5285,5400,1000,1200,0,0,0,""
1991809,DATA,97.7,0.0,4832,4857,9599,1000,1200,0,0,0,""
1992310,DATA,97.3,-2.0,5391,5404,6000,1000,1200,0,0,0,""
1992811,DATA,96.7,-2.1,4827,4930,4200,1000,1200,0,0,0,""
1993312,DATA,96.5,0.0,4619,4615,10799,1000,1200,0,0,0,""
1993813,DATA,96.0,0.0,5236,5225,7200,1000,1200,0,0,0,""
1994314,DATA,95.5,-2.1,4980,4911,6000,1000,1200,0,0,0,""
1994815,DATA,95.2,0.0,4930,4992,5398,1000,1200,0,0,0,""
1995316,DATA,94.8,0.0,4680,4673,6533,1000,1200,0,0,0,""
1995817,DATA,94.2,-2.1,6474,6046,9500,1000,1200,0,0,0,""
1996318,DATA,94.0,0.0,5191,5542,5938,1000,1200,0,0,0,""
1996819,DATA,93.5,-2.1,6146,5820,8907,1000,1200,0,0,0,""
1997320,DATA,93.3,0.0,5297,5531,6532,1000,1200,0,0,0,""
1997821,DATA,92.7,-2.1,5607,5427,7124,1000,1200,0,0,0,""
1998322,DATA,92.3,-2.0,5094,5318,5937,1000,1200,0,0,0,""
1998823,DATA,92.0,0.0,5291,5291,7126,1000,1200,0,0,0,""
1999324,DATA,91.7,0.0,5600,5385,7718,1000,1200,0,0,0,""
1999825,DATA,91.2,-2.1,4833,5089,4750,1000,1200,0,0,0,""
2000326,DATA,91.0,0.0,4820,4621,8312,1000,1200,0,0,0,""
2000827,DATA,90.5,-2.1,5276,5166,6533,1000,1200,0,0,0,""
2001328,DATA,90.0,-2.0,5089,5017,6532,1000,1200,0,0,0,""
2001829,DATA,89.8,-2.1,5200,5280,5938,1000,1200,0,0,0,""
2002330,DATA,89.2,-2.1,5519,5535,7125,1000,1200,0,0,0,""
2002831,DATA,89.0,0.0,4393,4622,5938,1000,1200,0,0,0,""
2003332,DATA,88.7,0.0,4547,4588,8314,1000,1200,0,0,0,""
2003833,DATA,88.5,0.0,5784,5494,8313,1000,1200,0,0,0,""
2004334,DATA,88.0,0.0,5048,5283,5344,1000,1200,0,0,0,""
2004835,DATA,87.7,0.0,4673,4723,8315,1000,1200,0,0,0,""
2005336,DATA,87.3,-2.1,5507,5247,7127,1000,1200,0,0,0,""
2005837,DATA,87.0,0.0,5701,5614,8314,1000,1200,0,0,0,""
2006338,DATA,86.7,0.0,4493,4769,4157,1000,1200,0,0,0,""
2006839,DATA,86.2,0.0,4646,4545,10095,1000,1200,0,0,0,""
2007340,DATA,86.0,0.0,4783,4782,6532,1000,1200,0,0,0,""
2007841,DATA,85.5,-2.1,4708,4864,5344,1000,1200,0,0,0,""
2008342,DATA,85.2,-2.1,4132,4198,4750,1000,1200,0,0,0,""
2008843,DATA,85.0,0.0,3982,4017,5345,1000,1200,0,0,0,""
2009344,DATA,84.8,0.0,4750,4504,7721,1000,1200,0,0,0,""
2009845,DATA,84.2,-2.1,5428,5232,4156,1000,1200,0,0,0,""
2010346,DATA,83.7,-2.0,4574,4710,5344,1000,1200,0,0,0,""
2010847,DATA,83.5,-2.1,4325,4345,4156,1000,1200,0,0,0,""
2011348,DATA,83.3,0.0,4344,4425,4750,1000,1200,0,0,0,""
2011849,DATA,83.0,0.0,4525,4366,5345,1000,1200,0,0,0,""
2012350,DATA,82.7,0.0,4300,4396,4750,1000,1200,0,0,0,""
2012851,DATA,82.3,-2.1,4464,4489,8312,1000,1200,0,0,0,""
2013352,DATA,82.0,0.0,4637,4650,4751,1000,1200,0,0,0,""
2013853,DATA,81.7,0.0,4278,4371,6532,1000,1200,0,0,0,""
2014354,DATA,81.5,0.0,4129,4179,5344,1000,1200,0,0,0,""
2014855,DATA,81.0,-2.1,4274,4239,4750,1000,1200,0,0,0,""
2015356,DATA,80.8,-2.1,4538,4390,4156,1000,1200,0,0,0,""
2015857,DATA,80.5,0.0,4588,4476,5938,1000,1200,0,0,0,""
2016358,DATA,80.2,0.0,4730,4684,5345,1000,1200,0,0,0,""
2016859,DATA,79.7,-2.1,4261,4370,6531,1000,1200,0,0,0,""
2017360,DATA,79.5,-2.1,4183,4191,2969,1000,1200,0,0,0,""
2017861,DATA,79.2,-2.1,4190,4249,4157,1000,1200,0,0,0,""
2018362,DATA,79.0,0.0,4188,4083,5939,1000,1200,0,0,0,""
2018863,DATA,78.7,-2.1,4095,4091,3562,1000,1200,0,0,0,""
2019364,DATA,78.5,0.0,4266,4236,5938,1000,1200,0,0,0,""
2019865,DATA,78.3,0.0,3992,4088,1781,1000,1200,0,0,0,""
2020366,DATA,78.0,0.0,4024,3968,2375,1000,1200,0,0,0,""
2020867,DATA,77.5,-2.1,4339,4278,5345,1000,1200,0,0,0,""
2021368,DATA,77.2,-2.1,4721,4631,5937,1000,1200,0,0,0,""
2021869,DATA,77.0,-2.1,4275,4388,5344,1000,1200,0,0,0,""
2022370,DATA,76.7,0.0,4233,4209,5344,1000,1200,0,0,0,""
2022871,DATA,76.5,-2.1,4273,4281,2969,1000,1200,0,0,0,""
2023372,DATA,76.2,-2.1,4301,4292,1187,1000,1200,0,0,0,""
2023873,DATA,76.0,0.0,4318,4315,5938,1000,1200,0,0,0,""
2024374,DATA,75.8,0.0,4330,4325,3563,1000,1200,0,0,0,""
2024875,DATA,75.5,-2.1,4266,4257,9499,1000,1200,0,0,0,""
2025376,DATA,75.2,0.0,4172,4214,4157,1000,1200,0,0,0,""
2025877,DATA,75.0,0.0,4057,4066,6533,1000,1200,0,0,0,""
2026378,DATA,74.7,0.0,4408,4330,4157,1000,1200,0,0,0,""
2026879,DATA,74.5,-2.1,4138,4121,5939,1000,1200,0,0,0,""
2027380,DATA,74.2,-2.1,4065,4149,4157,1000,1200,0,0,0,""
2027881,DATA,74.0,-2.1,4232,4199,6533,1000,1200,0,0,0,""
2028382,DATA,73.7,-2.0,4153,4164,6532,1000,1200,0,0,0,""
2028883,DATA,73.5,0.0,4306,4198,5938,1000,1200,0,0,0,""
2029384,DATA,73.3,0.0,4210,4239,4157,1000,1200,0,0,0,""
2029885,DATA,73.0,0.0,4229,4284,4751,1000,1200,0,0,0,""
2030386,DATA,72.7,0.0,4256,4243,5345,1000,1200,0,0,0,""
2030887,DATA,72.5,0.0,4512,4369,8907,1000,1200,0,0,0,""
2031388,DATA,72.2,0.0,4503,4524,7125,1000,1200,0,0,0,""
2031889,DATA,72.0,0.0,4199,4281,4751,1000,1200,0,0,0,""
2032390,DATA,72.0,2.1,3835,3913,5345,1000,1200,0,0,0,""
2032891,DATA,71.5,-2.1,4165,4054,6531,1000,1200,0,0,0,""
2033392,DATA,71.5,0.0,4269,4259,4750,1000,1200,0,0,0,""
2033893,DATA,71.2,2.1,4516,4446,7126,1000,1200,0,0,0,""
2034394,DATA,70.8,0.0,4548,4588,5937,1000,1200,0,0,0,""
2034895,DATA,70.8,2.1,4787,4742,7125,1000,1200,0,0,0,""
2035396,DATA,70.5,0.0,4606,4609,4158,1000,1200,0,0,0,""
2035897,DATA,70.2,0.0,4175,4229,4751,1000,1200,0,0,0,""
2036398,DATA,70.0,0.0,4435,4381,6532,1000,1200,0,0,0,""
2036899,DATA,69.7,0.0,4773,4699,5345,1000,1200,0,0,0,""
2037400,DATA,69.5,-2.0,4253,4365,6532,1000,1200,0,0,0,""
2037901,DATA,69.5,2.1,4203,4271,7720,1000,1200,0,0,0,""
2038402,DATA,69.2,0.0,4497,4427,7128,1000,1200,0,0,0,""
2038903,DATA,69.0,0.0,4432,4388,6532,1000,1200,0,0,0,""
2039404,DATA,68.7,0.0,4851,4732,8910,1000,1200,0,0,0,""
2039905,DATA,68.5,0.0,4751,4745,1188,1000,1200,0,0,0,""
2040406,DATA,68.3,0.0,4718,4635,4751,1000,1200,0,0,0,""
2040907,DATA,68.0,0.0,4539,4585,4750,1000,1200,0,0,0,""
2041408,DATA,67.7,0.0,4328,4337,4750,1000,1200,0,0,0,""
2041909,DATA,67.7,0.0,4345,4298,4750,1000,1200,0,0,0,""
2042410,DATA,67.5,0.0,4131,4143,4157,1000,1200,0,0,0,""
2042911,DATA,67.2,0.0,4317,4399,4751,1000,1200,0,0,0,""
2043412,DATA,67.2,0.0,4487,4391,7720,1000,1200,0,0,0,""
2043913,DATA,67.0,0.0,4280,4396,5345,1000,1200,0,0,0,""
2044414,DATA,66.7,0.0,4522,4420,5344,1000,1200,0,0,0,""
2044915,DATA,66.5,0.0,4343,4413,4157,1000,1200,0,0,0,""
2045416,DATA,66.5,0.0,4414,4387,5345,1000,1200,0,0,0,""
2045917,DATA,66.2,0.0,4065,4172,3563,1000,1200,0,0,0,""
2046418,DATA,66.0,0.0,4191,4093,1782,1000,1200,0,0,0,""
2046660,EVENT,66.0,0.0,4326,4243,600,1000,1200,0,0,0,"STARTER OFF"
2046935,DATA,66.0,0.0,3210,3671,1500,1000,1130,0,0,0,""
2047455,DATA,65.8,0.0,2572,2878,1500,1000,1029,0,0,0,""
2047955,DATA,65.8,0.0,1686,1847,3600,1000,1000,0,0,0,""
2048455,DATA,65.5,0.0,1528,1560,3000,1000,1000,0,0,0,""
2048955,DATA,65.5,0.0,1504,1509,4200,1000,1000,0,0,0,""
2049455,DATA,65.5,0.0,1501,1501,4200,1000,1000,0,0,0,""
2049955,DATA,65.2,-2.1,3348,2953,7801,1000,1000,0,0,0,""
2050455,DATA,65.2,-2.1,2963,3010,3000,1000,1000,0,0,0,""
2050955,DATA,65.2,0.0,3196,3154,4200,1000,1000,0,0,0,""
2051455,DATA,65.2,-2.1,3802,3379,5400,1000,1000,0,0,0,""
2051955,DATA,65.5,0.0,2540,2909,3000,1000,1000,0,0,0,""
2052455,DATA,65.5,0.0,2538,2671,2400,1000,1000,0,0,0,""
2052955,DATA,65.5,0.0,1438,1618,3600,1000,1000,0,0,0,""
2053455,DATA,65.5,0.0,1524,1561,2400,1000,1000,0,0,0,""
2053955,DATA,65.5,0.0,891,1014,600,1000,1000,0,0,0,""
2054455,DATA,65.8,2.1,562,624,600,1000,1000,0,0,0,""
2054955,DATA,65.8,0.0,482,492, 0,1000,1000,0,0,0,""
2055455,DATA,65.8,0.0, 0, 0, 0,1000,1000,0,0,0,""
2055955,DATA,65.8,0.0, 0, 0,28202,1000,1000,0,0,0,""
2056455,DATA,66.0,2.1, 0, 0,63608,1000,1000,0,0,0,""
2056955,DATA,66.0,0.0, 0, 0,81592,1000,1000,0,0,0,""
2057455,DATA,66.0,0.0, 0, 0,80398,1000,1000,0,0,0,""
2057955,DATA,66.0,0.0, 0, 0,69001,1000,1000,0,0,0,""
2058455,DATA,66.0,-2.1, 0, 0,61792,1000,1000,0,0,0,""
2058955,DATA,66.2,2.1, 0, 0,123601,1000,1000,0,0,0,""
2059455,DATA,66.2,0.0, 0, 0,148184,1000,1000,0,0,0,""
2059955,DATA,66.2,0.0, 0, 0,23403,1000,1000,0,0,0,""
2060455,DATA,66.2,0.0, 0, 0,40202,1000,1000,0,0,0,""
2060955,DATA,66.2,0.0, 0, 0,64203,1000,1000,0,0,0,""
2061455,DATA,66.2,0.0, 0, 0,80405,1000,1000,0,0,0,""
2061955,DATA,66.2,0.0, 0, 0,141593,1000,1000,0,0,0,""
2062455,DATA,66.2,0.0, 0, 0,22201,1000,1000,0,0,0,""
2062955,DATA,66.2,0.0, 0, 0,33599,1000,1000,0,0,0,""
2063455,DATA,66.2,0.0, 0, 0,9001,1000,1000,0,0,0,""
2063955,DATA,66.2,0.0, 0, 0, 0,1000,1000,0,0,0,""
2064455,DATA,66.2,0.0, 0, 0,9000,1000,1000,0,0,0,""
2064955,DATA,66.2,0.0, 0, 0,40200,1000,1000,0,0,0,""
2065455,DATA,66.2,2.1, 0, 0,13800,1000,1000,0,0,0,""
2065955,DATA,66.2,0.0, 0, 0,25801,1000,1000,0,0,0,""
2066455,DATA,66.2,0.0, 0, 0,17999,1000,1000,0,0,0,""
2066955,DATA,66.2,0.0, 0, 0,34196,1000,1000,0,0,0,""
2067455,DATA,66.2,0.0, 0, 0,16800,1000,1000,0,0,0,""
2067955,DATA,66.2,0.0, 0, 0,17398,1000,1000,0,0,0,""
2068455,DATA,66.2,0.0, 0, 0,19798,1000,1000,0,0,0,""
2068955,DATA,66.2,0.0, 0, 0,20998,1000,1000,0,0,0,""
2069455,DATA,66.0,-2.1, 0, 0,28802,1000,1000,0,0,0,""
2069955,DATA,66.0,0.0, 0, 0,18600,1000,1000,0,0,0,""
2070455,DATA,66.0,-2.1, 0, 0,24000,1000,1000,0,0,0,""
2070955,DATA,66.0,0.0, 0, 0,8399,1000,1000,0,0,0,""
2071455,DATA,66.0,0.0, 0, 0,18598,1000,1000,0,0,0,""
2071955,DATA,66.0,0.0, 0, 0,33604,1000,1000,0,0,0,""
2072455,DATA,66.0,0.0, 0, 0,13199,1000,1000,0,0,0,""
2072955,DATA,66.0,0.0, 0, 0,28197,1000,1000,0,0,0,""
2073455,DATA,66.0,0.0, 0, 0,9600,1000,1000,0,0,0,""
2073955,DATA,66.0,0.0, 0, 0,26997,1000,1000,0,0,0,""
2074455,DATA,66.0,0.0, 0, 0,33004,1000,1000,0,0,0,""
2074955,DATA,66.0,2.1, 0, 0,25803,1000,1000,0,0,0,""
2075455,DATA,65.8,-2.1, 0, 0,26403,1000,1000,0,0,0,""
2075955,DATA,66.0,0.0, 0, 0,35401,1000,1000,0,0,0,""
2076455,DATA,65.8,0.0, 0, 0,20399,1000,1000,0,0,0,""
2076955,DATA,65.8,0.0, 0, 0,51001,1000,1000,0,0,0,""
2077455,DATA,65.8,0.0, 0, 0,19201,1000,1000,0,0,0,""
2077955,DATA,65.8,0.0, 0, 0,13200,1000,1000,0,0,0,""
2078455,DATA,65.8,0.0, 0, 0, 0,1000,1000,0,0,0,""
2078955,DATA,65.8,2.1, 0, 0,1800,1000,1000,0,0,0,""
2079455,DATA,65.5,0.0, 0, 0,9599,1000,1000,0,0,0,""
2079955,DATA,65.5,0.0, 0, 0,22200,1000,1000,0,0,0,""
2080455,DATA,65.5,2.1, 0, 0,21000,1000,1000,0,0,0,""
2080955,DATA,65.2,-2.1, 0, 0,8399,1000,1000,0,0,0,""
2081455,DATA,65.2,0.0, 0, 0,4800,1000,1000,0,0,0,""
2081955,DATA,65.2,0.0, 0, 0, 0,1000,1000,0,0,0,""
2082455,DATA,65.2,-2.1, 0, 0,4200,1000,1000,0,0,0,""
2082955,DATA,65.2,0.0, 0, 0, 0,1000,1000,0,0,0,""
2083455,DATA,65.2,0.0, 0, 0,12600,1000,1000,0,0,0,""
2083955,DATA,65.2,0.0, 0, 0,5999,1000,1000,0,0,0,""
2084455,DATA,65.2,2.1, 0, 0,11401,1000,1000,0,0,0,""
2084955,DATA,65.2,0.0, 0, 0,6601,1000,1000,0,0,0,""
2085455,DATA,65.2,0.0, 0, 0,5400,1000,1000,0,0,0,""
2085955,DATA,65.2,0.0, 0, 0, 0,1000,1000,0,0,0,""
2086455,DATA,65.2,0.0, 0, 0,12601,1000,1000,0,0,0,""
2086955,DATA,65.0,-2.1, 0, 0,6000,1000,1000,0,0,0,""
2087455,DATA,65.0,-2.1, 0, 0,17998,1000,1000,0,0,0,""
2087955,DATA,65.0,0.0, 0, 0,6600,1000,1000,0,0,0,""
2088455,DATA,65.0,0.0, 0, 0,11401,1000,1000,0,0,0,""
2088955,DATA,65.0,0.0, 0, 0,1200,1000,1000,0,0,0,""
2089455,DATA,64.7,-2.1, 0, 0,21001,1000,1000,0,0,0,""
2089955,DATA,65.0,0.0, 0, 0,8400,1000,1000,0,0,0,""
2090455,DATA,65.0,2.1, 0, 0,10201,1000,1000,0,0,0,""
2090955,DATA,65.0,0.0, 0, 0,6000,1000,1000,0,0,0,""
2091455,DATA,64.7,-2.1, 0, 0,15601,1000,1000,0,0,0,""
2091955,DATA,64.7,0.0, 0, 0,7800,1000,1000,0,0,0,""
2092455,DATA,64.7,0.0, 0, 0,3000,1000,1000,0,0,0,""
2092955,DATA,64.7,0.0, 0, 0,11399,1000,1000,0,0,0,""
2093455,DATA,64.7,0.0, 0, 0,7801,1000,1000,0,0,0,""
2093955,DATA,64.7,0.0, 0, 0, 0,1000,1000,0,0,0,""
2094455,DATA,64.5,0.0, 0, 0, 0,1000,1000,0,0,0,""
2094955,DATA,64.5,0.0, 0, 0,167413,1000,1000,0,0,0,""
2095455,DATA,64.5,0.0, 0, 0,166180,1000,1000,0,0,0,""
2095955,DATA,64.5,0.0, 0, 0,168000,1000,1000,0,0,0,""
2096455,DATA,64.5,0.0, 0, 0,165612,1000,1000,0,0,0,""
2096955,DATA,64.5,0.0, 0, 0,3000,1000,1000,0,0,0,""
2097455,DATA,64.5,0.0, 0, 0,4800,1000,1000,0,0,0,""
2097955,DATA,64.5,0.0, 0, 0,10801,1000,1000,0,0,0,""
2098455,DATA,64.5,0.0, 0, 0, 0,1000,1000,0,0,0,""
2098955,DATA,64.2,-2.1, 0, 0, 0,1000,1000,0,0,0,""
2099455,DATA,64.2,0.0, 0, 0, 0,1000,1000,0,0,0,""
2099955,DATA,64.2,0.0, 0, 0,111583,1000,1000,0,0,0,""
2100455,DATA,64.2,0.0, 0, 0,59993,1000,1000,0,0,0,""
2100955,DATA,64.2,0.0, 0, 0,83391,1000,1000,0,0,0,""
2101455,DATA,64.2,0.0, 0, 0,92996,1000,1000,0,0,0,""
2101955,DATA,64.0,-2.1, 0, 0,138596,1000,1000,0,0,0,""
2102455,DATA,64.2,0.0, 0, 0,76802,1000,1000,0,0,0,""
2102955,DATA,64.0,0.0, 0, 0,167393,1000,1000,0,0,0,""
2103455,DATA,64.0,-2.1, 0, 0,96605,1000,1000,0,0,0,""
2103955,DATA,64.0,0.0, 0, 0,94201,1000,1000,0,0,0,""
2104455,DATA,64.0,0.0, 0, 0,73199,1000,1000,0,0,0,""
2104955,DATA,64.0,0.0, 0, 0, 0,1000,1000,0,0,0,""
2105455,DATA,64.0,0.0, 0, 0, 0,1000,1000,0,0,0,""
2105955,DATA,64.0,0.0, 0, 0,168013,1000,1000,0,0,0,""
2106455,DATA,63.7,0.0, 0, 0,165002,1000,1000,0,0,0,""
2106955,DATA,63.7,-2.1, 0, 0,61808,1000,1000,0,0,0,""
2107455,DATA,63.7,0.0, 0, 0,69002,1000,1000,0,0,0,""
2107955,DATA,63.7,0.0, 0, 0,162592,1000,1000,0,0,0,""
2108455,DATA,63.7,0.0, 0, 0,157822,1000,1000,0,0,0,""
2108955,DATA,63.5,-2.1, 0, 0,141017,1000,1000,0,0,0,""
2109455,DATA,63.5,0.0, 0, 0, 0,1000,1000,0,0,0,""
2109955,DATA,63.5,0.0, 0, 0,142807,1000,1000,0,0,0,""
2110455,DATA,63.7,2.1, 0, 0, 0,1000,1000,0,0,0,""
2110955,DATA,63.5,0.0, 0, 0,6600,1000,1000,0,0,0,""
2111455,DATA,63.5,0.0, 0, 0,15600,1000,1000,0,0,0,""
2111955,DATA,63.5,0.0, 0, 0,10799,1000,1000,0,0,0,""
2112455,DATA,63.5,0.0, 0, 0,27603,1000,1000,0,0,0,""
2112955,DATA,63.5,0.0, 0, 0,5400,1000,1000,0,0,0,""
2113455,DATA,63.5,2.1, 0, 0,14399,1000,1000,0,0,0,""
2113955,DATA,63.5,2.1, 0, 0,31200,1000,1000,0,0,0,""
2114455,DATA,63.3,-2.1, 0, 0,4800,1000,1000,0,0,0,""
2114955,DATA,63.5,0.0, 0, 0,35402,1000,1000,0,0,0,""
2115455,DATA,63.5,0.0, 0, 0,9600,1000,1000,0,0,0,""
2115955,DATA,63.3,-2.1, 0, 0,26999,1000,1000,0,0,0,""
2116455,DATA,63.3,0.0, 0, 0,22203,1000,1000,0,0,0,""
2116955,DATA,63.3,0.0, 0, 0,26400,1000,1000,0,0,0,""
2117455,DATA,63.3,0.0, 0, 0,29398,1000,1000,0,0,0,""
2117955,DATA,63.3,0.0, 0, 0,22200,1000,1000,0,0,0,""
2118455,DATA,63.3,0.0, 0, 0,37204,1000,1000,0,0,0,""
2118955,DATA,63.3,0.0, 0, 0,30602,1000,1000,0,0,0,""
2119455,DATA,63.3,0.0, 0, 0,22800,1000,1000,0,0,0,""
2119955,DATA,63.3,2.1, 0, 0,25798,1000,1000,0,0,0,""
2120455,DATA,63.3,0.0, 0, 0,19201,1000,1000,0,0,0,""
2120955,DATA,63.0,0.0, 0, 0,20401,1000,1000,0,0,0,""
2121455,DATA,63.0,0.0, 0, 0,28200,1000,1000,0,0,0,""
2121955,DATA,63.0,-2.1, 0, 0, 0,1000,1000,0,0,0,""
2122455,DATA,63.0,0.0, 0, 0,4801,1000,1000,0,0,0,""
2122955,DATA,63.0,0.0, 0, 0,600,1000,1000,0,0,0,""
2123455,DATA,63.0,0.0, 0, 0, 0,1000,1000,0,0,0,""
2123955,DATA,63.0,0.0, 0, 0,6600,1000,1000,0,0,0,""
2124455,DATA,62.7,-2.1, 0, 0, 0,1000,1000,0,0,0,""
2124955,DATA,62.7,0.0, 0, 0,6600,1000,1000,0,0,0,""
2125455,DATA,62.7,0.0, 0, 0,9600,1000,1000,0,0,0,""
2125955,DATA,62.7,0.0, 0, 0, 0,1000,1000,0,0,0,""
2126455,DATA,62.7,0.0, 0, 0,1800,1000,1000,0,0,0,""
2126955,DATA,62.7,0.0, 0, 0,1200,1000,1000,0,0,0,""
2127455,DATA,62.5,-2.1, 0, 0, 0,1000,1000,0,0,0,""
2127955,DATA,62.5,0.0, 0, 0,4199,1000,1000,0,0,0,""
2128455,DATA,62.5,0.0, 0, 0,10799,1000,1000,0,0,0,""
2128955,DATA,62.5,0.0, 0, 0, 0,1000,1000,0,0,0,""
2129455,DATA,62.5,0.0, 0, 0, 0,1000,1000,0,0,0,""
2129955,DATA,62.2,0.0, 0, 0,13801,1000,1000,0,0,0,""
2130455,DATA,62.2,0.0, 0, 0,13200,1000,1000,0,0,0,""
2130955,DATA,62.2,0.0, 0, 0,12000,1000,1000,0,0,0,""
2131455,DATA,62.2,0.0, 0, 0,16801,1000,1000,0,0,0,""
2131955,DATA,62.2,0.0, 0, 0,6001,1000,1000,0,0,0,""
2132455,DATA,62.0,-2.1, 0, 0,42597,1000,1000,0,0,0,""
2132955,DATA,62.2,2.1, 0, 0,18000,1000,1000,0,0,0,""
2133455,DATA,62.0,0.0, 0, 0,35400,1000,1000,0,0,0,""
2133955,DATA,62.0,0.0, 0, 0,14402,1000,1000,0,0,0,""
2134455,DATA,62.0,0.0, 0, 0,27600,1000,1000,0,0,0,""
2134955,DATA,62.0,0.0, 0, 0,28800,1000,1000,0,0,0,""
2135455,DATA,61.7,-2.1, 0, 0,32998,1000,1000,0,0,0,""
2135955,DATA,61.7,0.0, 0, 0,43798,1000,1000,0,0,0,""
2136455,DATA,61.7,0.0, 0, 0,14401,1000,1000,0,0,0,""
2136955,DATA,61.7,0.0, 0, 0,29397,1000,1000,0,0,0,""
2137455,DATA,61.7,0.0, 0, 0,31202,1000,1000,0,0,0,""
2137955,DATA,61.7,0.0, 0, 0,35998,1000,1000,0,0,0,""
2138455,DATA,61.7,0.0, 0, 0,46806,1000,1000,0,0,0,""
2138955,DATA,61.7,0.0, 0, 0,34802,1000,1000,0,0,0,""
2139455,DATA,61.5,-2.1, 0, 0,12000,1000,1000,0,0,0,""
2139955,DATA,61.5,-2.1, 0, 0,41402,1000,1000,0,0,0,""
2140455,DATA,61.5,0.0, 0, 0,26402,1000,1000,0,0,0,""
2140955,DATA,61.5,0.0, 0, 0,21602,1000,1000,0,0,0,""
2141455,DATA,61.5,0.0, 0, 0,19799,1000,1000,0,0,0,""
2141955,DATA,61.2,-2.1, 0, 0,27001,1000,1000,0,0,0,""
2142455,DATA,61.5,0.0, 0, 0,24000,1000,1000,0,0,0,""
2142955,DATA,61.2,-2.1, 0, 0,21601,1000,1000,0,0,0,""
2143455,DATA,61.2,0.0, 0, 0,43802,1000,1000,0,0,0,""
2143955,DATA,61.2,0.0, 0, 0,19801,1000,1000,0,0,0,""
2144455,DATA,61.2,0.0, 0, 0,27601,1000,1000,0,0,0,""
2144955,DATA,61.2,0.0, 0, 0,40197,1000,1000,0,0,0,""
2145455,DATA,61.2,0.0, 0, 0,37199,1000,1000,0,0,0,""
2145955,DATA,61.0,-2.1, 0, 0,29400,1000,1000,0,0,0,""
2146455,DATA,61.2,0.0, 0, 0,28801,1000,1000,0,0,0,""
2146955,DATA,61.0,-2.1, 0, 0,24602,1000,1000,0,0,0,""
2147455,DATA,61.0,0.0, 0, 0,18600,1000,1000,0,0,0,""
2147955,DATA,61.0,0.0, 0, 0,13799,1000,1000,0,0,0,""
2148455,DATA,61.0,0.0, 0, 0,11399,1000,1000,0,0,0,""
2148955,DATA,61.0,0.0, 0, 0,28803,1000,1000,0,0,0,""
2149455,DATA,61.0,0.0, 0, 0,26397,1000,1000,0,0,0,""
2149955,DATA,61.0,0.0, 0, 0,17401,1000,1000,0,0,0,""
2150455,DATA,61.0,0.0, 0, 0,42598,1000,1000,0,0,0,""
2150955,DATA,60.8,0.0, 0, 0,7200,1000,1000,0,0,0,""
2151455,DATA,60.8,0.0, 0, 0,8400,1000,1000,0,0,0,""
2151955,DATA,60.8,0.0, 0, 0,4201,1000,1000,0,0,0,""
2152455,DATA,60.8,0.0, 0, 0,32400,1000,1000,0,0,0,""
2152955,DATA,60.8,0.0, 0, 0,29399,1000,1000,0,0,0,""
2153455,DATA,60.5,-2.1, 0, 0,25799,1000,1000,0,0,0,""
2153955,DATA,60.8,0.0, 0, 0,32398,1000,1000,0,0,0,""
2154455,DATA,60.8,0.0, 0, 0,12000,1000,1000,0,0,0,""
2154955,DATA,60.8,0.0, 0, 0,27601,1000,1000,0,0,0,""
2155455,DATA,60.8,2.1, 0, 0,24597,1000,1000,0,0,0,""
2155955,DATA,60.5,-2.1, 0, 0,10200,1000,1000,0,0,0,""
2156455,DATA,60.5,0.0, 0, 0,10201,1000,1000,0,0,0,""
2156955,DATA,60.5,0.0, 0, 0,41402,1000,1000,0,0,0,""
2157455,DATA,60.5,0.0, 0, 0,31202,1000,1000,0,0,0,""
2157955,DATA,60.5,0.0, 0, 0,27001,1000,1000,0,0,0,""
2158455,DATA,60.5,0.0, 0, 0,44396,1000,1000,0,0,0,""
2158955,DATA,60.5,0.0, 0, 0,600,1000,1000,0,0,0,""
2159455,DATA,60.5,0.0, 0, 0,23400,1000,1000,0,0,0,""
2159955,DATA,60.5,0.0, 0, 0,39603,1000,1000,0,0,0,""
2160455,DATA,60.5,0.0, 0, 0,29401,1000,1000,0,0,0,""
2160955,DATA,60.5,0.0, 0, 0,20403,1000,1000,0,0,0,""
2161455,DATA,60.5,0.0, 0, 0,19801,1000,1000,0,0,0,""
2161955,DATA,60.5,0.0, 0, 0,28800,1000,1000,0,0,0,""
2162455,DATA,60.2,0.0, 0, 0,22798,1000,1000,0,0,0,""
2162955,DATA,60.2,0.0, 0, 0,40197,1000,1000,0,0,0,""
2163455,DATA,60.2,0.0, 0, 0,12599,1000,1000,0,0,0,""
2163955,DATA,60.2,0.0, 0, 0,10200,1000,1000,0,0,0,""
2164455,DATA,60.2,0.0, 0, 0,9599,1000,1000,0,0,0,""
2164955,DATA,60.2,0.0, 0, 0,7201,1000,1000,0,0,0,""
2165455,DATA,60.2,2.1, 0, 0,12000,1000,1000,0,0,0,""
2165955,DATA,60.0,0.0, 0, 0,8401,1000,1000,0,0,0,""
2166455,DATA,60.0,0.0, 0, 0,12599,1000,1000,0,0,0,""
2166955,DATA,60.0,0.0, 0, 0,7799,1000,1000,0,0,0,""
2167455,DATA,60.0,0.0, 0, 0,10800,1000,1000,0,0,0,""
2167955,DATA,60.0,0.0, 0, 0,34205,1000,1000,0,0,0,""
2168455,DATA,59.7,-2.1, 0, 0,10199,1000,1000,0,0,0,""
2168955,DATA,59.7,0.0, 0, 0,14401,1000,1000,0,0,0,""
2169455,DATA,59.7,0.0, 0, 0,20401,1000,1000,0,0,0,""
2169955,DATA,59.7,0.0, 0, 0,11399,1000,1000,0,0,0,""
2170455,DATA,59.5,-2.1, 0, 0,54005,1000,1000,0,0,0,""
2170955,DATA,59.7,0.0, 0, 0,9600,1000,1000,0,0,0,""
2171455,DATA,59.5,0.0, 0, 0,4200,1000,1000,0,0,0,""
2171955,DATA,59.5,0.0, 0, 0,14400,1000,1000,0,0,0,""
2172455,DATA,59.5,0.0, 0, 0,12001,1000,1000,0,0,0,""
2172955,DATA,59.5,0.0, 0, 0,34804,1000,1000,0,0,0,""
2173455,DATA,59.5,0.0, 0, 0,22803,1000,1000,0,0,0,""
2173955,DATA,59.5,0.0, 0, 0,29399,1000,1000,0,0,0,""
2174455,DATA,59.5,0.0, 0, 0,44397,1000,1000,0,0,0,""
2174955,DATA,59.5,0.0, 0, 0,40803,1000,1000,0,0,0,""
2175455,DATA,59.5,0.0, 0, 0,57003,1000,1000,0,0,0,""
2175955,DATA,59.5,0.0, 0, 0,37803,1000,1000,0,0,0,""
2176455,DATA,59.5,0.0, 0, 0,17401,1000,1000,0,0,0,""
2176955,DATA,59.5,0.0, 0, 0,7201,1000,1000,0,0,0,""
2177455,DATA,59.2,-2.1, 0, 0,32399,1000,1000,0,0,0,""
2177955,DATA,59.5,0.0, 0, 0,6600,1000,1000,0,0,0,""
2178455,DATA,59.2,-2.1, 0, 0,16200,1000,1000,0,0,0,""
2178955,DATA,59.5,2.1, 0, 0,10800,1000,1000,0,0,0,""
2179455,DATA,59.5,0.0, 0, 0,19199,1000,1000,0,0,0,""
2179955,DATA,59.5,2.1, 0, 0,21600,1000,1000,0,0,0,""
2180455,DATA,59.5,2.1, 0, 0,23398,1000,1000,0,0,0,""
2180955,DATA,59.2,-2.1, 0, 0,11999,1000,1000,0,0,0,""
2181455,DATA,59.2,0.0, 0, 0,41398,1000,1000,0,0,0,""
2181955,DATA,59.2,0.0, 0, 0,38400,1000,1000,0,0,0,""
2182455,DATA,59.2,0.0, 0, 0,37797,1000,1000,0,0,0,""
2182955,DATA,59.2,0.0, 0, 0,41999,1000,1000,0,0,0,""
2183455,DATA,59.2,0.0, 0, 0,21003,1000,1000,0,0,0,""
2183955,DATA,59.0,-2.1, 0, 0,8399,1000,1000,0,0,0,""
2184455,DATA,59.0,-2.1, 0, 0,4800,1000,1000,0,0,0,""
2184955,DATA,59.0,0.0, 0, 0,48000,1000,1000,0,0,0,""
2185455,DATA,59.0,0.0, 0, 0,18599,1000,1000,0,0,0,""
2185955,DATA,59.0,0.0, 0, 0,7201,1000,1000,0,0,0,""
2186455,DATA,59.0,0.0, 0, 0,21600,1000,1000,0,0,0,""
2186955,DATA,59.0,0.0, 0, 0,8401,1000,1000,0,0,0,""
2187455,DATA,59.0,0.0, 0, 0,12599,1000,1000,0,0,0,""
2187955,DATA,59.0,0.0, 0, 0,28201,1000,1000,0,0,0,""
2188455,DATA,58.7,-2.1, 0, 0,28200,1000,1000,0,0,0,""
2188955,DATA,58.7,-2.1, 0, 0,24600,1000,1000,0,0,0,""
2189455,DATA,59.0,0.0, 0, 0,21600,1000,1000,0,0,0,""
2189955,DATA,58.7,-2.1, 0, 0,13202,1000,1000,0,0,0,""
2190455,DATA,58.7,-2.1, 0, 0,46200,1000,1000,0,0,0,""
2190955,DATA,59.0,2.1, 0, 0,16199,1000,1000,0,0,0,""
2191455,DATA,58.7,-2.1, 0, 0,33022,1000,1000,0,0,0,""
2191955,DATA,58.7,0.0, 0, 0,34221,1000,1000,0,0,0,""
2192455,DATA,58.7,0.0, 0, 0,32419,1000,1000,0,0,0,""
2192955,DATA,58.7,0.0, 0, 0,36022,1000,1000,0,0,0,""
2193455,DATA,58.7,0.0, 0, 0,16209,1000,1000,0,0,0,""
2193955,DATA,58.7,0.0, 0, 0,30020,1000,1000,0,0,0,""
2194455,DATA,58.7,0.0, 0, 0,47430,1000,1000,0,0,0,""
2194955,DATA,58.5,-2.1, 0, 0,42029,1000,1000,0,0,0,""
2195455,DATA,58.7,0.0, 0, 0,30019,1000,1000,0,0,0,""
2195955,DATA,58.7,0.0, 0, 0,4803,1000,1000,0,0,0,""
2196455,DATA,58.7,2.1, 0, 0,24613,1000,1000,0,0,0,""
2196955,DATA,58.7,0.0, 0, 0,12006,1000,1000,0,0,0,""
2197455,DATA,58.5,0.0, 0, 0,18010,1000,1000,0,0,0,""
2197955,DATA,58.5,0.0, 0, 0,14409,1000,1000,0,0,0,""
2198455,DATA,58.5,0.0, 0, 0,15009,1000,1000,0,0,0,""
2198955,DATA,58.5,0.0, 0, 0,6604,1000,1000,0,0,0,""
2199455,DATA,58.5,0.0, 0, 0,6004,1000,1000,0,0,0,""
2199955,DATA,58.5,0.0, 0, 0,24615,1000,1000,0,0,0,""
2200455,DATA,58.5,0.0, 0, 0,15008,1000,1000,0,0,0,""
2200955,DATA,58.5,0.0, 0, 0,11405,1000,1000,0,0,0,""
2201455,DATA,58.5,0.0, 0, 0,11407,1000,1000,0,0,0,""
2201955,DATA,58.3,0.0, 0, 0,8406,1000,1000,0,0,0,""
2202455,DATA,58.5,0.0, 0, 0,12606,1000,1000,0,0,0,""
2202955,DATA,58.3,-2.1, 0, 0,4203,1000,1000,0,0,0,""
2203455,DATA,58.3,0.0, 0, 0, 0,1000,1000,0,0,0,""
2203955,DATA,58.3,0.0, 0, 0, 0,1000,1000,0,0,0,""
2204455,DATA,58.3,0.0, 0, 0,136886,1000,1000,0,0,0,""
2204955,DATA,58.3,0.0, 0, 0,167502,1000,1000,0,0,0,""
2205455,DATA,58.3,0.0, 0, 0,165716,1000,1000,0,0,0,""
2205955,DATA,58.3,0.0, 0, 0,168092,1000,1000,0,0,0,""
2206455,DATA,58.3,2.1, 0, 0,79835,1000,1000,0,0,0,""
2206955,DATA,58.0,0.0, 0, 0, 0,1000,1000,0,0,0,""
2207455,DATA,58.0,0.0, 0, 0,136283,1000,1000,0,0,0,""
2207955,DATA,58.0,0.0, 0, 0,158501,1000,1000,0,0,0,""
2208455,DATA,58.3,2.1, 0, 0,151888,1000,1000,0,0,0,""
2208955,DATA,58.0,0.0, 0, 0,19815,1000,1000,0,0,0,""
2209455,DATA,58.0,0.0, 0, 0,76842,1000,1000,0,0,0,""
2209955,DATA,58.0,0.0, 0, 0,3601,1000,1000,0,0,0,""
2210455,DATA,58.0,0.0, 0, 0,59437,1000,1000,0,0,0,""
2210955,DATA,58.0,0.0, 0, 0,51013,1000,1000,0,0,0,""
2211455,DATA,58.0,0.0, 0, 0,68438,1000,1000,0,0,0,""
2211955,DATA,58.0,2.1, 0, 0,107459,1000,1000,0,0,0,""
2212455,DATA,57.7,0.0, 0, 0,117629,1000,1000,0,0,0,""
2212955,DATA,57.7,0.0, 0, 0,50423,1000,1000,0,0,0,""
2213455,DATA,57.7,0.0, 0, 0,161450,1000,1000,0,0,0,""
2213955,DATA,57.7,0.0, 0, 0,167526,1000,1000,0,0,0,""
2214455,DATA,57.7,0.0, 0, 0,152517,1000,1000,0,0,0,""
2214955,DATA,57.7,0.0, 0, 0,106260,1000,1000,0,0,0,""
2215455,DATA,57.7,0.0, 0, 0,165711,1000,1000,0,0,0,""
2215955,DATA,57.7,0.0, 0, 0,168128,1000,1000,0,0,0,""
2216455,DATA,57.7,0.0, 0, 0,109274,1000,1000,0,0,0,""
2216955,DATA,57.7,0.0, 0, 0,28210,1000,1000,0,0,0,""
2217455,DATA,57.7,0.0, 0, 0,155515,1000,1000,0,0,0,""
2217955,DATA,57.7,0.0, 0, 0,9005,1000,1000,0,0,0,""
2218455,DATA,57.7,0.0, 0, 0,54029,1000,1000,0,0,0,""
2218955,DATA,57.7,0.0, 0, 0,3602,1000,1000,0,0,0,""
2219455,DATA,57.5,-2.1, 0, 0,166912,1000,1000,0,0,0,""
2219955,DATA,57.5,-2.1, 0, 0, 0,1000,1000,0,0,0,""
2220455,DATA,57.7,0.0, 0, 0,163903,1000,1000,0,0,0,""
2220955,DATA,57.7,0.0, 0, 0,155515,1000,1000,0,0,0,""
2221455,DATA,57.7,0.0, 0, 0,134490,1000,1000,0,0,0,""
2221955,DATA,57.5,-2.1, 0, 0,89460,1000,1000,0,0,0,""
2222455,DATA,57.5,0.0, 0, 0,69036,1000,1000,0,0,0,""
2222955,DATA,57.5,0.0, 0, 0,83446,1000,1000,0,0,0,""
2223455,DATA,57.5,0.0, 0, 0,63033,1000,1000,0,0,0,""
2223955,DATA,57.5,0.0, 0, 0,93062,1000,1000,0,0,0,""
2224455,DATA,57.5,0.0, 0, 0,61836,1000,1000,0,0,0,""
2224955,DATA,57.5,0.0, 0, 0,74452,1000,1000,0,0,0,""
2225455,DATA,57.5,0.0, 0, 0,31220,1000,1000,0,0,0,""
2225955,DATA,57.5,0.0, 0, 0,159091,1000,1000,0,0,0,""
2226455,DATA,57.5,2.1, 0, 0,166295,1000,1000,0,0,0,""
2226955,DATA,57.5,2.1, 0, 0,168113,1000,1000,0,0,0,""
2227455,DATA,57.2,-2.1, 0, 0,166301,1000,1000,0,0,0,""
2227955,DATA,57.2,0.0, 0, 0,12607,1000,1000,0,0,0,""
2228455,DATA,57.2,0.0, 0, 0,5403,1000,1000,0,0,0,""
2228955,DATA,57.2,-2.1, 0, 0,88222,1000,1000,0,0,0,""
2229455,DATA,57.2,0.0, 0, 0, 0,1000,1000,0,0,0,""
2229955,DATA,57.2,0.0, 0, 0, 0,1000,1000,0,0,0,""
2230455,DATA,57.2,0.0, 0, 0, 0,1000,1000,0,0,0,""
2230955,DATA,57.2,0.0, 0, 0,10806,1000,1000,0,0,0,""
2231455,DATA,57.2,0.0, 0, 0,113464,1000,1000,0,0,0,""
2231955,DATA,57.2,0.0, 0, 0,33020,1000,1000,0,0,0,""
2232455,DATA,57.0,-2.1, 0, 0,87048,1000,1000,0,0,0,""
2232955,DATA,57.0,-2.1, 0, 0,83449,1000,1000,0,0,0,""
2233455,DATA,57.2,0.0, 0, 0,108666,1000,1000,0,0,0,""
2233955,DATA,57.2,2.1, 0, 0,148293,1000,1000,0,0,0,""
2234455,DATA,57.0,-2.0, 0, 0,82846,1000,1000,0,0,0,""
2234955,DATA,57.0,0.0, 0, 0,72035,1000,1000,0,0,0,""
2235455,DATA,57.0,0.0, 0, 0,83446,1000,1000,0,0,0,""
2235955,DATA,57.0,0.0, 0, 0,90057,1000,1000,0,0,0,""
2236455,DATA,57.0,0.0, 0, 0,123065,1000,1000,0,0,0,""
2236955,DATA,57.0,2.1, 0, 0,64245,1000,1000,0,0,0,""
2237455,DATA,57.0,0.0, 0, 0,126078,1000,1000,0,0,0,""
2237955,DATA,57.0,2.1, 0, 0,104468,1000,1000,0,0,0,""
2238455,DATA,57.0,2.1, 0, 0,142876,1000,1000,0,0,0,""
2238955,DATA,56.7,-2.1, 0, 0,114078,1000,1000,0,0,0,""
2239455,DATA,56.7,0.0, 0, 0,43812,1000,1000,0,0,0,""
2239955,DATA,57.0,2.1, 0, 0,114667,1000,1000,0,0,0,""
2240455,DATA,56.7,0.0, 0, 0,166900,1000,1000,0,0,0,""
2240955,DATA,56.7,0.0, 0, 0,33019,1000,1000,0,0,0,""
2241455,DATA,56.7,0.0, 0, 0,62439,1000,1000,0,0,0,""
2241955,DATA,56.7,0.0, 0, 0,35026,1000,1000,0,0,0,""
2242455,DATA,56.7,0.0, 0, 0,49274,1000,1000,0,0,0,""
2242955,DATA,56.5,-2.1, 0, 0,49870,1000,1000,0,0,0,""
2243455,DATA,56.7,0.0, 0, 0,83108,1000,1000,0,0,0,""
2243955,DATA,56.5,0.0, 0, 0,134188,1000,1000,0,0,0,""
2244455,DATA,56.7,0.0, 0, 0,56995,1000,1000,0,0,0,""
2244955,DATA,56.5,-2.1, 0, 0,68276,1000,1000,0,0,0,""
2245455,DATA,56.7,2.1, 0, 0,48081,1000,1000,0,0,0,""
2245955,DATA,56.5,0.0, 0, 0,39183,1000,1000,0,0,0,""
2246455,DATA,56.5,0.0, 0, 0,87284,1000,1000,0,0,0,""
2246955,DATA,56.5,0.0, 0, 0,25529,1000,1000,0,0,0,""
2247455,DATA,56.5,0.0, 0, 0,48092,1000,1000,0,0,0,""
2247955,DATA,56.5,0.0, 0, 0,24342,1000,1000,0,0,0,""
2248455,DATA,56.5,0.0, 0, 0,20184,1000,1000,0,0,0,""
2248955,DATA,56.5,0.0, 0, 0,14250,1000,1000,0,0,0,""
2249455,DATA,56.5,0.0, 0, 0,15435,1000,1000,0,0,0,""
2249955,DATA,56.5,0.0, 0, 0,105070,1000,1000,0,0,0,""
2250455,DATA,56.5,0.0, 0, 0,86090,1000,1000,0,0,0,""
2250955,DATA,56.5,0.0, 0, 0,117573,1000,1000,0,0,0,""
2251455,DATA,56.5,0.0, 0, 0,23752,1000,1000,0,0,0,""
2251955,DATA,56.5,0.0, 0, 0,51060,1000,1000,0,0,0,""
2252455,DATA,56.5,0.0, 0, 0,48689,1000,1000,0,0,0,""
2252955,DATA,56.5,2.1, 0, 0,21375,1000,1000,0,0,0,""
2253455,DATA,56.5,0.0, 0, 0,102708,1000,1000,0,0,0,""
2253955,DATA,56.5,0.0, 0, 0,118737,1000,1000,0,0,0,""
2254455,DATA,56.2,0.0, 0, 0,86089,1000,1000,0,0,0,""
2254955,DATA,56.5,2.1, 0, 0,35029,1000,1000,0,0,0,""
2255455,DATA,56.5,2.0, 0, 0,105667,1000,1000,0,0,0,""
2255955,DATA,56.2,0.0, 0, 0,126468,1000,1000,0,0,0,""
2256455,DATA,56.2,0.0, 0, 0,18405,1000,1000,0,0,0,""
2256955,DATA,56.2,0.0, 0, 0,13062,1000,1000,0,0,0,""
2257455,DATA,56.2,0.0, 0, 0,8312,1000,1000,0,0,0,""
2257955,DATA,56.2,0.0, 0, 0,86083,1000,1000,0,0,0,""
2258455,DATA,56.2,0.0, 0, 0,55813,1000,1000,0,0,0,""
2258955,DATA,56.2,0.0, 0, 0,2969,1000,1000,0,0,0,""
2259455,DATA,56.2,0.0, 0, 0,59377,1000,1000,0,0,0,""
2259955,DATA,56.2,0.0, 0, 0,83706,1000,1000,0,0,0,""
2260455,DATA,56.2,0.0, 0, 0,109847,1000,1000,0,0,0,""
2260955,DATA,56.2,0.0, 0, 0,82524,1000,1000,0,0,0,""
2261455,DATA,56.2,0.0, 0, 0,5343,1000,1000,0,0,0,""
2261955,DATA,56.0,0.0, 0, 0, 0,1000,1000,0,0,0,""
2262455,DATA,56.0,0.0, 0, 0,6531,1000,1000,0,0,0,""
2262955,DATA,56.0,0.0, 0, 0,17220,1000,1000,0,0,0,""
2263455,DATA,56.0,0.0, 0, 0,24938,1000,1000,0,0,0,""
2263955,DATA,56.0,0.0, 0, 0,31468,1000,1000,0,0,0,""
2264455,DATA,56.0,0.0, 0, 0,52843,1000,1000,0,0,0,""
2264955,DATA,56.0,0.0, 0, 0,27904,1000,1000,0,0,0,""
2265455,DATA,56.0,0.0, 0, 0,24940,1000,1000,0,0,0,""
2265955,DATA,56.0,0.0, 0, 0, 0,1000,1000,0,0,0,""
2266455,DATA,56.0,0.0, 0, 0,7719,1000,1000,0,0,0,""
2266955,DATA,56.0,0.0, 0, 0,53433,1000,1000,0,0,0,""
2267455,DATA,56.0,0.0, 0, 0,74811,1000,1000,0,0,0,""
2267955,DATA,56.0,0.0, 0, 0,52246,1000,1000,0,0,0,""
2268455,DATA,56.0,0.0, 0, 0,74811,1000,1000,0,0,0,""
2268955,DATA,55.8,-2.1, 0, 0,11875,1000,1000,0,0,0,""
2269455,DATA,55.8,-2.1, 0, 0,130612,1000,1000,0,0,0,""
2269955,DATA,55.8,0.0, 0, 0,74207,1000,1000,0,0,0,""
2270455,DATA,55.8,0.0, 0, 0,11280,1000,1000,0,0,0,""
2270955,DATA,55.8,0.0, 0, 0,80752,1000,1000,0,0,0,""
2271455,DATA,55.8,0.0, 0, 0,67680,1000,1000,0,0,0,""
2271955,DATA,55.8,0.0, 0, 0, 0,1000,1000,0,0,0,""
2272455,DATA,55.8,0.0, 0, 0,23153,1000,1000,0,0,0,""
2272955,DATA,55.8,0.0, 0, 0,42152,1000,1000,0,0,0,""
2273455,DATA,55.8,0.0, 0, 0,52250,1000,1000,0,0,0,""
2273955,DATA,55.8,0.0, 0, 0,54617,1000,1000,0,0,0,""
2274455,DATA,55.8,0.0, 0, 0, 0,1000,1000,0,0,0,""
2274955,DATA,55.8,2.1, 0, 0,2969,1000,1000,0,0,0,""
2275455,DATA,55.5,0.0, 0, 0,106884,1000,1000,0,0,0,""
2275955,DATA,55.5,0.0, 0, 0,77190,1000,1000,0,0,0,""
2276455,DATA,55.5,0.0, 0, 0,87265,1000,1000,0,0,0,""
2276955,DATA,55.5,0.0, 0, 0, 0,1000,1000,0,0,0,""
2277455,DATA,55.5,0.0, 0, 0,19593,1000,1000,0,0,0,""
2277955,DATA,55.5,0.0, 0, 0,38596,1000,1000,0,0,0,""
2278455,DATA,55.5,0.0, 0, 0,20781,1000,1000,0,0,0,""
2278955,DATA,55.5,0.0, 0, 0,39184,1000,1000,0,0,0,""
2279455,DATA,55.5,2.0, 0, 0,94397,1000,1000,0,0,0,""
2279955,DATA,55.5,0.0, 0, 0,11282,1000,1000,0,0,0,""
2280455,DATA,55.5,2.1, 0, 0,11281,1000,1000,0,0,0,""
2280955,DATA,55.2,-2.1, 0, 0,96216,1000,1000,0,0,0,""
2281455,DATA,55.5,0.0, 0, 0, 0,1000,1000,0,0,0,""
2281955,DATA,55.2,0.0, 0, 0,45716,1000,1000,0,0,0,""
2282455,DATA,55.5,0.0, 0, 0,40375,1000,1000,0,0,0,""
2282955,DATA,55.5,0.0, 0, 0,76002,1000,1000,0,0,0,""
2283455,DATA,55.2,-2.1, 0, 0,66504,1000,1000,0,0,0,""
2283955,DATA,55.2,0.0, 0, 0,33245,1000,1000,0,0,0,""
2284455,DATA,55.2,0.0, 0, 0,10688,1000,1000,0,0,0,""
2284955,DATA,55.2,0.0, 0, 0,12468,1000,1000,0,0,0,""
2285455,DATA,55.2,0.0, 0, 0,16624,1000,1000,0,0,0,""
2285955,DATA,55.2,0.0, 0, 0,26124,1000,1000,0,0,0,""
2286455,DATA,55.2,0.0, 0, 0,10685,1000,1000,0,0,0,""
2286955,DATA,55.2,0.0, 0, 0,26125,1000,1000,0,0,0,""
2287455,DATA,55.2,0.0, 0, 0,22561,1000,1000,0,0,0,""
2287955,DATA,55.2,0.0, 0, 0, 0,1000,1000,0,0,0,""
2288455,DATA,55.2,0.0, 0, 0,71843,1000,1000,0,0,0,""
2288955,DATA,55.2,0.0, 0, 0,87856,1000,1000,0,0,0,""
2289455,DATA,55.2,0.0, 0, 0,101527,1000,1000,0,0,0,""
2289955,DATA,55.2,0.0, 0, 0,136557,1000,1000,0,0,0,""
2290455,DATA,55.0,0.0, 0, 0,22565,1000,1000,0,0,0,""
2290955,DATA,55.0,0.0, 0, 0,42749,1000,1000,0,0,0,""
2291455,DATA,55.0,-2.0, 0, 0,63520,1000,1000,0,0,0,""
2291956,DATA,55.0,-2.1, 0, 0,108047,1000,1000,0,0,0,""
2292457,DATA,55.0,0.0, 0, 0,77173,1000,1000,0,0,0,""
2292958,DATA,55.0,0.0, 0, 0,42753,1000,1000,0,0,0,""
2293459,DATA,55.0,0.0, 0, 0,51660,1000,1000,0,0,0,""
2293960,DATA,55.0,0.0, 0, 0,45716,1000,1000,0,0,0,""
2294461,DATA,55.0,0.0, 0, 0,112216,1000,1000,0,0,0,""
2294962,DATA,55.0,0.0, 0, 0,78373,1000,1000,0,0,0,""
2295463,DATA,55.0,0.0, 0, 0,125276,1000,1000,0,0,0,""
2295964,DATA,54.7,-2.1, 0, 0,40962,1000,1000,0,0,0,""
2296465,DATA,54.7,-2.1, 0, 0,4156,1000,1000,0,0,0,""
2296966,DATA,54.7,-2.1, 0, 0,72432,1000,1000,0,0,0,""
2297467,DATA,54.7,0.0, 0, 0,89651,1000,1000,0,0,0,""
2297968,DATA,54.7,0.0, 0, 0,26125,1000,1000,0,0,0,""
2298469,DATA,54.7,0.0, 0, 0,11874,1000,1000,0,0,0,""
2298970,DATA,54.7,0.0, 0, 0,52841,1000,1000,0,0,0,""
2299471,DATA,54.7,0.0, 0, 0,106276,1000,1000,0,0,0,""
2299972,DATA,54.7,0.0, 0, 0,121117,1000,1000,0,0,0,""
2300473,DATA,54.7,0.0, 0, 0,24343,1000,1000,0,0,0,""
2300974,DATA,54.7,0.0, 0, 0,36218,1000,1000,0,0,0,""
2301475,DATA,54.7,0.0, 0, 0,60559,1000,1000,0,0,0,""
2301976,DATA,54.7,0.0, 0, 0,84899,1000,1000,0,0,0,""
2302477,DATA,54.7,-2.1, 0, 0,54031,1000,1000,0,0,0,""
2302978,DATA,54.7,0.0, 0, 0,78964,1000,1000,0,0,0,""
2303479,DATA,54.7,0.0, 0, 0,113374,1000,1000,0,0,0,""
2303980,DATA,54.7,0.0, 0, 0,70646,1000,1000,0,0,0,""
2304481,DATA,54.7,0.0, 0, 0,36218,1000,1000,0,0,0,""
2304982,DATA,54.7,0.0, 0, 0,88461,1000,1000,0,0,0,""
2305483,DATA,54.7,0.0, 0, 0,35028,1000,1000,0,0,0,""
2305984,DATA,54.5,-2.1, 0, 0,129423,1000,1000,0,0,0,""
2306485,DATA,54.7,0.0, 0, 0,49879,1000,1000,0,0,0,""
2306986,DATA,54.5,-2.1, 0, 0,97957,1000,1000,0,0,0,""
2307487,DATA,54.7,0.0, 0, 0,29093,1000,1000,0,0,0,""
2307988,DATA,54.5,-2.1, 0, 0,94403,1000,1000,0,0,0,""
2308489,DATA,54.5,0.0, 0, 0,49875,1000,1000,0,0,0,""
2308990,DATA,54.5,-2.1, 0, 0,113993,1000,1000,0,0,0,""
2309491,DATA,54.5,0.0, 0, 0,21372,1000,1000,0,0,0,""
2309992,DATA,54.5,0.0, 0, 0,27908,1000,1000,0,0,0,""
2310493,DATA,54.5,0.0, 0, 0, 0,1000,1000,0,0,0,""
2310994,DATA,54.5,0.0, 0, 0, 0,1000,1000,0,0,0,""
2311495,DATA,54.5,0.0, 0, 0,69458,1000,1000,0,0,0,""
2311996,DATA,54.5,0.0, 0, 0,69464,1000,1000,0,0,0,""
2312497,DATA,54.5,0.0, 0, 0,68285,1000,1000,0,0,0,""
2312998,DATA,54.5,0.0, 0, 0,32652,1000,1000,0,0,0,""
2313499,DATA,54.5,0.0, 0, 0,90241,1000,1000,0,0,0,""
2314000,DATA,54.5,0.0, 0, 0,2375,1000,1000,0,0,0,""
2314501,DATA,54.5,0.0, 0, 0,100346,1000,1000,0,0,0,""
2315002,DATA,54.5,0.0, 0, 0,84905,1000,1000,0,0,0,""
2315503,DATA,54.5,0.0, 0, 0,65905,1000,1000,0,0,0,""
2316004,DATA,54.5,0.0, 0, 0, 0,1000,1000,0,0,0,""
2316505,DATA,54.5,2.1, 0, 0,594,1000,1000,0,0,0,""
2317006,DATA,54.2,0.0, 0, 0,153155,1000,1000,0,0,0,""
2317507,DATA,54.5,0.0, 0, 0,138330,1000,1000,0,0,0,""
2318008,DATA,54.2,-2.1, 0, 0,54035,1000,1000,0,0,0,""
2318509,DATA,54.5,2.0, 0, 0,45716,1000,1000,0,0,0,""
2319010,DATA,54.5,0.0, 0, 0,41559,1000,1000,0,0,0,""
2319511,DATA,54.5,0.0, 0, 0,96772,1000,1000,0,0,0,""
2320012,DATA,54.2,0.0, 0, 0,42154,1000,1000,0,0,0,""
2320513,DATA,54.2,0.0, 0, 0,45123,1000,1000,0,0,0,""
2321014,DATA,54.2,0.0, 0, 0,36215,1000,1000,0,0,0,""
2321515,DATA,54.2,0.0, 0, 0,30279,1000,1000,0,0,0,""
2322016,DATA,54.2,0.0, 0, 0,77190,1000,1000,0,0,0,""
2322517,DATA,54.2,0.0, 0, 0, 0,1000,1000,0,0,0,""
2323018,DATA,54.2,0.0, 0, 0, 0,1000,1000,0,0,0,""
2323519,DATA,54.2,0.0, 0, 0, 0,1000,1000,0,0,0,""
2324020,DATA,54.2,0.0, 0, 0, 0,1000,1000,0,0,0,""
2324521,DATA,54.2,2.0, 0, 0, 0,1000,1000,0,0,0,""
2325022,DATA,54.0,-2.1, 0, 0, 0,1000,1000,0,0,0,""
2325523,DATA,54.2,2.1, 0, 0, 0,1000,1000,0,0,0,""
2326024,DATA,54.0,0.0, 0, 0, 0,1000,1000,0,0,0,""
2326525,DATA,54.0,0.0, 0, 0, 0,1000,1000,0,0,0,""
2327026,DATA,54.0,0.0, 0, 0, 0,1000,1000,0,0,0,""
2327527,DATA,54.0,0.0, 0, 0, 0,1000,1000,0,0,0,""
2328028,DATA,54.0,0.0, 0, 0, 0,1000,1000,0,0,0,""
2328529,DATA,54.0,0.0, 0, 0, 0,1000,1000,0,0,0,""
2329030,DATA,54.0,0.0, 0, 0, 0,1000,1000,0,0,0,""
2329531,DATA,54.0,0.0, 0, 0, 0,1000,1000,0,0,0,""
2330032,DATA,54.0,0.0, 0, 0, 0,1000,1000,0,0,0,""
2330533,DATA,54.0,0.0, 0, 0, 0,1000,1000,0,0,0,""
2331034,DATA,54.0,0.0, 0, 0,66489,1000,1000,0,0,0,""
2331535,DATA,54.0,0.0, 0, 0, 0,1000,1000,0,0,0,""
2332036,DATA,54.0,0.0, 0, 0,68276,1000,1000,0,0,0,""
2332537,DATA,54.0,0.0, 0, 0,121144,1000,1000,0,0,0,""
2333038,DATA,54.0,0.0, 0, 0, 0,1000,1000,0,0,0,""
2333539,DATA,54.0,2.0, 0, 0, 0,1000,1000,0,0,0,""
2334040,DATA,53.7,-2.1, 0, 0, 0,1000,1000,0,0,0,""
2334541,DATA,54.0,0.0, 0, 0,5937,1000,1000,0,0,0,""
2335042,DATA,54.0,0.0, 0, 0, 0,1000,1000,0,0,0,""
2335543,DATA,54.0,0.0, 0, 0, 0,1000,1000,0,0,0,""
2336044,DATA,54.0,0.0, 0, 0, 0,1000,1000,0,0,0,""
2336545,DATA,53.7,0.0, 0, 0, 0,1000,1000,0,0,0,""
2337046,DATA,54.0,2.1, 0, 0, 0,1000,1000,0,0,0,""
2337547,DATA,53.7,0.0, 0, 0, 0,1000,1000,0,0,0,""
2338048,DATA,53.7,0.0, 0, 0, 0,1000,1000,0,0,0,""
2338549,DATA,53.7,0.0, 0, 0, 0,1000,1000,0,0,0,""
2339050,DATA,53.7,0.0, 0, 0,4751,1000,1000,0,0,0,""
2339551,DATA,53.7,0.0, 0, 0, 0,1000,1000,0,0,0,""
2340052,DATA,53.7,0.0, 0, 0, 0,1000,1000,0,0,0,""
2340553,DATA,53.7,0.0, 0, 0,5937,1000,1000,0,0,0,""
2341054,DATA,53.7,0.0, 0, 0,25527,1000,1000,0,0,0,""
2341555,DATA,53.7,0.0, 0, 0,2376,1000,1000,0,0,0,""
2342056,DATA,53.7,0.0, 0, 0,47514,1000,1000,0,0,0,""
2342557,DATA,53.7,0.0, 0, 0, 0,1000,1000,0,0,0,""
2343058,DATA,53.7,0.0, 0, 0, 0,1000,1000,0,0,0,""
2343559,DATA,53.7,0.0, 0, 0,594,1000,1000,0,0,0,""
2344060,DATA,53.7,0.0, 0, 0,9498,1000,1000,0,0,0,""
2344561,DATA,53.7,0.0, 0, 0,69469,1000,1000,0,0,0,""
2345062,DATA,53.7,0.0, 0, 0,10686,1000,1000,0,0,0,""
2345563,DATA,53.7,0.0, 0, 0,52243,1000,1000,0,0,0,""
2346064,DATA,53.7,0.0, 0, 0,20786,1000,1000,0,0,0,""
2346565,DATA,53.5,-2.1, 0, 0, 0,1000,1000,0,0,0,""
2347066,DATA,53.7,0.0, 0, 0,26118,1000,1000,0,0,0,""
2347567,DATA,53.5,0.0, 0, 0, 0,1000,1000,0,0,0,""
2348068,DATA,53.5,0.0, 0, 0,18999,1000,1000,0,0,0,""
2348569,DATA,53.5,0.0, 0, 0, 0,1000,1000,0,0,0,""
2349070,DATA,53.5,0.0, 0, 0, 0,1000,1000,0,0,0,""
2349571,DATA,53.5,0.0, 0, 0, 0,1000,1000,0,0,0,""
2350072,DATA,53.5,2.1, 0, 0, 0,1000,1000,0,0,0,""
2350573,DATA,53.5,0.0, 0, 0,13061,1000,1000,0,0,0,""
2351074,DATA,53.5,0.0, 0, 0, 0,1000,1000,0,0,0,""
2351575,DATA,53.5,0.0, 0, 0, 0,1000,1000,0,0,0,""
2352076,DATA,53.3,-2.1, 0, 0,29688,1000,1000,0,0,0,""
2352577,DATA,53.5,0.0, 0, 0,17219,1000,1000,0,0,0,""
2353078,DATA,53.3,0.0, 0, 0,91433,1000,1000,0,0,0,""
2353579,DATA,53.3,0.0, 0, 0,17216,1000,1000,0,0,0,""
2354080,DATA,53.3,0.0, 0, 0, 0,1000,1000,0,0,0,""
2354581,DATA,53.3,0.0, 0, 0, 0,1000,1000,0,0,0,""
2355082,DATA,53.3,0.0, 0, 0, 0,1000,1000,0,0,0,""
2355583,DATA,53.3,0.0, 0, 0, 0,1000,1000,0,0,0,""
2356084,DATA,53.3,0.0, 0, 0, 0,1000,1000,0,0,0,""
2356585,DATA,53.3,0.0, 0, 0, 0,1000,1000,0,0,0,""
2357086,DATA,53.3,0.0, 0, 0, 0,1000,1000,0,0,0,""
2357587,DATA,53.3,0.0, 0, 0, 0,1000,1000,0,0,0,""
2358088,DATA,53.3,0.0, 0, 0,92639,1000,1000,0,0,0,""
2358589,DATA,53.3,0.0, 0, 0,128251,1000,1000,0,0,0,""
2359090,DATA,53.3,2.1, 0, 0,60556,1000,1000,0,0,0,""
2359591,DATA,53.3,0.0, 0, 0,2376,1000,1000,0,0,0,""
2360092,DATA,53.0,0.0, 0, 0,92616,1000,1000,0,0,0,""
2360593,DATA,53.0,0.0, 0, 0,18406,1000,1000,0,0,0,""
2361094,DATA,53.0,0.0, 0, 0,68278,1000,1000,0,0,0,""
2361595,DATA,53.3,2.1, 0, 0,16631,1000,1000,0,0,0,""
2362096,DATA,53.0,0.0, 0, 0,45133,1000,1000,0,0,0,""
2362597,DATA,53.0,0.0, 0, 0, 0,1000,1000,0,0,0,""
2363098,DATA,53.0,0.0, 0, 0, 0,1000,1000,0,0,0,""
2363599,DATA,53.0,0.0, 0, 0, 0,1000,1000,0,0,0,""
2364100,DATA,53.0,0.0, 0, 0, 0,1000,1000,0,0,0,""
2364601,DATA,53.0,0.0, 0, 0, 0,1000,1000,0,0,0,""
2365102,DATA,53.0,0.0, 0, 0, 0,1000,1000,0,0,0,""
2365603,DATA,53.0,0.0, 0, 0,140752,1000,1000,0,0,0,""
2366104,DATA,53.0,0.0, 0, 0,106275,1000,1000,0,0,0,""
2366605,DATA,53.0,0.0, 0, 0,21975,1000,1000,0,0,0,""
2367106,DATA,53.0,2.1, 0, 0, 0,1000,1000,0,0,0,""
2367607,DATA,53.0,0.0, 0, 0,94400,1000,1000,0,0,0,""
2368108,DATA,53.0,0.0, 0, 0,4156,1000,1000,0,0,0,""
2368609,DATA,53.0,0.0, 0, 0, 0,1000,1000,0,0,0,""
2369110,DATA,52.7,-2.1, 0, 0, 0,1000,1000,0,0,0,""
2369611,DATA,52.7,-2.0, 0, 0, 0,1000,1000,0,0,0,""
2370112,DATA,52.7,-2.1, 0, 0,8315,1000,1000,0,0,0,""
2370613,DATA,52.7,-2.1, 0, 0, 0,1000,1000,0,0,0,""
2371114,DATA,52.7,0.0, 0, 0, 0,1000,1000,0,0,0,""
2371615,DATA,52.7,-2.1, 0, 0,7126,1000,1000,0,0,0,""
2372116,DATA,52.7,0.0, 0, 0, 0,1000,1000,0,0,0,""
2372617,DATA,52.7,0.0, 0, 0, 0,1000,1000,0,0,0,""
2373118,DATA,52.7,0.0, 0, 0,15440,1000,1000,0,0,0,""
2373619,DATA,52.7,0.0, 0, 0, 0,1000,1000,0,0,0,""
2374120,DATA,52.7,0.0, 0, 0, 0,1000,1000,0,0,0,""
2374621,DATA,52.7,0.0, 0, 0, 0,1000,1000,0,0,0,""
2375122,DATA,52.7,0.0, 0, 0, 0,1000,1000,0,0,0,""
2375623,DATA,52.7,2.0, 0, 0,594,1000,1000,0,0,0,""
2376124,DATA,52.7,0.0, 0, 0, 0,1000,1000,0,0,0,""
2376625,DATA,52.7,2.1, 0, 0,2375,1000,1000,0,0,0,""
2377126,DATA,52.5,0.0, 0, 0,2375,1000,1000,0,0,0,""
2377627,DATA,52.5,0.0, 0, 0,25532,1000,1000,0,0,0,""
2378128,DATA,52.5,0.0, 0, 0,62334,1000,1000,0,0,0,""
