ms,type,egtC,dEgtCps,rpm,fRpm,rRpm,pumpUs,starterUs,ign,valve1,valve2,event
4693,EVENT,,, 0, 0, 0,1000,1000,0,0,0,"BOOT SD_LOG_READY"
8734,EVENT,,, 0, 0, 0,1000,1000,0,0,0,"EV:A05_ALL_OFF"
8843,EVENT,,, 0, 0, 0,1000,1000,0,0,0,"CONFIG_LOADED"
8959,DATA,33.7,0.0, 0, 0,165000,1000,1000,0,0,0,""
9459,DATA,33.7,2.1, 0, 0,137404,1000,1000,0,0,0,""
9959,DATA,33.5,0.0, 0, 0,136189,1000,1000,0,0,0,""
10459,DATA,33.5,-2.1, 0, 0,136814,1000,1000,0,0,0,""
10959,DATA,33.5,0.0, 0, 0,135603,1000,1000,0,0,0,""
11459,DATA,33.7,2.1, 0, 0,137388,1000,1000,0,0,0,""
11959,DATA,33.7,2.1, 0, 0,135603,1000,1000,0,0,0,""
12459,DATA,33.5,0.0, 0, 0,137406,1000,1000,0,0,0,""
12959,DATA,33.7,2.1, 0, 0,136196,1000,1000,0,0,0,""
13459,DATA,33.7,0.0, 0, 0,137410,1000,1000,0,0,0,""
13959,DATA,33.5,-2.1, 0, 0,135599,1000,1000,0,0,0,""
14459,DATA,33.5,0.0, 0, 0,136814,1000,1000,0,0,0,""
14959,DATA,33.7,0.0, 0, 0,136199,1000,1000,0,0,0,""
15459,DATA,33.7,2.1, 0, 0,137404,1000,1000,0,0,0,""
15959,DATA,33.5,0.0, 0, 0,136195,1000,1000,0,0,0,""
16459,DATA,33.7,2.1, 0, 0,136810,1000,1000,0,0,0,""
16959,DATA,33.5,0.0, 0, 0,136200,1000,1000,0,0,0,""
17459,DATA,33.5,-2.1, 0, 0,137401,1000,1000,0,0,0,""
17959,DATA,33.5,0.0, 0, 0,136184,1000,1000,0,0,0,""
18459,DATA,33.5,0.0, 0, 0,137407,1000,1000,0,0,0,""
18959,DATA,33.5,0.0, 0, 0,136214,1000,1000,0,0,0,""
19345,EVENT,33.5,0.0, 0, 0,137397,1000,1000,0,0,0,"STARTER 1200"
19495,DATA,33.7,2.0,60,60,109152,1000,1035,0,0,0,""
20015,DATA,31.8,0.0,1785,1327,1500,1000,1152,0,0,0,""
20515,DATA,31.8,0.0,3927,3337, 0,1000,1200,0,0,0,""
21015,DATA,31.5,-6.2,4671,4470,2400,1000,1200,0,0,0,""
21515,DATA,31.8,-2.1,4091,4232,4199,1000,1200,0,0,0,""
22015,DATA,32.2,2.1,4272,4223,1800,1000,1200,0,0,0,""
22515,DATA,32.5,-2.1,3764,3881,3600,1000,1200,0,0,0,""
23015,DATA,32.7,0.0,3585,3617,1800,1000,1200,0,0,0,""
23515,DATA,32.7,0.0,3206,3282,1800,1000,1200,0,0,0,""
24015,DATA,32.7,0.0,3070,3136,3600,1000,1200,0,0,0,""
24515,DATA,32.7,0.0,2664,2702,3000,1000,1200,0,0,0,""
25015,DATA,33.0,2.1,2578,2679,6000,1000,1200,0,0,0,""
25515,DATA,32.7,0.0,3616,3279,6000,1000,1200,0,0,0,""
26015,DATA,32.7,-2.1,4128,3996,5400,1000,1200,0,0,0,""
26515,DATA,32.7,-2.1,4774,4628,4800,1000,1200,0,0,0,""
27015,DATA,32.7,-2.1,4770,4764,4800,1000,1200,0,0,0,""
27515,DATA,32.7,0.0,4648,4703,12598,1000,1200,0,0,0,""
27926,EVENT,32.7,0.0,5007,4920,7200,1000,1200,0,1,0,"VALVE1 ON"
28015,DATA,32.7,0.0,5058,4982,5399,1000,1200,0,1,0,""
28515,DATA,33.0,2.1,4988,5001,6599,1000,1200,0,1,0,""
29015,DATA,32.7,-2.1,4754,4754,6000,1000,1200,0,1,0,""
29515,DATA,32.7,0.0,4676,4726,4801,1000,1200,0,1,0,""
29641,EVENT,32.7,0.0,4422,4589,4157,1000,1200,1,1,0,"IGN ON"
30015,DATA,32.0,0.0,4680,4590,5400,1000,1200,1,1,0,""
30515,DATA,32.2,-2.1,4890,4838,7800,1000,1200,1,1,0,""
31015,DATA,32.5,-2.1,4014,4361,3600,1000,1200,1,1,0,""
31515,DATA,32.7,0.0,3678,3662,1200,1000,1200,1,1,0,""
31959,EVENT,32.5,-2.1,3969,3954,3000,1000,1200,1,1,0,"PUMP 1045"
32015,DATA,32.5,-2.1,3969,3954,3000,1000,1200,1,1,0,""
32535,DATA,32.7,0.0,3513,3599,1500,1013,1200,1,1,0,""
33055,DATA,32.7,0.0,3552,3518,1500,1036,1200,1,1,0,""
33555,DATA,32.7,0.0,3495,3521,1800,1045,1200,1,1,0,""
34055,DATA,32.5,-2.1,3141,3039,4200,1045,1200,1,1,0,""
34555,DATA,33.0,2.1,4345,4125,5400,1045,1200,1,1,0,""
35055,DATA,32.7,0.0,4757,4691,4200,1045,1200,1,1,0,""
35555,DATA,33.0,2.1,4839,4797,4800,1045,1200,1,1,0,""
36055,DATA,33.2,4.2,4785,4813,5400,1045,1200,1,1,0,""
36555,DATA,33.7,2.1,3527,3854,4800,1045,1200,1,1,0,""
37055,DATA,34.5,2.1,4554,4354,4800,1045,1200,1,1,0,""
37555,DATA,34.7,0.0,4830,4767,5400,1045,1200,1,1,0,""
38055,DATA,35.0,-2.1,4870,4865,4799,1045,1200,1,1,0,""
38555,DATA,35.2,2.1,4854,4856,5400,1045,1200,1,1,0,""
39055,DATA,35.0,0.0,4887,4883,4800,1045,1200,1,1,0,""
39555,DATA,35.0,-2.1,4892,4891, 0,1045,1200,1,1,0,""
40055,DATA,35.0,0.0,4719,4796,3000,1045,1200,1,1,0,""
40555,DATA,35.0,0.0,3596,3833,181807,1045,1200,1,1,0,""
41055,DATA,35.0,0.0,3993,3917,46802,1045,1200,1,1,0,""
41555,DATA,35.0,0.0,4156,4291,4800,1045,1200,1,1,0,""
42055,DATA,35.0,0.0,3368,3597,4200,1045,1200,1,1,0,""
42555,DATA,35.7,2.1,3848,3706,5400,1045,1200,1,1,0,""
43055,DATA,38.2,6.2,3673,3703,3000,1045,1200,1,1,0,""
43555,DATA,40.8,2.1,4095,4100,6001,1045,1200,1,1,0,""
44055,DATA,43.5,6.2,4875,4708,4800,1045,1200,1,1,0,""
44555,DATA,46.0,6.2,4857,4847,2400,1045,1200,1,1,0,""
45055,DATA,47.2,0.0,3248,3692,4199,1045,1200,1,1,0,""
45555,DATA,48.7,2.1,3122,3110, 0,1045,1200,1,1,0,""
46055,DATA,49.7,2.1,3761,3597,100802,1045,1200,1,1,0,""
46555,DATA,50.8,4.2,4082,4023,182422,1045,1200,1,1,0,""
47055,DATA,51.5,2.1,4135,4124,111010,1045,1200,1,1,0,""
47555,DATA,52.7,2.1,4143,4141,182393,1045,1200,1,1,0,""
48055,DATA,53.7,4.2,4144,4144,181776,1045,1200,1,1,0,""
48555,DATA,54.7,2.1,4144,4144,181824,1045,1200,1,1,0,""
49055,DATA,55.5,0.0,4144,4144,181820,1045,1200,1,1,0,""
49555,DATA,56.5,2.1,4144,4144,181785,1045,1200,1,1,0,""
50055,DATA,57.2,0.0,4144,4144,181776,1045,1200,1,1,0,""
50555,DATA,58.3,2.1,4144,4144,181187,1045,1200,1,1,0,""
51055,DATA,59.2,0.0,4144,4144,181824,1045,1200,1,1,0,""
51555,DATA,60.2,2.1,4144,4144,181818,1045,1200,1,1,0,""
52055,DATA,60.8,2.1,4144,4144,181204,1045,1200,1,1,0,""
52555,DATA,61.0,2.1,4144,4144,182395,1045,1200,1,1,0,""
53055,DATA,60.5,0.0,4144,4144,181771,1045,1200,1,1,0,""
53555,DATA,61.2,2.1,4144,4144,181200,1045,1200,1,1,0,""
54055,DATA,63.5,4.2,4144,4144,181200,1045,1200,1,1,0,""
54555,DATA,65.2,4.2,4144,4144,182420,1045,1200,1,1,0,""
55055,DATA,66.2,2.1,4144,4144,181198,1045,1200,1,1,0,""
55555,DATA,67.5,2.1,4144,4144,181204,1045,1200,1,1,0,""
56055,DATA,68.5,0.0,4144,4144,181811,1045,1200,1,1,0,""
56555,DATA,70.0,4.2,4144,4144,181811,1045,1200,1,1,0,""
57055,DATA,71.5,4.2,4144,4144,181200,1045,1200,1,1,0,""
57555,DATA,72.7,4.2,4144,4144,181200,1045,1200,1,1,0,""
58055,DATA,74.0,2.1,4144,4144,181822,1045,1200,1,1,0,""
58555,DATA,75.0,2.1,4144,4144,181205,1045,1200,1,1,0,""
59055,DATA,76.0,4.2,4144,4144,181202,1045,1200,1,1,0,""
59555,DATA,76.7,0.0,4144,4144,181795,1045,1200,1,1,0,""
60055,DATA,78.0,2.1,4144,4144,180623,1045,1200,1,1,0,""
60555,DATA,79.2,4.2,4144,4144,181196,1045,1200,1,1,0,""
61055,DATA,80.2,2.1,4144,4144,181224,1045,1200,1,1,0,""
61555,DATA,81.5,2.1,4144,4144,181795,1045,1200,1,1,0,""
62055,DATA,82.5,4.2,4144,4144,180600,1045,1200,1,1,0,""
62555,DATA,83.0,0.0,4144,4144,180623,1045,1200,1,1,0,""
63055,DATA,84.2,2.1,4144,4144,180577,1045,1200,1,1,0,""
63555,DATA,85.5,4.2,4144,4144,154806,1045,1200,1,1,0,""
64055,DATA,86.5,2.1,4144,4144,134995,1045,1200,1,1,0,""
64555,DATA,87.3,2.1,5190,4972,4800,1045,1200,1,1,0,""
65055,DATA,88.0,2.1,3716,4162, 0,1045,1200,1,1,0,""
65555,DATA,88.5,0.0,3806,3703,180622,1045,1200,1,1,0,""
66055,DATA,89.2,2.1,4090,4040,181218,1045,1200,1,1,0,""
66555,DATA,90.0,2.1,4136,4127,174621,1045,1200,1,1,0,""
67055,DATA,90.8,2.1,4143,4142,180582,1045,1200,1,1,0,""
67555,DATA,91.7,2.1,4144,4144,180605,1045,1200,1,1,0,""
68055,DATA,92.3,2.1,4144,4144,180600,1045,1200,1,1,0,""
68555,DATA,93.0,0.0,4144,4144,181220,1045,1200,1,1,0,""
69055,DATA,93.7,0.0,4144,4144,181202,1045,1200,1,1,0,""
69555,DATA,94.5,0.0,4144,4144,169785,1045,1200,1,1,0,""
70055,DATA,95.2,0.0,4144,4144,180598,1045,1200,1,1,0,""
70555,DATA,96.0,0.0,4144,4144,181175,1045,1200,1,1,0,""
71055,DATA,96.7,0.0,4144,4144,180577,1045,1200,1,1,0,""
71555,DATA,97.5,2.1,4144,4144,181214,1045,1200,1,1,0,""
72055,DATA,98.0,0.0,4144,4144,181198,1045,1200,1,1,0,""
72555,DATA,98.7,0.0,4144,4144,180577,1045,1200,1,1,0,""
73055,DATA,99.8,2.1,4144,4144,180611,1045,1200,1,1,0,""
73555,DATA,100.5,4.2,4144,4144,181213,1045,1200,1,1,0,""
74055,DATA,101.0,2.1,4144,4144,180577,1045,1200,1,1,0,""
74555,DATA,101.5,0.0,4144,4144,181202,1045,1200,1,1,0,""
75055,DATA,102.0,-2.1,4144,4144,180623,1045,1200,1,1,0,""
75555,DATA,102.8,2.1,4144,4144,180595,1045,1200,1,1,0,""
76055,DATA,103.8,0.0,4144,4144,177602,1045,1200,1,1,0,""
76555,DATA,104.2,0.0,4601,4378,61795,1045,1200,1,1,0,""
77055,DATA,105.0,2.1,3884,4233,4200,1045,1200,1,1,0,""
77555,DATA,105.8,2.1,3956,3869,6000,1045,1200,1,1,0,""
78055,DATA,106.2,0.0,4925,4782,6600,1045,1200,1,1,0,""
78555,DATA,107.0,0.0,5353,5157,5400,1045,1200,1,1,0,""
79055,DATA,107.8,2.1,5459,5614,4200,1045,1200,1,1,0,""
79555,DATA,108.5,2.1,4301,4626,1200,1045,1200,1,1,0,""
80055,DATA,109.0,0.0,3191,3333,3600,1045,1200,1,1,0,""
80555,DATA,109.7,2.1,3320,3218,3000,1045,1200,1,1,0,""
81055,DATA,110.2,0.0,2944,3131,4800,1045,1200,1,1,0,""
81555,DATA,111.0,4.2,3348,3325,4800,1045,1200,1,1,0,""
82055,DATA,111.5,0.0,3194,3145,4200,1045,1200,1,1,0,""
82555,DATA,112.2,2.1,2780,2865,3600,1045,1200,1,1,0,""
83055,DATA,112.7,0.0,4048,3645,6000,1045,1200,1,1,0,""
83555,DATA,113.5,2.1,3954,4209,4200,1045,1200,1,1,0,""
84055,DATA,114.3,2.1,3558,3704,1200,1045,1200,1,1,0,""
84555,DATA,114.7,0.0,3044,3189,66000,1045,1200,1,1,0,""
85055,DATA,115.3,2.1,4059,3843,3000,1045,1200,1,1,0,""
85555,DATA,116.0,2.1,3135,3385,1800,1045,1200,1,1,0,""
86055,DATA,116.5,2.1,3142,2997,3000,1045,1200,1,1,0,""
86555,DATA,117.0,0.0,2410,2567,4200,1045,1200,1,1,0,""
87055,DATA,117.7,2.1,3579,3283,4799,1045,1200,1,1,0,""
87555,DATA,118.3,2.1,4398,4166,4800,1045,1200,1,1,0,""
88055,DATA,118.7,2.1,4294,4409,6001,1045,1200,1,1,0,""
88555,DATA,119.3,2.1,3569,3732,6001,1045,1200,1,1,0,""
89055,DATA,120.0,0.0,4441,4248,3600,1045,1200,1,1,0,""
89555,DATA,120.5,0.0,4669,4452,6601,1045,1200,1,1,0,""
90055,DATA,121.0,0.0,5183,5282,3600,1045,1200,1,1,0,""
90555,DATA,121.7,2.1,3295,3658,6601,1045,1200,1,1,0,""
91055,DATA,122.0,0.0,5052,4644,3600,1045,1200,1,1,0,""
91555,DATA,122.7,4.2,4949,4826,7200,1045,1200,1,1,0,""
92055,DATA,123.2,2.1,4772,4836,9600,1045,1200,1,1,0,""
92555,DATA,123.5,0.0,3476,3944,5400,1045,1200,1,1,0,""
93055,DATA,124.0,0.0,3666,3475,3600,1045,1200,1,1,0,""
93555,DATA,124.5,2.1,3710,3590,1200,1045,1200,1,1,0,""
94055,DATA,125.0,2.1,2992,3211,4200,1045,1200,1,1,0,""
94555,DATA,125.2,2.1,3498,3321,5999,1045,1200,1,1,0,""
95055,DATA,125.8,2.1,5084,4707,9000,1045,1200,1,1,0,""
95555,DATA,126.2,0.0,5568,5501,9001,1045,1200,1,1,0,""
96055,DATA,126.5,0.0,5069,5081,7201,1045,1200,1,1,0,""
96555,DATA,127.0,2.1,5533,5467,7800,1045,1200,1,1,0,""
97055,DATA,127.2,0.0,5294,5299,10199,1045,1200,1,1,0,""
97555,DATA,127.8,2.1,4081,4456,3600,1045,1200,1,1,0,""
98055,DATA,128.3,2.1,3862,3823,4800,1045,1200,1,1,0,""
98555,DATA,128.5,2.1,4285,4271,6000,1045,1200,1,1,0,""
99055,DATA,128.8,0.0,3975,3939,4800,1045,1200,1,1,0,""
99555,DATA,129.0,0.0,3721,4040,3000,1045,1200,1,1,0,""
100055,DATA,129.0,0.0,3217,3184,4799,1045,1200,1,1,0,""
100555,DATA,129.5,0.0,3345,3421,4800,1045,1200,1,1,0,""
101055,DATA,129.8,0.0,3733,3595,4800,1045,1200,1,1,0,""
101555,DATA,130.3,-2.1,4934,4457,6601,1045,1200,1,1,0,""
102055,DATA,130.5,-2.1,5411,5463,2400,1045,1200,1,1,0,""
102555,DATA,131.0,-2.1,3551,3846,6000,1045,1200,1,1,0,""
103055,DATA,131.5,2.1,4720,4516,4200,1045,1200,1,1,0,""
103555,DATA,131.8,2.1,5031,4970,5400,1045,1200,1,1,0,""
104055,DATA,132.0,0.0,4157,4397,8400,1045,1200,1,1,0,""
104555,DATA,132.5,0.0,4309,4373,5400,1045,1200,1,1,0,""
105055,DATA,132.8,0.0,4184,4023,10199,1045,1200,1,1,0,""
105555,DATA,133.0,0.0,5161,5110,6001,1045,1200,1,1,0,""
106055,DATA,133.5,2.1,3858,4229,4200,1045,1200,1,1,0,""
106555,DATA,133.8,2.1,4516,4410,2400,1045,1200,1,1,0,""
107055,DATA,134.0,2.1,5019,4918,3600,1045,1200,1,1,0,""
107555,DATA,134.5,2.1,5695,5570,5400,1045,1200,1,1,0,""
108055,DATA,134.8,0.0,4761,5143,4800,1045,1200,1,1,0,""
108555,DATA,135.3,4.2,4023,4208,4800,1045,1200,1,1,0,""
109055,DATA,135.5,0.0,3354,3340,1200,1045,1200,1,1,0,""
109555,DATA,136.0,2.1,4027,3890,4200,1045,1200,1,1,0,""
110055,DATA,136.0,-2.1,3304,3535,6601,1045,1200,1,1,0,""
110555,DATA,136.5,0.0,3308,3296,2400,1045,1200,1,1,0,""
111055,DATA,136.8,0.0,2769,2972,5999,1045,1200,1,1,0,""
111555,DATA,137.0,-2.1,3551,3222,5400,1045,1200,1,1,0,""
112055,DATA,137.3,0.0,4338,4063,3600,1045,1200,1,1,0,""
112555,DATA,137.5,0.0,3350,3763,6000,1045,1200,1,1,0,""
113055,DATA,137.8,0.0,2295,2480,3000,1045,1200,1,1,0,""
113555,DATA,138.0,0.0,2941,2945,6001,1045,1200,1,1,0,""
114055,DATA,138.5,2.1,3497,3375,3600,1045,1200,1,1,0,""
114555,DATA,138.8,2.1,2649,2839,2400,1045,1200,1,1,0,""
115055,DATA,139.0,2.1,2585,2700,4200,1045,1200,1,1,0,""
115555,DATA,139.0,0.0,3375,3211,4800,1045,1200,1,1,0,""
116055,DATA,139.3,0.0,2921,2938,4800,1045,1200,1,1,0,""
116555,DATA,139.3,0.0,3022,3084,600,1045,1200,1,1,0,""
117055,DATA,139.5,0.0,2709,2639,2400,1045,1200,1,1,0,""
117555,DATA,139.8,0.0,2862,2933,5400,1045,1200,1,1,0,""
118055,DATA,139.8,0.0,2929,2990,3000,1045,1200,1,1,0,""
118555,DATA,140.0,0.0,2835,2864,3600,1045,1200,1,1,0,""
119055,DATA,140.3,0.0,2940,3036,3000,1045,1200,1,1,0,""
119304,EVENT,140.5,0.0,2741,2851,2969,1045,1200,1,1,0,"PUMP 1050"
119555,DATA,140.5,0.0,3004,2943,1200,1045,1200,1,1,0,""
120055,DATA,140.8,0.0,3310,3168,3000,1048,1200,1,1,0,""
120555,DATA,141.0,0.0,3456,3444,4800,1050,1200,1,1,0,""
121055,DATA,141.3,0.0,3341,3320,3000,1050,1200,1,1,0,""
121555,DATA,141.8,2.1,3562,3507,1200,1050,1200,1,1,0,""
122055,DATA,142.3,2.1,3341,3373,2400,1050,1200,1,1,0,""
122555,DATA,142.5,0.0,2805,3055,2400,1050,1200,1,1,0,""
123055,DATA,143.0,0.0,2603,2716,1800,1050,1200,1,1,0,""
123555,DATA,143.5,0.0,2563,2548,2400,1050,1200,1,1,0,""
124055,DATA,143.8,0.0,3231,2963,3000,1050,1200,1,1,0,""
124555,DATA,144.3,2.1,2860,2973,1200,1050,1200,1,1,0,""
125055,DATA,144.5,2.1,3066,3146,1800,1050,1200,1,1,0,""
125555,DATA,145.0,2.1,2739,2658,1200,1050,1200,1,1,0,""
126055,DATA,145.3,2.1,2671,2802,3000,1050,1200,1,1,0,""
126555,DATA,145.8,0.0,3008,3063,3600,1050,1200,1,1,0,""
127055,DATA,146.3,2.1,2626,2551,2400,1050,1200,1,1,0,""
127555,DATA,146.8,2.1,3320,3214,1800,1050,1200,1,1,0,""
128055,DATA,146.8,0.0,3683,3467,8400,1050,1200,1,1,0,""
128555,DATA,147.3,0.0,2974,3226,1800,1050,1200,1,1,0,""
129055,DATA,147.8,2.1,3260,3188,4800,1050,1200,1,1,0,""
129555,DATA,148.0,0.0,3657,3669,600,1050,1200,1,1,0,""
130055,DATA,148.8,2.1,2917,3104,1800,1050,1200,1,1,0,""
130555,DATA,148.8,-2.1,4289,3903,11400,1050,1200,1,1,0,""
131055,DATA,149.5,2.1,4962,4879,10800,1050,1200,1,1,0,""
131555,DATA,149.8,0.0,5284,5178,12598,1050,1200,1,1,0,""
132055,DATA,150.0,0.0,5112,5172,6000,1050,1200,1,1,0,""
132555,DATA,150.5,2.1,5757,5669,7800,1050,1200,1,1,0,""
133055,DATA,150.8,0.0,5738,5878,6000,1050,1200,1,1,0,""
133555,DATA,151.0,0.0,5062,5182,4800,1050,1200,1,1,0,""
134055,DATA,151.3,0.0,4946,4936,7800,1050,1200,1,1,0,""
134555,DATA,151.7,2.1,4924,4928,6000,1050,1200,1,1,0,""
135055,DATA,152.0,0.0,4890,4908,4800,1050,1200,1,1,0,""
135555,DATA,152.5,2.1,3544,3858,3600,1050,1200,1,1,0,""
136055,DATA,153.0,0.0,3132,3159,6000,1050,1200,1,1,0,""
136555,DATA,153.3,0.0,3474,3514,5400,1050,1200,1,1,0,""
137055,DATA,153.8,2.1,3627,3539,4200,1050,1200,1,1,0,""
137555,DATA,154.0,2.1,3805,3857,4200,1050,1200,1,1,0,""
138055,DATA,154.3,2.1,5462,5158,46800,1050,1200,1,1,0,""
138555,DATA,154.5,0.0,4357,4623,34202,1050,1200,1,1,0,""
139055,DATA,154.8,0.0,4293,4363,88801,1050,1200,1,1,0,""
139555,DATA,155.3,2.1,4561,4421,27001,1050,1200,1,1,0,""
140055,DATA,155.5,2.1,4231,4347,159595,1050,1200,1,1,0,""
140555,DATA,155.8,0.0,4149,4164,100198,1050,1200,1,1,0,""
141055,DATA,156.3,2.1,4350,4326,73204,1050,1200,1,1,0,""
141555,DATA,156.3,0.0,4424,4373,51604,1050,1200,1,1,0,""
142055,DATA,156.5,0.0,4375,4433,4800,1050,1200,1,1,0,""
142555,DATA,156.8,0.0,4464,4451,135596,1050,1200,1,1,0,""
143055,DATA,157.0,0.0,4419,4347,6000,1050,1200,1,1,0,""
143555,DATA,157.3,0.0,5389,5245,9001,1050,1200,1,1,0,""
144055,DATA,157.3,0.0,4891,4957,12600,1050,1200,1,1,0,""
144555,DATA,157.5,0.0,7040,6505,14401,1050,1200,1,1,0,""
145055,DATA,157.8,0.0,5882,6262,12000,1050,1200,1,1,0,""
145555,DATA,158.3,0.0,5068,5218,7201,1050,1200,1,1,0,""
145778,EVENT,158.3,0.0,5537,5351,8401,1050,1200,1,1,0,"PUMP 1055"
146055,DATA,158.5,0.0,6105,5905,9001,1050,1200,1,1,0,""
146555,DATA,158.8,0.0,7289,6917,15598,1053,1200,1,1,0,""
147055,DATA,159.0,0.0,7749,7861,10200,1055,1200,1,1,0,""
147555,DATA,159.5,2.1,6244,6458,9000,1055,1200,1,1,0,""
148055,DATA,159.8,0.0,5726,5692,7800,1055,1200,1,1,0,""
148555,DATA,160.0,0.0,5155,5294,6000,1055,1200,1,1,0,""
149055,DATA,160.5,2.1,5019,5039,9001,1055,1200,1,1,0,""
149555,DATA,160.5,0.0,4498,4765,7200,1055,1200,1,1,0,""
150055,DATA,160.8,0.0,3479,3700,5400,1055,1200,1,1,0,""
150555,DATA,161.3,2.1,5361,4814,12599,1055,1200,1,1,0,""
151055,DATA,161.3,0.0,5728,5525,2400,1055,1200,1,1,0,""
151555,DATA,161.5,0.0,4985,5237,6000,1055,1200,1,1,0,""
152055,DATA,162.0,0.0,3954,4218, 0,1055,1200,1,1,0,""
152555,DATA,162.3,0.0,3579,3465,10799,1055,1200,1,1,0,""
153055,DATA,162.5,0.0,4673,4454,7201,1055,1200,1,1,0,""
153555,DATA,163.0,2.1,4802,4779,7800,1055,1200,1,1,0,""
154055,DATA,163.3,2.1,6704,6187,10800,1055,1200,1,1,0,""
154555,DATA,163.5,2.1,5515,5788,7800,1055,1200,1,1,0,""
155055,DATA,164.0,2.1,6064,5853,15599,1055,1200,1,1,0,""
155555,DATA,164.0,0.0,6946,6933,10801,1055,1200,1,1,0,""
156055,DATA,164.2,0.0,5807,6088,10199,1055,1200,1,1,0,""
156555,DATA,164.2,0.0,5903,5813,9000,1055,1200,1,1,0,""
157055,DATA,164.8,2.1,5455,5542,6600,1055,1200,1,1,0,""
157555,DATA,165.0,0.0,5197,5200,9006,1055,1200,1,1,0,""
158055,DATA,165.3,0.0,5914,5922,6604,1055,1200,1,1,0,""
158555,DATA,165.5,2.1,5330,5372,6604,1055,1200,1,1,0,""
159055,DATA,165.8,2.1,5933,5663,13808,1055,1200,1,1,0,""
159555,DATA,166.0,2.1,5793,6028,9006,1055,1200,1,1,0,""
160055,DATA,166.3,2.1,6642,6517,10206,1055,1200,1,1,0,""
160555,DATA,166.5,2.1,6580,6407,8404,1055,1200,1,1,0,""
161055,DATA,166.8,0.0,6192,6242,9605,1055,1200,1,1,0,""
161555,DATA,167.0,0.0,6366,6267,7804,1055,1200,1,1,0,""
162055,DATA,167.0,0.0,5518,5889,6603,1055,1200,1,1,0,""
162555,DATA,167.5,0.0,5932,5885,10205,1055,1200,1,1,0,""
163055,DATA,167.5,0.0,5168,5313,7204,1055,1200,1,1,0,""
163555,DATA,167.8,0.0,6193,5740,12607,1055,1200,1,1,0,""
164055,DATA,168.0,0.0,8186,7990,9006,1055,1200,1,1,0,""
164555,DATA,168.3,0.0,7883,8142,10805,1055,1200,1,1,0,""
165055,DATA,168.8,2.1,6716,6661,9606,1055,1200,1,1,0,""
165555,DATA,169.0,2.1,6095,6281,10207,1055,1200,1,1,0,""
166055,DATA,168.8,-2.1,6022,5940,13208,1055,1200,1,1,0,""
166555,DATA,169.3,0.0,5679,5595,13207,1055,1200,1,1,0,""
166698,EVENT,169.5,2.1,5755,5711,9000,1055,1200,0,1,0,"IGN OFF"
167055,DATA,169.5,0.0,6819,6369,15007,1055,1200,0,1,0,""
167555,DATA,169.8,0.0,7129,7420,10805,1055,1200,0,1,0,""
168055,DATA,170.0,0.0,6653,6659,9605,1055,1200,0,1,0,""
168555,DATA,170.0,2.1,6070,6118,12005,1055,1200,0,1,0,""
169055,DATA,169.8,0.0,5630,5573,12006,1055,1200,0,1,0,""
169555,DATA,169.8,-2.1,7186,6902,6604,1055,1200,0,1,0,""
170055,DATA,170.0,0.0,5502,5852,7804,1055,1200,0,1,0,""
170555,DATA,169.8,0.0,5502,5423,10806,1055,1200,0,1,0,""
171055,DATA,169.5,0.0,6465,6305,7203,1055,1200,0,1,0,""
171555,DATA,169.3,-2.1,6666,6335,8404,1055,1200,0,1,0,""
172055,DATA,169.0,0.0,7078,7352,12008,1055,1200,0,1,0,""
172555,DATA,168.8,-2.1,5959,5971,14407,1055,1200,0,1,0,""
173055,DATA,168.0,0.0,7000,6916,7804,1055,1200,0,1,0,""
173555,DATA,168.0,0.0,7213,6997,12606,1055,1200,0,1,0,""
174055,DATA,167.5,-2.1,7122,7100,9005,1055,1200,0,1,0,""
174555,DATA,167.5,2.1,7128,6905,12605,1055,1200,0,1,0,""
174890,EVENT,169.3,6.2,8598,8108,9600,1055,1200,1,1,0,"IGN ON"
175055,DATA,171.0,2.1,9329,8902,11438,1055,1200,1,1,0,""
175555,DATA,172.5,4.2,7811,8061,12008,1055,1200,1,1,0,""
176055,DATA,179.8,10.4,6631,6826,16210,1055,1200,1,1,0,""
176555,DATA,179.8,-2.1,7446,7340,11408,1055,1200,1,1,0,""
176858,EVENT,179.5,-2.1,7942,7811,14399,1055,1200,1,1,0,"PUMP 1060"
177055,DATA,178.8,-4.2,7102,7451,8406,1055,1200,1,1,0,""
177555,DATA,177.8,-2.1,5851,6062,12009,1057,1200,1,1,0,""
178055,DATA,177.3,0.0,6000,6112,9606,1059,1200,1,1,0,""
178555,DATA,176.5,-2.1,5629,5689,13208,1060,1200,1,1,0,""
179055,DATA,176.5,0.0,6539,6083,16210,1060,1200,1,1,0,""
179555,DATA,176.3,-2.1,8823,8589,11406,1060,1200,1,1,0,""
180055,DATA,176.3,0.0,9114,9096,13809,1060,1200,1,1,0,""
180555,DATA,176.3,0.0,9627,9607,12008,1060,1200,1,1,0,""
181055,DATA,176.3,-2.1,8535,8769,9005,1060,1200,1,1,0,""
181555,DATA,176.5,0.0,8142,8177,12005,1060,1200,1,1,0,""
182055,DATA,176.5,0.0,8382,8213,10806,1060,1200,1,1,0,""
182555,DATA,176.7,2.1,9166,8964,17409,1060,1200,1,1,0,""
183055,DATA,176.7,0.0,8217,8493,13209,1060,1200,1,1,0,""
183555,DATA,177.0,0.0,8832,8704,8404,1060,1200,1,1,0,""
184055,DATA,177.0,0.0,7893,8012,11406,1060,1200,1,1,0,""
184555,DATA,177.3,2.1,7468,7429,13207,1060,1200,1,1,0,""
185055,DATA,177.5,2.1,6234,6553,11407,1060,1200,1,1,0,""
185555,DATA,177.5,0.0,8985,8173,10206,1060,1200,1,1,0,""
186055,DATA,177.8,0.0,9913,9749,17410,1060,1200,1,1,0,""
186555,DATA,177.8,0.0,10370,10297,9605,1060,1200,1,1,0,""
187055,DATA,178.3,0.0,7805,8601,15008,1060,1200,1,1,0,""
187555,DATA,178.3,0.0,5763,6169,9004,1060,1200,1,1,0,""
188055,DATA,178.3,0.0,6501,6261,9606,1060,1200,1,1,0,""
188555,DATA,178.5,0.0,6747,6706,12006,1060,1200,1,1,0,""
189055,DATA,178.5,0.0,6077,6122,13808,1060,1200,1,1,0,""
189347,EVENT,178.5,0.0,6975,6745,10201,1060,1200,1,1,0,"PUMP 1065"
189555,DATA,178.8,2.1,6594,6701,7805,1060,1200,1,1,0,""
190055,DATA,178.8,2.1,8368,7701,13209,1062,1200,1,1,0,""
190162,EVENT,178.8,0.0,8832,8210,10799,1063,1200,1,1,0,"PUMP 1070"
190555,DATA,179.3,2.1,7789,8111,12008,1064,1200,1,1,0,""
191055,DATA,179.0,-2.1,6903,7015,9007,1067,1200,1,1,0,""
191555,DATA,179.5,2.1,6664,6748,12008,1070,1200,1,1,0,""
192055,DATA,179.5,2.1,8067,7713,10207,1070,1200,1,1,0,""
192555,DATA,180.0,0.0,8017,8091,9005,1070,1200,1,1,0,""
193055,DATA,180.5,0.0,6616,6829,7804,1070,1200,1,1,0,""
193555,DATA,180.8,-2.1,6776,6797,9005,1070,1200,1,1,0,""
194055,DATA,181.3,2.1,6113,6436,6004,1070,1200,1,1,0,""
194555,DATA,181.5,0.0,5682,5732,9005,1070,1200,1,1,0,""
195055,DATA,182.0,0.0,6822,6421,9606,1070,1200,1,1,0,""
195555,DATA,182.5,0.0,6412,6581,9606,1070,1200,1,1,0,""
196055,DATA,182.8,2.1,5699,5703,6604,1070,1200,1,1,0,""
196555,DATA,183.0,2.1,5376,5423,7204,1070,1200,1,1,0,""
197055,DATA,183.3,2.1,5987,5751,7204,1070,1200,1,1,0,""
197555,DATA,183.5,0.0,6403,6109,7805,1070,1200,1,1,0,""
198055,DATA,184.0,2.1,6284,6409,7204,1070,1200,1,1,0,""
198555,DATA,184.3,-2.1,4927,5235,4803,1070,1200,1,1,0,""
199055,DATA,184.8,2.0,5233,4984,7204,1070,1200,1,1,0,""
199555,DATA,185.0,0.0,4712,4879,10207,1070,1200,1,1,0,""
200055,DATA,185.3,0.0,5216,5190,5404,1070,1200,1,1,0,""
200555,DATA,185.5,0.0,5389,5260,5403,1070,1200,1,1,0,""
201055,DATA,185.8,2.1,4875,4957,9606,1070,1200,1,1,0,""
201555,DATA,186.0,0.0,5727,5649,6603,1070,1200,1,1,0,""
202055,DATA,186.3,0.0,6350,6081,6603,1070,1200,1,1,0,""
202555,DATA,186.5,0.0,6446,6219,9605,1070,1200,1,1,0,""
203055,DATA,187.0,2.1,6760,6756,7804,1070,1200,1,1,0,""
203555,DATA,187.3,0.0,7287,7114,9005,1070,1200,1,1,0,""
204055,DATA,187.8,2.1,6917,6877,7804,1070,1200,1,1,0,""
204555,DATA,187.8,-2.1,5967,6172,7804,1070,1200,1,1,0,""
205055,DATA,188.0,2.0,5205,5333,5403,1070,1200,1,1,0,""
205555,DATA,188.5,2.1,5113,4972,7205,1070,1200,1,1,0,""
206055,DATA,188.8,0.0,5750,5620,9005,1070,1200,1,1,0,""
206555,DATA,189.0,2.1,6339,6270,10807,1070,1200,1,1,0,""
207055,DATA,189.2,0.0,6467,6505,9005,1070,1200,1,1,0,""
207555,DATA,189.5,0.0,6091,6281,10806,1070,1200,1,1,0,""
208055,DATA,190.0,2.0,5813,5953,4750,1070,1200,1,1,0,""
208555,DATA,190.0,2.1,4943,5080,7124,1070,1200,1,1,0,""
209055,DATA,190.3,0.0,4927,4888,5343,1070,1200,1,1,0,""
209555,DATA,190.5,2.1,4726,4835,5343,1070,1200,1,1,0,""
210055,DATA,190.8,0.0,4614,4562,5937,1070,1200,1,1,0,""
210555,DATA,190.8,0.0,4078,4161,4156,1070,1200,1,1,0,""
211055,DATA,191.0,2.0,4320,4202,7124,1070,1200,1,1,0,""
211555,DATA,191.3,0.0,4987,4892,5938,1070,1200,1,1,0,""
211828,EVENT,191.3,0.0,4650,4797,7200,1070,1200,1,1,0,"PUMP 1075"
212055,DATA,191.5,2.1,4615,4652,5938,1070,1200,1,1,0,""
212555,DATA,191.5,-2.1,4434,4523, 0,1072,1200,1,1,0,""
212917,EVENT,192.0,2.1,4533,4485,10798,1074,1200,1,1,0,"PUMP 1080"
213055,DATA,192.3,2.1,4591,4533,7718,1074,1200,1,1,0,""
213555,DATA,192.3,0.0,4956,4801,10092,1076,1200,1,1,0,""
214055,DATA,192.8,2.0,6249,6190,12466,1079,1200,1,1,0,""
214555,DATA,193.3,2.1,5796,6038,10093,1080,1200,1,1,0,""
215055,DATA,193.8,0.0,5869,5750,11280,1080,1200,1,1,0,""
215555,DATA,194.2,0.0,5164,5309,7124,1080,1200,1,1,0,""
216055,DATA,194.5,-2.1,5072,5054,8906,1080,1200,1,1,0,""
216555,DATA,195.3,2.1,4840,4886,7124,1080,1200,1,1,0,""
217055,DATA,195.8,2.0,4783,4793,5937,1080,1200,1,1,0,""
217555,DATA,196.3,0.0,5160,5068,8905,1080,1200,1,1,0,""
218055,DATA,196.5,2.1,5533,5510,6531,1080,1200,1,1,0,""
218555,DATA,196.8,-2.1,6512,6265,10688,1080,1200,1,1,0,""
219055,DATA,197.5,2.1,6708,6902,8906,1080,1200,1,1,0,""
219555,DATA,197.8,0.0,5257,5485,7126,1080,1200,1,1,0,""
220055,DATA,198.3,0.0,5301,5391,8907,1080,1200,1,1,0,""
220555,DATA,198.8,0.0,5171,5318,5937,1080,1200,1,1,0,""
221055,DATA,199.3,2.1,5055,5044,7718,1080,1200,1,1,0,""
221555,DATA,199.8,0.0,4852,4929,4749,1080,1200,1,1,0,""
221684,EVENT,200.0,2.1,4770,4809,7800,1080,1200,1,1,0,"STARTER 1220"
222055,DATA,200.0,0.0,4604,4753,2000,1080,1210,1,1,0,""
222555,DATA,200.5,0.0,3207,3493,6600,1080,1219,1,1,0,""
223055,DATA,200.5,0.0,2494,2741,6600,1080,1220,1,1,0,""
223555,DATA,200.8,0.0,4148,3633,9600,1080,1220,1,1,0,""
224055,DATA,201.2,2.1,7254,6486,7801,1080,1220,1,1,0,""
224132,EVENT,200.8,-4.2,7254,6486,7801,1080,1220,1,1,0,"STARTER 1240"
224555,DATA,201.2,2.1,5789,6297,7805,1080,1231,1,1,0,""
225055,DATA,201.8,2.1,5956,5618,12600,1080,1239,1,1,0,""
225555,DATA,202.0,0.0,6800,6736,10200,1080,1240,1,1,0,""
226055,DATA,202.0,0.0,5759,5892,7200,1080,1240,1,1,0,""
226555,DATA,202.0,0.0,5882,5878,8401,1080,1240,1,1,0,""
227055,DATA,202.3,0.0,6488,6407,8400,1080,1240,1,1,0,""
227555,DATA,202.3,-2.1,5966,6078,7200,1080,1240,1,1,0,""
228055,DATA,202.5,0.0,5825,5832,9000,1080,1240,1,1,0,""
228555,DATA,202.5,0.0,6269,6158,10200,1080,1240,1,1,0,""
229055,DATA,202.8,0.0,6054,6118,10799,1080,1240,1,1,0,""
229555,DATA,202.8,0.0,5669,5772,12000,1080,1240,1,1,0,""
230055,DATA,203.2,0.0,6604,6647,17999,1080,1240,1,1,0,""
230555,DATA,203.5,2.1,6100,6228,9600,1080,1240,1,1,0,""
231055,DATA,203.5,0.0,6039,6028,10801,1080,1240,1,1,0,""
231555,DATA,203.8,0.0,5908,5986,5401,1080,1240,1,1,0,""
232055,DATA,204.0,0.0,5652,5684,6000,1080,1240,1,1,0,""
232555,EVENT,204.0,0.0,5622,5632,7200,1080,1240,1,1,0,"PUMP 1085"
232556,DATA,204.0,0.0,5637,5634,11872,1080,1240,1,1,0,""
232758,EVENT,204.0,0.0,5908,5815,8402,1080,1240,1,1,0,"PUMP 1090"
233056,DATA,204.0,-2.1,6400,6135,8400,1081,1240,1,1,0,""
233556,DATA,204.5,0.0,5975,6121,7800,1085,1240,1,1,0,""
234056,DATA,204.8,2.1,5665,5721,6600,1090,1240,1,1,0,""
234556,DATA,205.0,0.0,5776,5698,8400,1090,1240,1,1,0,""
235056,DATA,205.5,2.0,6291,6153,10800,1090,1240,1,1,0,""
235106,EVENT,205.5,2.0,6291,6153,10800,1090,1240,1,1,0,"STARTER 1260"
235515,EVENT,205.8,2.1,6924,6693,3999,1090,1251,1,1,0,"STARTER 1280"
235595,DATA,205.8,0.0,6766,6726,4939,1090,1253,1,1,0,""
236115,DATA,206.3,0.0,5388,5661,1500,1090,1272,1,1,0,""
236615,DATA,206.5,-2.1,4982,5071,7200,1090,1280,1,1,0,""
237115,DATA,206.8,0.0,7589,6957,12000,1090,1280,1,1,0,""
237615,DATA,207.2,0.0,8095,8037,12600,1090,1280,1,1,0,""
238115,DATA,207.5,0.0,7206,7409,8399,1090,1280,1,1,0,""
238615,DATA,207.5,0.0,6817,6883,11399,1090,1280,1,1,0,""
239115,DATA,207.8,0.0,6704,6712,13801,1090,1280,1,1,0,""
239615,DATA,207.5,-2.1,6808,6817,13800,1090,1280,1,1,0,""
240115,DATA,207.8,-2.1,6579,6643,14400,1090,1280,1,1,0,""
240615,DATA,208.0,2.1,6650,6594,10800,1090,1280,1,1,0,""
241115,DATA,208.0,0.0,6687,6614,13801,1090,1280,1,1,0,""
241615,DATA,208.0,0.0,7343,7100,13801,1090,1280,1,1,0,""
242115,DATA,208.3,2.0,7812,7927,9600,1090,1280,1,1,0,""
242615,DATA,208.3,0.0,6943,7120,9601,1090,1280,1,1,0,""
243115,DATA,208.5,0.0,5819,6055,10800,1090,1280,1,1,0,""
243615,DATA,208.5,0.0,7128,6892,12599,1090,1280,1,1,0,""
244115,DATA,208.8,0.0,6700,6773,7199,1090,1280,1,1,0,""
244615,DATA,208.8,0.0,7290,7091,10799,1090,1280,1,1,0,""
245115,DATA,208.8,-2.0,6502,6642,8999,1090,1280,1,1,0,""
245615,DATA,209.0,0.0,7108,6886,12000,1090,1280,1,1,0,""
246115,DATA,209.0,-2.1,8154,7833,16200,1090,1280,1,1,0,""
246247,EVENT,209.0,0.0,9009,8549,10201,1090,1280,1,1,0,"PUMP 1095"
246568,EVENT,209.2,0.0,9374,9203,14399,1091,1280,1,1,0,"PUMP 1100"
246615,DATA,209.2,0.0,9374,9203,14399,1091,1280,1,1,0,""
247115,DATA,209.5,2.1,8276,8427,16200,1094,1280,1,1,0,""
247615,DATA,209.5,0.0,7301,7629,13800,1098,1280,1,1,0,""
248115,DATA,209.8,0.0,7868,7475,12000,1100,1280,1,1,0,""
248415,EVENT,209.8,0.0,7887,7942,9000,1100,1280,1,1,0,"STARTER 1300"
248615,DATA,209.8,0.0,7245,7529,6599,1100,1286,1,1,0,""
248655,EVENT,209.8,0.0,7245,7529,6599,1100,1287,1,1,0,"STARTER 1320"
248895,EVENT,210.0,2.1,6533,6942,1518,1100,1297,1,1,0,"STARTER 1340"
249135,DATA,210.0,0.0,5960,6246,1519,1100,1311,1,1,0,""
249655,DATA,210.0,0.0,5965,5812,1818,1100,1333,1,1,0,""
250155,DATA,210.3,0.0,6398,6252,8400,1100,1340,1,1,0,""
250655,DATA,210.5,2.1,7142,6976,7201,1100,1340,1,1,0,""
251155,DATA,210.5,0.0,7444,7356,8400,1100,1340,1,1,0,""
251655,DATA,210.5,-2.1,7614,7576,7800,1100,1340,1,1,0,""
252155,DATA,210.8,0.0,7704,7689,7800,1100,1340,1,1,0,""
252655,DATA,210.8,-2.1,7742,7734,8399,1100,1340,1,1,0,""
253155,DATA,210.8,0.0,7763,7766,7201,1100,1340,1,1,0,""
253655,DATA,210.8,0.0,7746,7751,7801,1100,1340,1,1,0,""
254155,DATA,211.0,2.1,7732,7735,7800,1100,1340,1,1,0,""
254655,DATA,211.0,2.1,7695,7705,8400,1100,1340,1,1,0,""
255155,DATA,210.8,0.0,7669,7677,7200,1100,1340,1,1,0,""
255655,DATA,211.0,0.0,7647,7653,8399,1100,1340,1,1,0,""
256155,DATA,211.0,0.0,7617,7623,7800,1100,1340,1,1,0,""
256655,DATA,211.0,0.0,7613,7616,8999,1100,1340,1,1,0,""
257155,DATA,211.0,0.0,7575,7583,7801,1100,1340,1,1,0,""
257655,DATA,211.0,-2.1,7556,7560,8400,1100,1340,1,1,0,""
258155,DATA,211.2,0.0,7557,7556,7800,1100,1340,1,1,0,""
258655,DATA,211.2,2.1,7588,7578,9000,1100,1340,1,1,0,""
259155,DATA,211.0,0.0,7607,7602,7800,1100,1340,1,1,0,""
259655,DATA,211.0,0.0,7607,7608,8400,1100,1340,1,1,0,""
260061,EVENT,211.0,0.0,7616,7612,8400,1100,1340,1,1,0,"PUMP 1105"
260155,DATA,211.0,0.0,7616,7612,8400,1100,1340,1,1,0,""
260655,DATA,210.8,-2.1,7591,7595,7801,1102,1340,1,1,0,""
260946,EVENT,211.0,2.1,7680,7633,9002,1103,1340,1,1,0,"PUMP 1110"
261155,DATA,210.8,-2.1,7664,7667,7801,1103,1340,1,1,0,""
261655,DATA,211.0,2.1,7602,7613,7800,1106,1340,1,1,0,""
262155,DATA,211.2,2.0,7598,7599,8401,1109,1340,1,1,0,""
262655,DATA,211.8,2.1,7597,7598,7800,1110,1340,1,1,0,""
263155,DATA,211.8,0.0,7582,7585,8400,1110,1340,1,1,0,""
263655,DATA,212.0,0.0,7586,7584,7196,1110,1340,1,1,0,""
264156,DATA,212.5,2.1,7584,7585,8906,1110,1340,1,1,0,""
264657,DATA,212.8,0.0,7591,7590,8312,1110,1340,1,1,0,""
265158,DATA,213.3,4.0,7576,7580,8312,1110,1340,1,1,0,""
265659,DATA,213.0,-2.1,7539,7549,7718,1110,1340,1,1,0,""
266160,DATA,213.0,-2.1,7519,7522,7719,1110,1340,1,1,0,""
266661,DATA,213.7,2.1,7499,7504,7718,1110,1340,1,1,0,""
267162,DATA,214.0,2.1,7464,7473,7718,1110,1340,1,1,0,""
267663,DATA,214.3,0.0,7458,7459,7719,1110,1340,1,1,0,""
268164,DATA,214.5,0.0,7449,7452,7125,1110,1340,1,1,0,""
268665,DATA,214.8,2.1,7438,7441,7719,1110,1340,1,1,0,""
269166,DATA,214.8,0.0,7444,7441,7717,1110,1340,1,1,0,""
269667,DATA,214.8,0.0,7457,7455,7719,1110,1340,1,1,0,""
270168,DATA,214.8,0.0,7462,7460,10094,1110,1340,1,1,0,""
270669,DATA,215.0,0.0,7467,7465,7125,1110,1340,1,1,0,""
271170,DATA,215.3,0.0,7454,7458,7719,1110,1340,1,1,0,""
271671,DATA,215.3,0.0,7447,7449,7719,1110,1340,1,1,0,""
272172,DATA,215.5,0.0,7451,7451,7718,1110,1340,1,1,0,""
272673,DATA,215.5,0.0,7445,7446,7719,1110,1340,1,1,0,""
273174,DATA,215.7,0.0,7445,7444,7126,1110,1340,1,1,0,""
273675,DATA,215.7,-2.1,7443,7444,7719,1110,1340,1,1,0,""
274176,DATA,216.3,2.0,7432,7436,7124,1110,1340,1,1,0,""
274608,EVENT,216.0,0.0,7423,7425,7800,1110,1340,1,1,0,"STARTER 1360"
274677,DATA,216.0,0.0,7420,7423,7718,1110,1342,1,1,0,""
275178,DATA,216.0,0.0,6019,6572,9006,1110,1354,1,1,0,""
275428,EVENT,216.3,0.0,5660,5741,7800,1110,1358,1,1,0,"STARTER 1380"
275715,DATA,216.3,0.0,6202,6024,2499,1110,1366,1,1,0,""
276215,DATA,216.3,-2.1,6856,6539,8399,1110,1377,1,1,0,""
276715,DATA,216.5,0.0,7200,7027,8400,1110,1380,1,1,0,""
277215,DATA,216.8,2.1,7636,7550,7800,1110,1380,1,1,0,""
277715,DATA,216.5,-2.1,7792,7757,9599,1110,1380,1,1,0,""
278215,DATA,216.8,2.1,7892,7868,8401,1110,1380,1,1,0,""
278715,DATA,216.8,2.1,7976,7964,8400,1110,1380,1,1,0,""
279215,DATA,216.5,0.0,8032,8018,8999,1110,1380,1,1,0,""
279715,DATA,216.5,0.0,8079,8066,8395,1110,1380,1,1,0,""
280215,DATA,216.5,0.0,8143,8129,8907,1110,1380,1,1,0,""
280715,DATA,216.3,0.0,8180,8172,8313,1110,1380,1,1,0,""
281215,DATA,216.3,0.0,8216,8208,10688,1110,1380,1,1,0,""
281715,DATA,216.3,0.0,8329,8297,8906,1110,1380,1,1,0,""
282215,DATA,216.3,2.1,8300,8304,8906,1110,1380,1,1,0,""
282715,DATA,216.3,2.1,8272,8278,10095,1110,1380,1,1,0,""
283215,DATA,216.0,0.0,8269,8270,10687,1110,1380,1,1,0,""
283715,DATA,215.7,-2.1,8268,8273,10687,1110,1380,1,1,0,""
284178,EVENT,215.7,0.0,8284,8278,9000,1110,1380,1,1,0,"PUMP 1115"
284215,DATA,215.7,0.0,8291,8284,8904,1110,1380,1,1,0,""
284332,EVENT,215.7,0.0,8295,8289,9006,1110,1380,1,1,0,"PUMP 1120"
284551,EVENT,215.7,0.0,8301,8297,9001,1111,1380,1,1,0,"PUMP 1125"
284715,DATA,215.7,0.0,8305,8303,9502,1111,1380,1,1,0,""
285215,DATA,215.7,0.0,8305,8308,10688,1117,1380,1,1,0,""
285715,DATA,215.5,0.0,8330,8324,8312,1123,1380,1,1,0,""
286215,DATA,215.5,0.0,8347,8343,8312,1125,1380,1,1,0,""
286715,DATA,215.5,0.0,8349,8349,8312,1125,1380,1,1,0,""
287215,DATA,215.3,-2.1,8367,8363,8907,1125,1380,1,1,0,""
287715,DATA,215.5,2.1,8372,8372,9500,1125,1380,1,1,0,""
288215,DATA,215.5,0.0,8381,8377,8312,1125,1380,1,1,0,""
288715,DATA,216.8,4.2,8395,8396,9501,1125,1380,1,1,0,""
289215,DATA,217.0,0.0,8391,8399,10687,1125,1380,1,1,0,""
289715,DATA,216.8,0.0,8368,8369,8906,1125,1380,1,1,0,""
290216,DATA,217.7,0.0,8378,8377,8907,1125,1380,1,1,0,""
290717,DATA,217.7,0.0,8374,8374,11282,1125,1380,1,1,0,""
291051,EVENT,217.5,0.0,8381,8379,9001,1125,1380,1,1,0,"PUMP 1130"
291205,EVENT,217.3,-2.1,8379,8379,11399,1125,1380,1,1,0,"PUMP 1135"
291218,DATA,217.3,-2.1,8395,8386,11283,1125,1380,1,1,0,""
291429,EVENT,217.3,0.0,8397,8394,9601,1126,1380,1,1,0,"PUMP 1140"
291719,DATA,217.3,0.0,8393,8393,11281,1127,1380,1,1,0,""
292220,DATA,217.0,-2.0,8379,8386,8905,1134,1380,1,1,0,""
292721,DATA,217.0,0.0,8368,8373,9499,1139,1380,1,1,0,""
293222,DATA,217.3,0.0,8421,8397,9499,1140,1380,1,1,0,""
293723,DATA,218.8,6.2,8439,8443,8907,1140,1380,1,1,0,""
294224,DATA,219.3,0.0,8440,8439,10687,1140,1380,1,1,0,""
294725,DATA,219.5,0.0,8428,8432,10688,1140,1380,1,1,0,""
295226,DATA,221.0,2.0,8498,8467,13063,1140,1380,1,1,0,""
295727,DATA,221.3,0.0,8543,8517,8906,1140,1380,1,1,0,""
295759,EVENT,221.3,0.0,8543,8517,8906,1140,1380,1,1,0,"PUMP 1145"
295961,EVENT,221.3,0.0,8522,8525,11403,1140,1380,1,1,0,"PUMP 1150"
296228,DATA,221.3,2.1,8480,8497,8906,1141,1380,1,1,0,""
296729,DATA,222.3,2.1,8467,8469,8905,1145,1380,1,1,0,""
297230,DATA,223.3,0.0,8543,8531,13655,1149,1380,1,1,0,""
297731,DATA,223.3,0.0,9184,9060,8312,1150,1380,1,1,0,""
298232,DATA,223.7,2.0,8608,8710,10688,1150,1380,1,1,0,""
298733,DATA,226.2,2.1,9152,9043,10094,1150,1380,1,1,0,""
299234,DATA,226.5,0.0,8847,8969,11876,1150,1380,1,1,0,""
299735,DATA,226.5,0.0,8544,8609,11875,1150,1380,1,1,0,""
300236,DATA,226.8,2.1,8635,8588,8906,1150,1380,1,1,0,""
300240,EVENT,226.8,2.1,8635,8588,8906,1150,1380,1,1,0,"STARTER 1400"
300616,EVENT,228.2,3.1,7913,8238,1500,1150,1394,1,1,0,"STARTER 1440"
300747,EVENT,228.5,2.1,7241,7790,2000,1150,1400,1,1,0,"STARTER 1460"
300748,DATA,228.5,2.1,7241,7790,2000,1150,1400,1,1,0,""
300976,EVENT,228.2,0.0,7920,7792,1500,1150,1417,1,1,0,"STARTER 1480"
301215,EVENT,228.5,2.1,7800,7851,1500,1150,1436,1,1,0,"STARTER 1500"
301255,DATA,228.5,2.1,7800,7851,1500,1150,1437,1,1,0,""
301775,DATA,228.2,0.0,8908,8481,1500,1150,1479,1,1,0,""
302275,DATA,229.5,2.1,9404,8870,1500,1150,1500,1,1,0,""
302547,EVENT,230.5,2.1,9921,9588,9602,1150,1500,1,1,0,"STARTER 1520"
302715,EVENT,230.5,0.0,9720,9709,9601,1150,1505,1,1,0,"STARTER 1540"
302795,DATA,230.5,0.0,9404,9571,4195,1150,1507,1,1,0,""
302916,EVENT,230.8,1.6,8871,9256,2500,1150,1514,1,1,0,"STARTER 1560"
303315,DATA,231.5,0.0,9847,9295,1500,1150,1537,1,1,0,""
303835,DATA,232.0,-2.1,9855,10066,1500,1150,1557,1,1,0,""
304335,DATA,233.0,2.1,11599,11158,10199,1150,1560,1,1,0,""
304835,DATA,233.5,0.0,9900,10256,9599,1150,1560,1,1,0,""
304908,EVENT,233.5,0.0,9699,10005,10199,1150,1560,1,1,0,"STARTER 1580"
305084,EVENT,233.3,-2.1,9470,9653,6998,1150,1565,1,1,0,"STARTER 1600"
305275,EVENT,233.5,1.7,9208,9453,2999,1150,1573,1,1,0,"STARTER 1620"
305355,DATA,233.8,2.1,8725,9125,2000,1150,1576,1,1,0,""
305476,EVENT,233.8,0.0,9788,9424,2500,1150,1585,1,1,0,"STARTER 1640"
305875,DATA,233.8,2.1,11962,11328,1500,1150,1613,1,1,0,""
306196,EVENT,233.5,-2.1,10755,11162,1500,1150,1629,1,1,0,"STARTER 1660"
306355,EVENT,233.5,0.0,9927,10607,2500,1150,1635,1,1,0,"STARTER 1680"
306395,DATA,233.5,0.0,9927,10607,2500,1150,1636,1,1,0,""
306516,EVENT,233.8,1.9,10958,10765,2719,1150,1644,1,1,0,"STARTER 1700"
306715,EVENT,233.8,0.0,13003,12119,2026,1150,1658,1,1,0,"STARTER 1720"
306915,DATA,233.8,0.0,13314,12966,1500,1150,1673,1,1,0,""
307435,DATA,235.5,2.1,10569,11430,1500,1150,1707,1,1,0,""
307935,DATA,235.5,-2.1,15162,14584,13199,1150,1720,1,1,0,""
308435,DATA,235.3,-2.1,11891,12767,10800,1150,1720,1,1,0,""
308532,EVENT,235.3,-2.1,11243,12082,11399,1150,1720,1,1,0,"PUMP 1155"
308681,EVENT,235.3,2.1,10755,11485,13199,1150,1720,1,1,0,"PUMP 1160"
308825,EVENT,235.3,0.0,10304,10697,10802,1150,1720,1,1,0,"PUMP 1165"
308935,DATA,235.0,-2.1,10146,10449,12599,1150,1720,1,1,0,""
309044,EVENT,235.3,2.1,10034,10262,12000,1151,1720,1,1,0,"PUMP 1170"
309343,EVENT,235.3,0.0,10174,10162,9600,1153,1720,1,1,0,"PUMP 1175"
309435,DATA,235.5,2.1,10086,10127,17397,1153,1720,1,1,0,""
309935,DATA,235.8,2.1,9693,9774,13200,1161,1720,1,1,0,""
310435,DATA,236.0,2.1,9540,9572,11401,1171,1720,1,1,0,""
310935,DATA,236.5,0.0,9416,9448,10200,1175,1720,1,1,0,""
311435,DATA,237.5,2.1,9250,9287,12000,1175,1720,1,1,0,""
311935,DATA,239.3,2.1,9171,9188,10201,1175,1720,1,1,0,""
312435,DATA,241.0,2.1,9123,9132,9600,1175,1720,1,1,0,""
312935,DATA,243.3,6.2,9092,9097,11999,1175,1720,1,1,0,""
313435,DATA,244.5,0.0,9460,9483,9599,1175,1720,1,1,0,""
313935,DATA,246.0,2.1,9153,9208,9599,1175,1720,1,1,0,""
314435,DATA,247.0,2.1,9135,9140,10800,1175,1720,1,1,0,""
314935,DATA,248.3,2.1,9212,9194,10200,1175,1720,1,1,0,""
315435,DATA,249.3,2.1,9463,9467,11401,1175,1720,1,1,0,""
315935,DATA,250.0,0.0,9493,9507,10199,1175,1720,1,1,0,""
316435,DATA,251.0,2.1,9507,9516,10801,1175,1720,1,1,0,""
316935,DATA,252.5,6.2,9508,9508,9599,1175,1720,1,1,0,""
317435,DATA,253.0,2.1,9549,9546,8400,1175,1720,1,1,0,""
317935,DATA,254.5,4.2,9485,9495,10801,1175,1720,1,1,0,""
318435,DATA,255.8,4.2,9468,9474,12001,1175,1720,1,1,0,""
318935,DATA,257.0,4.2,9387,9408,11401,1175,1720,1,1,0,""
319435,DATA,257.8,2.1,9410,9405,12000,1175,1720,1,1,0,""
319935,DATA,258.8,0.0,9532,9501,11402,1175,1720,1,1,0,""
320435,DATA,260.0,2.1,9680,9637,14402,1175,1720,1,1,0,""
320935,DATA,261.2,2.1,9973,9843,17401,1175,1720,1,1,0,""
321435,DATA,262.0,2.1,10250,10192,12600,1175,1720,1,1,0,""
321935,DATA,263.0,2.1,10507,10472,14999,1175,1720,1,1,0,""
322435,DATA,264.3,2.1,10385,10454,12599,1175,1720,1,1,0,""
322935,DATA,265.0,0.0,10410,10339,14400,1175,1720,1,1,0,""
323435,DATA,266.3,2.1,10208,10257,12598,1175,1720,1,1,0,""
323935,DATA,267.3,2.1,10111,10130,10200,1175,1720,1,1,0,""
324435,DATA,268.5,2.1,10121,10117,13798,1175,1720,1,1,0,""
324935,DATA,269.3,-2.1,10127,10125,12001,1175,1720,1,1,0,""
325435,DATA,270.3,2.1,10140,10141,11400,1175,1720,1,1,0,""
325935,DATA,270.5,0.0,10155,10147,13199,1175,1720,1,1,0,""
326435,DATA,271.3,4.2,10195,10186,13201,1175,1720,1,1,0,""
326935,DATA,271.5,-2.1,10138,10154,11400,1175,1720,1,1,0,""
327435,DATA,272.8,0.0,10031,10058,11399,1175,1720,1,1,0,""
327935,DATA,273.3,2.1,9957,9992,12001,1175,1720,1,1,0,""
328435,DATA,273.7,0.0,9857,9868,12601,1175,1720,1,1,0,""
328935,DATA,274.3,2.1,9843,9848,12001,1175,1720,1,1,0,""
329435,DATA,274.5,0.0,9789,9805,10200,1175,1720,1,1,0,""
329935,DATA,275.0,0.0,9856,9842,11999,1175,1720,1,1,0,""
330435,DATA,275.5,2.1,9772,9793,11399,1175,1720,1,1,0,""
330935,DATA,275.8,0.0,9670,9695,10200,1175,1720,1,1,0,""
331435,DATA,275.8,0.0,9629,9643,13800,1175,1720,1,1,0,""
331935,DATA,276.0,0.0,9661,9653,13801,1175,1720,1,1,0,""
332435,DATA,276.0,-4.2,9896,9903,13799,1175,1720,1,1,0,""
332935,DATA,276.2,0.0,9677,9717,11999,1175,1720,1,1,0,""
333435,DATA,276.0,-2.1,9606,9617,13800,1175,1720,1,1,0,""
333935,DATA,276.8,0.0,9599,9602,9601,1175,1720,1,1,0,""
334435,DATA,276.5,-2.1,9623,9617,12598,1175,1720,1,1,0,""
334935,DATA,276.5,0.0,9569,9584,13801,1175,1720,1,1,0,""
335435,DATA,276.0,-4.2,9554,9555,11400,1175,1720,1,1,0,""
335935,DATA,276.2,2.1,9585,9590,13201,1175,1720,1,1,0,""
336435,DATA,276.2,0.0,9563,9568,10802,1175,1720,1,1,0,""
336935,DATA,276.2,0.0,9541,9549,9601,1175,1720,1,1,0,""
337435,DATA,276.5,0.0,9477,9490,10199,1175,1720,1,1,0,""
337935,DATA,276.5,0.0,9432,9438,10799,1175,1720,1,1,0,""
338435,DATA,276.5,-2.1,9490,9477,11399,1175,1720,1,1,0,""
338935,DATA,276.2,-2.1,9452,9459,10200,1175,1720,1,1,0,""
339435,DATA,276.2,-2.1,9444,9443,11399,1175,1720,1,1,0,""
339935,DATA,275.8,-2.1,9495,9460,11399,1175,1720,1,1,0,""
340435,DATA,275.8,2.1,9427,9456,14399,1175,1720,1,1,0,""
340935,DATA,275.8,0.0,9389,9389,12002,1175,1720,1,1,0,""
341435,DATA,275.8,-2.1,9535,9564,12001,1175,1720,1,1,0,""
341935,DATA,276.0,0.0,9453,9479,11400,1175,1720,1,1,0,""
342435,DATA,275.8,-4.2,9562,9543,9599,1175,1720,1,1,0,""
342935,DATA,275.5,0.0,9389,9420,11400,1175,1720,1,1,0,""
343435,DATA,275.3,-2.1,9360,9365,12000,1175,1720,1,1,0,""
343935,DATA,275.0,0.0,9418,9390,12601,1175,1720,1,1,0,""
344435,DATA,275.3,2.1,9570,9607,10800,1175,1720,1,1,0,""
344935,DATA,275.3,0.0,9633,9584,13800,1175,1720,1,1,0,""
345435,DATA,275.3,0.0,9419,9462,9600,1175,1720,1,1,0,""
345935,DATA,275.3,2.1,9349,9365,10200,1175,1720,1,1,0,""
346435,DATA,274.8,0.0,9348,9344,9601,1175,1720,1,1,0,""
346935,DATA,274.8,0.0,9367,9362,9600,1175,1720,1,1,0,""
347435,DATA,274.3,-4.2,9384,9377,11399,1175,1720,1,1,0,""
347935,DATA,274.5,0.0,9450,9436,10200,1175,1720,1,1,0,""
348435,DATA,274.3,0.0,9505,9493,10800,1175,1720,1,1,0,""
348935,DATA,273.7,-2.1,9660,9583,13798,1175,1720,1,1,0,""
349435,DATA,273.5,0.0,9846,9774,10802,1175,1720,1,1,0,""
349935,DATA,273.3,-2.1,9711,9754,11400,1175,1720,1,1,0,""
350435,DATA,272.8,-2.1,9688,9688,9599,1175,1720,1,1,0,""
350747,EVENT,272.5,0.0,9719,9704,10201,1175,1720,1,1,0,"PUMP 1170"
350898,EVENT,272.8,0.0,9729,9715,10799,1175,1720,1,1,0,"PUMP 1165"
350935,DATA,272.8,0.0,9748,9730,10799,1175,1720,1,1,0,""
351108,EVENT,272.5,-2.1,9760,9744,10684,1174,1720,1,1,0,"PUMP 1160"
351435,DATA,272.3,0.0,9955,9881,16201,1172,1720,1,1,0,""
351935,DATA,271.5,-2.1,10425,10314,12601,1166,1720,1,1,0,""
352435,DATA,270.5,-2.1,10696,10546,16200,1161,1720,1,1,0,""
352935,DATA,270.0,0.0,11081,10995,13200,1160,1720,1,1,0,""
353435,DATA,269.3,-2.1,11168,11107,16800,1160,1720,1,1,0,""
353935,DATA,268.3,-2.1,10439,10584,14401,1160,1720,1,1,0,""
354435,DATA,267.0,-4.2,10416,10499,15598,1160,1720,1,1,0,""
354935,DATA,266.3,-2.1,10063,10100,13199,1160,1720,1,1,0,""
355435,DATA,265.5,-2.1,10292,10240,15000,1160,1720,1,1,0,""
355935,DATA,265.0,0.0,10623,10467,18599,1160,1720,1,1,0,""
356272,EVENT,265.0,-2.1,10077,10216,13800,1160,1720,1,1,0,"PUMP 1165"
356416,EVENT,265.0,0.0,10212,10214,13797,1160,1720,1,1,0,"PUMP 1170"
356435,DATA,265.0,0.0,10212,10214,13797,1160,1720,1,1,0,""
356553,EVENT,265.0,0.0,10056,10154,13063,1160,1720,1,1,0,"PUMP 1175"
356699,EVENT,264.8,-2.1,9944,10060,13809,1160,1720,1,1,0,"PUMP 1180"
356853,EVENT,264.5,-2.1,9835,9909,15002,1161,1720,1,1,0,"PUMP 1185"
356935,DATA,264.5,0.0,9835,9909,15002,1161,1720,1,1,0,""
357082,EVENT,264.0,-4.2,9797,9836,20184,1162,1720,1,1,0,"PUMP 1190"
357435,DATA,263.0,-2.1,9846,9854,11400,1166,1720,1,1,0,""
357935,DATA,261.8,-2.1,9863,9859,12001,1179,1720,1,1,0,""
358435,DATA,261.5,0.0,9867,9881,11401,1189,1720,1,1,0,""
358935,DATA,260.8,-2.1,9868,9848,12601,1190,1720,1,1,0,""
359435,DATA,261.0,0.0,9991,9966,14998,1190,1720,1,1,0,""
359935,DATA,261.0,0.0,10413,10380,13800,1190,1720,1,1,0,""
360435,DATA,260.3,-2.1,9896,10008,15001,1190,1720,1,1,0,""
360935,DATA,261.5,4.2,10452,10294,17999,1190,1720,1,1,0,""
361075,EVENT,261.5,0.0,10439,10359,15000,1000,1720,0,0,0,"EV:A03_ESTOP"
361435,DATA,261.2,-2.1,10422,10392,16799,1000,1720,0,0,0,""
361935,DATA,259.5,-8.3,10366,10427,13801,1000,1720,0,0,0,""
362435,DATA,256.0,-10.4,10433,10409,15600,1000,1720,0,0,0,""
362518,EVENT,256.0,-10.4,10345,10380,13199,1000,1720,1,0,0,"IGN ON"
362935,DATA,252.3,-4.2,9968,10064,13200,1000,1720,1,0,0,""
363435,DATA,248.3,-10.4,9880,9910,14401,1000,1720,1,0,0,""
363935,DATA,245.3,-6.2,9796,9817,10800,1000,1720,1,0,0,""
364435,DATA,241.8,-8.3,9815,9816,13202,1000,1720,1,0,0,""
364935,DATA,238.7,-6.2,9640,9651,13200,1000,1720,1,0,0,""
365435,DATA,235.0,-4.2,9828,9789,19802,1000,1720,1,0,0,""
365935,DATA,231.8,-10.4,9668,9690,10799,1000,1720,1,0,0,""
366435,DATA,229.3,-4.2,9980,9906,12002,1000,1720,1,0,0,""
366921,EVENT,226.2,-6.2,10097,10145,13800,1000,1720,0,0,0,"IGN OFF"
366935,DATA,226.2,-6.2,10097,10145,13800,1000,1720,0,0,0,""
367435,DATA,223.7,-8.3,9751,9809,10800,1000,1720,0,0,0,""
367935,DATA,221.0,-6.2,10264,10295,14400,1000,1720,0,0,0,""
368435,DATA,217.7,-6.2,10608,10521,13200,1000,1720,0,0,0,""
368935,DATA,215.3,-4.2,10621,10701,19800,1000,1720,0,0,0,""
369435,DATA,212.5,-6.2,9954,10134,15601,1000,1720,0,0,0,""
369506,EVENT,212.5,-6.2,10024,10085,20999,1000,1720,0,0,0,"STARTER 1700"
369641,EVENT,211.2,-9.7,10290,10177,19593,1000,1716,0,0,0,"STARTER 1680"
369835,EVENT,210.8,-4.2,10358,10259,7197,1000,1707,0,0,0,"STARTER 1660"
369955,DATA,210.3,-4.2,10142,10206,1482,1000,1701,0,0,0,""
369956,EVENT,210.3,-4.2,10142,10206,1482,1000,1701,0,0,0,"STARTER 1640"
370127,EVENT,209.8,-4.2,11152,10498,2032,1000,1689,0,0,0,"STARTER 1620"
370435,EVENT,208.3,-5.1,13922,12600,2000,1000,1662,0,0,0,"STARTER 1580"
370475,DATA,207.5,-4.7,14525,13466,1976,1000,1661,0,0,0,""
370596,EVENT,207.5,-4.7,14640,13995,2024,1000,1646,0,0,0,"STARTER 1560"
370755,EVENT,207.0,-3.1,14376,14166,3500,1000,1629,0,0,0,"STARTER 1540"
370915,EVENT,206.3,-4.7,13830,14015,2000,1000,1612,0,0,0,"STARTER 1520"
370995,DATA,205.8,-3.1,13083,13595,1482,1000,1606,0,0,0,""
371116,EVENT,205.0,-4.7,12194,12965,2531,1000,1589,0,0,0,"STARTER 1500"
371515,DATA,202.8,-8.3,9054,10270,1500,1000,1544,0,0,0,""
372035,DATA,201.0,-2.1,10932,10880,2000,1000,1506,0,0,0,""
372418,EVENT,199.0,-8.3,8315,9034,10799,1000,1500,0,0,0,"STARTER 1480"
372535,DATA,198.0,-8.3,8175,8647,9599,1000,1496,0,0,0,""
372584,EVENT,197.8,-2.1,8175,8647,9599,1000,1495,0,0,0,"STARTER 1460"
372815,EVENT,197.3,-3.3,7897,8180,3000,1000,1485,0,0,0,"STARTER 1440"
373055,DATA,196.0,-4.2,8185,8001,1500,1000,1471,0,0,0,""
373575,DATA,193.5,-2.1,9099,9099,1500,1000,1448,0,0,0,""
374075,DATA,191.5,-2.1,8857,8633,10801,1000,1440,0,0,0,""
374575,DATA,189.0,-4.2,9073,9030,10799,1000,1440,0,0,0,""
375075,DATA,186.5,-6.2,9158,9138,9600,1000,1440,0,0,0,""
375575,DATA,184.5,-2.1,9287,9262,12001,1000,1440,0,0,0,""
376075,DATA,182.3,-4.2,9692,9603,12002,1000,1440,0,0,0,""
376575,DATA,180.3,-2.1,9416,9462,12000,1000,1440,0,0,0,""
377075,DATA,178.0,-4.2,9480,9502,12001,1000,1440,0,0,0,""
377575,DATA,176.3,-2.1,9538,9456,12599,1000,1440,0,0,0,""
378075,DATA,173.8,-2.1,9407,9442,11400,1000,1440,0,0,0,""
378575,DATA,171.5,-6.2,9330,9347,9599,1000,1440,0,0,0,""
379075,DATA,169.8,-4.2,9313,9315,9600,1000,1440,0,0,0,""
379575,DATA,167.8,-4.2,9300,9302,10200,1000,1440,0,0,0,""
380075,DATA,166.0,-4.2,9307,9306,9600,1000,1440,0,0,0,""
380575,DATA,164.0,-4.2,9310,9309,9000,1000,1440,0,0,0,""
381075,DATA,162.3,-6.2,9310,9312,12599,1000,1440,0,0,0,""
381575,DATA,160.0,-6.2,9307,9305,9601,1000,1440,0,0,0,""
382075,DATA,158.5,0.0,9416,9407,11399,1000,1440,0,0,0,""
382575,DATA,156.5,-4.2,9328,9340,11400,1000,1440,0,0,0,""
383075,DATA,155.0,-2.1,9327,9318,10800,1000,1440,0,0,0,""
383575,DATA,153.0,-4.2,9337,9322,13199,1000,1440,0,0,0,""
384075,DATA,151.5,-2.1,9336,9334,10800,1000,1440,0,0,0,""
384575,DATA,149.5,-4.2,9307,9313,14999,1000,1440,0,0,0,""
385075,DATA,147.5,-8.3,9325,9321,10201,1000,1440,0,0,0,""
385575,DATA,146.0,-4.2,9331,9329,9600,1000,1440,0,0,0,""
386075,DATA,144.3,-4.2,9439,9382,10798,1000,1440,0,0,0,""
386575,DATA,143.0,-2.1,9419,9444,9600,1000,1440,0,0,0,""
387075,DATA,141.3,-4.2,9409,9417,9600,1000,1440,0,0,0,""
387575,DATA,139.5,-2.1,10099,10001,14399,1000,1440,0,0,0,""
388075,DATA,138.0,-2.1,9898,9996,8999,1000,1440,0,0,0,""
388575,DATA,136.8,-4.2,9466,9535,12000,1000,1440,0,0,0,""
389075,DATA,135.3,-2.1,9370,9393,10198,1000,1440,0,0,0,""
389575,DATA,133.8,-4.2,9493,9449,10798,1000,1440,0,0,0,""
390075,DATA,132.5,-2.1,9397,9413,12600,1000,1440,0,0,0,""
390575,DATA,131.3,-2.1,9518,9534,10200,1000,1440,0,0,0,""
391075,DATA,129.5,0.0,9373,9405,10800,1000,1440,0,0,0,""
391575,DATA,128.0,-2.1,9391,9366,12601,1000,1440,0,0,0,""
392075,DATA,126.8,-2.1,9334,9347,9601,1000,1440,0,0,0,""
392575,DATA,125.5,-4.2,9348,9346,10800,1000,1440,0,0,0,""
393075,DATA,124.5,0.0,9342,9343,10199,1000,1440,0,0,0,""
393575,DATA,123.2,-2.1,9340,9339,10799,1000,1440,0,0,0,""
394075,DATA,121.5,-2.1,9357,9356,10800,1000,1440,0,0,0,""
394575,DATA,120.5,0.0,9333,9338,12000,1000,1440,0,0,0,""
395075,DATA,119.0,-4.2,9339,9338,10801,1000,1440,0,0,0,""
395575,DATA,118.3,0.0,9344,9340,10200,1000,1440,0,0,0,""
396075,DATA,117.0,0.0,9343,9342,9001,1000,1440,0,0,0,""
396575,DATA,115.7,-2.1,9353,9351,10200,1000,1440,0,0,0,""
397075,DATA,114.3,-4.2,9367,9363,9600,1000,1440,0,0,0,""
397575,DATA,113.5,0.0,9352,9358,10799,1000,1440,0,0,0,""
398075,DATA,112.0,-2.1,9348,9351,9606,1000,1440,0,0,0,""
398575,DATA,111.0,-2.1,9356,9354,10799,1000,1440,0,0,0,""
399075,DATA,110.2,0.0,9379,9370,10799,1000,1440,0,0,0,""
399575,DATA,109.0,-4.2,9422,9437,12000,1000,1440,0,0,0,""
400075,DATA,107.5,-4.2,9387,9392,10198,1000,1440,0,0,0,""
400575,DATA,106.8,-2.1,9396,9395,11401,1000,1440,0,0,0,""
401075,DATA,105.8,-2.1,9392,9390,10200,1000,1440,0,0,0,""
401575,DATA,104.8,-2.1,9589,9478,10802,1000,1440,0,0,0,""
402075,DATA,103.8,-2.1,9802,9895,10799,1000,1440,0,0,0,""
402575,DATA,102.8,-4.2,9512,9563,12598,1000,1440,0,0,0,""
403075,DATA,102.0,-2.1,9419,9437,10800,1000,1440,0,0,0,""
403575,DATA,100.8,-2.1,9524,9512,11999,1000,1440,0,0,0,""
404075,DATA,100.0,0.0,9444,9459,9600,1000,1440,0,0,0,""
404575,DATA,99.0,-2.1,9431,9432,14399,1000,1440,0,0,0,""
405075,DATA,98.0,-2.1,9746,9770,10200,1000,1440,0,0,0,""
405575,DATA,97.3,-2.1,9481,9527,12000,1000,1440,0,0,0,""
406075,DATA,96.5,0.0,9401,9414,11400,1000,1440,0,0,0,""
406575,DATA,95.5,-2.1,9414,9411,11400,1000,1440,0,0,0,""
407075,DATA,94.8,-2.1,9542,9571,12000,1000,1440,0,0,0,""
407575,DATA,94.0,0.0,9418,9440,11401,1000,1440,0,0,0,""
408075,DATA,93.3,0.0,9401,9405,10199,1000,1440,0,0,0,""
408575,DATA,92.3,-4.2,9396,9401,10199,1000,1440,0,0,0,""
409075,DATA,91.7,0.0,9542,9565,10201,1000,1440,0,0,0,""
409575,DATA,90.8,-2.1,9758,9789,13800,1000,1440,0,0,0,""
410075,DATA,90.0,-2.1,9731,9647,13799,1000,1440,0,0,0,""
410575,DATA,89.5,0.0,9553,9594,12001,1000,1440,0,0,0,""
411075,DATA,88.7,-2.1,9445,9460,10800,1000,1440,0,0,0,""
411575,DATA,88.0,0.0,9518,9469,12600,1000,1440,0,0,0,""
412075,DATA,87.3,0.0,9472,9492,10801,1000,1440,0,0,0,""
412575,DATA,86.5,-2.1,9455,9457,12000,1000,1440,0,0,0,""
413075,DATA,85.8,0.0,9433,9438,9598,1000,1440,0,0,0,""
413575,DATA,85.0,-2.1,9409,9412,10200,1000,1440,0,0,0,""
414075,DATA,84.5,0.0,9410,9411,9601,1000,1440,0,0,0,""
414575,DATA,84.0,0.0,9409,9409,11401,1000,1440,0,0,0,""
415075,DATA,83.3,0.0,9400,9403,11400,1000,1440,0,0,0,""
415575,DATA,82.5,-2.1,9391,9393,13199,1000,1440,0,0,0,""
416075,DATA,82.0,0.0,9387,9388,9600,1000,1440,0,0,0,""
416575,DATA,81.2,0.0,9388,9387,9600,1000,1440,0,0,0,""
417075,DATA,80.8,0.0,9468,9439,9000,1000,1440,0,0,0,""
417575,DATA,80.2,0.0,9397,9411,12001,1000,1440,0,0,0,""
418075,DATA,79.5,-2.1,9636,9556,10201,1000,1440,0,0,0,""
418575,DATA,78.7,-4.2,9489,9528,9599,1000,1440,0,0,0,""
419075,DATA,78.5,-2.1,9354,9355,10201,1000,1440,0,0,0,""
419575,DATA,77.7,-2.1,9439,9409,12601,1000,1440,0,0,0,""
420075,DATA,77.2,-2.1,9543,9569,13800,1000,1440,0,0,0,""
420575,DATA,76.7,0.0,9471,9483,10199,1000,1440,0,0,0,""
421075,DATA,76.2,0.0,9439,9440,10800,1000,1440,0,0,0,""
421575,DATA,75.8,0.0,9398,9410,10801,1000,1440,0,0,0,""
422075,DATA,75.2,0.0,9415,9451,13799,1000,1440,0,0,0,""
422575,DATA,74.5,0.0,9498,9523,11400,1000,1440,0,0,0,""
423075,DATA,74.0,-2.1,9522,9551,12599,1000,1440,0,0,0,""
423575,DATA,73.5,0.0,9728,9778,10802,1000,1440,0,0,0,""
424075,DATA,73.0,-2.1,9403,9467,12000,1000,1440,0,0,0,""
424575,DATA,72.5,-2.1,9372,9383,11399,1000,1440,0,0,0,""
425075,DATA,72.5,0.0,9303,9315,10201,1000,1440,0,0,0,""
425575,DATA,71.7,-2.1,9255,9264,10801,1000,1440,0,0,0,""
426075,DATA,71.5,0.0,9480,9414,13200,1000,1440,0,0,0,""
426575,DATA,71.0,0.0,9336,9354,12001,1000,1440,0,0,0,""
427075,DATA,70.5,0.0,9355,9360,10199,1000,1440,0,0,0,""
427575,DATA,70.0,-2.1,9470,9467,10199,1000,1440,0,0,0,""
428075,DATA,69.7,-2.1,9334,9350,11399,1000,1440,0,0,0,""
428575,DATA,69.2,0.0,9313,9328,10801,1000,1440,0,0,0,""
429075,DATA,69.0,0.0,9367,9318,10800,1000,1440,0,0,0,""
429575,DATA,68.7,0.0,9177,9221,9599,1000,1440,0,0,0,""
430075,DATA,68.3,-2.1,9059,9085,10201,1000,1440,0,0,0,""
430575,DATA,68.0,0.0,9026,9032,11399,1000,1440,0,0,0,""
431075,DATA,67.7,0.0,8994,9002,10200,1000,1440,0,0,0,""
431575,DATA,67.2,0.0,8995,8995,9000,1000,1440,0,0,0,""
432075,DATA,66.7,0.0,8987,8988,9000,1000,1440,0,0,0,""
432575,DATA,66.2,-2.1,9171,9176,9600,1000,1440,0,0,0,""
433075,DATA,65.8,-2.1,9068,9088,10200,1000,1440,0,0,0,""
433575,DATA,65.8,0.0,9073,9067,12599,1000,1440,0,0,0,""
434075,DATA,65.2,-2.1,9289,9226,13799,1000,1440,0,0,0,""
434575,DATA,65.0,0.0,9331,9340,9600,1000,1440,0,0,0,""
435075,DATA,64.5,-2.1,9126,9165,9600,1000,1440,0,0,0,""
435575,DATA,64.0,-2.1,9078,9089,11399,1000,1440,0,0,0,""
436075,DATA,63.7,0.0,9087,9084,10800,1000,1440,0,0,0,""
436575,DATA,63.5,0.0,9411,9327,14400,1000,1440,0,0,0,""
437075,DATA,63.0,-2.1,9415,9447,12000,1000,1440,0,0,0,""
437575,DATA,62.7,-2.1,9142,9218,10199,1000,1440,0,0,0,""
438075,DATA,62.5,0.0,9694,9590,14399,1000,1440,0,0,0,""
438575,DATA,62.2,0.0,9369,9436,15008,1000,1440,0,0,0,""
439075,DATA,61.7,0.0,9179,9209,9607,1000,1440,0,0,0,""
439575,DATA,61.5,0.0,9112,9117,12605,1000,1440,0,0,0,""
440075,DATA,61.2,0.0,9108,9125,12605,1000,1440,0,0,0,""
440575,DATA,61.0,0.0,9215,9235,13809,1000,1440,0,0,0,""
441075,DATA,60.8,-2.1,9079,9100,12006,1000,1440,0,0,0,""
441575,DATA,60.5,0.0,9059,9062,9605,1000,1440,0,0,0,""
442075,DATA,60.0,-2.1,9275,9180,15006,1000,1440,0,0,0,""
442575,DATA,59.5,0.0,9180,9217,12006,1000,1440,0,0,0,""
443075,DATA,59.5,2.1,9148,9143,13205,1000,1440,0,0,0,""
443575,DATA,59.2,-2.1,9433,9341,12606,1000,1440,0,0,0,""
444075,DATA,59.0,-2.1,9218,9265,10806,1000,1440,0,0,0,""
444575,DATA,58.7,0.0,9416,9349,12608,1000,1440,0,0,0,""
445075,DATA,58.5,0.0,9252,9319,10206,1000,1440,0,0,0,""
445575,DATA,58.0,-2.1,9057,9112,13809,1000,1440,0,0,0,""
446075,DATA,58.0,0.0,9145,9182,12006,1000,1440,0,0,0,""
446575,DATA,57.7,-2.1,9063,9125,10805,1000,1440,0,0,0,""
447075,DATA,57.7,2.1,9016,9024,12606,1000,1440,0,0,0,""
447575,DATA,57.2,0.0,8930,8943,10205,1000,1440,0,0,0,""
448075,DATA,56.7,-2.1,8948,8943,11405,1000,1440,0,0,0,""
448575,DATA,56.7,-2.1,9048,9074,11406,1000,1440,0,0,0,""
449075,DATA,56.5,0.0,9331,9269,12007,1000,1440,0,0,0,""
449575,DATA,56.2,-2.1,9156,9184,11406,1000,1440,0,0,0,""
450075,DATA,56.0,0.0,9135,9190,13808,1000,1440,0,0,0,""
450575,DATA,55.8,0.0,9060,9087,12007,1000,1440,0,0,0,""
451075,DATA,55.8,0.0,9198,9204,12608,1000,1440,0,0,0,""
451575,DATA,55.2,-2.1,9359,9272,13206,1000,1440,0,0,0,""
452075,DATA,55.0,0.0,9193,9223,12606,1000,1440,0,0,0,""
452575,DATA,54.7,-2.1,9534,9387,14407,1000,1440,0,0,0,""
453075,DATA,54.5,0.0,9315,9357,13808,1000,1440,0,0,0,""
453575,DATA,54.5,0.0,9256,9333,13807,1000,1440,0,0,0,""
454075,DATA,54.2,0.0,9268,9272,14409,1000,1440,0,0,0,""
454575,DATA,54.2,0.0,9101,9166,16207,1000,1440,0,0,0,""
455075,DATA,53.7,-2.1,8985,9018,12605,1000,1440,0,0,0,""
455575,DATA,53.7,2.1,9063,9076,15607,1000,1440,0,0,0,""
456075,DATA,53.3,0.0,9053,9039,13808,1000,1440,0,0,0,""
456575,DATA,53.3,0.0,9322,9301,13208,1000,1440,0,0,0,""
457075,DATA,52.7,-2.1,9167,9168,16808,1000,1440,0,0,0,""
457575,DATA,53.0,0.0,9095,9189,9606,1000,1440,0,0,0,""
457586,EVENT,53.0,0.0,9095,9189,9606,1000,1440,0,1,0,"VALVE1 ON"
458075,DATA,52.5,-2.1,9408,9272,10806,1000,1440,0,1,0,""
458575,DATA,52.2,0.0,9695,9647,10805,1000,1440,0,1,0,""
458611,EVENT,52.2,0.0,9695,9647,10805,1000,1440,0,1,0,"PUMP 1045"
459095,DATA,52.2,-2.1,9237,9304,11408,1010,1440,0,1,0,""
459615,DATA,52.2,2.1,7990,8265,2000,1032,1440,0,1,0,""
460115,DATA,52.0,0.0,7698,7666,14411,1045,1440,0,1,0,""
460615,DATA,51.7,0.0,8637,8310,11999,1045,1440,0,1,0,""
461115,DATA,51.5,-2.1,9003,8965,9000,1045,1440,0,1,0,""
461615,DATA,51.2,-2.1,8894,8906,13200,1045,1440,0,1,0,""
462115,DATA,51.0,0.0,9080,9058,10201,1045,1440,0,1,0,""
462615,DATA,50.8,-2.1,8847,8885,12600,1045,1440,0,1,0,""
463115,DATA,50.8,0.0,9125,9085,13201,1045,1440,0,1,0,""
463615,DATA,50.8,2.1,8598,8670,10200,1045,1440,0,1,0,""
464115,DATA,50.2,-2.1,8856,8747,7199,1045,1440,0,1,0,""
464615,DATA,50.2,0.0,8904,8877,13200,1045,1440,0,1,0,""
465115,DATA,50.0,0.0,9013,8939,15001,1045,1440,0,1,0,""
465596,EVENT,50.0,0.0,9262,9210,13200,1000,1440,0,0,0,"PUMP OFF"
465615,DATA,50.0,0.0,9262,9210,13200,1000,1440,0,0,0,""
466115,DATA,49.7,0.0,9086,9123,9600,1000,1440,0,0,0,""
466615,DATA,49.5,-4.2,9125,9126,11999,1000,1440,0,0,0,""
467115,DATA,49.5,0.0,8980,9040,11999,1000,1440,0,0,0,""
467615,DATA,49.5,2.1,9014,9015,11400,1000,1440,0,0,0,""
468115,DATA,49.0,0.0,9148,9163,11400,1000,1440,0,0,0,""
468615,DATA,49.2,0.0,9129,9106,10800,1000,1440,0,0,0,""
469115,DATA,48.7,0.0,9016,9055,9600,1000,1440,0,0,0,""
469615,DATA,48.5,-2.1,8380,8478,9000,1000,1440,0,0,0,""
470115,DATA,48.3,0.0,8474,8526,9600,1000,1440,0,0,0,""
470615,DATA,48.5,-2.1,8990,8885,9600,1000,1440,0,0,0,""
471115,DATA,48.5,0.0,9363,9206,11999,1000,1440,0,0,0,""
471615,DATA,48.3,0.0,9819,9671,10201,1000,1440,0,0,0,""
472115,DATA,47.7,0.0,9038,9230,9000,1000,1440,0,0,0,""
472615,DATA,47.7,0.0,8609,8610,12002,1000,1440,0,0,0,""
473115,DATA,47.5,-2.1,8840,8860,11399,1000,1440,0,0,0,""
473615,DATA,47.5,0.0,9215,9073,13199,1000,1440,0,0,0,""
474115,DATA,47.2,0.0,9022,9037,12608,1000,1440,0,0,0,""
474615,DATA,47.2,0.0,9025,9013,15006,1000,1440,0,0,0,""
475115,DATA,47.0,0.0,9227,9170,13207,1000,1440,0,0,0,""
475615,DATA,47.0,0.0,9374,9353,11406,1000,1440,0,0,0,""
476115,DATA,47.0,0.0,9199,9261,10806,1000,1440,0,0,0,""
476615,DATA,46.7,-2.1,9048,9087,11405,1000,1440,0,0,0,""
476915,EVENT,46.7,0.0,9059,9052,10802,1000,1440,0,1,0,"VALVE1 ON"
477115,DATA,46.5,-2.1,9203,9128,13811,1000,1440,0,1,0,""
477615,DATA,46.5,0.0,9097,9125,10806,1000,1440,0,1,0,""
478028,EVENT,46.5,-2.1,9015,9040,10096,1000,1440,0,1,0,"PUMP 1045"
478115,DATA,46.5,-2.1,8965,9006,9602,1000,1440,0,1,0,""
478635,DATA,46.5,1.9,8620,8929,1667,1014,1440,0,1,0,""
479155,DATA,46.0,-1.9,7697,7913,2500,1037,1440,0,1,0,""
479655,DATA,45.8,-2.1,7069,7307,10800,1045,1440,0,1,0,""
480155,DATA,45.8,-2.1,8190,7809,11400,1045,1440,0,1,0,""
480655,DATA,45.8,0.0,9149,8930,12000,1045,1440,0,1,0,""
481155,DATA,45.8,2.1,9178,9211,12600,1045,1440,0,1,0,""
481655,DATA,45.5,0.0,9633,9572,10201,1045,1440,0,1,0,""
482155,DATA,45.5,0.0,9076,9197,16201,1045,1440,0,1,0,""
482655,DATA,45.2,0.0,9451,9395,14399,1045,1440,0,1,0,""
483155,DATA,45.2,0.0,9575,9466,15010,1045,1440,0,1,0,""
483655,DATA,45.0,0.0,9821,9807,15009,1045,1440,0,1,0,""
484155,DATA,45.0,0.0,9757,9702,15607,1045,1440,0,1,0,""
484655,DATA,45.0,0.0,9455,9528,13206,1045,1440,0,1,0,""
484996,EVENT,44.7,0.0,9505,9462,13200,1000,1440,0,0,0,"PUMP OFF"
485155,DATA,44.7,0.0,9423,9455,11485,1000,1440,0,0,0,""
485655,DATA,45.0,2.1,9365,9381,13802,1000,1440,0,0,0,""
486155,DATA,44.7,0.0,9135,9105,13799,1000,1440,0,0,0,""
486655,DATA,44.5,0.0,9235,9215,10200,1000,1440,0,0,0,""
487155,DATA,44.5,2.1,9500,9419,12601,1000,1440,0,0,0,""
487655,DATA,44.5,2.1,9388,9412,11401,1000,1440,0,0,0,""
488155,DATA,44.2,0.0,9049,9109,11999,1000,1440,0,0,0,""
488655,DATA,44.0,0.0,9345,9231,15601,1000,1440,0,0,0,""
489155,DATA,44.0,0.0,9331,9361,11998,1000,1440,0,0,0,""
489655,DATA,44.0,2.1,9268,9263,10800,1000,1440,0,0,0,""
490155,DATA,43.7,-2.1,9473,9466,10200,1000,1440,0,0,0,""
490655,DATA,43.7,0.0,9401,9372,11407,1000,1440,0,0,0,""
491155,DATA,43.3,-2.1,9417,9433,15609,1000,1440,0,0,0,""
491655,DATA,43.5,0.0,9472,9409,16209,1000,1440,0,0,0,""
492155,DATA,43.5,0.0,9416,9365,13808,1000,1440,0,0,0,""
492655,DATA,43.5,0.0,9302,9318,11406,1000,1440,0,0,0,""
493155,DATA,43.3,-2.1,9230,9233,13209,1000,1440,0,0,0,""
493655,DATA,43.3,0.0,9235,9233,13808,1000,1440,0,0,0,""
494155,DATA,43.3,2.1,9536,9498,11406,1000,1440,0,0,0,""
494655,DATA,43.0,0.0,9346,9344,13809,1000,1440,0,0,0,""
495155,DATA,43.0,0.0,10079,9858,12606,1000,1440,0,0,0,""
495655,DATA,43.0,0.0,9607,9701,13808,1000,1440,0,0,0,""
496155,DATA,42.7,0.0,10001,10030,11405,1000,1440,0,0,0,""
496655,DATA,42.7,0.0,9562,9604,13209,1000,1440,0,0,0,""
497155,DATA,42.5,0.0,9461,9480,14409,1000,1440,0,0,0,""
497655,DATA,42.7,2.0,9595,9483,16209,1000,1440,0,0,0,""
498155,DATA,42.5,0.0,8878,9159,9606,1000,1440,0,0,0,""
498655,DATA,42.5,2.1,9017,8893,14407,1000,1440,0,0,0,""
499155,DATA,42.2,0.0,9299,9244,16208,1000,1440,0,0,0,""
499655,DATA,42.2,0.0,9081,9137,11407,1000,1440,0,0,0,""
500155,DATA,42.2,2.1,9721,9549,17409,1000,1440,0,0,0,""
500655,DATA,42.0,-2.0,9622,9738,13808,1000,1440,0,0,0,""
501155,DATA,42.0,0.0,9490,9470,12007,1000,1440,0,0,0,""
501655,DATA,42.0,0.0,8913,9069,11403,1000,1440,0,0,0,""
502155,DATA,41.7,0.0,9399,9227,10204,1000,1440,0,0,0,""
502655,DATA,41.7,0.0,9661,9621,12007,1000,1440,0,0,0,""
503155,DATA,42.0,2.1,9389,9445,11876,1000,1440,0,0,0,""
503655,DATA,42.0,0.0,9734,9660,13655,1000,1440,0,0,0,""
504155,DATA,41.5,-2.1,9733,9719,16626,1000,1440,0,0,0,""
504655,DATA,41.5,0.0,9744,9936,10093,1000,1440,0,0,0,""
505155,DATA,41.5,0.0,9220,9340,10691,1000,1440,0,0,0,""
505655,DATA,41.5,0.0,8827,8881,5939,1000,1440,0,0,0,""
506155,DATA,41.5,0.0,9024,8914,11877,1000,1440,0,0,0,""
506655,DATA,41.2,-2.0,9544,9523,8906,1000,1440,0,0,0,""
507155,DATA,41.2,-2.1,8493,8653,11281,1000,1440,0,0,0,""
507655,DATA,41.2,2.1,8696,8828,7125,1000,1440,0,0,0,""
508155,DATA,41.0,-2.1,8331,8431,8908,1000,1440,0,0,0,""
508655,DATA,41.0,0.0,8304,8215,10097,1000,1440,0,0,0,""
509155,DATA,41.0,0.0,8886,8823,7719,1000,1440,0,0,0,""
509655,DATA,40.8,-2.0,8486,8456,13067,1000,1440,0,0,0,""
510155,DATA,40.8,0.0,8769,8704,11280,1000,1440,0,0,0,""
510655,DATA,40.8,0.0,9119,9169,10096,1000,1440,0,0,0,""
511155,DATA,40.8,0.0,8296,8440,11281,1000,1440,0,0,0,""
511655,DATA,40.8,2.1,8769,8627,7720,1000,1440,0,0,0,""
512155,DATA,40.5,-2.1,9189,9081,11283,1000,1440,0,0,0,""
512655,DATA,40.5,0.0,9068,9105,11875,1000,1440,0,0,0,""
513155,DATA,40.5,0.0,9198,9172,10093,1000,1440,0,0,0,""
513655,DATA,40.5,0.0,9252,9230,16626,1000,1440,0,0,0,""
514155,DATA,40.5,2.1,9595,9547,12469,1000,1440,0,0,0,""
514655,DATA,40.5,0.0,9564,9460,14250,1000,1440,0,0,0,""
515155,DATA,40.5,0.0,9640,9645,14845,1000,1440,0,0,0,""
515655,DATA,40.5,2.0,9738,9726,20188,1000,1440,0,0,0,""
515814,EVENT,40.2,-2.1,9744,9744,10800,1000,1000,0,0,0,"EV:A05_ALL_OFF"
516155,DATA,41.7,10.4,9319,9493,9501,1000,1000,0,0,0,""
516655,DATA,41.7,0.0,8077,8377,7720,1000,1000,0,0,0,""
517155,DATA,41.5,0.0,6959,7221,6531,1000,1000,0,0,0,""
517655,DATA,41.5,-2.1,6078,6285,5345,1000,1000,0,0,0,""
518155,DATA,41.5,0.0,5283,5433,4751,1000,1000,0,0,0,""
518655,DATA,41.5,0.0,4725,4832,4751,1000,1000,0,0,0,""
519155,DATA,41.5,0.0,4273,4361,4157,1000,1000,0,0,0,""
519655,DATA,41.5,0.0,3886,3960,3563,1000,1000,0,0,0,""
520155,DATA,41.5,0.0,3552,3618,3564,1000,1000,0,0,0,""
520655,DATA,41.5,0.0,3262,3318,2969,1000,1000,0,0,0,""
521155,DATA,41.5,0.0,3004,3054,2970,1000,1000,0,0,0,""
521655,DATA,41.5,0.0,2774,2819,2376,1000,1000,0,0,0,""
522155,DATA,41.5,0.0,2570,2610,2375,1000,1000,0,0,0,""
522655,DATA,41.5,0.0,2385,2422,2376,1000,1000,0,0,0,""
523155,DATA,41.5,0.0,2216,2249,1781,1000,1000,0,0,0,""
523655,DATA,41.5,0.0,2063,2093,1782,1000,1000,0,0,0,""
524155,DATA,41.5,0.0,1919,1948,1782,1000,1000,0,0,0,""
524655,DATA,41.5,0.0,1787,1813,1782,1000,1000,0,0,0,""
525155,DATA,41.5,0.0,1667,1691,1188,1000,1000,0,0,0,""
525655,DATA,41.5,0.0,1555,1577,1782,1000,1000,0,0,0,""
526155,DATA,41.5,0.0,1446,1467,1782,1000,1000,0,0,0,""
526655,DATA,41.5,0.0,1344,1364,1781,1000,1000,0,0,0,""
527155,DATA,41.5,0.0,1243,1262,1188,1000,1000,0,0,0,""
527655,DATA,41.7,0.0,1153,1170,1188,1000,1000,0,0,0,""
528155,DATA,41.5,-2.1,1065,1083,1187,1000,1000,0,0,0,""
528655,DATA,41.5,0.0,982,999,1188,1000,1000,0,0,0,""
529155,DATA,41.5,0.0,902,918,1188,1000,1000,0,0,0,""
529655,DATA,41.5,-2.1,824,840,594,1000,1000,0,0,0,""
530155,DATA,41.7,0.0,751,766,594,1000,1000,0,0,0,""
530655,DATA,41.7,0.0,686,699,594,1000,1000,0,0,0,""
531155,DATA,41.7,0.0,618,632,594,1000,1000,0,0,0,""
531655,DATA,41.7,0.0,550,563,594,1000,1000,0,0,0,""
532155,DATA,41.7,0.0,484,497,594,1000,1000,0,0,0,""
532655,DATA,41.7,0.0, 0, 0,594,1000,1000,0,0,0,""
533155,DATA,41.7,0.0, 0, 0, 0,1000,1000,0,0,0,""
533655,DATA,41.7,0.0, 0, 0,594,1000,1000,0,0,0,""
534155,DATA,41.7,0.0, 0, 0, 0,1000,1000,0,0,0,""
534655,DATA,41.7,0.0, 0, 0, 0,1000,1000,0,0,0,""
535155,DATA,41.7,0.0, 0, 0, 0,1000,1000,0,0,0,""
535655,DATA,41.7,0.0, 0, 0,123515,1000,1000,0,0,0,""
536155,DATA,41.7,0.0, 0, 0,131203,1000,1000,0,0,0,""
536655,DATA,41.7,0.0, 0, 0,92618,1000,1000,0,0,0,""
537155,DATA,41.7,0.0, 0, 0,61748,1000,1000,0,0,0,""
537655,DATA,41.7,0.0, 0, 0,48095,1000,1000,0,0,0,""
538155,DATA,41.7,0.0, 0, 0,49284,1000,1000,0,0,0,""
538655,DATA,41.7,0.0, 0, 0,40963,1000,1000,0,0,0,""
539155,DATA,41.7,0.0, 0, 0,36221,1000,1000,0,0,0,""
539655,DATA,41.7,-2.0, 0, 0,26719,1000,1000,0,0,0,""
540155,DATA,41.7,-2.1, 0, 0,20783,1000,1000,0,0,0,""
540655,DATA,41.7,0.0, 0, 0,17813,1000,1000,0,0,0,""
541155,DATA,42.0,0.0, 0, 0,26718,1000,1000,0,0,0,""
541655,DATA,42.0,0.0, 0, 0,19593,1000,1000,0,0,0,""
542155,DATA,42.0,0.0, 0, 0,18406,1000,1000,0,0,0,""
542655,DATA,42.0,0.0, 0, 0,19595,1000,1000,0,0,0,""
543155,DATA,42.0,0.0, 0, 0,34438,1000,1000,0,0,0,""
543655,DATA,41.7,-2.1, 0, 0,19000,1000,1000,0,0,0,""
544155,DATA,42.0,0.0, 0, 0,24936,1000,1000,0,0,0,""
544655,DATA,42.0,0.0, 0, 0,23750,1000,1000,0,0,0,""
545155,DATA,42.0,0.0, 0, 0,20783,1000,1000,0,0,0,""
545655,DATA,42.0,0.0, 0, 0,20781,1000,1000,0,0,0,""
546155,DATA,42.0,0.0, 0, 0,32060,1000,1000,0,0,0,""
546655,DATA,42.0,0.0, 0, 0,21970,1000,1000,0,0,0,""
547155,DATA,42.0,0.0, 0, 0,15437,1000,1000,0,0,0,""
547655,DATA,42.0,0.0, 0, 0,17812,1000,1000,0,0,0,""
548155,DATA,42.0,0.0, 0, 0,16624,1000,1000,0,0,0,""
548655,DATA,42.0,0.0, 0, 0,17812,1000,1000,0,0,0,""
549155,DATA,41.7,0.0, 0, 0,14843,1000,1000,0,0,0,""
549655,DATA,42.0,0.0, 0, 0,21971,1000,1000,0,0,0,""
550155,DATA,42.0,0.0, 0, 0,19595,1000,1000,0,0,0,""
550655,DATA,42.0,0.0, 0, 0,19003,1000,1000,0,0,0,""
551155,DATA,42.0,0.0, 0, 0,13655,1000,1000,0,0,0,""
551342,EVENT,42.0,0.0, 0, 0,24011,1000,1000,0,0,0,"STARTER 1200"
551655,DATA,42.0,0.0,996,830,1000,1000,1080,0,0,0,""
552175,DATA,40.5,2.1,1617,1360,1000,1000,1176,0,0,0,""
552675,DATA,40.2,-2.1,2939,2659,2400,1000,1200,0,0,0,""
553175,DATA,40.0,-2.1,3162,3174,6600,1000,1200,0,0,0,""
553675,DATA,40.2,2.1,3895,3731,4800,1000,1200,0,0,0,""
554175,DATA,40.2,0.0,4344,4213,6599,1000,1200,0,0,0,""
554675,DATA,40.8,0.0,4502,4418,5400,1000,1200,0,0,0,""
555175,DATA,40.8,0.0,4562,4556,6000,1000,1200,0,0,0,""
555330,EVENT,40.8,0.0,4580,4567,9000,1000,1200,0,1,0,"VALVE1 ON"
555675,DATA,40.8,0.0,4645,4632,8399,1000,1200,0,1,0,""
556175,DATA,41.0,2.1,4735,4716,5999,1000,1200,0,1,0,""
556331,EVENT,40.8,-2.1,4742,4728,7799,1000,1200,1,1,0,"IGN ON"
556675,DATA,40.0,0.0,4832,4777,10801,1000,1200,1,1,0,""
557175,DATA,40.2,0.0,5078,5019,6600,1000,1200,1,1,0,""
557675,DATA,40.5,2.1,4852,4888,7200,1000,1200,1,1,0,""
557799,EVENT,40.2,-2.1,4838,4866,4800,1000,1200,1,1,0,"PUMP 1045"
558175,DATA,40.5,0.0,5157,4989,10797,1007,1200,1,1,0,""
558695,DATA,40.5,0.0,4453,4674,1500,1027,1200,1,1,0,""
559195,DATA,40.5,0.0,3485,3720,2402,1044,1200,1,1,0,""
559695,DATA,40.5,0.0,4203,3972,10799,1045,1200,1,1,0,""
560195,DATA,40.5,0.0,5867,5535,6601,1045,1200,1,1,0,""
560695,DATA,40.5,2.1,5643,5611,7200,1045,1200,1,1,0,""
561195,DATA,40.5,0.0,6428,6254,9000,1045,1200,1,1,0,""
561695,DATA,41.7,4.2,6555,6657,6600,1045,1200,1,1,0,""
562195,DATA,43.7,6.2,5188,5435,6600,1045,1200,1,1,0,""
562695,DATA,47.0,6.2,5321,5321,6000,1045,1200,1,1,0,""
563195,DATA,49.5,4.2,5267,5168,9599,1045,1200,1,1,0,""
563695,DATA,52.0,4.2,5234,5356,7199,1045,1200,1,1,0,""
564195,DATA,54.2,4.2,4939,5015,7199,1045,1200,1,1,0,""
564695,DATA,57.0,6.2,5207,5039,9000,1045,1200,1,1,0,""
565195,DATA,59.2,4.2,5030,5094,7801,1045,1200,1,1,0,""
565695,DATA,61.5,4.2,4887,4910,6601,1045,1200,1,1,0,""
566195,DATA,64.2,6.2,4848,4854,9000,1045,1200,1,1,0,""
566695,DATA,66.2,2.1,4847,4844,6600,1045,1200,1,1,0,""
567195,DATA,68.5,4.2,4850,4853,6000,1045,1200,1,1,0,""
567695,DATA,70.0,2.1,4844,4846,7800,1045,1200,1,1,0,""
568195,DATA,71.7,4.2,4836,4836,7799,1045,1200,1,1,0,""
568695,DATA,73.0,2.1,4838,4835,8400,1045,1200,1,1,0,""
569195,DATA,74.5,2.1,4849,4843,7200,1045,1200,1,1,0,""
569695,DATA,75.2,2.1,4856,4859,6001,1045,1200,1,1,0,""
570195,DATA,76.0,2.1,4860,4856,6001,1045,1200,1,1,0,""
570695,DATA,76.7,2.1,4826,4824,6000,1045,1200,1,1,0,""
571195,DATA,77.5,2.1,4823,4827,7801,1045,1200,1,1,0,""
571695,DATA,78.3,0.0,4962,4972,7800,1045,1200,1,1,0,""
572195,DATA,79.5,2.1,4873,4888,5400,1045,1200,1,1,0,""
572695,DATA,80.5,2.1,5726,5450,10201,1045,1200,1,1,0,""
573195,DATA,81.0,0.0,5267,5413,6000,1045,1200,1,1,0,""
573695,DATA,82.0,2.1,4933,4985,9600,1045,1200,1,1,0,""
574195,DATA,82.7,2.1,5732,5448,8400,1045,1200,1,1,0,""
574695,DATA,83.5,2.1,6037,6161,9601,1045,1200,1,1,0,""
575195,DATA,84.2,2.1,5140,5362,7801,1045,1200,1,1,0,""
575695,DATA,85.2,0.0,4911,4945,8399,1045,1200,1,1,0,""
576195,DATA,86.0,2.1,5123,5129,8400,1045,1200,1,1,0,""
576695,DATA,86.7,0.0,5767,5616,6600,1045,1200,1,1,0,""
577195,DATA,87.5,0.0,5478,5462,6601,1045,1200,1,1,0,""
577695,DATA,88.5,2.1,5018,5096,9000,1045,1200,1,1,0,""
578195,DATA,89.2,2.1,4879,4910,5400,1045,1200,1,1,0,""
578695,DATA,90.2,2.1,5907,5670,7801,1045,1200,1,1,0,""
579195,DATA,90.8,0.0,5079,5234,4800,1045,1200,1,1,0,""
579695,DATA,91.7,4.2,5065,4993,10800,1045,1200,1,1,0,""
580195,DATA,92.3,2.1,6369,6054,7201,1045,1200,1,1,0,""
580695,DATA,93.3,4.2,5291,5514,10800,1045,1200,1,1,0,""
581195,DATA,93.7,2.1,5097,5197,7200,1045,1200,1,1,0,""
581695,DATA,94.8,2.1,4990,4956,7800,1045,1200,1,1,0,""
582195,DATA,95.5,2.1,4890,4919,6000,1045,1200,1,1,0,""
582695,DATA,96.0,2.1,5053,5034,7800,1045,1200,1,1,0,""
583195,DATA,96.7,2.1,4885,4921,7200,1045,1200,1,1,0,""
583695,DATA,97.5,2.1,5621,5598,7199,1045,1200,1,1,0,""
584195,DATA,98.0,0.0,5462,5527,7800,1045,1200,1,1,0,""
584695,DATA,98.5,2.1,5250,5262,6600,1045,1200,1,1,0,""
585195,DATA,99.5,2.1,5167,5204,5999,1045,1200,1,1,0,""
585695,DATA,100.2,2.1,5088,5015,9601,1045,1200,1,1,0,""
586195,DATA,100.8,0.0,5115,5191,6000,1045,1200,1,1,0,""
586695,DATA,101.8,2.1,6180,5715,6599,1045,1200,1,1,0,""
587195,DATA,102.2,2.1,5897,6168,10201,1045,1200,1,1,0,""
587695,DATA,102.8,0.0,5154,5325,4800,1045,1200,1,1,0,""
588195,DATA,103.5,0.0,4927,4964,7201,1045,1200,1,1,0,""
588695,DATA,104.0,0.0,4857,4873,7200,1045,1200,1,1,0,""
589195,DATA,104.5,0.0,4853,4855,6000,1045,1200,1,1,0,""
589631,EVENT,105.2,2.1,4838,4841,4801,1045,1200,1,1,0,"PUMP 1050"
589695,DATA,105.2,2.1,4838,4840,5399,1045,1200,1,1,0,""
590195,DATA,105.5,0.0,4835,4833,5400,1047,1200,1,1,0,""
590695,DATA,106.5,4.2,5704,5324,8401,1049,1200,1,1,0,""
591195,DATA,107.2,2.1,6838,6921,6600,1050,1200,1,1,0,""
591695,DATA,108.0,2.1,5270,5543,7800,1050,1200,1,1,0,""
592195,DATA,108.5,0.0,5121,5219,10802,1050,1200,1,1,0,""
592695,DATA,109.5,2.1,5031,5055,7799,1050,1200,1,1,0,""
593195,DATA,110.0,2.1,5493,5354,7800,1050,1200,1,1,0,""
593695,DATA,110.7,2.1,4980,5055,7800,1050,1200,1,1,0,""
594195,DATA,111.5,2.1,5795,5429,6600,1050,1200,1,1,0,""
594695,DATA,112.2,2.1,5382,5565,7800,1050,1200,1,1,0,""
595195,DATA,113.0,2.1,5802,5868,8401,1050,1200,1,1,0,""
595695,DATA,113.5,2.1,6994,6483,8400,1050,1200,1,1,0,""
596195,DATA,114.0,0.0,7789,7927,11400,1050,1200,1,1,0,""
596695,DATA,114.7,0.0,6178,6344,9601,1050,1200,1,1,0,""
597195,DATA,115.5,2.1,6581,6286,12600,1050,1200,1,1,0,""
597695,DATA,116.5,2.1,5928,6223,7800,1050,1200,1,1,0,""
598195,DATA,117.0,2.1,5551,5484,10199,1050,1200,1,1,0,""
598695,DATA,117.7,2.1,5506,5496,10800,1050,1200,1,1,0,""
599195,DATA,118.3,0.0,6246,6321,9601,1050,1200,1,1,0,""
599695,DATA,119.0,2.1,5994,5972,12600,1050,1200,1,1,0,""
600195,DATA,119.5,2.1,6091,6342,11999,1050,1200,1,1,0,""
600695,DATA,120.3,0.0,6997,6777,11400,1050,1200,1,1,0,""
601195,DATA,121.0,2.1,5710,6051,7801,1050,1200,1,1,0,""
601695,DATA,121.5,0.0,5282,5272,11400,1050,1200,1,1,0,""
602195,DATA,122.2,2.1,7175,6874,9600,1050,1200,1,1,0,""
602695,DATA,122.7,0.0,5773,6153,6001,1050,1200,1,1,0,""
603195,DATA,123.2,0.0,4948,5053,4800,1050,1200,1,1,0,""
603695,DATA,124.0,0.0,6096,5712,9001,1050,1200,1,1,0,""
604195,DATA,124.7,0.0,7141,6992,8400,1050,1200,1,1,0,""
604695,DATA,125.2,0.0,7391,7208,9601,1050,1200,1,1,0,""
605195,DATA,126.0,2.1,7952,7678,9000,1050,1200,1,1,0,""
605695,DATA,126.5,2.1,6041,6511,10800,1050,1200,1,1,0,""
606193,EVENT,127.0,2.1,5903,6097,7200,1050,1200,1,1,0,"STARTER 1220"
606195,DATA,127.0,2.1,5903,6097,7200,1050,1200,1,1,0,""
606695,DATA,127.5,2.1,4334,4808,4804,1050,1213,1,1,0,""
607195,DATA,128.0,2.1,4653,4529,9600,1050,1220,1,1,0,""
607695,DATA,128.8,2.1,5417,5208,10200,1050,1220,1,1,0,""
608195,DATA,129.5,4.2,6237,6144,5401,1050,1220,1,1,0,""
608673,EVENT,130.0,2.1,5658,5709,12601,1050,1220,1,1,0,"STARTER 1240"
608695,DATA,130.0,2.1,5658,5709,12601,1050,1221,1,1,0,""
609195,DATA,130.3,0.0,4603,4910,8405,1050,1233,1,1,0,""
609695,DATA,131.0,2.1,5264,5061,8999,1050,1240,1,1,0,""
610195,DATA,131.5,2.1,6270,6068,9600,1050,1240,1,1,0,""
610695,DATA,132.0,0.0,5882,5969,11399,1050,1240,1,1,0,""
610707,EVENT,132.0,0.0,5882,5969,11399,1050,1240,1,1,0,"STARTER 1260"
611195,DATA,132.3,0.0,5308,5463,4804,1050,1253,1,1,0,""
611695,DATA,132.8,2.1,5688,5578,14998,1050,1260,1,1,0,""
612195,DATA,133.3,0.0,7051,6689,14400,1050,1260,1,1,0,""
612493,EVENT,133.3,0.0,7974,7637,12000,1050,1260,1,1,0,"STARTER 1280"
612695,DATA,133.8,2.1,7823,7721,9596,1050,1266,1,1,0,""
613195,DATA,134.0,2.1,8744,8220,11401,1050,1276,1,1,0,""
613695,DATA,134.3,0.0,7869,8304,12000,1050,1280,1,1,0,""
614195,DATA,134.5,0.0,7124,7316,13802,1050,1280,1,1,0,""
614695,DATA,135.0,2.1,7513,7342,15000,1050,1280,1,1,0,""
615195,DATA,135.3,2.1,10027,9468,13198,1050,1280,1,1,0,""
615695,DATA,135.5,0.0,9503,9592,12599,1050,1280,1,1,0,""
616088,EVENT,135.8,2.1,7881,8355,12601,1050,1280,1,1,0,"STARTER 1300"
616195,DATA,135.8,0.0,7719,8069,14395,1050,1283,1,1,0,""
616695,DATA,136.0,0.0,6142,6540,13800,1050,1295,1,1,0,""
617195,DATA,136.3,0.0,7895,7433,12000,1050,1300,1,1,0,""
617695,DATA,136.8,0.0,8213,8179,14998,1050,1300,1,1,0,""
618195,DATA,136.8,0.0,7664,7834,12001,1050,1300,1,1,0,""
618335,EVENT,136.8,0.0,7429,7652,13798,1050,1300,1,1,0,"STARTER 1320"
618695,DATA,137.0,0.0,7903,7760,5999,1050,1310,1,1,0,""
619195,DATA,137.3,0.0,7613,7562,11401,1050,1318,1,1,0,""
619695,DATA,137.3,-2.1,8049,7988,13798,1050,1320,1,1,0,""
620195,DATA,137.8,0.0,8499,8173,13200,1050,1320,1,1,0,""
620546,EVENT,137.8,0.0,8259,8398,11999,1050,1320,1,1,0,"STARTER 1340"
620715,DATA,137.8,0.0,8048,8241,11400,1050,1325,1,1,0,""
621215,DATA,138.0,2.1,6111,6531,13200,1050,1336,1,1,0,""
621705,EVENT,138.0,0.0,7158,6857,10199,1050,1340,1,1,0,"STARTER 1360"
621715,DATA,138.0,0.0,7158,6857,10199,1050,1340,1,1,0,""
622215,DATA,138.0,0.0,6277,6442,10208,1050,1353,1,1,0,""
622668,EVENT,138.0,0.0,6826,6642,13199,1050,1360,1,1,0,"STARTER 1380"
622735,DATA,138.0,0.0,6826,6642,13199,1050,1362,1,1,0,""
622855,EVENT,138.0,0.0,7035,6819,10460,1050,1365,1,1,0,"STARTER 1400"
623015,EVENT,138.0,0.0,6647,6782,4052,1050,1372,1,1,0,"STARTER 1420"
623135,EVENT,138.0,0.0,6073,6463,2500,1050,1378,1,1,0,"STARTER 1440"
623255,DATA,138.3,2.1,6249,6366,2000,1050,1386,1,1,0,""
623256,EVENT,138.3,2.1,6249,6366,2000,1050,1386,1,1,0,"STARTER 1460"
623427,EVENT,138.0,-2.1,6412,6387,1500,1050,1400,1,1,0,"STARTER 1480"
623535,EVENT,137.8,-1.9,6331,6362,3501,1050,1409,1,1,0,"STARTER 1500"
623695,EVENT,137.8,0.0,6813,6565,2000,1050,1426,1,1,0,"STARTER 1520"
623775,DATA,138.0,2.1,7172,6838,1482,1050,1432,1,1,0,""
623948,EVENT,137.8,-1.6,7218,7009,2025,1050,1455,1,1,0,"STARTER 1540"
624295,DATA,138.0,0.0,8559,8166,1500,1050,1493,1,1,0,""
624468,EVENT,137.8,-2.1,9697,9115,1506,1050,1507,1,1,0,"STARTER 1560"
624815,DATA,137.5,-1.6,10156,9804,1500,1050,1532,1,1,0,""
624816,EVENT,137.5,-1.6,10156,9804,1500,1050,1532,1,1,0,"STARTER 1600"
625335,DATA,137.3,-2.1,10114,10328,1500,1050,1575,1,1,0,""
625855,DATA,137.0,-2.1,11679,11456,1500,1050,1600,1,1,0,""
626355,DATA,136.8,0.0,12311,12086,13201,1050,1600,1,1,0,""
626427,EVENT,136.5,-2.1,12311,12086,13201,1050,1600,1,1,0,"STARTER 1620"
626855,DATA,136.0,0.0,10453,11041,4000,1050,1611,1,1,0,""
627355,DATA,135.5,-2.1,12272,12199,17402,1050,1619,1,1,0,""
627855,DATA,134.8,-2.1,12214,12116,21000,1050,1620,1,1,0,""
628355,DATA,134.0,-4.2,12097,12142,21599,1050,1620,1,1,0,""
628855,DATA,133.5,-2.1,12148,12213,16201,1050,1620,1,1,0,""
629355,DATA,133.0,-2.1,12179,12216,15601,1050,1620,1,1,0,""
629458,EVENT,132.8,-2.1,12151,12186,17998,1050,1620,1,1,0,"STARTER 1640"
629855,DATA,132.3,-1.8,12209,12235,10205,1050,1631,1,1,0,""
630355,DATA,131.8,0.0,12507,12381,15000,1050,1639,1,1,0,""
630574,EVENT,131.3,-2.1,12872,12655,16201,1050,1640,1,1,0,"STARTER 1660"
630855,DATA,131.0,-2.1,12745,12789,7998,1050,1648,1,1,0,""
631355,DATA,130.3,-2.1,13105,13051,14400,1050,1657,1,1,0,""
631855,DATA,129.8,-2.1,13104,13079,15600,1050,1660,1,1,0,""
631906,EVENT,129.8,-2.1,13104,13079,15600,1050,1660,1,1,0,"STARTER 1680"
632355,DATA,129.0,-4.2,12647,12924,4500,1050,1672,1,1,0,""
632855,DATA,128.8,0.0,10634,10855,12001,1050,1679,1,1,0,""
633049,EVENT,128.5,2.1,10472,10594,9001,1050,1680,1,1,0,"STARTER 1700"
633375,DATA,127.5,-1.8,10286,10457,5999,1050,1689,1,1,0,""
633875,DATA,127.5,0.0,13885,13015,8400,1050,1698,1,1,0,""
634375,DATA,126.5,-4.2,11281,12104,10799,1050,1700,1,1,0,""
634875,DATA,125.8,-2.1,14369,14079,7800,1050,1700,1,1,0,""
635375,DATA,125.0,0.0,10553,11596,4200,1050,1700,1,1,0,""
635875,DATA,124.5,-2.1,14188,13796,11399,1050,1700,1,1,0,""
636106,EVENT,124.0,-2.1,13688,13811,12000,1050,1700,1,1,0,"STARTER 1720"
636395,DATA,123.7,0.0,12157,12668,6498,1050,1708,1,1,0,""
636895,DATA,123.0,-2.1,9452,10029,17403,1050,1718,1,1,0,""
637393,EVENT,122.2,-2.1,11947,11268,10800,1050,1720,1,1,0,"STARTER 1740"
637395,DATA,122.2,-2.1,11947,11268,10800,1050,1720,1,1,0,""
637895,DATA,121.5,-2.1,11693,11935,10208,1050,1733,1,1,0,""
638395,DATA,120.7,0.0,15113,14242,10800,1050,1740,1,1,0,""
638895,DATA,120.0,0.0,12561,13375,7201,1050,1740,1,1,0,""
639395,DATA,119.5,0.0,15338,14581,7801,1050,1740,1,1,0,""
639722,EVENT,119.0,0.0,14084,14457,10801,1050,1740,1,1,0,"STARTER 1760"
639895,DATA,118.7,-1.8,13537,14043,8395,1050,1745,1,1,0,""
640395,DATA,118.0,-2.1,13819,12911,16800,1050,1756,1,1,0,""
640895,DATA,117.5,-2.1,15151,15181,16198,1050,1760,1,1,0,""
641395,DATA,116.7,-2.1,13553,13792,14399,1050,1760,1,1,0,""
641895,DATA,116.3,-2.1,12881,13032,15598,1050,1760,1,1,0,""
642395,DATA,116.0,0.0,12612,12709,16200,1050,1760,1,1,0,""
642895,DATA,115.5,-2.1,11723,11887,21600,1050,1760,1,1,0,""
643395,DATA,115.3,0.0,12307,12365,19201,1050,1760,1,1,0,""
643895,DATA,115.0,0.0,11894,11948,16199,1050,1760,1,1,0,""
644395,DATA,114.7,0.0,12040,12170,15002,1050,1760,1,1,0,""
644895,DATA,114.7,2.1,11186,11384,16799,1050,1760,1,1,0,""
645395,DATA,114.3,0.0,11197,11204,20398,1050,1760,1,1,0,""
645895,DATA,114.0,0.0,10825,10875,15601,1050,1760,1,1,0,""
646395,DATA,113.7,0.0,11314,11245,15601,1050,1760,1,1,0,""
646821,EVENT,113.5,0.0,11224,11217,14403,1050,1760,1,1,0,"PUMP 1055"
646895,DATA,113.5,0.0,11044,11139,14398,1050,1760,1,1,0,""
647395,DATA,113.3,0.0,11986,11765,19800,1052,1760,1,1,0,""
647895,DATA,113.3,2.1,11421,11471,19200,1054,1760,1,1,0,""
648205,EVENT,112.7,0.0,11245,11381,15599,1055,1760,1,1,1,"VALVE2 ON"
648395,DATA,112.7,0.0,10882,11083,12002,1055,1760,1,1,1,""
648895,DATA,112.5,0.0,10521,10561,18600,1055,1760,1,1,1,""
649395,DATA,112.2,-2.1,10530,10457,13799,1055,1760,1,1,1,""
649895,DATA,112.2,0.0,11891,11482,16201,1055,1760,1,1,1,""
650395,DATA,112.2,0.0,10866,11056,16802,1055,1760,1,1,1,""
650895,DATA,112.0,0.0,11644,11499,16801,1055,1760,1,1,1,""
651395,DATA,112.0,0.0,12189,12315,19201,1055,1760,1,1,1,""
651895,DATA,111.5,-4.2,10952,11147,18601,1055,1760,1,1,1,""
652395,DATA,111.5,-2.1,10333,10500,12600,1055,1760,1,1,1,""
652895,DATA,111.2,-2.1,11442,11052,19198,1055,1760,1,1,1,""
653395,DATA,111.5,0.0,11354,11393,18001,1055,1760,1,1,1,""
653895,DATA,111.2,-2.1,10241,10483,13798,1055,1760,1,1,1,""
654395,DATA,111.2,0.0,9794,9883,10800,1055,1760,1,1,1,""
654486,EVENT,111.2,0.0,9855,9870,14997,1055,1760,1,1,1,"PUMP 1060"
654640,EVENT,111.0,-2.1,9878,9874,11400,1055,1760,1,1,1,"PUMP 1065"
654867,EVENT,111.2,0.0,10384,10158,12001,1056,1760,1,1,1,"PUMP 1070"
654895,DATA,111.2,0.0,10852,10471,17398,1056,1760,1,1,1,""
655276,EVENT,111.2,2.1,11217,11298,16200,1059,1760,1,1,1,"PUMP 1075"
655395,DATA,111.2,0.0,10880,11110,13198,1059,1760,1,1,1,""
655510,EVENT,111.0,-2.1,10810,10975,18599,1060,1760,1,1,1,"PUMP 1080"
655895,DATA,111.0,0.0,10218,10395,14399,1063,1760,1,1,1,""
656395,DATA,111.2,0.0,10031,9999,13800,1073,1760,1,1,1,""
656889,EVENT,111.5,0.0,10001,9976,14399,1080,1760,1,1,0,"VALVE2 OFF"
656902,DATA,111.5,0.0,10001,9976,14399,1080,1760,1,1,0,""
657402,DATA,111.7,0.0,10068,10025,15001,1080,1760,1,1,0,""
657902,DATA,112.5,2.1,10037,10048,13800,1080,1760,1,1,0,""
658402,DATA,112.7,0.0,10086,10082,17400,1080,1760,1,1,0,""
658902,DATA,113.0,0.0,10665,10667,15002,1080,1760,1,1,0,""
659402,DATA,113.5,2.1,9997,10121,12599,1080,1760,1,1,0,""
659902,DATA,113.5,0.0,9848,9883,18598,1080,1760,1,1,0,""
660402,DATA,114.0,2.1,9819,9854,15601,1080,1760,1,1,0,""
660902,DATA,114.7,0.0,9745,9810,15599,1080,1760,1,1,0,""
661208,EVENT,115.0,2.0,10304,10032,18600,1080,1760,1,1,0,"STARTER 1740"
661375,EVENT,115.3,2.1,10525,10254,17997,1080,1755,1,1,0,"STARTER 1720"
661415,DATA,115.3,2.1,10430,10333,10044,1080,1754,1,1,0,""
661536,EVENT,115.7,3.4,10046,10204,2025,1080,1748,1,1,0,"STARTER 1700"
661667,EVENT,116.0,2.1,11603,10833,2000,1080,1742,1,1,0,"STARTER 1680"
661855,EVENT,116.3,0.0,13269,11929,3000,1080,1728,1,1,0,"STARTER 1660"
661935,DATA,116.3,0.0,14463,13070,1481,1080,1723,1,1,0,""
662055,EVENT,116.0,-2.1,15093,13980,2025,1080,1711,1,1,0,"STARTER 1640"
662455,DATA,116.7,3.4,14438,14602,1500,1080,1675,1,1,0,""
662975,DATA,118.0,1.7,11478,11701,1500,1080,1645,1,1,0,""
663475,DATA,118.0,0.0,12500,12699,18001,1080,1640,1,1,0,""
663975,DATA,119.3,2.1,10885,10967,17998,1080,1640,1,1,0,""
664475,DATA,119.5,0.0,10752,10857,19197,1080,1640,1,1,0,""
664975,DATA,119.5,0.0,10192,10401,13800,1080,1640,1,1,0,""
665475,DATA,119.5,2.1,10539,10319,17399,1080,1640,1,1,0,""
665975,DATA,121.0,2.1,10572,10811,14401,1080,1640,1,1,0,""
666475,DATA,121.0,0.0,9844,9941,10801,1080,1640,1,1,0,""
666975,DATA,120.7,0.0,10321,10149,16801,1080,1640,1,1,0,""
667475,DATA,121.5,2.1,10592,10461,15001,1080,1640,1,1,0,""
667975,DATA,122.0,0.0,9835,10066,13200,1080,1640,1,1,0,""
668475,DATA,122.0,0.0,9480,9570,17402,1080,1640,1,1,0,""
668975,DATA,121.7,0.0,9356,9392,21598,1080,1640,1,1,0,""
669475,DATA,123.5,2.1,9892,9836,18599,1080,1640,1,1,0,""
669975,DATA,123.5,-2.1,9673,9756,19199,1080,1640,1,1,0,""
670475,DATA,123.5,0.0,10164,9966,21602,1080,1640,1,1,0,""
670975,DATA,123.2,0.0,13076,12570,18600,1080,1640,1,1,0,""
671475,DATA,123.0,0.0,10520,11137,18001,1080,1640,1,1,0,""
671975,DATA,124.7,2.1,9592,9751,17997,1080,1640,1,1,0,""
672475,DATA,125.0,-2.1,9647,9673,17999,1080,1640,1,1,0,""
672975,DATA,124.7,0.0,10692,10583,17398,1080,1640,1,1,0,""
673475,DATA,124.5,-2.1,10473,10371,16800,1080,1640,1,1,0,""
673975,DATA,124.5,0.0,9503,9728,18000,1080,1640,1,1,0,""
674475,DATA,124.5,0.0,9539,9562,13799,1080,1640,1,1,0,""
674975,DATA,126.0,2.1,9271,9277,12001,1080,1640,1,1,0,""
675475,DATA,126.5,0.0,10111,10036,15602,1080,1640,1,1,0,""
675975,DATA,126.2,-2.1,10096,10145,12600,1080,1640,1,1,0,""
676475,DATA,126.0,0.0,8927,9221,11400,1080,1640,1,1,0,""
676975,DATA,126.0,0.0,11151,10066,12000,1080,1640,1,1,0,""
677292,EVENT,126.0,2.1,12455,12012,10199,1080,1640,1,1,0,"PUMP 1085"
677475,DATA,125.8,-2.1,11714,11925,13801,1080,1640,1,1,0,""
677487,EVENT,125.8,-2.1,11714,11925,13801,1080,1640,1,1,0,"PUMP 1090"
677891,EVENT,125.8,0.0,9648,10151,10799,1082,1640,1,1,0,"PUMP 1095"
677975,DATA,125.8,0.0,9567,9888,11999,1082,1640,1,1,0,""
678475,DATA,125.8,0.0,10122,10107,15602,1086,1640,1,1,0,""
678975,DATA,125.8,0.0,10415,10224,13201,1093,1640,1,1,0,""
679080,EVENT,125.8,0.0,10280,10249,11399,1094,1640,1,1,0,"PUMP 1100"
679475,DATA,127.0,6.2,9146,9351,11401,1095,1640,1,1,0,""
679951,EVENT,128.0,2.1,9221,9307,11400,1098,1640,1,1,0,"PUMP 1105"
679975,DATA,128.0,2.1,9131,9228,10199,1098,1640,1,1,0,""
680475,DATA,127.8,0.0,8814,8717,12599,1100,1640,1,1,0,""
680975,DATA,127.8,0.0,10049,9811,13799,1103,1640,1,1,0,""
681475,DATA,128.8,2.1,11185,11005,13801,1105,1640,1,1,0,""
681975,DATA,129.8,2.1,12125,11412,8999,1105,1640,1,1,0,""
682475,DATA,129.8,2.1,11647,12102,11400,1105,1640,1,1,0,""
682975,DATA,131.3,2.1,11956,11266,10200,1105,1640,1,1,0,""
683475,DATA,131.3,-2.1,12021,12233,14399,1105,1640,1,1,0,""
683975,DATA,131.5,0.0,9647,10123,9000,1105,1640,1,1,0,""
684475,DATA,133.3,2.1,12770,12113,7800,1105,1640,1,1,0,""
684975,DATA,133.0,0.0,10426,11013,16799,1105,1640,1,1,0,""
685475,DATA,134.0,0.0,10002,10068,10201,1105,1640,1,1,0,""
685975,DATA,134.3,0.0,9098,9266,11999,1105,1640,1,1,0,""
686475,DATA,134.3,2.1,9409,9318,12002,1105,1640,1,1,0,""
686975,DATA,135.8,2.1,12725,12006,10800,1105,1640,1,1,0,""
687475,DATA,136.0,2.1,11475,11428,9600,1105,1640,1,1,0,""
687863,EVENT,135.3,-2.1,12864,12755,7204,1105,1640,1,1,0,"PUMP 1110"
687975,DATA,135.3,-2.1,12368,12581,10800,1105,1640,1,1,0,""
688475,DATA,137.0,2.1,12947,12385,7200,1107,1640,1,1,0,""
688596,EVENT,137.0,0.0,13092,12703,9600,1107,1640,1,1,0,"PUMP 1115"
688975,DATA,136.8,-2.1,11022,11683,10801,1108,1640,1,1,0,""
689104,EVENT,136.8,0.0,10361,11088,10198,1109,1640,1,1,0,"PUMP 1120"
689475,DATA,136.5,0.0,12995,12531,12600,1111,1640,1,1,0,""
689975,DATA,137.8,2.1,11050,11481,9000,1116,1640,1,1,0,""
690475,DATA,138.3,2.1,9893,10318,10801,1120,1640,1,1,0,""
690975,DATA,138.3,2.1,12705,12052,9600,1120,1640,1,1,0,""
691475,DATA,139.0,0.0,10148,10829,9600,1120,1640,1,1,0,""
691975,DATA,140.3,0.0,9314,9310,10201,1120,1640,1,1,0,""
692475,DATA,141.0,0.0,12451,11465,8401,1120,1640,1,1,0,""
692975,DATA,141.8,0.0,11090,11605,9000,1120,1640,1,1,0,""
693475,DATA,142.3,2.1,12412,11627,10801,1120,1640,1,1,0,""
693975,DATA,143.0,2.1,10801,11430,10800,1120,1640,1,1,0,""
694475,DATA,144.5,0.0,12895,12799,9601,1120,1640,1,1,0,""
694975,DATA,145.8,6.2,10042,10682,8400,1120,1640,1,1,0,""
695475,DATA,145.8,0.0,12399,11498,8400,1120,1640,1,1,0,""
695975,DATA,146.5,4.2,10724,11390,10200,1120,1640,1,1,0,""
696222,EVENT,146.8,2.1,12361,11848,10802,1120,1640,1,1,1,"VALVE2 ON"
696475,DATA,146.8,-2.1,12864,12755,10801,1120,1640,1,1,1,""
696975,DATA,146.5,2.1,12397,11926,10201,1120,1640,1,1,1,""
697475,DATA,147.5,0.0,12375,12598,10806,1120,1640,1,1,1,""
697975,DATA,147.0,0.0,9886,10433,10204,1120,1640,1,1,1,""
698475,DATA,149.0,2.1,12736,12512,12606,1120,1640,1,1,1,""
698975,DATA,149.5,0.0,12378,11885,8403,1120,1640,1,1,1,""
699475,DATA,150.3,6.2,11663,12172,7804,1120,1640,1,1,1,""
699975,DATA,150.8,0.0,13092,12704,9005,1120,1640,1,1,1,""
700475,DATA,150.5,0.0,9963,10842,10206,1120,1640,1,1,1,""
700975,DATA,151.5,0.0,12689,12477,7805,1120,1640,1,1,1,""
701475,DATA,151.5,-2.1,9391,10220,10805,1120,1640,1,1,1,""
701528,EVENT,151.5,-2.1,8984,9664,7799,1120,1640,1,1,1,"PUMP 1125"
701755,EVENT,151.3,0.0,8960,9138,13803,1120,1640,1,1,1,"PUMP 1130"
701975,DATA,151.5,2.1,8702,8897,8406,1121,1640,1,1,1,""
702475,DATA,153.3,4.2,12505,12096,8406,1125,1640,1,1,1,""
702975,DATA,153.0,0.0,12343,11811,11408,1129,1640,1,1,1,""
703071,EVENT,153.0,0.0,12911,12306,10200,1130,1640,1,1,1,"PUMP 1133"
703475,DATA,153.8,4.2,11941,12288,13209,1131,1640,1,1,1,""
703975,DATA,153.8,0.0,10177,10580,12009,1132,1640,1,1,1,""
704475,DATA,154.5,2.1,10846,10807,11408,1133,1640,1,1,1,""
704975,DATA,155.3,0.0,9856,10086,14408,1133,1640,1,1,1,""
705475,DATA,156.3,2.1,9661,9575,15009,1133,1640,1,1,1,""
705975,DATA,156.5,0.0,10646,10543,12607,1133,1640,1,1,1,""
706475,DATA,156.8,-2.1,9212,9505,9605,1133,1640,1,1,1,""
706975,DATA,157.0,2.1,11277,10223,8405,1133,1640,1,1,1,""
707475,DATA,158.8,4.2,11491,11827,10806,1133,1640,1,1,1,""
707975,DATA,159.0,0.0,8768,9323,10205,1133,1640,1,1,1,""
708269,EVENT,159.0,0.0,8683,8789,7800,1133,1640,1,1,1,"PUMP 1138"
708414,EVENT,159.8,6.0,9812,9172,8405,1133,1640,1,1,1,"PUMP 1143"
708475,DATA,160.5,6.2,9812,9172,8405,1133,1640,1,1,1,""
708634,EVENT,160.8,2.1,12086,10978,5401,1134,1640,1,1,1,"PUMP 1148"
708975,DATA,161.5,2.1,12093,12054,8406,1136,1640,1,1,1,""
709475,DATA,161.8,6.2,12906,12296,8404,1142,1640,1,1,1,""
709975,DATA,162.3,0.0,10799,11547,9606,1148,1640,1,1,1,""
710475,DATA,162.8,2.1,12898,12790,11407,1148,1640,1,1,1,""
710975,DATA,163.5,2.1,10890,10900,6604,1148,1640,1,1,1,""
711475,DATA,164.2,0.0,12255,12389,8405,1148,1640,1,1,1,""
711975,DATA,164.8,0.0,12930,12350,10805,1148,1640,1,1,1,""
712475,DATA,165.5,0.0,10803,11555,6604,1148,1640,1,1,1,""
712691,EVENT,165.8,2.1,12397,11927,9002,1148,1640,1,1,1,"PUMP 1153"
712901,EVENT,166.5,2.1,13092,12704,10096,1148,1640,1,1,1,"PUMP 1158"
712975,DATA,166.5,2.1,12875,12781,5402,1148,1640,1,1,1,""
713086,EVENT,166.8,2.1,12376,12599,8400,1148,1640,1,1,1,"PUMP 1163"
713475,DATA,167.0,2.1,12418,11947,11407,1151,1640,1,1,1,""
713975,DATA,169.3,4.2,11670,12186,10207,1158,1640,1,1,1,""
714475,DATA,170.3,4.2,9575,9892,9006,1163,1640,1,1,1,""
714975,DATA,171.5,2.1,12748,12071,10805,1163,1640,1,1,1,""
715475,DATA,172.8,0.0,10377,11022,10805,1163,1640,1,1,1,""
715975,DATA,174.0,4.2,12563,11734,10806,1163,1640,1,1,1,""
716041,EVENT,174.0,0.0,12828,12226,8399,1163,1640,1,1,0,"VALVE2 OFF"
716475,DATA,174.8,4.2,10748,11440,10903,1163,1640,1,1,0,""
716975,DATA,176.5,2.1,12830,12300,10205,1163,1640,1,1,0,""
717475,DATA,177.0,2.1,11488,11464,14407,1163,1640,1,1,0,""
717975,DATA,177.3,2.1,12370,12586,7805,1163,1640,1,1,0,""
718475,DATA,178.5,0.0,12274,11718,8405,1163,1640,1,1,0,""
718975,DATA,178.5,-2.1,11649,12142,8405,1163,1640,1,1,0,""
719475,DATA,178.5,2.1,13090,12699,4803,1163,1640,1,1,0,""
719975,DATA,179.0,6.2,10022,10868,9006,1163,1640,1,1,0,""
720475,DATA,181.0,2.1,12713,12510,13208,1163,1640,1,1,0,""
720975,DATA,182.5,6.2,9629,10326,11408,1163,1640,1,1,0,""
721475,DATA,182.3,0.0,9527,9451,13807,1163,1640,1,1,0,""
721975,DATA,182.5,0.0,9452,9405,14408,1163,1640,1,1,0,""
722475,DATA,182.8,2.1,9180,9228,15009,1163,1640,1,1,0,""
722975,DATA,182.8,2.1,9173,9241,10206,1163,1640,1,1,0,""
723475,DATA,183.0,-2.1,9046,8995,10207,1163,1640,1,1,0,""
723975,DATA,183.3,2.1,8839,8858,16810,1163,1640,1,1,0,""
724475,DATA,183.5,0.0,9221,9191,13807,1163,1640,1,1,0,""
724975,DATA,183.5,4.2,8952,8997,12008,1163,1640,1,1,0,""
725475,DATA,184.0,2.1,9101,9096,9005,1163,1640,1,1,0,""
725975,DATA,184.5,4.2,10467,9831,7805,1163,1640,1,1,0,""
726475,DATA,185.0,0.0,12217,12269,11407,1163,1640,1,1,0,""
726975,DATA,185.0,2.1,9339,9834,9606,1163,1640,1,1,0,""
727475,DATA,186.0,0.0,8839,8970,12608,1163,1640,1,1,0,""
727975,DATA,185.8,0.0,9767,9502,11406,1163,1640,1,1,0,""
728475,DATA,187.5,2.1,9282,9540,8405,1163,1640,1,1,0,""
728975,DATA,186.8,-2.1,12663,11934,10806,1163,1640,1,1,0,""
729475,DATA,188.0,0.0,11465,11410,10206,1163,1640,1,1,0,""
729975,DATA,187.5,-2.1,12366,12578,8405,1163,1640,1,1,0,""
730475,DATA,188.0,6.2,10532,10376,9005,1163,1640,1,1,0,""
730975,DATA,190.0,2.1,12206,12287,13810,1163,1640,1,1,0,""
731475,DATA,189.2,-2.1,9709,10249,8404,1163,1640,1,1,0,""
731975,DATA,189.5,2.1,8810,8997,15010,1163,1640,1,1,0,""
732475,DATA,189.2,-2.1,9192,9247,8406,1163,1640,1,1,0,""
732975,DATA,188.8,0.0,12623,12282,12606,1163,1640,1,1,0,""
733475,DATA,189.5,0.0,11159,11480,10206,1163,1640,1,1,0,""
733975,DATA,188.8,-2.1,12194,11491,11407,1163,1640,1,1,0,""
734475,DATA,188.5,0.0,11641,12117,10206,1163,1640,1,1,0,""
734975,DATA,189.0,0.0,9324,9887,11406,1163,1640,1,1,0,""
735475,DATA,188.3,0.0,8257,8480,12607,1163,1640,1,1,0,""
735975,DATA,190.0,2.1,9632,9379,11407,1163,1640,1,1,0,""
736475,DATA,189.8,0.0,8890,9037,10206,1163,1640,1,1,0,""
736975,DATA,188.8,-2.1,8445,8644,12007,1163,1640,1,1,0,""
737475,DATA,188.5,0.0,9815,9041,7804,1163,1640,1,1,0,""
737975,DATA,188.5,-2.1,12106,12063,8404,1163,1640,1,1,0,""
738475,DATA,188.3,0.0,10672,11086,11406,1163,1640,1,1,0,""
738975,DATA,187.5,0.0,8617,9061,11405,1163,1640,1,1,0,""
739475,DATA,187.3,2.1,8959,8900,9605,1163,1640,1,1,0,""
739975,DATA,186.8,-2.1,11427,10377,7804,1163,1640,1,1,0,""
740475,DATA,186.5,0.0,11515,11872,9005,1163,1640,1,1,0,""
740975,DATA,188.5,0.0,13070,12656,9606,1163,1640,1,1,0,""
741475,DATA,188.5,-2.0,10320,11053,10205,1163,1640,1,1,0,""
741975,DATA,187.8,-2.1,8616,8962,9605,1163,1640,1,1,0,""
742475,DATA,187.3,0.0,12442,11602,12607,1163,1640,1,1,0,""
742513,EVENT,187.3,0.0,12442,11602,12607,1163,1640,1,1,0,"PUMP 1168"
742733,EVENT,186.8,-2.1,12067,12015,11400,1163,1640,1,1,0,"PUMP 1173"
742975,DATA,187.0,2.1,11430,11341,10806,1164,1640,1,1,0,""
743449,EVENT,189.5,2.1,12855,12735,8311,1168,1640,1,1,0,"PUMP 1178"
743475,DATA,189.5,2.1,12361,12567,10207,1168,1640,1,1,0,""
743684,EVENT,190.0,2.1,10799,11546,11402,1169,1640,1,1,0,"PUMP 1183"
743975,DATA,189.5,-4.2,9526,9965,10806,1170,1640,1,1,0,""
744475,DATA,188.8,-2.0,12351,11379,9605,1177,1640,1,1,0,""
744975,DATA,187.8,-2.1,10858,11440,9007,1182,1640,1,1,0,""
745475,DATA,188.8,2.1,12558,11779,10206,1183,1640,1,1,0,""
745975,DATA,188.8,-2.1,10745,11439,10807,1183,1640,1,1,0,""
746475,DATA,188.3,-2.1,12867,12762,8404,1183,1640,1,1,0,""
746975,DATA,189.5,4.2,12397,11927,12006,1183,1640,1,1,0,""
747439,EVENT,189.8,0.0,12376,12598,8906,1183,1640,1,1,1,"VALVE2 ON"
747475,DATA,189.8,0.0,12376,12598,8906,1183,1640,1,1,1,""
747975,DATA,189.0,-2.1,12948,12388,7717,1183,1640,1,1,1,""
748475,DATA,189.0,0.0,10805,11561,9500,1183,1640,1,1,1,""
748975,DATA,189.8,2.1,12822,12299,12468,1183,1640,1,1,1,""
749475,DATA,189.0,-2.1,10257,11004,8311,1183,1640,1,1,1,""
749975,DATA,188.3,-2.1,12346,11473,8313,1183,1640,1,1,1,""
750446,EVENT,187.8,-2.0,11147,11570,7720,1183,1640,0,1,1,"IGN OFF"
750475,DATA,187.8,-2.0,11147,11570,7720,1183,1640,0,1,1,""
750975,DATA,189.8,6.2,9503,9807,10687,1183,1640,0,1,1,""
751201,EVENT,190.0,2.1,11645,10717,9599,1183,1640,1,1,1,"IGN ON"
751475,DATA,189.5,0.0,12736,12049,8908,1183,1640,1,1,1,""
751975,DATA,188.8,0.0,11476,11433,11281,1183,1640,1,1,1,""
752475,DATA,188.3,0.0,12368,12582,9500,1183,1640,1,1,1,""
752975,DATA,187.3,-2.1,12947,12385,4750,1183,1640,1,1,1,""
753475,DATA,187.0,0.0,10805,11561,3563,1183,1640,1,1,1,""
753975,DATA,186.8,0.0,12876,12782,5937,1183,1640,1,1,1,""
754475,DATA,186.5,-2.1,12398,11930,7719,1183,1640,1,1,1,""
754975,DATA,186.0,-2.1,11666,12179,5938,1183,1640,1,1,1,""
755475,DATA,187.0,4.2,13092,12705,7720,1183,1640,1,1,1,""
755620,EVENT,187.0,0.0,12376,12599,6000,1183,1640,1,1,1,"STARTER 1660"
755797,EVENT,187.0,-2.1,10805,11561,3493,1183,1645,1,1,1,"STARTER 1680"
755995,DATA,186.5,-3.8,11576,11568,2726,1183,1654,1,1,1,""
756036,EVENT,186.5,-3.8,11576,11568,2726,1183,1656,1,1,1,"STARTER 1700"
756195,EVENT,186.3,-1.7,13096,12486,1519,1183,1664,1,1,1,"STARTER 1720"
756515,DATA,186.5,0.0,13085,12951,1500,1183,1687,1,1,1,""
757035,DATA,185.8,-3.8,13311,12550,2000,1183,1713,1,1,1,""
757036,EVENT,185.8,-3.8,13311,12550,2000,1183,1713,1,1,1,"STARTER 1740"
757555,DATA,185.5,0.0,14113,14125,1363,1183,1730,1,1,1,""
758055,DATA,184.8,-2.1,11964,11862,12001,1183,1740,1,1,1,""
758355,EVENT,184.5,0.0,15074,14178,9601,1183,1740,1,1,1,"STARTER 1760"
758555,DATA,184.3,-2.1,14882,14739,7796,1183,1746,1,1,1,""
759055,DATA,183.3,-2.1,12831,12741,8400,1183,1756,1,1,1,""
759252,EVENT,183.5,2.1,15211,14217,6601,1183,1759,1,1,1,"STARTER 1780"
759575,DATA,183.8,0.0,15751,15276,4998,1183,1768,1,1,1,""
760075,DATA,182.8,0.0,12187,13182,10200,1183,1778,1,1,1,""
760575,DATA,182.3,-2.1,13446,12138,10201,1183,1780,1,1,1,""
761075,DATA,182.0,0.0,15334,15380,9001,1183,1780,1,1,1,""
761575,DATA,181.5,0.0,11613,12405,10793,1183,1780,1,1,1,""
762075,DATA,180.8,-2.1,10274,10488,11999,1183,1780,1,1,1,""
762575,DATA,180.3,-2.1,11898,11068,9601,1183,1780,1,1,1,""
762960,EVENT,179.8,0.0,16072,15252,13801,1183,1780,1,1,1,"PUMP 1188"
763075,DATA,179.8,0.0,15883,15536,11398,1183,1780,1,1,1,""
763575,DATA,179.0,-4.2,12274,13153,10800,1185,1780,1,1,1,""
763598,EVENT,179.0,-4.2,11396,12362,9598,1185,1780,1,1,1,"PUMP 1193"
763942,EVENT,178.5,0.0,15503,14317,8400,1186,1780,1,1,1,"PUMP 1198"
764075,DATA,178.5,0.0,16126,15131,11999,1186,1780,1,1,1,""
764575,DATA,177.3,-2.1,13858,14621,12600,1191,1780,1,1,1,""
764886,EVENT,177.3,-2.1,12713,13154,12599,1194,1780,1,1,1,"PUMP 1203"
765075,DATA,177.0,-2.1,12227,12590,14400,1194,1780,1,1,1,""
765575,DATA,176.5,0.0,11835,11300,8400,1198,1780,1,1,1,""
766021,EVENT,175.8,-2.1,15853,15508,2400,1202,1780,1,1,1,"PUMP 1208"
766075,DATA,175.8,0.0,15853,15508,2400,1202,1780,1,1,1,""
766575,DATA,175.3,-2.1,11801,12879,36604,1204,1780,1,1,1,""
767075,DATA,175.0,-2.0,9688,10108,7199,1207,1780,1,1,1,""
767575,DATA,174.8,0.0,15963,15082,54602,1208,1780,1,1,1,""
768075,DATA,174.3,0.0,18296,18102,7800,1208,1780,1,1,1,""
768152,EVENT,174.3,0.0,17791,17962,2400,1208,1780,1,1,1,"STARTER 1760"
768327,EVENT,174.3,0.0,16213,16956,19802,1208,1775,1,1,1,"STARTER 1740"
768528,EVENT,174.0,-2.1,15245,16186,3596,1208,1767,1,1,1,"STARTER 1720"
768595,DATA,174.0,-2.1,14203,15294,2247,1208,1765,1,1,1,""
768676,EVENT,173.8,-2.1,13112,14312,1691,1208,1759,1,1,1,"STARTER 1700"
768795,EVENT,174.0,2.1,11985,13265,2000,1208,1751,1,1,1,"STARTER 1680"
768955,EVENT,174.0,0.0,10836,12172,1500,1208,1737,1,1,1,"STARTER 1660"
769115,DATA,174.0,0.0,11972,12082,1500,1208,1722,1,1,1,""
769116,EVENT,174.0,0.0,11972,12082,1500,1208,1722,1,1,1,"STARTER 1640"
769435,EVENT,174.0,0.0,14988,14154,2000,1208,1689,1,1,1,"STARTER 1600"
769515,EVENT,174.0,0.0,15066,14565,1000,1208,1683,1,1,1,"STARTER 1580"
769635,DATA,174.0,0.0,14778,14661,3000,1208,1670,1,1,1,""
769996,EVENT,173.8,0.0,12565,13360,1500,1208,1623,1,1,1,"STARTER 1560"
770155,DATA,173.5,-1.9,11574,12556,1818,1208,1611,1,1,1,""
770675,DATA,173.0,1.9,12639,12575,1500,1208,1575,1,1,1,""
770676,EVENT,173.0,1.9,12639,12575,1500,1208,1575,1,1,1,"STARTER 1540"
771195,DATA,172.8,0.0,11541,11443,3002,1208,1554,1,1,1,""
771715,DATA,173.0,0.0,10340,10862,1500,1208,1531,1,1,1,""
771716,EVENT,173.0,0.0,10340,10862,1500,1208,1531,1,1,1,"STARTER 1500"
772235,DATA,173.3,0.0,10268,10588,2500,1208,1511,1,1,1,""
772236,EVENT,173.3,0.0,10268,10588,2500,1208,1511,1,1,1,"STARTER 1480"
772755,DATA,173.0,1.9,10338,10505,1818,1208,1491,1,1,1,""
773249,EVENT,173.3,0.0,9714,9917,12000,1208,1480,1,1,1,"STARTER 1500"
773255,DATA,173.3,0.0,9714,9917,12000,1208,1480,1,1,1,""
773755,DATA,173.3,2.1,9666,9865,6606,1208,1493,1,1,1,""
774255,DATA,172.8,-2.1,9440,9740,10799,1208,1500,1,1,1,""
774755,DATA,172.5,0.0,8442,8701,7801,1208,1500,1,1,1,""
775255,DATA,172.0,-2.1,9192,9373,5999,1208,1500,1,1,1,""
775755,DATA,172.5,0.0,9724,9873,13201,1208,1500,1,1,1,""
776255,DATA,172.0,-2.1,9460,9821,7200,1208,1500,1,1,1,""
776575,EVENT,172.5,2.1,10137,10024,6000,1208,1500,1,1,0,"VALVE2 OFF"
776755,DATA,172.8,0.0,9370,9695,6721,1208,1500,1,1,0,""
777255,DATA,173.0,1.9,9779,9857,9994,1208,1500,1,1,0,""
777755,DATA,172.8,-2.1,9054,9273,11874,1208,1500,1,1,0,""
778255,DATA,172.3,0.0,9852,9560,7124,1208,1500,1,1,0,""
778755,DATA,172.3,-2.1,9218,9173,12469,1208,1500,1,1,0,""
779255,DATA,171.5,0.0,10744,10285,12469,1208,1500,1,1,0,""
779755,DATA,171.5,-4.2,9874,10136,9498,1208,1500,1,1,0,""
780255,DATA,171.0,0.0,9608,9667,8906,1208,1500,1,1,0,""
780755,DATA,172.0,0.0,9148,9327,10688,1208,1500,1,1,0,""
781255,DATA,171.8,0.0,9892,9712,14248,1208,1500,1,1,0,""
781755,DATA,172.3,4.2,10028,9980,9499,1208,1500,1,1,0,""
782255,DATA,171.5,-4.2,9647,9768,9500,1208,1500,1,1,0,""
782528,EVENT,171.5,0.0,9613,9586,11400,1208,1500,1,1,0,"PUMP 1203"
782680,EVENT,171.5,0.0,9816,9689,10799,1208,1500,1,1,0,"PUMP 1198"
782755,DATA,171.8,2.1,9917,9792,8312,1208,1500,1,1,0,""
782835,EVENT,171.8,2.1,10038,9902,10806,1208,1500,1,1,0,"PUMP 1193"
782984,EVENT,172.0,0.0,10354,10106,9600,1208,1500,1,1,0,"PUMP 1188"
783133,EVENT,172.0,0.0,10455,10352,10201,1207,1500,1,1,0,"PUMP 1183"
783255,DATA,172.0,0.0,10400,10373,9498,1207,1500,1,1,0,""
783273,EVENT,172.0,0.0,10400,10373,9498,1206,1500,1,1,0,"PUMP 1178"
783431,EVENT,171.8,-2.1,10143,10226,9603,1205,1500,1,1,0,"PUMP 1173"
783591,EVENT,171.0,-2.1,9932,10094,7799,1204,1500,1,1,0,"PUMP 1168"
783755,DATA,171.0,0.0,10038,10018,11281,1203,1500,1,1,0,""
783776,EVENT,171.0,0.0,10038,10018,11281,1203,1500,1,1,0,"PUMP 1163"
783903,EVENT,170.8,-2.1,10121,10065,12006,1202,1500,1,1,0,"PUMP 1158"
784069,EVENT,170.8,0.0,9959,9991,14402,1201,1500,1,1,0,"PUMP 1153"
784273,EVENT,171.0,2.1,9896,9946,14843,1199,1500,1,1,0,"PUMP 1148"
784400,EVENT,171.3,2.1,9774,9869,10806,1198,1500,1,1,0,"PUMP 1143"
784567,EVENT,171.0,0.0,9813,9845,9002,1196,1500,1,1,0,"PUMP 1138"
784755,DATA,170.8,-2.1,9757,9810,15436,1193,1500,1,1,0,""
784786,EVENT,170.5,-2.1,9757,9810,15436,1193,1500,1,1,0,"PUMP 1133"
785275,DATA,169.8,-1.7,9681,9495,2272,1179,1500,1,1,0,""
785795,DATA,169.8,0.0,9377,9668,1500,1150,1500,1,1,0,""
785915,EVENT,169.8,0.0,9719,9691,2999,1144,1500,1,1,0,"PUMP 1128"
786069,EVENT,169.3,-4.2,10111,9969,7802,1144,1500,1,1,0,"PUMP 1123"
786295,DATA,169.0,-2.1,9358,9668,9001,1143,1500,1,1,0,""
786331,EVENT,169.0,-2.1,9358,9668,9001,1142,1500,1,1,0,"PUMP 1118"
786631,EVENT,168.5,-2.1,10104,9961,7800,1140,1500,1,1,0,"PUMP 1113"
786795,DATA,167.8,-2.1,9929,9951,10200,1139,1500,1,1,0,""
786846,EVENT,167.8,-2.1,9700,9838,5999,1139,1500,1,1,0,"PUMP 1108"
787295,DATA,167.0,-2.1,8594,8944,7199,1132,1500,1,1,0,""
787795,DATA,166.0,-1.6,9714,9379,1999,1119,1500,1,1,0,""
788295,DATA,165.0,-2.1,10042,9838,7200,1108,1500,1,1,0,""
788795,DATA,164.2,-2.1,9531,9561,12601,1108,1500,1,1,0,""
789295,DATA,163.5,0.0,9570,9588,16799,1108,1500,1,1,0,""
789795,DATA,162.3,-2.1,10231,10167,8399,1108,1500,1,1,0,""
790295,DATA,161.0,-4.2,9469,9706,7801,1108,1500,1,1,0,""
790795,DATA,160.3,0.0,9895,9882,11400,1108,1500,1,1,0,""
791126,EVENT,159.8,-2.1,9566,9703,9602,1108,1500,1,1,0,"PUMP 1113"
791295,DATA,159.5,-2.1,9643,9557,10802,1108,1500,1,1,0,""
791382,EVENT,159.5,0.0,10012,9762,10198,1108,1500,1,1,0,"PUMP 1118"
791563,EVENT,159.3,-2.1,9854,9884,11400,1108,1500,1,1,0,"PUMP 1123"
791795,DATA,158.8,-4.2,8891,9305,6001,1109,1500,1,1,0,""
792295,DATA,157.8,0.0,9257,9504,9600,1115,1500,1,1,0,""
792795,DATA,157.0,-2.1,8594,8643,10199,1122,1500,1,1,0,""
793295,DATA,156.0,0.0,9469,8998,8399,1123,1500,1,1,0,""
793795,DATA,155.3,0.0,8944,9128,7801,1123,1500,1,1,0,""
794022,EVENT,155.0,-2.1,9224,9061,7800,1123,1500,0,1,0,"IGN OFF"
794295,DATA,155.0,0.0,9699,9636,7800,1123,1500,0,1,0,""
794795,DATA,154.3,0.0,9835,9864,7201,1123,1500,0,1,0,""
795275,EVENT,153.3,0.0,9856,9906,9000,1123,1500,1,1,0,"IGN ON"
795295,DATA,153.3,0.0,9856,9906,9000,1123,1500,1,1,0,""
795795,DATA,152.3,-2.1,9859,9913,6601,1123,1500,1,1,0,""
796295,DATA,151.3,0.0,9859,9914,9000,1123,1500,1,1,0,""
796795,DATA,150.5,-2.1,9859,9914,5401,1123,1500,1,1,0,""
797295,DATA,149.8,-2.1,9859,9914,8999,1123,1500,1,1,0,""
797795,DATA,148.8,-4.2,9859,9914,6000,1123,1500,1,1,0,""
798054,EVENT,148.5,-2.1,10039,9842,8400,1123,1500,1,1,0,"PUMP 1128"
798206,EVENT,148.3,0.0,10525,10149,8399,1123,1500,1,1,0,"PUMP 1133"
798295,DATA,148.3,0.0,10759,10423,9600,1123,1500,1,1,0,""
798394,EVENT,147.8,-4.0,10664,10532,12000,1123,1500,1,1,0,"PUMP 1138"
798563,EVENT,147.8,0.0,9650,10071,4200,1124,1500,1,1,0,"PUMP 1143"
798680,EVENT,147.5,-2.1,9910,9999,8998,1124,1500,1,1,0,"PUMP 1148"
798795,DATA,147.3,-2.1,10184,10082,6000,1124,1500,1,1,0,""
798834,EVENT,147.0,-2.1,10184,10082,6000,1125,1500,1,1,0,"PUMP 1153"
798993,EVENT,146.5,-4.2,9927,10042,10205,1126,1500,1,1,0,"PUMP 1158"
799216,EVENT,146.5,0.0,9734,9745,7802,1128,1500,1,1,0,"PUMP 1163"
799295,DATA,146.3,-2.1,10061,9887,5399,1128,1500,1,1,0,""
799815,DATA,145.5,-2.0,10042,9849,5398,1140,1500,1,1,0,""
800335,DATA,144.8,-2.1,9703,9682,1500,1156,1500,1,1,0,""
800835,DATA,144.5,0.0,9702,9680,4800,1163,1500,1,1,0,""
801335,DATA,144.3,0.0,9702,9680,5401,1163,1500,1,1,0,""
801658,EVENT,143.8,-2.1,9354,9662,4800,1163,1500,1,1,0,"PUMP 1168"
801827,EVENT,143.8,2.1,9702,9680,4800,1163,1500,1,1,0,"PUMP 1173"
801835,DATA,143.8,2.1,9702,9680,4800,1163,1500,1,1,0,""
801990,EVENT,143.5,-2.1,10102,9959,6602,1163,1500,1,1,0,"PUMP 1178"
802217,EVENT,143.5,0.0,9354,9662,7201,1164,1500,1,1,0,"PUMP 1183"
802335,DATA,143.3,-2.1,9069,9395,8398,1164,1500,1,1,0,""
802835,DATA,143.0,-2.1,9483,9081,7200,1171,1500,1,1,0,""
803017,EVENT,142.8,-2.1,9586,9464,10801,1174,1500,1,1,0,"PUMP 1188"
803195,EVENT,142.5,-2.1,9573,9439,10201,1175,1500,1,1,0,"PUMP 1193"
803335,DATA,142.8,2.1,9951,9669,7799,1175,1500,1,1,0,""
803360,EVENT,142.8,2.1,10042,9837,7200,1176,1500,1,1,0,"PUMP 1198"
803589,EVENT,142.5,0.0,9326,9602,9001,1177,1500,1,1,0,"PUMP 1203"
803835,DATA,142.5,0.0,10026,9813,9002,1179,1500,1,1,0,""
804267,EVENT,142.3,0.0,10037,9837,7200,1188,1500,1,1,0,"PUMP 1208"
804335,DATA,142.0,-2.1,10037,9837,7200,1188,1500,1,1,0,""
804456,EVENT,142.0,0.0,10103,10022,8408,1189,1500,1,1,0,"PUMP 1213"
804642,EVENT,142.0,0.0,9875,9956,7200,1190,1500,1,1,0,"PUMP 1218"
804835,DATA,142.0,0.0,9155,9459,11402,1191,1500,1,1,0,""
804871,EVENT,142.0,0.0,9228,9355,7716,1192,1500,1,1,0,"PUMP 1223"
805335,DATA,141.8,0.0,9725,9759,3600,1199,1500,1,1,0,""
805835,DATA,141.5,0.0,9842,9879,1500,1213,1500,1,1,0,""
806335,DATA,141.5,0.0,10099,9951,7207,1223,1500,1,1,0,""
806835,DATA,141.5,0.0,9208,9230,9600,1223,1500,1,1,0,""
807335,DATA,141.3,0.0,9508,9463,10800,1223,1500,1,1,0,""
807835,DATA,141.3,0.0,9532,9556,13199,1223,1500,1,1,0,""
808335,DATA,141.0,0.0,9379,9581,7200,1223,1500,1,1,0,""
808835,DATA,140.8,0.0,9750,9872,7801,1223,1500,1,1,0,""
809335,DATA,140.5,2.1,9753,9466,6600,1223,1500,1,1,0,""
809599,EVENT,140.3,0.0,9257,9493,6000,1223,1500,1,1,0,"PUMP 1228"
809835,DATA,140.0,0.0,9993,9754,7801,1223,1500,1,1,0,""
810257,EVENT,140.3,0.0,10032,9827,6000,1225,1500,1,1,0,"PUMP 1233"
810335,DATA,140.3,0.0,10032,9827,6000,1225,1500,1,1,0,""
810477,EVENT,140.3,0.0,9856,9907,9002,1225,1500,1,1,0,"PUMP 1238"
810835,DATA,140.5,0.0,10038,9839,7200,1227,1500,1,1,0,""
811335,DATA,140.0,0.0,10055,9855,6600,1233,1500,1,1,0,""
811827,EVENT,140.3,0.0,10042,9847,7200,1238,1500,1,1,0,"PUMP 1243"
811835,DATA,140.3,0.0,10042,9847,7200,1238,1500,1,1,0,""
812060,EVENT,140.5,2.1,9777,9854,10802,1238,1500,1,1,0,"PUMP 1248"
812278,EVENT,140.3,-2.1,9100,9439,6001,1239,1500,1,1,0,"PUMP 1253"
812335,DATA,140.3,-2.1,9100,9439,6001,1239,1500,1,1,0,""
812835,DATA,140.3,0.0,8392,8517,7800,1243,1500,1,1,0,""
813335,DATA,141.0,0.0,8540,8583,7200,1250,1500,1,1,0,""
813835,DATA,140.5,-2.1,9248,8981,6601,1253,1500,1,1,0,""
814335,DATA,141.3,0.0,9634,9540,10201,1253,1500,1,1,0,""
814417,EVENT,141.3,0.0,9993,9744,10798,1000,1500,0,0,0,"EV:A03_ESTOP"
814835,DATA,141.5,2.1,9750,9697,8400,1000,1500,0,0,0,""
815335,DATA,141.8,0.0,9715,9699,8400,1000,1500,0,0,0,""
815835,DATA,140.5,-2.1,9204,9499,9001,1000,1500,0,0,0,""
816335,DATA,139.0,0.0,9775,9836,13801,1000,1500,0,0,0,""
816835,DATA,137.0,-4.2,8769,9035,10200,1000,1500,0,0,0,""
817335,DATA,134.8,-4.2,10163,10002,7800,1000,1500,0,0,0,""
817835,DATA,133.3,-2.1,9159,9298,6600,1000,1500,0,0,0,""
818335,DATA,131.3,-4.2,9891,9596,9600,1000,1500,0,0,0,""
818835,DATA,130.0,0.0,8696,9025,7201,1000,1500,0,0,0,""
819335,DATA,128.3,-2.1,9708,9351,9000,1000,1500,0,0,0,""
819835,DATA,127.0,-2.1,9216,9063,7801,1000,1500,0,0,0,""
820335,DATA,125.2,-2.1,8948,9228,12000,1000,1500,0,0,0,""
820835,DATA,123.7,-2.1,9298,9554,7801,1000,1500,0,0,0,""
821335,DATA,122.5,-2.1,10322,10204,7200,1000,1500,0,0,0,""
821835,DATA,121.0,-4.2,10181,10075,9600,1000,1500,0,0,0,""
821919,EVENT,121.0,0.0,9914,10003,10800,1000,1500,0,0,0,"STARTER 1480"
822075,EVENT,120.3,-6.2,9571,9723,12002,1000,1495,0,0,0,"STARTER 1460"
822235,EVENT,120.0,-1.8,9340,9550,4196,1000,1488,0,0,0,"STARTER 1440"
822355,DATA,120.0,0.0,9706,9620,1500,1000,1482,0,0,0,""
822396,EVENT,120.0,0.0,9706,9620,1500,1000,1479,0,0,0,"STARTER 1420"
822675,EVENT,119.5,-1.6,9653,9769,1500,1000,1458,0,0,0,"STARTER 1400"
822875,DATA,118.7,-3.1,9765,9767,1500,1000,1444,0,0,0,""
822876,EVENT,118.7,-3.1,9765,9767,1500,1000,1444,0,0,0,"STARTER 1380"
823075,EVENT,118.5,-1.9,9543,9668,3048,1000,1428,0,0,0,"STARTER 1360"
823155,EVENT,118.0,-3.4,9064,9397,2000,1000,1423,0,0,0,"STARTER 1340"
823315,EVENT,118.0,0.0,8384,8941,1500,1000,1407,0,0,0,"STARTER 1320"
823395,DATA,117.7,-2.1,8322,8662,2000,1000,1401,0,0,0,""
823595,EVENT,117.7,0.0,8248,8476,2272,1000,1376,0,0,0,"STARTER 1300"
823915,DATA,116.7,-4.2,6781,7396,1500,1000,1345,0,0,0,""
824435,DATA,115.7,-2.1,6039,6241,1500,1000,1309,0,0,0,""
824935,DATA,114.7,-2.1,5643,5780,19798,1000,1300,0,0,0,""
825435,DATA,113.7,-2.1,6512,6275,12599,1000,1300,0,0,0,""
825935,DATA,112.7,-2.1,7405,7233,11400,1000,1300,0,0,0,""
826435,DATA,112.0,-2.1,8689,8617,13200,1000,1300,0,0,0,""
826935,DATA,111.0,-2.1,7631,7859,12000,1000,1300,0,0,0,""
827435,DATA,110.2,0.0,7481,7446,14398,1000,1300,0,0,0,""
827935,DATA,109.2,-2.1,7888,7910,15000,1000,1300,0,0,0,""
828435,DATA,108.5,0.0,8207,8188,13801,1000,1300,0,0,0,""
828935,DATA,107.5,-2.1,8283,8338,11401,1000,1300,0,0,0,""
829435,DATA,106.8,-2.1,8162,8030,10201,1000,1300,0,0,0,""
829935,DATA,105.8,-2.1,7623,7794,11999,1000,1300,0,0,0,""
830435,DATA,105.0,-2.1,6720,6897,12000,1000,1300,0,0,0,""
830935,DATA,104.0,-2.1,6760,6813,9600,1000,1300,0,0,0,""
831435,DATA,103.2,-2.1,6568,6483,8401,1000,1300,0,0,0,""
831935,DATA,102.5,-2.1,6579,6722,7801,1000,1300,0,0,0,""
832435,DATA,101.5,-2.1,6553,6469,10800,1000,1300,0,0,0,""
832935,DATA,100.8,-4.2,7256,7064,10200,1000,1300,0,0,0,""
833435,DATA,99.8,-2.1,7135,7204,9600,1000,1300,0,0,0,""
833935,DATA,98.7,-4.2,6663,6801,7800,1000,1300,0,0,0,""
834435,DATA,98.3,-2.1,6476,6394,8999,1000,1300,0,0,0,""
834935,DATA,97.5,0.0,6591,6671,8399,1000,1300,0,0,0,""
835435,DATA,96.7,-2.1,6817,6681,10801,1000,1300,0,0,0,""
835935,DATA,96.0,-2.1,7217,7174,9601,1000,1300,0,0,0,""
836435,DATA,95.0,-2.1,7083,6993,14400,1000,1300,0,0,0,""
836935,DATA,94.2,-2.1,8244,8027,14401,1000,1300,0,0,0,""
837435,DATA,93.5,0.0,8660,8576,13199,1000,1300,0,0,0,""
837935,DATA,92.7,-2.1,7514,7748,10198,1000,1300,0,0,0,""
838435,DATA,92.0,-2.1,7864,7836,8999,1000,1300,0,0,0,""
838935,DATA,91.2,-2.1,7842,7963,11401,1000,1300,0,0,0,""
839435,DATA,90.8,0.0,9128,8911,9000,1000,1300,0,0,0,""
839935,DATA,90.0,-2.1,7653,8018,13198,1000,1300,0,0,0,""
840435,DATA,89.2,-2.1,8383,8312,11399,1000,1300,0,0,0,""
840935,DATA,88.7,0.0,7551,7611,10799,1000,1300,0,0,0,""
841435,DATA,88.0,-2.1,6925,7040,10201,1000,1300,0,0,0,""
841935,DATA,87.5,0.0,6970,6994,9600,1000,1300,0,0,0,""
842435,DATA,87.0,0.0,6678,6734,10800,1000,1300,0,0,0,""
842935,DATA,86.0,-2.1,7034,6997,7200,1000,1300,0,0,0,""
843435,DATA,85.5,-2.1,6598,6659,11401,1000,1300,0,0,0,""
843935,DATA,85.0,0.0,6912,6903,7200,1000,1300,0,0,0,""
844435,DATA,84.2,-2.1,6388,6560,7801,1000,1300,0,0,0,""
844935,DATA,84.0,0.0,6816,6728,9000,1000,1300,0,0,0,""
845435,DATA,83.0,-4.2,6570,6661,9599,1000,1300,0,0,0,""
845935,DATA,82.5,-2.1,6981,6832,10200,1000,1300,0,0,0,""
846305,EVENT,82.3,-2.1,7240,7252,9599,1000,1300,0,1,0,"VALVE1 ON"
846435,DATA,82.3,0.0,7075,7173,7200,1000,1300,0,1,0,""
846935,DATA,81.5,0.0,6769,6822,7201,1000,1300,0,1,0,""
847303,EVENT,81.0,-2.1,6693,6699,11401,1000,1300,1,1,0,"IGN ON"
847435,DATA,81.0,0.0,6705,6702,10797,1000,1300,1,1,0,""
847935,DATA,80.0,0.0,7584,7454,7800,1000,1300,1,1,0,""
848435,DATA,79.7,2.1,7166,7150,11999,1000,1300,1,1,0,""
848935,DATA,79.0,0.0,6989,7096,9600,1000,1300,1,1,0,""
849435,DATA,78.5,-2.1,6869,6896,12599,1000,1300,1,1,0,""
849935,DATA,78.0,0.0,6679,6699,10800,1000,1300,1,1,0,""
850079,EVENT,78.0,0.0,7102,6900,11876,1000,1300,1,1,0,"PUMP 1045"
850435,DATA,77.5,-2.1,7111,7107,10800,1006,1300,1,1,0,""
850935,DATA,77.2,0.0,6474,6570,1500,1025,1300,1,1,0,""
851455,DATA,76.7,-2.1,5987,5993,1500,1044,1300,1,1,0,""
851955,DATA,76.2,0.0,6455,6146,13200,1045,1300,1,1,0,""
852455,DATA,76.0,0.0,6980,6952,14401,1045,1300,1,1,0,""
852955,DATA,76.0,0.0,6960,6889,12601,1045,1300,1,1,0,""
853455,DATA,76.2,2.1,7489,7425,12000,1045,1300,1,1,0,""
853955,DATA,76.7,0.0,7172,7304,12599,1045,1300,1,1,0,""
854455,DATA,77.5,0.0,7182,7090,13201,1045,1300,1,1,0,""
854955,DATA,78.3,2.1,6930,7008,15000,1045,1300,1,1,0,""
855455,DATA,79.0,0.0,7205,7090,10200,1045,1300,1,1,0,""
855955,DATA,79.5,0.0,6850,6895,9000,1045,1300,1,1,0,""
856455,DATA,80.2,2.1,6794,6820,11401,1045,1300,1,1,0,""
856955,DATA,80.5,0.0,6682,6689,12000,1045,1300,1,1,0,""
857455,DATA,81.0,2.1,7050,7074,9599,1045,1300,1,1,0,""
857955,DATA,81.0,-2.1,6930,6879,16202,1045,1300,1,1,0,""
858455,DATA,81.5,0.0,7310,7403,13800,1045,1300,1,1,0,""
858955,DATA,82.3,4.2,7116,7135,11401,1045,1300,1,1,0,""
859455,DATA,82.5,0.0,7144,7197,16801,1045,1300,1,1,0,""
859955,DATA,82.7,0.0,7740,7575,10201,1045,1300,1,1,0,""
860455,DATA,83.0,0.0,7800,7717,16199,1045,1300,1,1,0,""
860955,DATA,83.5,2.1,7567,7509,15600,1045,1300,1,1,0,""
861455,DATA,83.7,2.1,8888,8526,19202,1045,1300,1,1,0,""
861955,DATA,84.2,0.0,8537,8758,13799,1045,1300,1,1,0,""
862455,DATA,84.2,0.0,8590,8598,13802,1045,1300,1,1,0,""
862955,DATA,84.8,2.1,10120,9414,21599,1045,1300,1,1,0,""
863455,DATA,85.0,0.0,12254,11879,17999,1045,1300,1,1,0,""
863955,DATA,85.2,0.0,11921,12030,15599,1045,1300,1,1,0,""
864455,DATA,85.5,0.0,8526,9391,15600,1045,1300,1,1,0,""
864955,DATA,86.0,2.1,7334,7647,10799,1045,1300,1,1,0,""
865455,DATA,86.0,0.0,7936,7727,15599,1045,1300,1,1,0,""
865955,DATA,86.2,0.0,7409,7483,11401,1045,1300,1,1,0,""
866455,DATA,86.5,0.0,7906,7961,18000,1045,1300,1,1,0,""
866955,DATA,86.7,0.0,7695,7530,12000,1045,1300,1,1,0,""
867455,DATA,87.0,0.0,8107,7972,15002,1045,1300,1,1,0,""
867955,DATA,87.3,0.0,8328,8523,15000,1045,1300,1,1,0,""
868455,DATA,87.5,0.0,8585,8371,16801,1045,1300,1,1,0,""
868955,DATA,87.7,0.0,7739,7993,17999,1045,1300,1,1,0,""
869455,DATA,87.7,-2.1,7131,7298,12000,1045,1300,1,1,0,""
869955,DATA,88.3,0.0,7258,7141,12601,1045,1300,1,1,0,""
870455,DATA,88.7,2.1,7415,7599,9600,1045,1300,1,1,0,""
870955,DATA,88.7,0.0,6840,6957,12000,1045,1300,1,1,0,""
871455,DATA,89.0,0.0,6709,6751,7800,1045,1300,1,1,0,""
871955,DATA,89.5,2.1,7637,7516,10201,1045,1300,1,1,0,""
872455,DATA,89.5,0.0,7172,7148,12001,1045,1300,1,1,0,""
872955,DATA,90.0,2.1,7418,7526,10801,1045,1300,1,1,0,""
873455,DATA,90.0,0.0,6794,6882,9600,1045,1300,1,1,0,""
873955,DATA,90.2,0.0,7244,7140,12601,1045,1300,1,1,0,""
874455,DATA,90.5,0.0,7932,7972,9001,1045,1300,1,1,0,""
874955,DATA,90.8,0.0,6984,7206,10799,1045,1300,1,1,0,""
875455,DATA,91.0,0.0,6776,6776,12600,1045,1300,1,1,0,""
875955,DATA,91.0,0.0,7052,7020,13198,1045,1300,1,1,0,""
876455,DATA,91.5,2.1,7013,7031,10201,1045,1300,1,1,0,""
876955,DATA,91.7,2.1,7058,7081,12001,1045,1300,1,1,0,""
877455,DATA,91.7,0.0,6843,6868,11401,1045,1300,1,1,0,""
877955,DATA,92.0,0.0,6806,6813,10199,1045,1300,1,1,0,""
878455,DATA,92.3,0.0,7030,6937,9001,1045,1300,1,1,0,""
878955,DATA,92.3,0.0,6836,6894,10201,1045,1300,1,1,0,""
879455,DATA,92.5,0.0,7356,7095,8999,1045,1300,1,1,0,""
879955,DATA,92.7,0.0,7164,7289,9001,1045,1300,1,1,0,""
880455,DATA,92.7,0.0,6941,7042,10200,1045,1300,1,1,0,""
880955,DATA,93.0,0.0,6828,6849,10801,1045,1300,1,1,0,""
881455,DATA,93.3,0.0,6645,6696,9599,1045,1300,1,1,0,""
881955,DATA,93.5,2.1,6618,6612,12000,1045,1300,1,1,0,""
882455,DATA,93.5,0.0,6821,6784,9000,1045,1300,1,1,0,""
882955,DATA,93.7,0.0,6783,6775,7201,1045,1300,1,1,0,""
883455,DATA,94.0,0.0,6962,6912,7801,1045,1300,1,1,0,""
883955,DATA,94.2,2.1,7030,6947,5400,1045,1300,1,1,0,""
884455,DATA,94.2,0.0,6760,6776,6000,1045,1300,1,1,0,""
884819,EVENT,94.5,2.1,5717,6039,7802,1045,1300,1,1,0,"PUMP 1050"
884955,DATA,94.5,0.0,5793,5929,7199,1045,1300,1,1,0,""
885455,DATA,94.5,0.0,6649,6475,7200,1047,1300,1,1,0,""
885955,DATA,94.8,0.0,6954,6883,10801,1049,1300,1,1,0,""
886455,DATA,95.0,0.0,6609,6688,7199,1050,1300,1,1,0,""
886955,DATA,95.5,0.0,6376,6444,5400,1050,1300,1,1,0,""
887455,DATA,95.8,0.0,6817,6686,10801,1050,1300,1,1,0,""
887955,DATA,96.2,0.0,6673,6696,9599,1050,1300,1,1,0,""
888455,DATA,96.5,0.0,6521,6516,7201,1050,1300,1,1,0,""
888955,DATA,96.7,0.0,6554,6572,10800,1050,1300,1,1,0,""
889455,DATA,97.3,0.0,6282,6229,8401,1050,1300,1,1,0,""
889955,DATA,97.5,0.0,6863,6804,6599,1050,1300,1,1,0,""
890455,DATA,98.0,0.0,6184,6398,6600,1050,1300,1,1,0,""
890955,DATA,98.0,-2.1,5835,5874,3600,1050,1300,1,1,0,""
891455,DATA,98.5,0.0,5680,5647,6000,1050,1300,1,1,0,""
891955,DATA,98.7,0.0,5142,5402,7199,1050,1300,1,1,0,""
892455,DATA,99.0,0.0,4881,4976,5400,1050,1300,1,1,0,""
892955,DATA,99.2,0.0,5554,5442,7199,1050,1300,1,1,0,""
893455,DATA,99.5,0.0,5895,5838,8401,1050,1300,1,1,0,""
893955,DATA,100.0,2.1,7061,6679,8999,1050,1300,1,1,0,""
894455,DATA,100.0,0.0,6721,7031,8401,1050,1300,1,1,0,""
894955,DATA,100.2,0.0,6136,6127,7200,1050,1300,1,1,0,""
895455,DATA,100.8,2.1,6054,6064,3000,1050,1300,1,1,0,""
895955,DATA,101.0,2.1,6151,5997,11400,1050,1300,1,1,0,""
896455,DATA,101.0,-2.1,6675,6670,8400,1050,1300,1,1,0,""
896955,DATA,101.2,-2.1,6561,6594,8400,1050,1300,1,1,0,""
897455,DATA,101.8,0.0,6080,6137,9000,1050,1300,1,1,0,""
897955,DATA,101.8,0.0,6972,6763,11399,1050,1300,1,1,0,""
898455,DATA,102.0,0.0,6735,6766,14400,1050,1300,1,1,0,""
898955,DATA,102.2,0.0,6684,6699,7200,1050,1300,1,1,0,""
899455,DATA,102.5,0.0,6646,6617,9000,1050,1300,1,1,0,""
899955,DATA,102.8,0.0,6277,6279,8400,1050,1300,1,1,0,""
900455,DATA,102.8,-2.1,6069,6114,4200,1050,1300,1,1,0,""
900955,DATA,103.0,0.0,6306,6197,1800,1050,1300,1,1,0,""
901180,EVENT,103.0,-2.1,6394,6326,10201,1050,1300,1,1,0,"PUMP 1055"
901455,DATA,103.2,0.0,6403,6480,7800,1050,1300,1,1,0,""
901955,DATA,103.5,2.1,6417,6398,12001,1053,1300,1,1,0,""
902455,DATA,103.5,0.0,5376,5787,8400,1055,1300,1,1,0,""
902955,DATA,104.0,0.0,6225,6090,7199,1055,1300,1,1,0,""
903455,DATA,104.2,0.0,6223,6077,6000,1055,1300,1,1,0,""
903955,DATA,104.8,2.1,6143,6256,6599,1055,1300,1,1,0,""
904352,EVENT,105.0,0.0,6323,6217,7804,1055,1300,1,1,0,"PUMP 1060"
904455,DATA,105.2,2.1,6643,6409,8399,1055,1300,1,1,0,""
904955,DATA,105.5,2.1,5874,6021,6601,1057,1300,1,1,0,""
905455,DATA,105.8,0.0,6098,6070,9600,1059,1300,1,1,0,""
905955,DATA,106.0,2.1,6820,6727,8999,1060,1300,1,1,0,""
906455,DATA,106.5,0.0,6768,6827,6600,1060,1300,1,1,0,""
906955,DATA,107.2,4.2,6060,6235,7200,1060,1300,1,1,0,""
907455,DATA,107.5,0.0,6557,6523,5400,1060,1300,1,1,0,""
907513,EVENT,107.5,0.0,6557,6523,5400,1060,1300,1,1,0,"PUMP 1065"
907955,DATA,108.0,0.0,6115,6133,10800,1061,1300,1,1,0,""
908455,DATA,108.5,2.1,6692,6597,5999,1063,1300,1,1,0,""
908955,DATA,108.8,2.1,5989,5988,8401,1065,1300,1,1,0,""
909455,DATA,109.5,2.1,6637,6413,6000,1065,1300,1,1,0,""
909955,DATA,110.0,0.0,7359,7439,5400,1065,1300,1,1,0,""
910455,DATA,110.5,2.1,6893,7032,7800,1065,1300,1,1,0,""
910955,DATA,111.0,0.0,7079,7009,7800,1065,1300,1,1,0,""
911455,DATA,111.2,0.0,6868,6983,6000,1065,1300,1,1,0,""
911577,EVENT,111.2,0.0,6732,6870,6599,1065,1300,1,1,0,"PUMP 1070"
911955,DATA,111.7,0.0,6700,6635,7200,1066,1300,1,1,0,""
912455,DATA,112.2,0.0,6559,6561,9601,1068,1300,1,1,0,""
912955,DATA,112.7,0.0,6991,6885,6601,1070,1300,1,1,0,""
913455,DATA,113.3,0.0,6726,6820,7200,1070,1300,1,1,0,""
913955,DATA,113.7,0.0,6028,6102,4800,1070,1300,1,1,0,""
914455,DATA,114.3,2.1,6933,6831,8999,1070,1300,1,1,0,""
914734,EVENT,114.3,0.0,6916,6888,9001,1070,1300,1,1,0,"PUMP 1075"
914955,DATA,114.5,0.0,7045,7043,8401,1070,1300,1,1,0,""
915455,DATA,115.7,4.2,7076,7135,9600,1072,1300,1,1,0,""
915955,DATA,116.3,0.0,8620,8358,8400,1075,1300,1,1,0,""
916455,DATA,117.0,2.1,7020,7442,7200,1075,1300,1,1,0,""
916955,DATA,117.3,0.0,6971,7044,10800,1075,1300,1,1,0,""
917455,DATA,117.7,2.1,6742,6609,9000,1075,1300,1,1,0,""
917955,DATA,118.5,0.0,7073,7056,8999,1075,1300,1,1,0,""
918455,DATA,119.0,-2.1,6950,7018,9599,1075,1300,1,1,0,""
918955,DATA,119.5,0.0,7423,7419,3000,1075,1300,1,1,0,""
919455,DATA,120.0,2.1,6509,6602,11399,1075,1300,1,1,0,""
919955,DATA,120.5,2.1,6835,6742,15000,1075,1300,1,1,0,""
920455,DATA,120.7,0.0,7727,7489,8999,1075,1300,1,1,0,""
920551,EVENT,121.0,2.1,7821,7639,7199,1075,1300,1,1,0,"PUMP 1080"
920955,DATA,121.3,2.1,7400,7449,10801,1076,1300,1,1,0,""
921455,DATA,121.7,2.1,6941,7106,9600,1078,1300,1,1,0,""
921955,DATA,122.5,2.1,7019,7034,12599,1080,1300,1,1,0,""
922455,DATA,123.7,2.1,6919,6971,9601,1080,1300,1,1,0,""
922955,DATA,125.5,4.2,7027,6915,14398,1080,1300,1,1,0,""
923455,DATA,126.0,0.0,7695,7379,9600,1080,1300,1,1,0,""
923955,DATA,126.8,2.1,7739,7916,9600,1080,1300,1,1,0,""
924455,DATA,127.0,2.1,8203,8058,9601,1080,1300,1,1,0,""
924642,EVENT,127.2,2.1,7965,8016,10797,1080,1300,1,1,0,"PUMP 1085"
924955,DATA,127.2,0.0,6573,6986,9600,1081,1300,1,1,0,""
925455,DATA,127.8,0.0,6654,6678,14400,1083,1300,1,1,0,""
925955,DATA,128.5,2.1,7306,7168,6005,1085,1300,1,1,0,""
926455,DATA,129.0,-2.1,6410,6692,10207,1085,1300,1,1,0,""
926955,DATA,129.8,0.0,7307,7176,9005,1085,1300,1,1,0,""
927455,DATA,130.3,0.0,6891,6926,10205,1085,1300,1,1,0,""
927955,DATA,131.0,2.1,6954,6953,9006,1085,1300,1,1,0,""
928455,DATA,132.0,0.0,7787,7677,9006,1085,1300,1,1,0,""
928955,DATA,132.5,0.0,6729,6962,6604,1085,1300,1,1,0,""
929455,DATA,133.3,2.1,6413,6484,6603,1085,1300,1,1,0,""
929955,DATA,133.5,0.0,6399,6436,11406,1085,1300,1,1,0,""
930195,EVENT,134.0,0.0,7524,7076,13200,1085,1300,1,1,0,"PUMP 1090"
930455,DATA,134.3,2.1,8661,8077,7204,1085,1300,1,1,0,""
930842,EVENT,134.5,0.0,7418,7827,9499,1087,1300,1,1,0,"PUMP 1095"
930955,DATA,134.8,2.1,7124,7511,7804,1087,1300,1,1,0,""
931455,DATA,135.3,0.0,6440,6482,9607,1090,1300,1,1,0,""
931466,EVENT,135.3,0.0,6440,6482,9607,1090,1300,1,1,0,"PUMP 1100"
931955,DATA,136.0,4.2,7019,6820,7805,1092,1300,1,1,0,""
932455,DATA,136.5,2.1,6274,6538,4803,1097,1300,1,1,0,""
932955,DATA,137.3,2.1,5298,5398,7805,1100,1300,1,1,0,""
933455,DATA,137.8,0.0,6796,6562,9007,1100,1300,1,1,0,""
933955,DATA,138.5,0.0,6820,6865,7203,1100,1300,1,1,0,""
934455,DATA,139.8,2.1,6955,6947,10206,1100,1300,1,1,0,""
934955,DATA,140.5,2.1,7418,7313,6003,1100,1300,1,1,0,""
935455,DATA,141.3,2.1,6769,6886,8405,1100,1300,1,1,0,""
935955,DATA,142.0,2.1,5822,6128,7204,1100,1300,1,1,0,""
936455,DATA,142.8,2.1,6605,6424,6003,1100,1300,1,1,0,""
936955,DATA,143.5,2.1,6023,6223,6604,1100,1300,1,1,0,""
937017,EVENT,143.5,0.0,6088,6162,7800,1100,1300,1,1,0,"PUMP 1105"
937455,DATA,144.3,2.1,6012,6057,6604,1101,1300,1,1,0,""
937955,DATA,145.0,0.0,5991,6102,9007,1103,1300,1,1,0,""
938455,DATA,145.8,0.0,6144,6096,8404,1105,1300,1,1,0,""
938586,EVENT,146.0,2.1,5858,5970,7201,1105,1300,1,1,0,"PUMP 1110"
938955,DATA,146.5,2.1,5500,5649,7204,1106,1300,1,1,0,""
939455,DATA,147.3,2.1,5713,5575,6604,1108,1300,1,1,0,""
939955,DATA,148.3,2.1,6400,6314,6003,1110,1300,1,1,0,""
940455,DATA,149.3,2.1,6027,6052,6604,1110,1300,1,1,0,""
940924,EVENT,150.0,0.0,6302,6189,7804,1110,1300,1,1,0,"PUMP 1115"
940955,DATA,150.5,4.2,6302,6189,7804,1110,1300,1,1,0,""
941455,DATA,151.3,2.1,6111,6143,5404,1111,1300,1,1,0,""
941955,DATA,152.3,4.2,6193,6091,7805,1114,1300,1,1,0,""
942455,DATA,153.0,0.0,7500,7342,7805,1115,1300,1,1,0,""
942603,EVENT,153.3,2.1,6886,7096,5400,1115,1300,1,1,0,"PUMP 1120"
942955,DATA,154.0,2.1,6646,6770,7204,1116,1300,1,1,0,""
943455,DATA,155.0,2.1,7228,7251,9606,1118,1300,1,1,0,""
943955,DATA,155.8,2.1,7674,7640,12608,1120,1300,1,1,0,""
944455,DATA,156.3,0.0,7051,7115,10805,1120,1300,1,1,0,""
944955,DATA,157.3,4.2,7553,7571,10806,1120,1300,1,1,0,""
945455,DATA,157.8,0.0,7804,7705,16809,1120,1300,1,1,0,""
945955,DATA,158.3,0.0,10119,9718,11406,1120,1300,1,1,0,""
946128,EVENT,158.8,0.0,9417,9619,11400,1120,1300,1,1,0,"PUMP 1125"
946455,DATA,159.8,2.1,9276,9330,5403,1121,1300,1,1,0,""
946955,DATA,161.0,0.0,7118,7557,7205,1123,1300,1,1,0,""
947455,DATA,161.5,0.0,6687,6782,7805,1125,1300,1,1,0,""
947955,DATA,162.0,0.0,7307,7090,10207,1125,1300,1,1,0,""
948455,DATA,162.5,0.0,8009,7999,8405,1125,1300,1,1,0,""
948573,EVENT,162.5,0.0,7730,7878,7800,1125,1300,1,1,0,"PUMP 1130"
948955,DATA,163.0,0.0,7049,7225,10806,1126,1300,1,1,0,""
949455,DATA,163.5,0.0,6801,6842,9606,1128,1300,1,1,0,""
949955,DATA,164.2,2.1,6708,6740,9006,1130,1300,1,1,0,""
949997,EVENT,164.2,0.0,6708,6740,9006,1130,1300,1,1,0,"PUMP 1135"
950455,DATA,165.0,2.1,7037,6964,9006,1131,1300,1,1,0,""
950955,DATA,165.5,2.1,7630,7633,14410,1134,1300,1,1,0,""
951455,DATA,166.0,0.0,7233,7403,7805,1135,1300,1,1,0,""
951955,DATA,166.8,0.0,7752,7636,3602,1135,1300,1,1,0,""
952050,EVENT,166.8,0.0,7508,7578,9600,1135,1300,1,1,0,"PUMP 1140"
952455,DATA,167.5,0.0,6663,6875,7805,1136,1300,1,1,0,""
952955,DATA,168.3,2.1,7082,6996,7205,1138,1300,1,1,0,""
953455,DATA,169.3,2.1,6882,6932,10206,1140,1300,1,1,0,""
953955,DATA,169.8,0.0,7736,7400,13806,1140,1300,1,1,0,""
954455,DATA,170.5,2.1,7567,7624,25216,1140,1300,1,1,0,""
954955,DATA,171.3,2.1,8937,8765,16208,1140,1300,1,1,0,""
955040,EVENT,171.3,0.0,9118,8924,15599,1140,1300,1,1,0,"PUMP 1145"
955455,DATA,171.8,0.0,9647,9578,20412,1141,1300,1,1,0,""
955955,DATA,172.5,0.0,10829,10749,12008,1143,1300,1,1,0,""
956455,DATA,173.5,2.1,9779,10024,13807,1145,1300,1,1,0,""
956955,DATA,174.3,2.1,8039,8339,12607,1145,1300,1,1,0,""
957455,DATA,174.8,2.1,7540,7761,16210,1145,1300,1,1,0,""
957955,DATA,175.5,2.1,8188,8006,17411,1145,1300,1,1,0,""
957963,EVENT,175.5,2.1,8188,8006,17411,1145,1300,1,1,0,"PUMP 1150"
958455,DATA,176.0,0.0,7723,8008,9005,1146,1300,1,1,0,""
958955,DATA,176.7,0.0,7080,7046,7204,1149,1300,1,1,0,""
959455,DATA,177.5,2.1,6543,6694,7805,1150,1300,1,1,0,""
959955,DATA,178.3,2.1,6132,6171,7205,1150,1300,1,1,0,""
960455,DATA,178.8,2.1,6114,6153,9005,1150,1300,1,1,0,""
960955,DATA,179.5,2.1,6450,6333,7805,1150,1300,1,1,0,""
961455,DATA,179.8,0.0,5897,6133,5402,1150,1300,1,1,0,""
961955,DATA,180.3,2.1,5437,5399,7804,1150,1300,1,1,0,""
962030,EVENT,180.3,0.0,5363,5383,5999,1150,1300,1,1,0,"PUMP 1155"
962455,DATA,180.8,0.0,5910,5693,7204,1151,1300,1,1,0,""
962955,DATA,181.5,0.0,6307,6186,7204,1153,1300,1,1,0,""
963455,DATA,182.3,2.1,6154,6128,5403,1155,1300,1,1,0,""
963955,DATA,182.8,0.0,6033,5915,7204,1155,1300,1,1,0,""
964455,DATA,183.3,0.0,6076,6130,6604,1155,1300,1,1,0,""
964474,EVENT,183.3,0.0,6076,6130,6604,1155,1300,1,1,0,"PUMP 1160"
964955,DATA,184.0,2.1,6410,6390,7805,1156,1300,1,1,0,""
965455,DATA,184.5,0.0,6679,6663,7805,1159,1300,1,1,0,""
965955,DATA,185.0,2.0,6900,6778,10206,1160,1300,1,1,0,""
966455,DATA,185.8,2.1,6770,6796,7204,1160,1300,1,1,0,""
966955,DATA,186.5,2.1,6455,6547,7204,1160,1300,1,1,0,""
967455,DATA,187.0,2.1,6675,6644,6604,1160,1300,1,1,0,""
967955,DATA,187.8,2.1,6684,6656,10805,1160,1300,1,1,0,""
968455,DATA,188.3,2.1,6846,6795,9605,1160,1300,1,1,0,""
968558,EVENT,188.3,0.0,6858,6823,10798,1160,1300,1,1,0,"PUMP 1165"
968955,DATA,188.8,0.0,6789,6798,7204,1161,1300,1,1,0,""
969455,DATA,189.2,0.0,7005,6937,8406,1163,1300,1,1,0,""
969955,DATA,190.0,2.1,7237,7152,10808,1165,1300,1,1,0,""
970323,EVENT,190.3,0.0,7975,7716,7200,1165,1300,1,1,0,"PUMP 1170"
970455,DATA,190.3,0.0,7629,7710,9607,1165,1300,1,1,0,""
970955,DATA,190.8,2.1,6828,6979,8407,1167,1300,1,1,0,""
971455,DATA,191.3,0.0,6851,6834,10206,1169,1300,1,1,0,""
971955,DATA,191.8,0.0,7069,7037,7804,1170,1300,1,1,0,""
972362,EVENT,192.3,0.0,7106,7150,13063,1170,1300,1,1,0,"PUMP 1175"
972455,DATA,192.5,2.1,7170,7159,10804,1170,1300,1,1,0,""
972955,DATA,193.0,0.0,7543,7602,13812,1172,1300,1,1,0,""
973455,DATA,193.8,0.0,6929,7047,9006,1174,1300,1,1,0,""
973955,DATA,194.2,2.1,6790,6815,10806,1175,1300,1,1,0,""
974455,DATA,194.8,0.0,6784,6767,9605,1175,1300,1,1,0,""
974790,EVENT,195.0,0.0,6798,6790,10198,1175,1300,1,1,0,"PUMP 1180"
974955,DATA,195.3,2.0,6801,6804,9006,1175,1300,1,1,0,""
975455,DATA,196.0,0.0,7664,7367,8406,1177,1300,1,1,0,""
975955,DATA,196.5,0.0,7913,7819,11278,1179,1300,1,1,0,""
976455,DATA,197.3,2.1,7630,7504,12468,1180,1300,1,1,0,""
976955,DATA,197.5,0.0,7226,7388,10094,1180,1300,1,1,0,""
977331,EVENT,197.8,0.0,6931,7041,9601,1180,1300,1,1,0,"PUMP 1185"
977455,DATA,198.0,2.1,6865,6962,11280,1180,1300,1,1,0,""
977955,DATA,198.8,2.0,7300,7190,8904,1182,1300,1,1,0,""
978455,DATA,199.3,2.1,7718,7759,10092,1184,1300,1,1,0,""
978955,DATA,199.8,2.1,6987,7110,10093,1185,1300,1,1,0,""
979455,DATA,200.3,2.1,6918,6989,14250,1185,1300,1,1,0,""
979457,EVENT,200.3,2.1,6918,6989,14250,1185,1300,1,1,0,"PUMP 1190"
979955,DATA,200.8,2.1,7650,7366,14250,1186,1300,1,1,0,""
980455,DATA,201.0,0.0,8240,8263,8905,1189,1300,1,1,0,""
980955,DATA,201.2,0.0,7409,7466,13060,1190,1300,1,1,0,""
981455,DATA,202.0,2.1,6926,7025,14250,1190,1300,1,1,0,""
981955,DATA,202.5,0.0,7219,7100,12470,1190,1300,1,1,0,""
982011,EVENT,202.5,0.0,7262,7173,13205,1190,1300,1,1,0,"PUMP 1195"
982455,DATA,202.8,2.1,7584,7354,13654,1191,1300,1,1,0,""
982955,DATA,203.2,0.0,8091,8141,8312,1193,1300,1,1,0,""
983455,DATA,203.8,2.1,8706,8281,13060,1195,1300,1,1,0,""
983955,DATA,204.3,2.0,7934,8287,11876,1195,1300,1,1,0,""
984455,DATA,204.5,0.0,6938,7104,12469,1195,1300,1,1,0,""
984955,DATA,204.8,-2.1,7475,7285,13656,1195,1300,1,1,0,""
985455,DATA,205.0,0.0,7392,7366,13657,1195,1300,1,1,0,""
985880,EVENT,205.5,2.1,7574,7453,15437,1195,1300,1,1,0,"PUMP 1200"
985955,DATA,205.5,0.0,7574,7453,15437,1195,1300,1,1,0,""
986455,DATA,206.0,0.0,7316,7378,8905,1197,1300,1,1,0,""
986955,DATA,206.5,0.0,6856,6944,11280,1199,1300,1,1,0,""
987190,EVENT,206.5,0.0,7126,7010,12599,1200,1300,1,1,0,"PUMP 1204"
987455,DATA,206.8,2.1,7742,7422,17814,1200,1300,1,1,0,""
987955,DATA,206.8,0.0,8567,8701,10093,1202,1300,1,1,0,""
988455,DATA,207.2,0.0,7255,7427,8312,1204,1300,1,1,0,""
988789,EVENT,207.5,2.1,7186,7213,10800,1204,1300,1,1,0,"PUMP 1209"
988955,DATA,207.5,0.0,7059,7143,11874,1204,1300,1,1,0,""
989455,DATA,207.8,0.0,6754,6799,8905,1206,1300,1,1,0,""
989955,DATA,208.0,0.0,7775,7465,13653,1208,1300,1,1,0,""
990259,EVENT,208.3,0.0,8027,7866,18599,1209,1300,1,1,0,"PUMP 1213"
990455,DATA,208.5,2.1,8311,8133,11876,1209,1300,1,1,0,""
990955,DATA,209.0,0.0,8133,8083,10685,1211,1300,1,1,0,""
991369,EVENT,209.0,0.0,8125,8206,10800,1212,1300,1,1,0,"PUMP 1218"
991455,DATA,209.0,0.0,7860,8050,11874,1212,1300,1,1,0,""
991955,DATA,209.5,0.0,7007,7121,13654,1214,1300,1,1,0,""
991965,EVENT,209.5,0.0,7007,7121,13654,1214,1300,1,1,0,"PUMP 1223"
992455,DATA,209.5,0.0,7029,7060,11876,1216,1300,1,1,0,""
992462,EVENT,209.5,0.0,7029,7060,11876,1216,1300,1,1,0,"PUMP 1228"
992955,DATA,209.8,0.0,7478,7312,8906,1219,1300,1,1,0,""
992970,EVENT,209.8,0.0,7478,7312,8906,1219,1300,1,1,0,"PUMP 1233"
993455,DATA,210.3,2.1,6805,6932,10688,1222,1300,1,1,0,""
993955,DATA,210.5,0.0,7732,7509,10092,1229,1300,1,1,0,""
994247,EVENT,210.8,2.1,8072,7928,13800,1232,1300,1,1,0,"PUMP 1238"
994455,DATA,210.8,0.0,7976,8000,9501,1232,1300,1,1,0,""
994756,EVENT,211.0,0.0,7409,7579,12600,1234,1300,1,1,0,"PUMP 1243"
994955,DATA,211.2,0.0,7140,7308,11876,1234,1300,1,1,0,""
995055,EVENT,211.2,0.0,7017,7177,11407,1235,1300,1,1,0,"PUMP 1248"
995395,EVENT,211.5,0.0,7035,7055,9601,1237,1300,1,1,0,"PUMP 1253"
995455,DATA,211.8,2.1,6951,7008,12291,1237,1300,1,1,0,""
995616,EVENT,211.8,0.0,7000,6976,14401,1238,1300,1,1,0,"PUMP 1258"
995955,DATA,212.0,0.0,6882,6921,11394,1241,1300,1,1,0,""
996382,EVENT,212.3,0.0,6812,6852,10200,1248,1300,1,1,0,"PUMP 1263"
996455,DATA,212.3,0.0,6774,6817,12468,1248,1300,1,1,0,""
996513,EVENT,212.3,0.0,6733,6779,19208,1248,1300,1,1,0,"PUMP 1268"
996801,EVENT,212.5,0.0,6731,6723,17399,1250,1300,1,1,0,"PUMP 1273"
996911,EVENT,212.5,0.0,7011,6853,12466,1250,1300,1,1,0,"PUMP 1278"
996955,DATA,212.5,0.0,7011,6853,12466,1250,1300,1,1,0,""
997137,EVENT,213.0,2.1,7130,7039,7201,1252,1300,1,1,0,"PUMP 1283"
997455,DATA,213.0,2.1,7405,7210,13654,1256,1300,1,1,0,""
997975,DATA,213.5,2.1,7357,7467,3500,1269,1300,1,1,0,""
998475,DATA,214.3,2.1,6269,6425,2272,1282,1300,1,1,0,""
998975,DATA,214.8,2.1,5830,5696,13061,1283,1300,1,1,0,""
999475,DATA,215.5,2.1,6647,6519,11280,1283,1300,1,1,0,""
999639,EVENT,215.5,0.0,6855,6718,10803,1283,1300,1,1,0,"PUMP 1288"
999871,EVENT,216.0,2.1,6819,6799,10801,1283,1300,1,1,0,"PUMP 1293"
999975,DATA,216.3,2.1,6774,6788,13062,1283,1300,1,1,0,""
1000095,EVENT,216.5,2.1,6750,6771,16208,1284,1300,1,1,0,"PUMP 1298"
1000475,DATA,217.0,2.1,7132,7069,16029,1286,1300,1,1,0,""
1000813,EVENT,217.5,2.1,8500,7958,16798,1291,1300,1,1,0,"PUMP 1303"
1000934,EVENT,217.5,0.0,9081,8681,14847,1291,1300,1,1,0,"PUMP 1308"
1000975,DATA,217.7,2.1,9081,8681,14847,1291,1300,1,1,0,""
1001048,EVENT,217.7,2.1,9041,8843,17408,1291,1300,1,1,0,"PUMP 1313"
1001238,EVENT,218.0,0.0,9001,8933,19803,1292,1300,1,1,0,"PUMP 1318"
1001475,DATA,218.3,0.0,9737,9397,14249,1294,1300,1,1,0,""
1001975,DATA,219.0,0.0,8072,8620,14247,1305,1300,1,1,0,""
1002066,EVENT,219.0,0.0,7652,8184,14409,1307,1300,1,1,0,"PUMP 1323"
1002202,EVENT,219.3,2.1,7338,7804,16197,1307,1300,1,1,0,"PUMP 1328"
1002329,EVENT,219.5,2.1,7166,7517,15002,1307,1300,1,1,0,"PUMP 1333"
1002448,EVENT,219.5,0.0,7246,7336,16032,1307,1300,1,1,0,"PUMP 1338"
1002475,DATA,219.5,0.0,7246,7336,16032,1307,1300,1,1,0,""
1002570,EVENT,219.7,2.1,7122,7240,11404,1308,1300,1,1,0,"PUMP 1343"
1002753,EVENT,220.0,2.1,6888,7018,10202,1309,1300,1,1,0,"PUMP 1348"
1002975,DATA,220.5,2.1,6780,6864,10093,1311,1300,1,1,0,""
1003495,DATA,221.3,2.1,6708,6749,2588,1327,1300,1,1,0,""
1004015,DATA,222.5,3.8,5705,6060,2726,1345,1300,1,1,0,""
1004515,DATA,223.7,4.2,6171,6025,13799,1348,1300,1,1,0,""
1005015,DATA,225.3,4.2,6710,6678,13800,1348,1300,1,1,0,""
1005085,EVENT,225.8,4.2,6710,6678,13800,1348,1300,1,1,0,"PUMP 1353"
1005220,EVENT,226.0,2.1,6663,6676,10800,1348,1300,1,1,0,"PUMP 1358"
1005407,EVENT,226.5,4.2,6650,6660,16202,1348,1300,1,1,0,"PUMP 1363"
1005515,DATA,227.0,4.2,6650,6655,15598,1348,1300,1,1,0,""
1006015,DATA,228.2,2.1,6925,6779,14399,1353,1300,1,1,0,""
1006073,EVENT,228.8,4.2,6925,6779,14399,1354,1300,1,1,0,"PUMP 1368"
1006189,EVENT,229.0,2.1,7404,7060,15597,1354,1300,1,1,0,"PUMP 1373"
1006393,EVENT,229.8,2.1,8908,8144,17403,1355,1300,1,1,0,"PUMP 1378"
1006515,DATA,230.0,2.1,9544,9091,17402,1355,1300,1,1,0,""
1007015,DATA,231.8,4.0,10314,10056,10201,1364,1300,1,1,0,""
1007515,DATA,232.8,2.1,7992,8623,7200,1374,1300,1,1,0,""
1007836,EVENT,233.8,2.1,6984,7381,13199,1378,1300,1,1,0,"PUMP 1379"
1007960,EVENT,234.0,2.1,6849,7141,11399,1378,1300,1,1,0,"PUMP 1384"
1008015,DATA,234.0,2.1,6938,7050,10794,1378,1300,1,1,0,""
1008188,EVENT,234.2,2.1,7207,7121,9005,1378,1300,1,1,0,"PUMP 1389"
1008515,DATA,235.8,4.2,7477,7309,13062,1379,1300,1,1,0,""
1009015,DATA,237.5,2.1,8848,8769,17216,1384,1300,1,1,0,""
1009210,EVENT,238.7,6.2,8854,8848,10200,1386,1300,1,1,0,"PUMP 1394"
1009344,EVENT,239.0,2.1,8527,8704,11999,1386,1300,1,1,0,"PUMP 1399"
1009463,EVENT,239.5,4.2,8146,8453,12001,1386,1300,1,1,0,"PUMP 1404"
1009515,DATA,239.8,2.1,7760,8141,11873,1386,1300,1,1,0,""
1009662,EVENT,240.3,4.2,7484,7845,10206,1387,1300,1,1,0,"PUMP 1409"
1010015,DATA,241.5,2.0,6880,7051,13656,1390,1300,1,1,0,""
1010363,EVENT,243.0,4.2,7497,7300,13200,1397,1300,1,1,0,"PUMP 1414"
1010477,EVENT,243.0,4.2,7896,7568,10798,1397,1300,1,1,0,"PUMP 1419"
1010515,DATA,243.0,0.0,8065,7792,10687,1397,1300,1,1,0,""
1010594,EVENT,243.0,0.0,8065,7792,10687,1397,1300,1,1,0,"PUMP 1424"
1010735,EVENT,244.0,4.2,7699,7782,13201,1398,1300,1,1,0,"PUMP 1429"
1010944,EVENT,244.0,0.0,7253,7471,12602,1400,1300,1,1,0,"PUMP 1434"
1011015,DATA,244.7,6.2,7050,7281,11279,1400,1300,1,1,0,""
1011515,DATA,246.0,2.1,7320,7290,11874,1411,1300,1,1,0,""
1012035,DATA,247.3,2.1,6527,6657,3181,1427,1300,1,1,0,""
1012115,EVENT,247.8,4.2,6527,6657,3181,1429,1300,1,1,0,"PUMP 1431"
1012227,EVENT,247.8,0.0,5744,6146,12070,1429,1300,1,1,0,"PUMP 1436"
1012357,EVENT,248.3,4.2,5890,6031,10199,1429,1300,1,1,0,"PUMP 1441"
1012469,EVENT,248.7,4.2,5999,6016,10199,1429,1300,1,1,0,"PUMP 1446"
1012535,DATA,248.7,4.2,6199,6099,16200,1429,1300,1,1,0,""
1012603,EVENT,248.7,0.0,6199,6099,16200,1429,1300,1,1,0,"PUMP 1451"
1012724,EVENT,249.0,2.1,6781,6526,11402,1429,1300,1,1,0,"PUMP 1456"
1012863,EVENT,249.0,0.0,7034,6755,7799,1430,1300,1,1,0,"PUMP 1461"
1013035,DATA,249.5,0.0,7462,7186,9002,1431,1300,1,1,0,""
1013087,EVENT,249.5,0.0,7462,7186,9002,1432,1300,1,1,0,"PUMP 1466"
1013535,DATA,250.0,2.1,6958,7096,11401,1439,1300,1,1,0,""
1014055,DATA,249.8,-1.9,6041,6420,1500,1455,1300,1,1,0,""
1014555,DATA,248.3,-4.2,5770,5833,9601,1466,1300,1,1,0,""
1015055,DATA,246.7,-2.1,7444,7034,12599,1466,1300,1,1,0,""
1015555,DATA,245.0,-4.2,7064,7036,19197,1466,1300,1,1,0,""
1015616,EVENT,245.0,0.0,7064,7036,19197,1466,1300,1,1,0,"PUMP 1471"
1015728,EVENT,245.0,0.0,7482,7237,15000,1466,1300,1,1,0,"PUMP 1476"
1015839,EVENT,244.5,-4.2,7926,7660,13201,1466,1300,1,1,0,"PUMP 1481"
1015986,EVENT,244.0,0.0,7911,7773,9599,1466,1300,1,1,0,"PUMP 1486"
1016055,DATA,244.0,0.0,7667,7725,9599,1466,1300,1,1,0,""
1016345,EVENT,243.3,0.0,6955,7194,10200,1469,1300,1,1,0,"PUMP 1491"
1016555,DATA,242.7,-4.2,6725,6891,7802,1470,1300,1,1,0,""
1017055,DATA,241.3,-2.1,6549,6609,10801,1479,1300,1,1,0,""
1017555,DATA,240.0,-2.1,6719,6604,9001,1489,1300,1,1,0,""
1018055,DATA,239.0,-2.1,7178,7033,14989,1491,1300,1,1,0,""
1018555,DATA,238.0,-2.1,7947,7836,7719,1491,1300,1,1,0,""
1019055,DATA,237.3,-2.1,6957,7072,11874,1491,1300,1,1,0,""
1019555,DATA,237.8,2.1,6846,6992,8313,1491,1300,1,1,0,""
1020055,DATA,238.5,2.1,6781,6802,11281,1491,1300,1,1,0,""
1020555,DATA,238.3,0.0,6886,6889,7719,1491,1300,1,1,0,""
1021055,DATA,237.3,-2.1,6592,6591,13063,1491,1300,1,1,0,""
1021555,DATA,236.0,-2.1,6906,6883,11875,1491,1300,1,1,0,""
1022055,DATA,234.8,-4.2,7573,7483,10686,1491,1300,1,1,0,""
1022555,DATA,233.5,-2.1,6550,6708,7125,1491,1300,1,1,0,""
1023055,DATA,232.5,0.0,6376,6385,7718,1491,1300,1,1,0,""
1023261,EVENT,231.5,-6.2,6527,6458,7801,1491,1300,1,1,0,"PUMP 1486"
1023446,EVENT,231.0,-2.1,6957,6778,10802,1491,1300,1,1,0,"PUMP 1481"
1023555,DATA,230.5,-4.0,6892,6829,14841,1491,1300,1,1,0,""
1023624,EVENT,230.5,-4.0,6892,6829,14841,1491,1300,1,1,0,"PUMP 1476"
1023796,EVENT,229.5,-4.2,6826,6856,10801,1490,1300,1,1,0,"PUMP 1471"
1024034,EVENT,228.8,-2.1,7001,6905,12001,1489,1300,1,1,0,"PUMP 1466"
1024055,DATA,228.8,-2.1,7037,6964,13613,1489,1300,1,1,0,""
1024214,EVENT,228.2,-4.2,6911,6940,12045,1488,1300,1,1,0,"PUMP 1461"
1024399,EVENT,227.5,-2.1,7036,6962,18005,1487,1300,1,1,0,"PUMP 1456"
1024548,EVENT,227.0,-4.2,7454,7183,13198,1486,1300,1,1,0,"PUMP 1451"
1024555,DATA,227.0,-4.2,7921,7515,15218,1486,1300,1,1,0,""
1024670,EVENT,227.0,0.0,8533,7973,12665,1485,1300,1,1,0,"PUMP 1446"
1024913,EVENT,225.8,-4.2,9033,8672,10800,1482,1300,1,1,0,"PUMP 1441"
1025055,DATA,225.5,-2.1,8494,8649,13193,1481,1300,1,1,0,""
1025375,EVENT,224.3,-6.2,7179,7625,10200,1473,1300,1,1,0,"PUMP 1436"
1025499,EVENT,224.0,-2.1,7122,7398,16798,1472,1300,1,1,0,"PUMP 1431"
1025555,DATA,224.0,-2.1,7326,7366,10688,1472,1300,1,1,0,""
1025629,EVENT,223.7,-2.1,7326,7366,10688,1471,1300,1,1,0,"PUMP 1426"
1025740,EVENT,223.3,-4.2,7363,7364,10805,1470,1300,1,1,0,"PUMP 1421"
1025981,EVENT,222.5,-4.2,6923,7072,9600,1467,1300,1,1,0,"PUMP 1416"
1026055,DATA,222.5,-4.2,6990,7035,12468,1467,1300,1,1,0,""
1026129,EVENT,222.3,-2.1,6990,7035,12468,1466,1300,1,1,0,"PUMP 1411"
1026246,EVENT,222.3,0.0,6915,6981,9005,1465,1300,1,1,0,"PUMP 1406"
1026479,EVENT,222.3,0.0,6785,6778,14401,1461,1300,1,1,0,"PUMP 1401"
1026555,DATA,222.5,2.0,6917,6841,8903,1461,1300,1,1,0,""
1027055,DATA,224.0,2.1,6152,6439,1500,1443,1300,1,1,0,""
1027575,DATA,225.5,0.0,5631,5956,1500,1414,1300,1,1,0,""
1028075,DATA,225.5,0.0,5682,5682,14414,1401,1300,1,1,0,""
1028575,DATA,224.8,-2.1,6802,6600,10800,1401,1300,1,1,0,""
1029075,DATA,224.8,0.0,6489,6548,9000,1401,1300,1,1,0,""
1029575,DATA,224.5,0.0,6640,6629,12001,1401,1300,1,1,0,""
1030075,DATA,224.5,2.1,6918,6838,11998,1401,1300,1,1,0,""
1030575,DATA,224.3,0.0,6734,6792,11401,1401,1300,1,1,0,""
1031075,DATA,224.0,-2.1,6630,6656,12001,1401,1300,1,1,0,""
1031575,DATA,224.0,2.1,6788,6743,10800,1401,1300,1,1,0,""
1032075,DATA,223.7,0.0,6662,6601,12609,1401,1300,1,1,0,""
1032575,DATA,223.5,0.0,6947,7031,12600,1401,1300,1,1,0,""
1033075,DATA,223.3,0.0,6561,6597,12000,1401,1300,1,1,0,""
1033575,DATA,222.8,-2.1,6435,6477,9000,1401,1300,1,1,0,""
1033881,EVENT,222.8,0.0,6451,6446,8400,1401,1300,1,1,0,"PUMP 1396"
1034075,DATA,222.5,-2.1,6474,6457,13202,1401,1300,1,1,0,""
1034086,EVENT,222.5,-2.1,6474,6457,13202,1401,1300,1,1,0,"PUMP 1391"
1034312,EVENT,222.3,-2.1,6445,6452,8402,1400,1300,1,1,0,"PUMP 1386"
1034575,DATA,222.3,0.0,6432,6448,8399,1399,1300,1,1,0,""
1035075,DATA,222.0,2.1,6537,6451,12000,1393,1300,1,1,0,""
1035256,EVENT,221.7,-2.1,6546,6523,10200,1390,1300,1,1,0,"PUMP 1381"
1035483,EVENT,221.5,0.0,6429,6471,9001,1389,1300,1,1,0,"PUMP 1376"
1035575,DATA,221.3,-2.1,6407,6442,9598,1389,1300,1,1,0,""
1036075,DATA,221.3,2.1,6407,6443,10200,1385,1300,1,1,0,""
1036538,EVENT,220.5,-2.1,6999,6724,11401,1379,1300,1,1,0,"PUMP 1371"
1036575,DATA,220.5,-2.1,6999,6724,11401,1379,1300,1,1,0,""
1036763,EVENT,220.5,0.0,7455,7205,13803,1379,1300,1,1,0,"PUMP 1366"
1037075,DATA,220.3,0.0,7170,7205,10801,1378,1300,1,1,0,""
1037575,DATA,219.5,-2.1,6887,7028,10800,1372,1300,1,1,0,""
1038075,DATA,218.8,-2.1,6984,6918,10199,1367,1300,1,1,0,""
1038575,DATA,218.3,-2.1,6727,6870,12599,1366,1300,1,1,0,""
1038613,EVENT,218.3,-2.1,6727,6870,12599,1366,1300,1,1,0,"STARTER 1320"
1038735,EVENT,218.3,0.0,6667,6778,10799,1366,1304,1,1,0,"STARTER 1340"
1038975,EVENT,217.7,-2.1,6285,6506,1518,1366,1315,1,1,0,"STARTER 1360"
1039095,DATA,217.5,-2.1,5769,6175,1481,1366,1321,1,1,0,""
1039615,DATA,216.8,-2.1,5703,5726,1500,1366,1348,1,1,0,""
1040115,DATA,216.3,0.0,7024,6632,3003,1366,1360,1,1,0,""
1040318,EVENT,216.0,-2.1,7409,7113,16202,1366,1360,1,1,0,"STARTER 1380"
1040555,EVENT,216.0,0.0,8221,7796,13196,1366,1367,1,1,0,"STARTER 1400"
1040635,DATA,215.7,-1.8,8540,8131,8393,1366,1369,1,1,0,""
1041155,DATA,214.8,-2.1,8017,8164,1500,1366,1390,1,1,0,""
1041655,DATA,214.3,0.0,7982,7915,9601,1366,1400,1,1,0,""
1042155,DATA,213.3,-2.1,8012,8019,11400,1366,1400,1,1,0,""
1042655,DATA,212.8,0.0,8198,8188,11401,1366,1400,1,1,0,""
1043155,DATA,211.2,-2.1,8772,8597,11399,1366,1400,1,1,0,""
1043655,DATA,209.8,-6.2,8305,8388,10801,1366,1400,1,1,0,""
1044155,DATA,209.0,-2.1,8172,8202,10801,1366,1400,1,1,0,""
1044655,DATA,208.0,-2.1,8172,8180,9594,1366,1400,1,1,0,""
1045036,EVENT,206.8,-4.2,8131,8141,12000,1366,1400,1,1,0,"STARTER 1380"
1045155,DATA,207.0,2.1,8126,8134,9598,1366,1396,1,1,0,""
1045655,DATA,205.8,-2.1,7800,7862,10200,1366,1385,1,1,0,""
1046096,EVENT,204.8,-2.1,7979,7933,12000,1366,1380,1,1,0,"STARTER 1360"
1046155,DATA,204.8,0.0,7988,7958,10799,1366,1378,1,1,0,""
1046655,DATA,203.8,-2.1,7419,7505,9601,1366,1366,1,1,0,""
1047155,DATA,202.8,-2.1,7640,7619,9000,1366,1360,1,1,0,""
1047655,DATA,202.0,-2.1,7612,7621,9001,1366,1360,1,1,0,""
1048074,EVENT,201.2,-2.1,7540,7559,10800,1366,1360,1,1,0,"PUMP 1371"
1048155,DATA,201.2,0.0,7528,7545,10799,1366,1360,1,1,0,""
1048311,EVENT,201.0,-2.1,7517,7533,9000,1366,1360,1,1,0,"PUMP 1376"
1048508,EVENT,200.5,-2.1,7502,7514,10200,1366,1360,1,1,0,"PUMP 1381"
1048655,DATA,200.3,-2.1,7493,7500,9603,1366,1360,1,1,0,""
1049155,DATA,199.3,-2.1,7489,7493,10800,1372,1360,1,1,0,""
1049655,DATA,198.5,0.0,7475,7476,8401,1379,1360,1,1,0,""
1050155,DATA,197.5,-2.1,7460,7458,10201,1381,1360,1,1,0,""
1050655,DATA,197.0,0.0,7688,7567,10199,1381,1360,1,1,0,""
1051155,DATA,196.0,0.0,7574,7611,12001,1381,1360,1,1,0,""
1051655,DATA,195.3,-2.1,8151,7917,10199,1381,1360,1,1,0,""
1052155,DATA,194.5,-4.2,7696,7788,12601,1381,1360,1,1,0,""
1052655,DATA,193.8,-2.1,7542,7580,12600,1381,1360,1,1,0,""
1053155,DATA,192.8,-2.1,7519,7526,10201,1381,1360,1,1,0,""
1053655,DATA,192.3,0.0,7526,7529,12001,1381,1360,1,1,0,""
1054155,DATA,191.5,-2.1,7516,7512,7799,1381,1360,1,1,0,""
1054506,EVENT,190.8,-2.1,7755,7636,11999,1381,1360,1,1,0,"STARTER 1340"
1054675,DATA,190.5,-2.1,7777,7700,9597,1381,1355,1,1,0,""
1055175,DATA,190.0,0.0,6253,6572,11400,1381,1344,1,1,0,""
1055675,DATA,189.2,0.0,6985,6824,9000,1381,1340,1,1,0,""
1056175,DATA,188.3,-2.1,7220,7179,8399,1381,1340,1,1,0,""
1056675,DATA,187.5,-2.1,7501,7370,9601,1381,1340,1,1,0,""
1057026,EVENT,187.0,-2.1,7441,7479,13801,1381,1340,1,1,0,"PUMP 1386"
1057175,DATA,186.8,-2.1,7638,7551,13199,1381,1340,1,1,0,""
1057257,EVENT,186.8,0.0,7663,7601,9001,1381,1340,1,1,0,"PUMP 1391"
1057675,DATA,186.3,0.0,7331,7412,8400,1383,1340,1,1,0,""
1058175,DATA,185.5,0.0,7160,7193,9600,1388,1340,1,1,0,""
1058675,DATA,184.8,0.0,7187,7156,10800,1391,1340,1,1,0,""
1059175,DATA,183.8,-2.1,7356,7251,14998,1391,1340,1,1,0,""
1059675,DATA,183.5,0.0,7837,7821,13200,1391,1340,1,1,0,""
1060175,DATA,182.5,-2.1,7715,7888,12602,1391,1340,1,1,0,""
1060675,DATA,182.3,0.0,7279,7347,11400,1391,1340,1,1,0,""
1061175,DATA,181.5,-2.1,7564,7533,12600,1391,1340,1,1,0,""
1061675,DATA,180.8,-2.1,7232,7291,9000,1391,1340,1,1,0,""
1062175,DATA,180.0,-2.1,7136,7159,9000,1391,1340,1,1,0,""
1062675,DATA,179.3,-2.1,7103,7105,9000,1391,1340,1,1,0,""
1063175,DATA,178.8,0.0,7972,7681,12601,1391,1340,1,1,0,""
1063362,EVENT,178.8,0.0,7727,7754,10800,1000,1000,0,0,0,"EV:A05_ALL_OFF"
1063675,DATA,178.8,10.4,7222,7403,9599,1000,1000,0,0,0,""
1064175,DATA,178.0,-4.2,6306,6526,11399,1000,1000,0,0,0,""
1064675,DATA,177.0,-2.1,5415,5634,6600,1000,1000,0,0,0,""
1065175,DATA,175.5,-2.1,4849,4966,7200,1000,1000,0,0,0,""
1065675,DATA,174.5,-4.2,4641,4729,6599,1000,1000,0,0,0,""
1066175,DATA,173.5,-2.1,4624,4678,6600,1000,1000,0,0,0,""
1066675,DATA,172.8,-2.1,3842,4039,5400,1000,1000,0,0,0,""
1067175,DATA,172.3,0.0,3211,3165,9000,1000,1000,0,0,0,""
1067675,DATA,171.5,-4.2,3659,3801,7200,1000,1000,0,0,0,""
1068175,DATA,171.0,-2.1,3990,3983,6000,1000,1000,0,0,0,""
1068675,DATA,170.5,0.0,3514,3572,5400,1000,1000,0,0,0,""
1069175,DATA,170.0,-2.1,2985,3084,2400,1000,1000,0,0,0,""
1069675,DATA,169.8,0.0,1772,2022,1800,1000,1000,0,0,0,""
1070175,DATA,169.3,-2.1,1242,1323,600,1000,1000,0,0,0,""
1070675,DATA,169.0,0.0,1028,1068,600,1000,1000,0,0,0,""
1070882,EVENT,168.8,0.0,953,991,1200,1000,1000,0,0,0,"STARTER 1200"
1071195,DATA,168.5,-2.1,1082,1020,1500,1000,1080,0,0,0,""
1071715,DATA,167.0,-4.2,1759,1479,1000,1000,1176,0,0,0,""
1071965,EVENT,167.3,0.0,2516,2075,2001,1000,1200,0,0,0,"STARTER 1220"
1072235,DATA,167.0,-1.7,3395,3056,1500,1000,1209,0,0,0,""
1072368,EVENT,167.0,0.0,3243,3140,1500,1000,1215,0,0,0,"STARTER 1260"
1072755,DATA,166.3,-2.1,3302,3345,1500,1000,1237,0,0,0,""
1072756,EVENT,166.3,-2.1,3302,3345,1500,1000,1237,0,0,0,"STARTER 1280"
1072995,EVENT,166.0,0.0,3524,3458,2000,1000,1250,0,0,0,"STARTER 1300"
1073275,DATA,165.3,-2.1,4276,3956,1500,1000,1268,0,0,0,""
1073795,DATA,164.0,-2.1,5303,5103,1500,1000,1293,0,0,0,""
1074295,DATA,162.3,-4.2,5905,5674,9600,1000,1300,0,0,0,""
1074795,DATA,160.5,-4.2,6143,6069,7200,1000,1300,0,0,0,""
1075295,DATA,159.3,-2.1,6506,6455,7199,1000,1300,0,0,0,""
1075795,DATA,158.0,-4.2,6429,6446,6600,1000,1300,0,0,0,""
1076295,DATA,156.5,-2.1,6543,6570,6600,1000,1300,0,0,0,""
1076795,DATA,155.3,-2.1,6445,6464,7800,1000,1300,0,0,0,""
1077295,DATA,153.5,-2.1,6427,6432,6601,1000,1300,0,0,0,""
1077795,DATA,152.3,-2.1,6462,6456,7799,1000,1300,0,0,0,""
1078295,DATA,151.0,-2.1,6579,6554,7799,1000,1300,0,0,0,""
1078795,DATA,149.8,-4.2,6475,6494,6600,1000,1300,0,0,0,""
1079295,DATA,148.5,-2.1,6470,6474,9599,1000,1300,0,0,0,""
1079795,DATA,147.3,-2.1,6475,6469,7801,1000,1300,0,0,0,""
1080295,DATA,146.0,-2.1,6497,6501,7200,1000,1300,0,0,0,""
1080795,DATA,144.5,-2.1,7368,7075,11401,1000,1300,0,0,0,""
1081295,DATA,143.3,-4.2,6841,6847,10199,1000,1300,0,0,0,""
1081795,DATA,142.3,-2.1,6585,6648,7800,1000,1300,0,0,0,""
1082295,DATA,141.3,-2.1,6517,6528,7799,1000,1300,0,0,0,""
1082795,DATA,140.0,-2.1,6700,6700,9601,1000,1300,0,0,0,""
1083295,DATA,139.0,-2.1,6591,6623,8999,1000,1300,0,0,0,""
1083795,DATA,137.5,-2.1,6540,6543,9001,1000,1300,0,0,0,""
1084295,DATA,136.3,-4.2,6750,6724,8399,1000,1300,0,0,0,""
1084795,DATA,135.3,-2.1,6585,6619,10200,1000,1300,0,0,0,""
1085177,EVENT,134.8,0.0,6550,6562,9599,1000,1300,1,0,0,"IGN ON"
1085295,DATA,134.0,-6.2,6526,6542,8401,1000,1300,1,0,0,""
1085795,DATA,132.8,-2.1,6606,6552,11401,1000,1300,1,0,0,""
1086235,EVENT,131.8,-2.1,6792,6779,9600,1000,1300,1,1,0,"VALVE1 ON"
1086295,DATA,131.8,-2.1,6729,6757,10797,1000,1300,1,1,0,""
1086795,DATA,130.5,-2.1,6730,6699,8401,1000,1300,1,1,0,""
1087295,DATA,129.8,0.0,6553,6578,7800,1000,1300,1,1,0,""
1087795,DATA,128.5,-2.1,6457,6479,11401,1000,1300,1,1,0,""
1087821,EVENT,128.5,-2.1,6457,6479,11401,1000,1300,1,1,0,"PUMP 1045"
1088315,DATA,127.8,-2.0,7018,6747,9595,1010,1300,1,1,0,""
1088835,DATA,126.8,0.0,6118,6334,1500,1032,1300,1,1,0,""
1089335,DATA,125.8,0.0,5751,5815,4804,1045,1300,1,1,0,""
1089835,DATA,124.7,-2.1,6114,5996,10200,1045,1300,1,1,0,""
1090335,DATA,124.0,0.0,6447,6389,9000,1045,1300,1,1,0,""
1090835,DATA,122.7,0.0,6483,6463,12600,1045,1300,1,1,0,""
1091335,DATA,121.5,-4.2,6503,6506,7800,1045,1300,1,1,0,""
1091835,DATA,121.0,0.0,6488,6483,9000,1045,1300,1,1,0,""
1092335,DATA,120.5,0.0,6697,6582,11400,1045,1300,1,1,0,""
1092835,DATA,119.7,0.0,6714,6686,9000,1045,1300,1,1,0,""
1093335,DATA,119.5,2.1,6880,6936,13199,1045,1300,1,1,0,""
1093835,DATA,118.3,-2.1,6550,6607,7200,1045,1300,1,1,0,""
1094335,DATA,117.7,-2.1,6842,6758,14401,1045,1300,1,1,0,""
1094835,DATA,117.3,-2.1,6928,7010,10802,1045,1300,1,1,0,""
1095335,DATA,116.7,-2.1,6668,6742,9600,1045,1300,1,1,0,""
1095835,DATA,116.0,-2.1,6513,6543,7801,1045,1300,1,1,0,""
1096243,EVENT,115.5,-2.1,6589,6539,12599,1045,1300,1,1,0,"PUMP 1050"
1096335,DATA,115.5,-2.1,6924,6712,9000,1045,1300,1,1,0,""
1096473,EVENT,115.5,0.0,6997,6926,9001,1045,1300,1,1,0,"PUMP 1055"
1096835,DATA,115.0,0.0,7317,7168,13199,1046,1300,1,1,0,""
1097335,DATA,114.3,0.0,7105,7292,8999,1051,1300,1,1,0,""
1097835,DATA,113.7,-2.1,6650,6749,9001,1055,1300,1,1,0,""
1098335,DATA,113.3,2.1,7905,7536,11399,1055,1300,1,1,0,""
1098608,EVENT,113.0,0.0,7554,7670,11999,1055,1300,1,1,0,"PUMP 1060"
1098835,DATA,112.7,-2.1,7580,7571,12000,1055,1300,1,1,0,""
1099003,EVENT,112.7,0.0,8632,8154,10199,1056,1300,1,1,0,"PUMP 1065"
1099335,DATA,112.2,0.0,9071,8935,10800,1057,1300,1,1,0,""
1099835,DATA,112.0,2.1,8903,8780,13802,1061,1300,1,1,0,""
1100232,EVENT,111.5,-2.1,9270,9276,9600,1064,1300,1,1,0,"PUMP 1068"
1100335,DATA,111.5,0.0,8800,9062,11399,1064,1300,1,1,0,""
1100835,DATA,111.2,0.0,8086,8125,10200,1065,1300,1,1,0,""
1101335,DATA,110.7,-2.1,8765,8628,9001,1067,1300,1,1,0,""
1101835,DATA,110.5,0.0,7771,7788,13201,1068,1300,1,1,0,""
1102335,DATA,110.5,0.0,7978,7942,10200,1068,1300,1,1,0,""
1102835,DATA,110.0,-2.1,6855,7068,11999,1068,1300,1,1,0,""
1103335,DATA,109.7,-2.1,7005,7076,9000,1068,1300,1,1,0,""
1103835,DATA,109.5,-2.1,6641,6691,12599,1068,1300,1,1,0,""
1104335,DATA,109.5,0.0,8551,8091,12000,1068,1300,1,1,0,""
1104835,DATA,109.0,0.0,10620,10142,12599,1068,1300,1,1,0,""
1105268,EVENT,108.8,0.0,9694,9844,11999,1068,1300,1,1,0,"PUMP 1073"
1105335,DATA,108.8,0.0,9694,9844,11999,1068,1300,1,1,0,""
1105835,DATA,108.5,0.0,10193,10069,11401,1070,1300,1,1,0,""
1106335,DATA,108.2,0.0,9613,9670,11400,1072,1300,1,1,0,""
1106835,DATA,107.8,-2.1,9003,9348,11999,1073,1300,1,1,0,""
1107016,EVENT,107.8,0.0,8772,8934,13801,1073,1300,1,1,0,"PUMP 1078"
1107335,DATA,107.5,0.0,8925,8903,12001,1074,1300,1,1,0,""
1107835,DATA,107.5,-2.1,9942,9779,10800,1076,1300,1,1,0,""
1108335,DATA,107.5,2.1,8298,8794,10800,1078,1300,1,1,0,""
1108493,EVENT,107.2,-2.1,8112,8299,12601,1078,1300,1,1,0,"PUMP 1082"
1108835,DATA,107.2,0.0,9256,8882,16798,1079,1300,1,1,0,""
1109335,DATA,107.0,0.0,9566,9455,17400,1080,1300,1,1,0,""
1109835,DATA,106.8,0.0,7787,8302,10799,1082,1300,1,1,0,""
1110335,DATA,106.8,0.0,7931,7942,11400,1082,1300,1,1,0,""
1110835,DATA,106.8,0.0,6959,7192,8400,1082,1300,1,1,0,""
1111133,EVENT,106.8,2.1,7326,7141,14402,1082,1300,1,1,0,"PUMP 1087"
1111335,DATA,106.5,0.0,8605,7996,12003,1082,1300,1,1,0,""
1111835,DATA,106.5,0.0,9856,9426,11401,1084,1300,1,1,0,""
1112335,DATA,106.2,0.0,9814,9908,10800,1086,1300,1,1,0,""
1112835,DATA,106.5,0.0,8242,8383,13200,1087,1300,1,1,0,""
1113335,DATA,106.2,0.0,9663,9600,11401,1087,1300,1,1,0,""
1113835,DATA,106.2,0.0,8496,8796,9601,1087,1300,1,1,0,""
1114335,DATA,106.2,0.0,9251,8887,10200,1087,1300,1,1,0,""
1114835,DATA,106.2,2.1,9744,9434,13200,1087,1300,1,1,0,""
1115335,DATA,106.0,0.0,9063,9326,9600,1087,1300,1,1,0,""
1115835,DATA,105.8,0.0,7103,7461,12001,1088,1300,1,1,0,""
1116335,DATA,105.8,-2.1,6861,7006,8999,1090,1300,1,1,0,""
1116835,DATA,105.5,-2.1,8249,7808,9599,1092,1300,1,1,0,""
1117335,DATA,105.5,0.0,7161,7408,11399,1092,1300,1,1,0,""
1117835,DATA,105.8,0.0,6736,6783,9600,1092,1300,1,1,0,""
1118335,DATA,105.5,0.0,7154,7160,11400,1092,1300,1,1,0,""
1118835,DATA,105.8,2.1,6956,7069,7800,1092,1300,1,1,0,""
1119335,DATA,105.5,0.0,7055,7004,12000,1092,1300,1,1,0,""
1119835,DATA,105.5,0.0,7139,7285,7801,1092,1300,1,1,0,""
1120335,DATA,105.5,2.1,8310,7897,9599,1092,1300,1,1,0,""
1120835,DATA,105.2,-2.1,8560,8442,10800,1092,1300,1,1,0,""
1121335,DATA,105.2,0.0,7457,7578,9601,1092,1300,1,1,0,""
1121835,DATA,105.2,0.0,6794,6955,10801,1092,1300,1,1,0,""
1121973,EVENT,105.2,0.0,7231,7072,9000,1092,1300,0,1,0,"IGN OFF"
1122335,DATA,105.2,0.0,7074,7142,10800,1092,1300,0,1,0,""
1122835,DATA,105.2,0.0,7452,7251,10200,1092,1300,0,1,0,""
1123335,DATA,105.2,0.0,8164,8267,8400,1092,1300,0,1,0,""
1123835,DATA,105.0,-2.1,7283,7515,9000,1092,1300,0,1,0,""
1124335,DATA,105.0,0.0,7835,7761,7799,1092,1300,0,1,0,""
1124835,DATA,104.8,-2.1,6928,7121,9602,1092,1300,0,1,0,""
1125079,EVENT,104.8,-2.1,6943,6965,12602,1092,1300,0,1,0,"PUMP 1097"
1125335,DATA,105.0,2.1,7843,7600,8999,1092,1300,0,1,0,""
1125835,DATA,104.8,2.1,7285,7329,12601,1095,1300,0,1,0,""
1126335,DATA,104.5,-2.1,8093,7679,12001,1097,1300,0,1,0,""
1126835,DATA,104.5,2.1,8246,8418,14399,1097,1300,0,1,0,""
1127335,DATA,104.5,0.0,7766,8020,12000,1097,1300,0,1,0,""
1127835,DATA,104.2,-2.1,6927,7115,9000,1097,1300,0,1,0,""
1128335,DATA,104.0,-2.1,6687,6738,10799,1097,1300,0,1,0,""
1128835,DATA,104.2,2.1,6916,6902,11398,1097,1300,0,1,0,""
1129335,DATA,104.0,0.0,6942,6882,9600,1097,1300,0,1,0,""
1129351,EVENT,104.0,0.0,6942,6882,9600,1097,1300,0,1,0,"PUMP 1102"
1129835,DATA,103.8,-2.1,6907,6964,10199,1098,1300,0,1,0,""
1130335,DATA,103.5,-2.1,7491,7557,11400,1101,1300,0,1,0,""
1130835,DATA,103.5,0.0,7162,7249,10801,1102,1300,0,1,0,""
1131335,DATA,103.5,0.0,6916,6973,9000,1102,1300,0,1,0,""
1131835,DATA,103.2,0.0,7518,7273,7200,1102,1300,0,1,0,""
1132335,DATA,103.2,0.0,6814,6950,9600,1102,1300,0,1,0,""
1132437,EVENT,103.0,-2.1,6724,6848,7799,1102,1300,1,1,0,"IGN ON"
1132835,DATA,102.5,0.0,6781,6710,8999,1102,1300,1,1,0,""
1133335,DATA,102.8,0.0,7006,7121,9601,1102,1300,1,1,0,""
1133835,DATA,103.0,2.1,6674,6703,9600,1102,1300,1,1,0,""
1134184,EVENT,103.0,0.0,6580,6621,8313,1102,1300,0,1,0,"IGN OFF"
1134335,DATA,103.0,0.0,6535,6565,9001,1102,1300,0,1,0,""
1134835,DATA,103.0,-2.1,6654,6580,10199,1102,1300,0,1,0,""
1135335,DATA,103.2,0.0,6736,6776,8400,1102,1300,0,1,0,""
1135487,EVENT,103.0,-2.1,6677,6731,8999,1000,1300,0,0,0,"EV:A03_ESTOP"
1135835,DATA,103.0,0.0,6691,6693,7800,1000,1300,0,0,0,""
1136335,DATA,102.8,0.0,6751,6787,6000,1000,1300,0,0,0,""
1136835,DATA,102.0,-4.2,6572,6606,7200,1000,1300,0,0,0,""
1137335,DATA,101.2,0.0,6840,6787,8400,1000,1300,0,0,0,""
1137835,DATA,100.2,-2.1,6631,6670,10799,1000,1300,0,0,0,""
1138335,DATA,99.2,-2.1,6583,6603,9001,1000,1300,0,0,0,""
1138835,DATA,98.7,0.0,6535,6546,7199,1000,1300,0,0,0,""
1139335,DATA,97.7,-2.1,6533,6537,7199,1000,1300,0,0,0,""
1139835,DATA,97.3,0.0,6510,6515,8400,1000,1300,0,0,0,""
1140335,DATA,96.5,0.0,6683,6695,9000,1000,1300,0,0,0,""
1140835,DATA,96.0,0.0,6555,6579,6601,1000,1300,0,0,0,""
1141335,DATA,95.5,0.0,6684,6703,7200,1000,1300,0,0,0,""
1141835,DATA,94.8,-2.1,6548,6572,10201,1000,1300,0,0,0,""
1142335,DATA,94.2,0.0,6524,6530,7200,1000,1300,0,0,0,""
1142835,DATA,93.5,-2.1,6524,6526,6600,1000,1300,0,0,0,""
1143335,DATA,93.0,-2.1,6520,6524,7200,1000,1300,0,0,0,""
1143835,DATA,92.5,-2.1,6666,6693,9000,1000,1300,0,0,0,""
1144335,DATA,92.0,-2.1,6553,6573,9000,1000,1300,0,0,0,""
1144835,DATA,91.0,-4.2,6548,6557,6600,1000,1300,0,0,0,""
1145335,DATA,90.8,-2.1,6519,6523,9600,1000,1300,0,0,0,""
1145835,DATA,90.2,-2.1,6513,6515,10201,1000,1300,0,0,0,""
1146335,DATA,89.8,0.0,6518,6520,9000,1000,1300,0,0,0,""
1146835,DATA,89.0,-4.2,6486,6494,7200,1000,1300,0,0,0,""
1147335,DATA,88.5,0.0,6502,6501,7200,1000,1300,0,0,0,""
1147835,DATA,88.0,0.0,6500,6499,7200,1000,1300,0,0,0,""
1148335,DATA,87.3,-2.1,6624,6603,7800,1000,1300,0,0,0,""
1148835,DATA,86.7,0.0,6569,6568,9599,1000,1300,0,0,0,""
1149335,DATA,86.2,0.0,6544,6548,7800,1000,1300,0,0,0,""
1149835,DATA,85.8,0.0,7235,6983,8400,1000,1300,0,0,0,""
1150335,DATA,85.0,-2.1,6961,7105,10200,1000,1300,0,0,0,""
1150835,DATA,84.5,-2.1,6611,6678,9599,1000,1300,0,0,0,""
1151335,DATA,84.0,-2.1,7457,7361,9600,1000,1300,0,0,0,""
1151835,DATA,83.5,-2.1,6935,7084,11999,1000,1300,0,0,0,""
1152335,DATA,83.0,-2.1,6595,6657,13200,1000,1300,0,0,0,""
1152835,DATA,82.5,-2.1,6523,6537,7799,1000,1300,0,0,0,""
1153335,DATA,82.3,0.0,6816,6708,13799,1000,1300,0,0,0,""
1153835,DATA,81.5,0.0,7013,6985,15008,1000,1300,0,0,0,""
1154335,DATA,81.2,0.0,6669,6719,12608,1000,1300,0,0,0,""
1154835,DATA,80.5,0.0,6660,6663,8403,1000,1300,0,0,0,""
1155335,DATA,80.2,0.0,6561,6583,9604,1000,1300,0,0,0,""
1155835,DATA,79.5,-2.1,6747,6748,10203,1000,1300,0,0,0,""
1156335,DATA,79.2,0.0,6487,6503,7804,1000,1300,0,0,0,""
1156835,DATA,78.7,0.0,6764,6668,9605,1000,1300,0,0,0,""
1157335,DATA,78.3,0.0,6611,6644,14410,1000,1300,0,0,0,""
1157835,DATA,77.5,-2.1,6606,6581,10205,1000,1300,0,0,0,""
1158335,DATA,77.2,-2.1,6572,6584,9003,1000,1300,0,0,0,""
1158835,DATA,76.7,-2.1,6709,6756,9605,1000,1300,0,0,0,""
1159335,DATA,76.2,-2.1,6748,6752,7202,1000,1300,0,0,0,""
1159835,DATA,75.8,-2.1,6557,6589,7804,1000,1300,0,0,0,""
1160335,DATA,75.5,0.0,7155,7190,8404,1000,1300,0,0,0,""
1160835,DATA,75.0,0.0,6773,6880,9603,1000,1300,0,0,0,""
1161335,DATA,74.7,-2.1,6554,6591,8404,1000,1300,0,0,0,""
1161835,DATA,74.2,-2.1,6944,6780,9004,1000,1300,0,0,0,""
1162335,DATA,73.7,-2.1,6848,6820,8404,1000,1300,0,0,0,""
1162835,DATA,73.5,-2.1,6627,6687,9606,1000,1300,0,0,0,""
1163335,DATA,73.0,-2.1,6568,6578,8404,1000,1300,0,0,0,""
1163835,DATA,72.7,0.0,6643,6612,10204,1000,1300,0,0,0,""
1164335,DATA,72.2,-2.1,6665,6694,9604,1000,1300,0,0,0,""
1164835,DATA,72.0,-2.1,6524,6549,11406,1000,1300,0,0,0,""
1165335,DATA,71.5,-2.1,6514,6519,7803,1000,1300,0,0,0,""
1165835,DATA,71.2,0.0,6626,6657,9005,1000,1300,0,0,0,""
1166335,DATA,70.8,0.0,6524,6544,9606,1000,1300,0,0,0,""
1166835,DATA,70.2,-2.1,6656,6692,8404,1000,1300,0,0,0,""
1167335,DATA,70.0,0.0,7353,7055,11402,1000,1300,0,0,0,""
1167835,DATA,69.7,0.0,6787,6927,9606,1000,1300,0,0,0,""
1168335,DATA,69.2,0.0,6643,6686,9005,1000,1300,0,0,0,""
1168835,DATA,69.0,0.0,6792,6717,9605,1000,1300,0,0,0,""
1169335,DATA,68.5,-2.1,7067,6969,12604,1000,1300,0,0,0,""
1169835,DATA,68.0,0.0,7687,7708,9003,1000,1300,0,0,0,""
1170335,DATA,67.7,-2.1,7815,7821,10204,1000,1300,0,0,0,""
1170835,DATA,67.2,-2.1,7652,7529,13206,1000,1300,0,0,0,""
1171335,DATA,67.2,0.0,7720,7689,12006,1000,1300,0,0,0,""
1171835,DATA,66.7,-2.1,8062,7973,12006,1000,1300,0,0,0,""
1172335,DATA,66.7,0.0,8068,8181,10204,1000,1300,0,0,0,""
1172835,DATA,66.0,-2.1,7905,8125,11403,1000,1300,0,0,0,""
1173335,DATA,65.8,-2.1,7408,7535,9606,1000,1300,0,0,0,""
1173835,DATA,65.5,-2.1,6916,6953,12006,1000,1300,0,0,0,""
1174335,DATA,65.5,0.0,8302,7978,9605,1000,1300,0,0,0,""
1174835,DATA,65.0,0.0,7041,7320,9605,1000,1300,0,0,0,""
1175335,DATA,64.7,0.0,7642,7446,10806,1000,1300,0,0,0,""
1175835,DATA,64.5,0.0,7266,7368,12005,1000,1300,0,0,0,""
1176335,DATA,64.0,-2.1,7083,7268,10205,1000,1300,0,0,0,""
1176835,DATA,63.7,0.0,6864,6914,10207,1000,1300,0,0,0,""
1177335,DATA,63.3,0.0,6599,6651,9005,1000,1300,0,0,0,""
1177835,DATA,63.3,0.0,6638,6647,9004,1000,1300,0,0,0,""
1178335,DATA,63.0,0.0,6746,6654,11405,1000,1300,0,0,0,""
1178835,DATA,62.7,2.1,7012,7110,10805,1000,1300,0,0,0,""
1179335,DATA,62.2,-2.1,7246,7101,10205,1000,1300,0,0,0,""
1179835,DATA,62.0,0.0,6695,6807,10204,1000,1300,0,0,0,""
1180335,DATA,61.7,0.0,6795,6815,10203,1000,1300,0,0,0,""
1180835,DATA,61.5,0.0,6564,6602,10804,1000,1300,0,0,0,""
1181335,DATA,61.2,-2.1,6862,6765,9604,1000,1300,0,0,0,""
1181835,DATA,61.0,0.0,6625,6680,9605,1000,1300,0,0,0,""
1182335,DATA,60.8,-2.1,6539,6558,10204,1000,1300,0,0,0,""
1182835,DATA,60.5,-2.1,6997,6933,12606,1000,1300,0,0,0,""
1183335,DATA,60.0,-4.2,6608,6671,10804,1000,1300,0,0,0,""
1183835,DATA,60.0,-2.1,6895,6794,10206,1000,1300,0,0,0,""
1184335,DATA,59.7,-2.1,6594,6653,11407,1000,1300,0,0,0,""
1184835,DATA,59.7,2.1,6655,6705,7803,1000,1300,0,0,0,""
1185335,DATA,59.2,-2.1,6914,6782,10805,1000,1300,0,0,0,""
1185835,DATA,59.2,0.0,7214,7134,12607,1000,1300,0,0,0,""
1186335,DATA,59.0,0.0,6712,6826,11403,1000,1300,0,0,0,""
1186835,DATA,58.7,0.0,6548,6583,8404,1000,1300,0,0,0,""
1187335,DATA,58.3,0.0,6673,6691,8405,1000,1300,0,0,0,""
1187835,DATA,58.0,0.0,6744,6655,12006,1000,1300,0,0,0,""
1188335,DATA,58.0,0.0,6674,6695,10806,1000,1300,0,0,0,""
1188835,DATA,57.7,-2.1,6560,6585,10205,1000,1300,0,0,0,""
1189335,DATA,57.5,-2.1,6541,6538,11405,1000,1300,0,0,0,""
1189835,DATA,57.2,-2.1,6520,6528,12005,1000,1300,0,0,0,""
1190335,DATA,57.0,0.0,6629,6657,11406,1000,1300,0,0,0,""
1190835,DATA,56.7,0.0,6496,6514,10205,1000,1300,0,0,0,""
1191335,DATA,56.5,-2.1,6818,6781,9604,1000,1300,0,0,0,""
1191835,DATA,56.2,0.0,6651,6640,8404,1000,1300,0,0,0,""
1192335,DATA,56.2,0.0,6630,6636,9006,1000,1300,0,0,0,""
1192835,DATA,56.0,0.0,6867,6712,11406,1000,1300,0,0,0,""
1193335,DATA,55.8,0.0,6731,6786,8404,1000,1300,0,0,0,""
1193835,DATA,55.5,0.0,6717,6749,11405,1000,1300,0,0,0,""
1194335,DATA,55.2,-2.1,6655,6619,13807,1000,1300,0,0,0,""
1194835,DATA,55.2,0.0,6852,6805,10206,1000,1300,0,0,0,""
1195335,DATA,55.0,-2.1,6560,6605,9603,1000,1300,0,0,0,""
1195835,DATA,55.0,0.0,6644,6568,15606,1000,1300,0,0,0,""
1196335,DATA,54.7,0.0,6836,6861,13805,1000,1300,0,0,0,""
1196835,DATA,54.7,0.0,6825,6843,12006,1000,1300,0,0,0,""
1197335,DATA,54.5,0.0,7136,7042,10804,1000,1300,0,0,0,""
1197835,DATA,54.2,0.0,6742,6833,13206,1000,1300,0,0,0,""
1198335,DATA,54.2,0.0,6755,6777,10206,1000,1300,0,0,0,""
1198835,DATA,54.0,0.0,7113,6957,9604,1000,1300,0,0,0,""
1199335,DATA,54.0,2.1,6633,6719,9005,1000,1300,0,0,0,""
1199835,DATA,53.7,0.0,6629,6640,8404,1000,1300,0,0,0,""
1200335,DATA,53.5,-2.1,6485,6516,13207,1000,1300,0,0,0,""
1200835,DATA,53.5,0.0,6510,6496,10803,1000,1300,0,0,0,""
1201335,DATA,53.3,2.1,6530,6532,9005,1000,1300,0,0,0,""
1201835,DATA,53.3,0.0,6517,6524,7203,1000,1300,0,0,0,""
1202335,DATA,53.0,0.0,6629,6590,11405,1000,1300,0,0,0,""
1202835,DATA,52.7,0.0,6860,6856,12003,1000,1300,0,0,0,""
1203335,DATA,52.5,0.0,6784,6807,10686,1000,1300,0,0,0,""
1203835,DATA,52.2,-2.0,6579,6612,8907,1000,1300,0,0,0,""
1204335,DATA,52.2,0.0,6508,6527,10689,1000,1300,0,0,0,""
1204835,DATA,52.0,0.0,6557,6543,10689,1000,1300,0,0,0,""
1205335,DATA,52.0,0.0,6522,6527,9501,1000,1300,0,0,0,""
1205835,DATA,51.7,0.0,6782,6698,10691,1000,1300,0,0,0,""
1206335,DATA,51.7,0.0,6780,6873,11877,1000,1300,0,0,0,""
1206835,DATA,51.5,0.0,6540,6575,11876,1000,1300,0,0,0,""
1207335,DATA,51.2,-2.1,6492,6498,8906,1000,1300,0,0,0,""
1207835,DATA,51.2,2.1,6852,6736,8907,1000,1300,0,0,0,""
1208335,DATA,51.0,0.0,6584,6637,8907,1000,1300,0,0,0,""
1208835,DATA,51.0,0.0,6511,6525,8905,1000,1300,0,0,0,""
1209335,DATA,50.8,0.0,6986,6965,9503,1000,1300,0,0,0,""
1209835,DATA,50.8,0.0,6554,6629,7721,1000,1300,0,0,0,""
1210335,DATA,50.2,-2.1,6489,6499,12470,1000,1300,0,0,0,""
1210835,DATA,50.0,-4.2,6534,6554,10687,1000,1300,0,0,0,""
1211335,DATA,50.2,0.0,6524,6516,11282,1000,1300,0,0,0,""
1211835,DATA,50.0,0.0,7165,7075,10095,1000,1300,0,0,0,""
1212335,DATA,49.7,-2.1,6896,7024,8907,1000,1300,0,0,0,""
1212835,DATA,49.7,-2.0,6521,6590,11283,1000,1300,0,0,0,""
1213335,DATA,49.5,0.0,6458,6466,7719,1000,1300,0,0,0,""
1213835,DATA,49.5,0.0,6529,6509,8315,1000,1300,0,0,0,""
1214335,DATA,49.2,-2.1,6889,6775,11286,1000,1300,0,0,0,""
1214835,DATA,49.5,2.1,6695,6744,8314,1000,1300,0,0,0,""
1215335,DATA,49.2,0.0,6819,6884,11284,1000,1300,0,0,0,""
1215835,DATA,49.2,0.0,6725,6669,8907,1000,1300,0,0,0,""
1216335,DATA,49.0,-2.1,6570,6610,8313,1000,1300,0,0,0,""
1216835,DATA,49.0,0.0,6522,6527,9502,1000,1300,0,0,0,""
1217335,DATA,49.0,0.0,6521,6522,10097,1000,1300,0,0,0,""
1217835,DATA,49.0,2.1,6746,6661,11874,1000,1300,0,0,0,""
1218335,DATA,48.7,2.1,6555,6601,10095,1000,1300,0,0,0,""
1218835,DATA,48.5,-2.0,6904,6828,8316,1000,1300,0,0,0,""
1219335,DATA,48.5,0.0,6566,6629,9502,1000,1300,0,0,0,""
1219835,DATA,48.3,-2.1,6490,6503,8907,1000,1300,0,0,0,""
1220335,DATA,47.7,-2.1,6513,6498,8312,1000,1300,0,0,0,""
1220835,DATA,47.7,-2.1,6566,6577,8315,1000,1300,0,0,0,""
1221335,DATA,47.7,-2.1,6563,6558,10096,1000,1300,0,0,0,""
1221835,DATA,47.5,-2.0,6704,6736,11282,1000,1300,0,0,0,""
1222335,DATA,47.5,-2.1,6565,6599,8313,1000,1300,0,0,0,""
1222835,DATA,47.2,-2.1,6502,6514,8313,1000,1300,0,0,0,""
1223335,DATA,47.5,0.0,6720,6641,9500,1000,1300,0,0,0,""
1223835,DATA,47.5,2.1,6968,6826,10094,1000,1300,0,0,0,""
1224128,EVENT,47.2,0.0,6753,6814,6000,1000,1000,0,0,0,"EV:A05_ALL_OFF"
1224335,DATA,47.5,2.1,6587,6679,5939,1000,1000,0,0,0,""
1224835,DATA,47.5,0.0,5946,6104,5939,1000,1000,0,0,0,""
1225335,DATA,47.5,0.0,5310,5460,5345,1000,1000,0,0,0,""
1225835,DATA,47.5,2.1,4775,4902,4158,1000,1000,0,0,0,""
1226335,DATA,47.2,0.0,4271,4372,4157,1000,1000,0,0,0,""
1226835,DATA,47.2,0.0,3885,3959,3563,1000,1000,0,0,0,""
1227335,DATA,47.2,0.0,3566,3628,3563,1000,1000,0,0,0,""
1227835,DATA,47.2,0.0,3286,3341,2969,1000,1000,0,0,0,""
1228335,DATA,47.2,0.0,3042,3090,2970,1000,1000,0,0,0,""
1228835,DATA,47.2,0.0,2826,2868,2375,1000,1000,0,0,0,""
1229335,DATA,47.2,0.0,2633,2671,2375,1000,1000,0,0,0,""
1229835,DATA,47.0,0.0,2463,2497,2376,1000,1000,0,0,0,""
1230335,DATA,47.0,0.0,2304,2336,1782,1000,1000,0,0,0,""
1230835,DATA,47.0,0.0,2162,2190,1782,1000,1000,0,0,0,""
1231335,DATA,47.0,0.0,2032,2058,1782,1000,1000,0,0,0,""
1231835,DATA,47.0,0.0,1916,1940,1782,1000,1000,0,0,0,""
1232335,DATA,47.0,0.0,1807,1828,1782,1000,1000,0,0,0,""
1232835,DATA,47.0,0.0,1708,1728,1781,1000,1000,0,0,0,""
1233335,DATA,47.0,0.0,1614,1633,1782,1000,1000,0,0,0,""
1233835,DATA,47.0,-2.0,1525,1543,1188,1000,1000,0,0,0,""
1234335,DATA,47.0,0.0,1438,1455,1188,1000,1000,0,0,0,""
1234835,DATA,47.0,0.0,1359,1375,1188,1000,1000,0,0,0,""
1235335,DATA,47.0,0.0,1282,1297,1188,1000,1000,0,0,0,""
1235835,DATA,47.0,0.0,1208,1223,1188,1000,1000,0,0,0,""
1236335,DATA,47.0,0.0,1140,1153,1188,1000,1000,0,0,0,""
1236835,DATA,47.0,0.0,1072,1085,1188,1000,1000,0,0,0,""
1237335,DATA,47.0,0.0,1008,1021,1188,1000,1000,0,0,0,""
1237835,DATA,47.0,0.0,946,958,1188,1000,1000,0,0,0,""
1238335,DATA,47.0,-2.1,887,899,1188,1000,1000,0,0,0,""
1238835,DATA,47.2,2.1,830,841,594,1000,1000,0,0,0,""
1239335,DATA,47.0,-2.1,776,787,1188,1000,1000,0,0,0,""
1239835,DATA,47.0,-2.0,724,734,594,1000,1000,0,0,0,""
1240335,DATA,47.0,0.0,670,680,594,1000,1000,0,0,0,""
1240835,DATA,47.0,0.0,621,631,594,1000,1000,0,0,0,""
1241335,DATA,47.0,0.0,577,586,594,1000,1000,0,0,0,""
1241835,DATA,47.0,0.0,533,541,594,1000,1000,0,0,0,""
1242335,DATA,47.2,2.1,487,496,594,1000,1000,0,0,0,""
1242835,DATA,47.2,0.0, 0, 0, 0,1000,1000,0,0,0,""
1243335,DATA,47.2,0.0, 0, 0, 0,1000,1000,0,0,0,""
1243835,DATA,47.2,0.0, 0, 0,594,1000,1000,0,0,0,""
1244335,DATA,47.2,0.0, 0, 0, 0,1000,1000,0,0,0,""
1244835,DATA,47.2,0.0, 0, 0,594,1000,1000,0,0,0,""
1245335,DATA,47.2,0.0, 0, 0, 0,1000,1000,0,0,0,""
1245835,DATA,47.2,0.0, 0, 0, 0,1000,1000,0,0,0,""
1246335,DATA,47.2,0.0, 0, 0, 0,1000,1000,0,0,0,""
1246835,DATA,47.0,-2.1, 0, 0, 0,1000,1000,0,0,0,""
1247335,DATA,47.2,0.0, 0, 0, 0,1000,1000,0,0,0,""
1247835,DATA,47.2,0.0,179,183, 0,1000,1000,0,0,0,""
1248335,DATA,47.2,0.0, 0, 0, 0,1000,1000,0,0,0,""
1248835,DATA,47.2,0.0, 0, 0, 0,1000,1000,0,0,0,""
1249335,DATA,47.2,0.0, 0, 0, 0,1000,1000,0,0,0,""
1249835,DATA,47.2,0.0, 0, 0, 0,1000,1000,0,0,0,""
1250335,DATA,47.2,0.0, 0, 0, 0,1000,1000,0,0,0,""
1250835,DATA,47.2,0.0, 0, 0, 0,1000,1000,0,0,0,""
1251335,DATA,47.2,0.0, 0, 0, 0,1000,1000,0,0,0,""
1251835,DATA,47.2,2.0, 0, 0, 0,1000,1000,0,0,0,""
1252335,DATA,47.2,0.0, 0, 0, 0,1000,1000,0,0,0,""
1252835,DATA,47.2,0.0, 0, 0, 0,1000,1000,0,0,0,""
1253335,DATA,47.2,0.0, 0, 0, 0,1000,1000,0,0,0,""
1253836,DATA,47.2,0.0, 0, 0, 0,1000,1000,0,0,0,""
1254337,DATA,47.2,0.0, 0, 0, 0,1000,1000,0,0,0,""
1254838,DATA,47.2,0.0, 0, 0, 0,1000,1000,0,0,0,""
1255339,DATA,47.2,0.0, 0, 0, 0,1000,1000,0,0,0,""
1255840,DATA,47.2,0.0, 0, 0, 0,1000,1000,0,0,0,""
1256341,DATA,47.2,0.0, 0, 0, 0,1000,1000,0,0,0,""
1256842,DATA,47.2,2.1, 0, 0, 0,1000,1000,0,0,0,""
1257343,DATA,47.2,0.0, 0, 0, 0,1000,1000,0,0,0,""
1257844,DATA,47.2,2.0, 0, 0, 0,1000,1000,0,0,0,""
1258345,DATA,47.2,0.0, 0, 0, 0,1000,1000,0,0,0,""
1258846,DATA,47.0,0.0, 0, 0, 0,1000,1000,0,0,0,""
1259347,DATA,47.0,0.0, 0, 0, 0,1000,1000,0,0,0,""
1259848,DATA,47.0,0.0, 0, 0, 0,1000,1000,0,0,0,""
1260349,DATA,47.0,0.0, 0, 0, 0,1000,1000,0,0,0,""
1260850,DATA,47.0,0.0, 0, 0, 0,1000,1000,0,0,0,""
1261351,DATA,47.0,0.0, 0, 0, 0,1000,1000,0,0,0,""
1261852,DATA,47.0,0.0, 0, 0, 0,1000,1000,0,0,0,""
1262353,DATA,47.0,0.0, 0, 0, 0,1000,1000,0,0,0,""
1262854,DATA,47.0,0.0, 0, 0, 0,1000,1000,0,0,0,""
1263355,DATA,47.0,0.0, 0, 0, 0,1000,1000,0,0,0,""
1263856,DATA,47.0,0.0, 0, 0, 0,1000,1000,0,0,0,""
1264357,DATA,47.0,0.0, 0, 0, 0,1000,1000,0,0,0,""
1264858,DATA,47.0,0.0, 0, 0, 0,1000,1000,0,0,0,""
1265359,DATA,47.0,0.0, 0, 0, 0,1000,1000,0,0,0,""
1265860,DATA,47.0,0.0, 0, 0, 0,1000,1000,0,0,0,""
1266361,DATA,47.0,0.0, 0, 0, 0,1000,1000,0,0,0,""
1266862,DATA,47.0,0.0, 0, 0, 0,1000,1000,0,0,0,""
1267363,DATA,47.0,0.0, 0, 0, 0,1000,1000,0,0,0,""
1267864,DATA,47.0,0.0, 0, 0, 0,1000,1000,0,0,0,""
1268365,DATA,47.0,0.0, 0, 0, 0,1000,1000,0,0,0,""
1268866,DATA,47.0,0.0, 0, 0, 0,1000,1000,0,0,0,""
1269367,DATA,47.0,0.0, 0, 0, 0,1000,1000,0,0,0,""
1269868,DATA,47.0,0.0, 0, 0, 0,1000,1000,0,0,0,""
1270369,DATA,47.0,0.0, 0, 0, 0,1000,1000,0,0,0,""
1270870,DATA,47.0,2.1, 0, 0, 0,1000,1000,0,0,0,""
1271371,DATA,47.0,2.1, 0, 0, 0,1000,1000,0,0,0,""
1271872,DATA,47.0,0.0, 0, 0, 0,1000,1000,0,0,0,""
1272373,DATA,47.0,0.0, 0, 0, 0,1000,1000,0,0,0,""
1272874,DATA,47.0,0.0, 0, 0, 0,1000,1000,0,0,0,""
1273375,DATA,47.0,2.1, 0, 0, 0,1000,1000,0,0,0,""
1273876,DATA,46.7,-2.1, 0, 0, 0,1000,1000,0,0,0,""
1274377,DATA,46.7,0.0, 0, 0, 0,1000,1000,0,0,0,""
1274878,DATA,46.7,0.0, 0, 0, 0,1000,1000,0,0,0,""
1275379,DATA,46.7,0.0, 0, 0, 0,1000,1000,0,0,0,""
1275880,DATA,46.7,0.0, 0, 0, 0,1000,1000,0,0,0,""
1276381,DATA,46.7,0.0, 0, 0, 0,1000,1000,0,0,0,""
1276882,DATA,46.7,0.0, 0, 0, 0,1000,1000,0,0,0,""
1277383,DATA,46.7,0.0, 0, 0, 0,1000,1000,0,0,0,""
1277884,DATA,46.7,0.0, 0, 0, 0,1000,1000,0,0,0,""
1278385,DATA,46.7,0.0, 0, 0, 0,1000,1000,0,0,0,""
1278886,DATA,46.7,0.0, 0, 0, 0,1000,1000,0,0,0,""
1279387,DATA,46.7,0.0, 0, 0, 0,1000,1000,0,0,0,""
1279888,DATA,46.5,-2.1, 0, 0, 0,1000,1000,0,0,0,""
1280389,DATA,46.5,0.0, 0, 0, 0,1000,1000,0,0,0,""
1280890,DATA,46.5,-2.1, 0, 0, 0,1000,1000,0,0,0,""
1281391,DATA,46.5,0.0, 0, 0, 0,1000,1000,0,0,0,""
1281892,DATA,46.5,0.0, 0, 0, 0,1000,1000,0,0,0,""
1282393,DATA,46.5,0.0, 0, 0, 0,1000,1000,0,0,0,""
1282894,DATA,46.5,0.0, 0, 0, 0,1000,1000,0,0,0,""
1283395,DATA,46.5,0.0, 0, 0, 0,1000,1000,0,0,0,""
1283896,DATA,46.5,0.0, 0, 0, 0,1000,1000,0,0,0,""
1284397,DATA,46.5,0.0, 0, 0, 0,1000,1000,0,0,0,""
1284898,DATA,46.5,0.0, 0, 0, 0,1000,1000,0,0,0,""
1285399,DATA,46.5,0.0, 0, 0, 0,1000,1000,0,0,0,""
1285900,DATA,46.5,0.0, 0, 0, 0,1000,1000,0,0,0,""
1286401,DATA,46.2,-2.1, 0, 0, 0,1000,1000,0,0,0,""
1286902,DATA,46.5,0.0, 0, 0, 0,1000,1000,0,0,0,""
1287403,DATA,46.5,0.0, 0, 0, 0,1000,1000,0,0,0,""
1287904,DATA,46.5,0.0, 0, 0, 0,1000,1000,0,0,0,""
1288405,DATA,46.2,0.0, 0, 0, 0,1000,1000,0,0,0,""
1288906,DATA,46.2,0.0, 0, 0, 0,1000,1000,0,0,0,""
1289407,DATA,46.2,0.0, 0, 0, 0,1000,1000,0,0,0,""
1289908,DATA,46.5,2.1, 0, 0, 0,1000,1000,0,0,0,""
1290409,DATA,46.2,0.0, 0, 0, 0,1000,1000,0,0,0,""
1290910,DATA,46.2,0.0, 0, 0, 0,1000,1000,0,0,0,""
1291411,DATA,46.2,0.0, 0, 0, 0,1000,1000,0,0,0,""
1291912,DATA,46.2,0.0, 0, 0, 0,1000,1000,0,0,0,""
1292413,DATA,46.2,0.0, 0, 0, 0,1000,1000,0,0,0,""
1292914,DATA,46.2,0.0, 0, 0, 0,1000,1000,0,0,0,""
1293415,DATA,46.2,0.0, 0, 0, 0,1000,1000,0,0,0,""
1293916,DATA,46.2,0.0, 0, 0, 0,1000,1000,0,0,0,""
1294417,DATA,46.2,0.0, 0, 0, 0,1000,1000,0,0,0,""
1294918,DATA,46.2,0.0, 0, 0, 0,1000,1000,0,0,0,""
1295419,DATA,46.2,0.0, 0, 0, 0,1000,1000,0,0,0,""
1295920,DATA,46.2,0.0, 0, 0, 0,1000,1000,0,0,0,""
1296421,DATA,46.2,0.0, 0, 0, 0,1000,1000,0,0,0,""
1296922,DATA,46.2,0.0, 0, 0, 0,1000,1000,0,0,0,""
1297423,DATA,46.2,0.0, 0, 0, 0,1000,1000,0,0,0,""
1297924,DATA,46.2,0.0, 0, 0, 0,1000,1000,0,0,0,""
1298425,DATA,46.2,0.0, 0, 0, 0,1000,1000,0,0,0,""
1298926,DATA,46.2,0.0, 0, 0, 0,1000,1000,0,0,0,""
1299427,DATA,46.2,0.0, 0, 0, 0,1000,1000,0,0,0,""
1299928,DATA,46.0,-2.0, 0, 0, 0,1000,1000,0,0,0,""
1300429,DATA,46.0,-2.1, 0, 0, 0,1000,1000,0,0,0,""
1300930,DATA,46.2,0.0, 0, 0, 0,1000,1000,0,0,0,""
1301431,DATA,46.2,2.1, 0, 0, 0,1000,1000,0,0,0,""
1301932,DATA,46.2,2.1, 0, 0, 0,1000,1000,0,0,0,""
1302433,DATA,46.2,2.1, 0, 0, 0,1000,1000,0,0,0,""
1302934,DATA,46.0,-2.0, 0, 0, 0,1000,1000,0,0,0,""
1303435,DATA,46.0,0.0, 0, 0, 0,1000,1000,0,0,0,""
1303936,DATA,46.0,0.0, 0, 0, 0,1000,1000,0,0,0,""
1304437,DATA,46.0,0.0, 0, 0, 0,1000,1000,0,0,0,""
1304938,DATA,46.0,0.0, 0, 0, 0,1000,1000,0,0,0,""
1305439,DATA,46.0,0.0, 0, 0, 0,1000,1000,0,0,0,""
1305940,DATA,46.0,0.0, 0, 0, 0,1000,1000,0,0,0,""
1306441,DATA,46.0,0.0, 0, 0, 0,1000,1000,0,0,0,""
1306942,DATA,46.0,0.0, 0, 0, 0,1000,1000,0,0,0,""
1307443,DATA,46.0,0.0, 0, 0, 0,1000,1000,0,0,0,""
1307944,DATA,46.0,0.0, 0, 0, 0,1000,1000,0,0,0,""
1308445,DATA,46.0,0.0, 0, 0, 0,1000,1000,0,0,0,""
1308946,DATA,46.0,0.0, 0, 0, 0,1000,1000,0,0,0,""
1309447,DATA,46.0,0.0, 0, 0, 0,1000,1000,0,0,0,""
1309948,DATA,46.0,0.0, 0, 0, 0,1000,1000,0,0,0,""
1310449,DATA,46.0,0.0, 0, 0, 0,1000,1000,0,0,0,""
1310950,DATA,46.0,0.0, 0, 0, 0,1000,1000,0,0,0,""
1311451,DATA,46.0,0.0, 0, 0, 0,1000,1000,0,0,0,""
1311952,DATA,45.8,-2.0, 0, 0, 0,1000,1000,0,0,0,""
1312453,DATA,45.8,-2.1, 0, 0, 0,1000,1000,0,0,0,""
1312954,DATA,45.8,-2.1, 0, 0, 0,1000,1000,0,0,0,""
1313455,DATA,46.0,0.0, 0, 0, 0,1000,1000,0,0,0,""
1313956,DATA,45.8,0.0, 0, 0, 0,1000,1000,0,0,0,""
1314457,DATA,45.8,0.0, 0, 0, 0,1000,1000,0,0,0,""
1314958,DATA,45.8,0.0, 0, 0, 0,1000,1000,0,0,0,""
1315459,DATA,45.8,0.0, 0, 0, 0,1000,1000,0,0,0,""
1315960,DATA,45.8,0.0, 0, 0, 0,1000,1000,0,0,0,""
1316461,DATA,45.8,0.0, 0, 0, 0,1000,1000,0,0,0,""
1316962,DATA,45.8,0.0, 0, 0, 0,1000,1000,0,0,0,""
1317463,DATA,45.8,0.0, 0, 0, 0,1000,1000,0,0,0,""
1317964,DATA,45.8,0.0, 0, 0, 0,1000,1000,0,0,0,""
1318465,DATA,45.8,-2.1, 0, 0, 0,1000,1000,0,0,0,""
1318966,DATA,45.8,0.0, 0, 0, 0,1000,1000,0,0,0,""
1319467,DATA,45.8,0.0, 0, 0, 0,1000,1000,0,0,0,""
1319968,DATA,45.8,0.0, 0, 0, 0,1000,1000,0,0,0,""
1320469,DATA,45.8,0.0, 0, 0, 0,1000,1000,0,0,0,""
1320970,DATA,45.8,0.0, 0, 0, 0,1000,1000,0,0,0,""
1321471,DATA,45.8,0.0, 0, 0, 0,1000,1000,0,0,0,""
1321972,DATA,45.8,0.0, 0, 0, 0,1000,1000,0,0,0,""
1322473,DATA,45.8,0.0, 0, 0, 0,1000,1000,0,0,0,""
1322974,DATA,45.8,0.0, 0, 0, 0,1000,1000,0,0,0,""
1323475,DATA,45.8,0.0, 0, 0, 0,1000,1000,0,0,0,""
1323976,DATA,45.8,0.0, 0, 0, 0,1000,1000,0,0,0,""
1324477,DATA,45.8,0.0, 0, 0, 0,1000,1000,0,0,0,""
1324978,DATA,45.8,0.0, 0, 0, 0,1000,1000,0,0,0,""
1325479,DATA,45.8,0.0, 0, 0, 0,1000,1000,0,0,0,""
1325980,DATA,45.5,0.0, 0, 0, 0,1000,1000,0,0,0,""
1326481,DATA,45.5,0.0, 0, 0, 0,1000,1000,0,0,0,""
1326982,DATA,45.5,0.0, 0, 0, 0,1000,1000,0,0,0,""
1327483,DATA,45.8,2.1, 0, 0, 0,1000,1000,0,0,0,""
1327984,DATA,45.5,0.0, 0, 0, 0,1000,1000,0,0,0,""
1328485,DATA,45.5,-2.1, 0, 0, 0,1000,1000,0,0,0,""
1328986,DATA,45.5,0.0, 0, 0, 0,1000,1000,0,0,0,""
1329487,DATA,45.5,0.0, 0, 0, 0,1000,1000,0,0,0,""
1329988,DATA,45.5,0.0, 0, 0, 0,1000,1000,0,0,0,""
1330489,DATA,45.5,0.0, 0, 0, 0,1000,1000,0,0,0,""
1330990,DATA,45.5,0.0, 0, 0, 0,1000,1000,0,0,0,""
1331491,DATA,45.5,0.0, 0, 0, 0,1000,1000,0,0,0,""
1331992,DATA,45.5,0.0, 0, 0, 0,1000,1000,0,0,0,""
1332493,DATA,45.5,0.0, 0, 0, 0,1000,1000,0,0,0,""
1332994,DATA,45.5,0.0, 0, 0, 0,1000,1000,0,0,0,""
1333495,DATA,45.5,0.0, 0, 0, 0,1000,1000,0,0,0,""
1333996,DATA,45.5,0.0, 0, 0, 0,1000,1000,0,0,0,""
1334497,DATA,45.5,0.0, 0, 0, 0,1000,1000,0,0,0,""
1334998,DATA,45.5,0.0, 0, 0, 0,1000,1000,0,0,0,""
1335499,DATA,45.5,0.0, 0, 0, 0,1000,1000,0,0,0,""
1336000,DATA,45.5,0.0, 0, 0, 0,1000,1000,0,0,0,""
1336501,DATA,45.5,0.0, 0, 0, 0,1000,1000,0,0,0,""
1337002,DATA,45.5,0.0, 0, 0, 0,1000,1000,0,0,0,""
1337503,DATA,45.5,0.0, 0, 0, 0,1000,1000,0,0,0,""
1338004,DATA,45.5,0.0, 0, 0, 0,1000,1000,0,0,0,""
1338505,DATA,45.5,0.0, 0, 0, 0,1000,1000,0,0,0,""
1339006,DATA,45.5,0.0, 0, 0, 0,1000,1000,0,0,0,""
1339507,DATA,45.5,0.0, 0, 0, 0,1000,1000,0,0,0,""
1340008,DATA,45.2,0.0, 0, 0, 0,1000,1000,0,0,0,""
1340509,DATA,45.5,2.1, 0, 0, 0,1000,1000,0,0,0,""
1341010,DATA,45.2,0.0, 0, 0, 0,1000,1000,0,0,0,""
1341511,DATA,45.2,0.0, 0, 0, 0,1000,1000,0,0,0,""
1342012,DATA,45.2,0.0, 0, 0, 0,1000,1000,0,0,0,""
1342513,DATA,45.2,0.0, 0, 0, 0,1000,1000,0,0,0,""
1343014,DATA,45.2,0.0, 0, 0, 0,1000,1000,0,0,0,""
1343515,DATA,45.2,0.0, 0, 0, 0,1000,1000,0,0,0,""
1344016,DATA,45.2,0.0, 0, 0, 0,1000,1000,0,0,0,""
1344517,DATA,45.2,0.0, 0, 0, 0,1000,1000,0,0,0,""
1345018,DATA,45.2,0.0, 0, 0, 0,1000,1000,0,0,0,""
1345519,DATA,45.2,0.0, 0, 0, 0,1000,1000,0,0,0,""
1346020,DATA,45.2,0.0, 0, 0, 0,1000,1000,0,0,0,""
1346521,DATA,45.2,0.0, 0, 0, 0,1000,1000,0,0,0,""
1347022,DATA,45.2,0.0, 0, 0, 0,1000,1000,0,0,0,""
1347523,DATA,45.2,0.0, 0, 0, 0,1000,1000,0,0,0,""
1348024,DATA,45.2,0.0, 0, 0, 0,1000,1000,0,0,0,""
1348525,DATA,45.0,0.0, 0, 0, 0,1000,1000,0,0,0,""
1349026,DATA,45.0,0.0, 0, 0, 0,1000,1000,0,0,0,""
1349527,DATA,45.0,0.0, 0, 0, 0,1000,1000,0,0,0,""
1350028,DATA,45.0,0.0, 0, 0, 0,1000,1000,0,0,0,""
1350529,DATA,45.0,0.0, 0, 0, 0,1000,1000,0,0,0,""
1351030,DATA,45.0,0.0, 0, 0, 0,1000,1000,0,0,0,""
1351531,DATA,45.0,0.0, 0, 0, 0,1000,1000,0,0,0,""
1352032,DATA,45.0,0.0, 0, 0, 0,1000,1000,0,0,0,""
1352533,DATA,45.0,0.0, 0, 0, 0,1000,1000,0,0,0,""
1353034,DATA,45.0,0.0, 0, 0, 0,1000,1000,0,0,0,""
1353535,DATA,45.0,0.0, 0, 0, 0,1000,1000,0,0,0,""
1354036,DATA,45.0,0.0, 0, 0, 0,1000,1000,0,0,0,""
1354537,DATA,45.0,0.0, 0, 0, 0,1000,1000,0,0,0,""
1355038,DATA,45.0,0.0, 0, 0, 0,1000,1000,0,0,0,""
1355539,DATA,45.0,0.0, 0, 0, 0,1000,1000,0,0,0,""
1356040,DATA,45.0,0.0, 0, 0, 0,1000,1000,0,0,0,""
1356541,DATA,45.0,0.0, 0, 0, 0,1000,1000,0,0,0,""
1357042,DATA,45.0,0.0, 0, 0, 0,1000,1000,0,0,0,""
1357543,DATA,45.0,0.0, 0, 0, 0,1000,1000,0,0,0,""
1358044,DATA,45.0,0.0, 0, 0, 0,1000,1000,0,0,0,""
1358545,DATA,45.0,0.0, 0, 0, 0,1000,1000,0,0,0,""
1359046,DATA,44.7,-2.1, 0, 0, 0,1000,1000,0,0,0,""
1359547,DATA,45.0,0.0, 0, 0, 0,1000,1000,0,0,0,""
1360048,DATA,44.7,-2.0, 0, 0, 0,1000,1000,0,0,0,""
1360549,DATA,45.0,0.0, 0, 0, 0,1000,1000,0,0,0,""
1361050,DATA,45.0,0.0, 0, 0, 0,1000,1000,0,0,0,""
1361551,DATA,44.7,-2.1, 0, 0, 0,1000,1000,0,0,0,""
1362052,DATA,45.0,0.0, 0, 0, 0,1000,1000,0,0,0,""
1362553,DATA,45.0,0.0, 0, 0, 0,1000,1000,0,0,0,""
1363054,DATA,45.0,0.0, 0, 0, 0,1000,1000,0,0,0,""
1363555,DATA,45.0,0.0, 0, 0, 0,1000,1000,0,0,0,""
1364056,DATA,44.7,0.0, 0, 0, 0,1000,1000,0,0,0,""
1364557,DATA,45.0,0.0, 0, 0, 0,1000,1000,0,0,0,""
1365058,DATA,44.7,0.0, 0, 0, 0,1000,1000,0,0,0,""
1365559,DATA,44.7,-2.1, 0, 0, 0,1000,1000,0,0,0,""
1366060,DATA,44.7,0.0, 0, 0, 0,1000,1000,0,0,0,""
1366561,DATA,44.7,-2.1, 0, 0, 0,1000,1000,0,0,0,""
1367062,DATA,44.7,0.0, 0, 0, 0,1000,1000,0,0,0,""
1367563,DATA,44.7,-2.1, 0, 0, 0,1000,1000,0,0,0,""
1368064,DATA,44.7,0.0, 0, 0, 0,1000,1000,0,0,0,""
1368565,DATA,44.7,0.0, 0, 0, 0,1000,1000,0,0,0,""
1369066,DATA,45.0,2.0, 0, 0, 0,1000,1000,0,0,0,""
1369567,DATA,44.7,0.0, 0, 0, 0,1000,1000,0,0,0,""
1370068,DATA,44.7,0.0, 0, 0, 0,1000,1000,0,0,0,""
1370569,DATA,44.7,0.0, 0, 0, 0,1000,1000,0,0,0,""
1371070,DATA,44.7,0.0, 0, 0, 0,1000,1000,0,0,0,""
1371571,DATA,44.7,0.0, 0, 0, 0,1000,1000,0,0,0,""
1372072,DATA,44.7,0.0, 0, 0, 0,1000,1000,0,0,0,""
1372573,DATA,44.7,0.0, 0, 0, 0,1000,1000,0,0,0,""
1373074,DATA,44.7,0.0, 0, 0, 0,1000,1000,0,0,0,""
1373575,DATA,44.7,0.0, 0, 0, 0,1000,1000,0,0,0,""
1374076,DATA,44.7,0.0, 0, 0, 0,1000,1000,0,0,0,""
1374577,DATA,44.7,0.0, 0, 0, 0,1000,1000,0,0,0,""
1375078,DATA,44.7,0.0, 0, 0, 0,1000,1000,0,0,0,""
1375579,DATA,44.7,0.0, 0, 0, 0,1000,1000,0,0,0,""
1376080,DATA,44.7,0.0, 0, 0, 0,1000,1000,0,0,0,""
1376581,DATA,44.7,0.0, 0, 0, 0,1000,1000,0,0,0,""
1377082,DATA,44.7,0.0, 0, 0, 0,1000,1000,0,0,0,""
1377583,DATA,44.7,0.0, 0, 0, 0,1000,1000,0,0,0,""
1378084,DATA,44.7,0.0, 0, 0, 0,1000,1000,0,0,0,""
1378585,DATA,44.7,0.0, 0, 0, 0,1000,1000,0,0,0,""
1379086,DATA,44.7,0.0, 0, 0, 0,1000,1000,0,0,0,""
1379587,DATA,44.7,0.0, 0, 0, 0,1000,1000,0,0,0,""
1380088,DATA,44.7,0.0, 0, 0, 0,1000,1000,0,0,0,""
1380589,DATA,44.7,0.0, 0, 0, 0,1000,1000,0,0,0,""
1381090,DATA,44.7,0.0, 0, 0, 0,1000,1000,0,0,0,""
1381591,DATA,44.7,0.0, 0, 0, 0,1000,1000,0,0,0,""
1382092,DATA,44.7,0.0, 0, 0, 0,1000,1000,0,0,0,""
1382593,DATA,44.7,0.0, 0, 0, 0,1000,1000,0,0,0,""
1383094,DATA,44.7,0.0, 0, 0, 0,1000,1000,0,0,0,""
1383595,DATA,44.7,2.1, 0, 0, 0,1000,1000,0,0,0,""
1384096,DATA,44.5,0.0, 0, 0, 0,1000,1000,0,0,0,""
1384228,EVENT,44.5,0.0, 0, 0, 0,1000,1000,0,0,0,"STARTER 1200"
1384615,DATA,43.3,-10.4,450,414,500,1000,1097,0,0,0,""
1385135,DATA,44.5,8.3,1751,1382,500,1000,1185,0,0,0,""
1385635,DATA,43.5,0.0,3496,3149,1800,1000,1200,0,0,0,""
1386135,DATA,43.5,0.0,3608,3612,3000,1000,1200,0,0,0,""
1386635,DATA,43.7,0.0,3734,3672,6000,1000,1200,0,0,0,""
1387135,DATA,43.7,0.0,4098,4018,4801,1000,1200,0,0,0,""
1387635,DATA,43.7,-2.1,4367,4295,5999,1000,1200,0,0,0,""
1388135,DATA,43.5,-2.1,4533,4504,8399,1000,1200,0,0,0,""
1388635,DATA,43.5,-2.1,4594,4577,7800,1000,1200,0,0,0,""
1389135,DATA,43.5,0.0,4578,4621,7800,1000,1200,0,0,0,""
1389635,DATA,43.5,2.1,4505,4516,6000,1000,1200,0,0,0,""
1390135,DATA,43.3,0.0,4490,4491,4800,1000,1200,0,0,0,""
1390635,DATA,43.3,0.0,4497,4491,6000,1000,1200,0,0,0,""
1391125,EVENT,43.3,0.0,4483,4486,5400,1000,1200,0,0,0,"STARTER 1200"
1391135,DATA,43.3,0.0,4483,4486,5400,1000,1200,0,0,0,""
1391635,DATA,43.0,-2.1,4542,4528,6000,1000,1200,0,0,0,""
1392135,DATA,43.0,0.0,4563,4554,7201,1000,1200,0,0,0,""
1392635,DATA,42.7,0.0,4492,4505,5399,1000,1200,0,0,0,""
1393135,DATA,43.0,0.0,4701,4590,8400,1000,1200,0,0,0,""
1393635,DATA,42.7,-2.1,4639,4675,9000,1000,1200,0,0,0,""
1394135,DATA,42.7,0.0,4512,4544,6599,1000,1200,0,0,0,""
1394635,DATA,42.5,0.0,4503,4498,6000,1000,1200,0,0,0,""
1395135,DATA,42.7,2.1,4472,4492,5401,1000,1200,0,0,0,""
1395357,EVENT,42.5,0.0,4436,4456,9600,1000,1200,0,0,0,"STARTER 1220"
1395635,DATA,42.5,0.0,4443,4441,3598,1000,1208,0,0,0,""
1396135,DATA,42.2,0.0,4355,4354,7196,1000,1217,0,0,0,""
1396374,EVENT,42.0,0.0,4462,4416,5401,1000,1220,0,0,0,"STARTER 1240"
1396655,DATA,42.2,0.0,4577,4533,2998,1000,1228,0,0,0,""
1397155,DATA,41.7,0.0,4475,4399,7199,1000,1237,0,0,0,""
1397214,EVENT,41.7,0.0,4475,4399,7199,1000,1238,0,0,0,"STARTER 1260"
1397655,DATA,42.0,2.1,4459,4514,1500,1000,1250,0,0,0,""
1397775,EVENT,41.7,-2.1,4611,4558,1500,1000,1253,0,0,0,"STARTER 1280"
1398175,DATA,42.0,0.0,4701,4673,1500,1000,1267,0,0,0,""
1398376,EVENT,42.0,0.0,4759,4749,2008,1000,1272,0,0,0,"STARTER 1300"
1398695,DATA,41.7,0.0,4882,4834,1500,1000,1283,0,0,0,""
1399195,DATA,41.7,0.0,4896,4861,4001,1000,1297,0,0,0,""
1399695,DATA,41.7,2.1,5347,5103,8399,1000,1300,0,0,0,""
1400195,DATA,41.7,0.0,6360,6211,12001,1000,1300,0,0,0,""
1400695,DATA,42.0,2.1,6485,6446,7801,1000,1300,0,0,0,""
1401195,DATA,42.0,0.0,6639,6597,10200,1000,1300,0,0,0,""
1401695,DATA,41.7,0.0,6995,6926,11401,1000,1300,0,0,0,""
1402195,DATA,41.7,-2.1,6845,6799,10800,1000,1300,0,0,0,""
1402695,DATA,41.7,0.0,6623,6677,9000,1000,1300,0,0,0,""
1403195,DATA,41.7,0.0,6613,6606,10800,1000,1300,0,0,0,""
1403695,DATA,41.5,0.0,6584,6578,9600,1000,1300,0,0,0,""
1404195,DATA,41.5,0.0,6594,6605,11401,1000,1300,0,0,0,""
1404695,DATA,41.5,0.0,6853,6744,12002,1000,1300,0,0,0,""
1405195,DATA,41.5,0.0,6688,6733,12599,1000,1300,0,0,0,""
1405406,EVENT,41.5,0.0,6615,6657,13802,1000,1300,0,1,0,"VALVE1 ON"
1405695,DATA,41.5,0.0,6759,6676,17402,1000,1300,0,1,0,""
1406195,DATA,41.5,0.0,7142,7085,18000,1000,1300,0,1,0,""
1406399,EVENT,41.2,-2.1,7150,7115,14998,1000,1300,1,1,0,"IGN ON"
1406695,DATA,40.5,0.0,6808,6915,12600,1000,1300,1,1,0,""
1407195,DATA,41.0,2.1,6809,6824,10800,1000,1300,1,1,0,""
1407695,DATA,40.8,0.0,7117,6974,16200,1000,1300,1,1,0,""
1407758,EVENT,41.0,2.1,7117,7038,13200,1000,1300,1,1,0,"PUMP 1045"
1408215,DATA,40.8,-2.1,7963,7669,8995,1009,1300,1,1,0,""
1408735,DATA,41.0,0.0,6665,7009,2000,1031,1300,1,1,0,""
1409235,DATA,41.0,0.0,5625,5875,10209,1045,1300,1,1,0,""
1409735,DATA,41.0,0.0,6592,6405,14398,1045,1300,1,1,0,""
1410235,DATA,41.0,0.0,6668,6694,13199,1045,1300,1,1,0,""
1410735,DATA,40.8,-2.1,7483,7425,12601,1045,1300,1,1,0,""
1411235,DATA,40.8,-2.1,7155,7288,11999,1045,1300,1,1,0,""
1411735,DATA,41.0,2.1,6885,6918,13801,1045,1300,1,1,0,""
1412235,DATA,41.0,0.0,6679,6817,12599,1045,1300,1,1,0,""
1412735,DATA,41.2,2.1,7360,7260,8399,1045,1300,1,1,0,""
1413235,DATA,41.5,0.0,7431,7467,15601,1045,1300,1,1,0,""
1413735,DATA,42.0,0.0,7195,7370,13201,1045,1300,1,1,0,""
1414235,DATA,42.5,0.0,7673,7416,13800,1045,1300,1,1,0,""
1414735,DATA,43.3,2.1,6873,7049,7801,1045,1300,1,1,0,""
1415235,DATA,44.0,2.1,8493,8132,12000,1045,1300,1,1,0,""
1415735,DATA,44.0,2.1,8173,8208,15599,1045,1300,1,1,0,""
1416235,DATA,44.7,2.1,8094,8137,11400,1045,1300,1,1,0,""
1416735,DATA,44.7,0.0,7186,7376,12601,1045,1300,1,1,0,""
1417235,DATA,45.0,-2.1,6749,6755,11999,1045,1300,1,1,0,""
1417735,DATA,45.2,0.0,8283,7821,11402,1045,1300,1,1,0,""
1418235,DATA,45.5,0.0,7834,7829,15599,1045,1300,1,1,0,""
1418735,DATA,45.8,0.0,8153,8063,13200,1045,1300,1,1,0,""
1419235,DATA,46.2,2.1,7852,7946,15599,1045,1300,1,1,0,""
1419735,DATA,46.2,0.0,7347,7367,11999,1045,1300,1,1,0,""
1420235,DATA,46.5,0.0,7560,7627,10200,1045,1300,1,1,0,""
1420735,DATA,46.7,0.0,7353,7270,15599,1045,1300,1,1,0,""
1421235,DATA,47.0,0.0,8168,7889,13201,1045,1300,1,1,0,""
1421735,DATA,47.5,2.1,7789,7704,18598,1045,1300,1,1,0,""
1422235,DATA,47.5,0.0,7625,7722,16199,1045,1300,1,1,0,""
1422735,DATA,48.0,0.0,7169,7342,13199,1045,1300,1,1,0,""
1423235,DATA,48.3,2.1,7298,7185,16201,1045,1300,1,1,0,""
1423735,DATA,48.3,0.0,7887,7910,15602,1045,1300,1,1,0,""
1424235,DATA,48.7,2.1,7566,7632,10800,1045,1300,1,1,0,""
1424735,DATA,48.7,0.0,6876,7063,8401,1045,1300,1,1,0,""
1425235,DATA,48.7,0.0,6742,6722,11398,1045,1300,1,1,0,""
1425735,DATA,49.0,0.0,6648,6694,9600,1045,1300,1,1,0,""
1425763,EVENT,49.0,0.0,6648,6694,9600,1045,1300,1,1,0,"PUMP 1050"
1426235,DATA,49.5,2.1,6732,6617,11400,1046,1300,1,1,0,""
1426735,DATA,49.5,0.0,6612,6664,8399,1049,1300,1,1,0,""
1427235,DATA,49.7,0.0,6548,6562,13201,1050,1300,1,1,0,""
1427735,DATA,50.2,2.1,6851,6791,9600,1050,1300,1,1,0,""
1428235,DATA,50.5,2.1,7242,7062,16199,1050,1300,1,1,0,""
1428735,DATA,50.8,0.0,6823,6883,13201,1050,1300,1,1,0,""
1429235,DATA,50.8,0.0,7422,7299,12602,1050,1300,1,1,0,""
1429735,DATA,51.2,0.0,6810,6923,8399,1050,1300,1,1,0,""
1430235,DATA,51.5,0.0,6836,6751,10200,1050,1300,1,1,0,""
1430735,DATA,51.7,0.0,6841,6785,11400,1050,1300,1,1,0,""
1431235,DATA,51.7,-2.1,6984,6924,12001,1050,1300,1,1,0,""
1431735,DATA,52.2,-2.1,7026,7081,15600,1050,1300,1,1,0,""
1432235,DATA,52.7,0.0,6999,6957,15601,1050,1300,1,1,0,""
1432735,DATA,53.0,2.1,7429,7312,13201,1050,1300,1,1,0,""
1433235,DATA,53.3,2.1,7391,7505,10801,1050,1300,1,1,0,""
1433735,DATA,53.5,0.0,6891,7042,10801,1050,1300,1,1,0,""
1434235,DATA,53.7,0.0,7088,7197,13200,1050,1300,1,1,0,""
1434735,DATA,54.0,0.0,7504,7351,13800,1050,1300,1,1,0,""
1435235,DATA,54.2,0.0,7036,7243,9600,1050,1300,1,1,0,""
1435735,DATA,54.5,0.0,7688,7457,9601,1050,1300,1,1,0,""
1436235,DATA,54.7,2.1,7109,7221,13800,1050,1300,1,1,0,""
1436735,DATA,55.0,2.1,6913,7015,10201,1050,1300,1,1,0,""
1437235,DATA,55.2,0.0,6945,6924,15000,1050,1300,1,1,0,""
1437735,DATA,55.5,2.1,7110,7095,13202,1050,1300,1,1,0,""
1438235,DATA,55.8,0.0,7099,7138,11399,1050,1300,1,1,0,""
1438735,DATA,55.8,-2.1,7183,7119,10800,1050,1300,1,1,0,""
1439235,DATA,56.2,0.0,6992,6999,8999,1050,1300,1,1,0,""
1439735,DATA,56.5,2.1,6804,6852,10800,1050,1300,1,1,0,""
1440235,DATA,56.5,0.0,6832,6808,10802,1050,1300,1,1,0,""
1440735,DATA,57.0,2.1,6631,6658,13802,1050,1300,1,1,0,""
1441235,DATA,57.0,0.0,6637,6630,12000,1050,1300,1,1,0,""
1441735,DATA,57.2,0.0,6502,6525,10199,1050,1300,1,1,0,""
1442140,EVENT,57.5,2.1,6490,6490,8399,1050,1300,1,1,0,"PUMP 1055"
1442235,DATA,57.2,-2.1,6486,6488,8400,1050,1300,1,1,0,""
1442735,DATA,57.5,0.0,6734,6609,13199,1052,1300,1,1,0,""
1443235,DATA,58.0,2.1,6677,6697,14401,1054,1300,1,1,0,""
1443735,DATA,58.0,0.0,7488,7462,11400,1055,1300,1,1,0,""
1444235,DATA,58.5,2.1,6688,6829,9000,1055,1300,1,1,0,""
1444735,DATA,58.5,0.0,6663,6687,9000,1055,1300,1,1,0,""
1445235,DATA,58.7,0.0,6722,6790,7799,1055,1300,1,1,0,""
1445735,DATA,59.2,2.1,6485,6524,10199,1055,1300,1,1,0,""
1446235,DATA,59.2,2.1,6441,6449,8399,1055,1300,1,1,0,""
1446735,DATA,59.5,0.0,6783,6784,10800,1055,1300,1,1,0,""
1447235,DATA,59.5,0.0,6499,6552,8401,1055,1300,1,1,0,""
1447735,DATA,59.7,0.0,6478,6465,13199,1055,1300,1,1,0,""
1448235,DATA,60.0,0.0,7385,7083,13198,1055,1300,1,1,0,""
1448735,DATA,60.2,0.0,7262,7442,10801,1055,1300,1,1,0,""
1449235,DATA,60.5,0.0,8386,8199,12000,1055,1300,1,1,0,""
1449735,DATA,60.8,0.0,7412,7556,9600,1055,1300,1,1,0,""
1450235,DATA,61.0,2.1,6943,7078,11399,1055,1300,1,1,0,""
1450735,DATA,61.0,0.0,7573,7477,13800,1055,1300,1,1,0,""
1451235,DATA,61.2,0.0,7250,7360,12001,1055,1300,1,1,0,""
1451735,DATA,61.5,0.0,7474,7279,16200,1055,1300,1,1,0,""
1452235,DATA,61.7,0.0,7030,7218,9599,1055,1300,1,1,0,""
1452735,DATA,62.0,0.0,7085,7106,13199,1055,1300,1,1,0,""
1453235,DATA,62.2,2.1,6899,7002,10201,1055,1300,1,1,0,""
1453735,DATA,62.2,0.0,7672,7558,10200,1055,1300,1,1,0,""
1454235,DATA,62.5,0.0,7450,7315,12600,1055,1300,1,1,0,""
1454735,DATA,62.7,2.1,8359,8092,16199,1055,1300,1,1,0,""
1455235,DATA,62.7,0.0,8065,8394,14999,1055,1300,1,1,0,""
1455735,DATA,62.7,0.0,8210,8001,16198,1055,1300,1,1,0,""
1456235,DATA,63.3,2.1,9294,9238,14399,1055,1300,1,1,0,""
1456735,DATA,63.3,0.0,8661,8546,14999,1055,1300,1,1,0,""
1457235,DATA,63.3,0.0,8756,9090,14400,1055,1300,1,1,0,""
1457735,DATA,63.5,0.0,8700,8492,18600,1055,1300,1,1,0,""
1458235,DATA,63.5,-2.1,8483,8698,13200,1055,1300,1,1,0,""
1458735,DATA,64.0,2.1,7898,8041,10201,1055,1300,1,1,0,""
1459235,DATA,64.0,0.0,6999,7088,13800,1055,1300,1,1,0,""
1459735,DATA,64.0,-2.1,9230,8727,14399,1055,1300,1,1,0,""
1460235,DATA,64.5,0.0,9840,9815,17401,1055,1300,1,1,0,""
1460735,DATA,64.5,0.0,8696,9021,17398,1055,1300,1,1,0,""
1461080,EVENT,64.7,2.1,9147,9032,13808,1055,1300,1,1,0,"PUMP 1060"
1461235,DATA,64.7,0.0,8817,8926,13800,1055,1300,1,1,0,""
1461735,DATA,64.7,0.0,8188,8263,14999,1057,1300,1,1,0,""
1462235,DATA,65.0,0.0,7991,8187,12600,1059,1300,1,1,0,""
1462735,DATA,65.2,0.0,7991,7886,10801,1060,1300,1,1,0,""
1463235,DATA,65.5,2.1,7610,7640,12599,1060,1300,1,1,0,""
1463735,DATA,65.8,0.0,7703,7622,10200,1060,1300,1,1,0,""
1464235,DATA,66.0,0.0,7183,7246,10799,1060,1300,1,1,0,""
1464735,DATA,66.2,0.0,6818,6884,14400,1060,1300,1,1,0,""
1465235,DATA,66.2,0.0,8288,8122,15001,1060,1300,1,1,0,""
1465735,DATA,66.7,2.1,7231,7520,10799,1060,1300,1,1,0,""
1466235,DATA,66.7,0.0,7909,7783,13200,1060,1300,1,1,0,""
1466735,DATA,67.0,0.0,7995,8035,12602,1060,1300,1,1,0,""
1467235,DATA,67.2,0.0,8256,8131,10800,1060,1300,1,1,0,""
1467735,DATA,67.5,2.1,7827,7875,13201,1060,1300,1,1,0,""
1468235,DATA,67.5,0.0,6958,7118,16799,1060,1300,1,1,0,""
1468659,EVENT,67.7,0.0,8787,8326,13200,1060,1300,1,1,0,"PUMP 1065"
1468735,DATA,68.0,2.1,8787,8326,13200,1060,1300,1,1,0,""
1469235,DATA,68.0,0.0,8314,8686,11999,1062,1300,1,1,0,""
1469735,DATA,68.5,2.1,7482,7700,13801,1064,1300,1,1,0,""
1470235,DATA,68.3,-2.1,7748,7642,13201,1065,1300,1,1,0,""
1470735,DATA,68.7,0.0,6912,7119,9600,1065,1300,1,1,0,""
1471235,DATA,69.0,0.0,6966,6959,13199,1065,1300,1,1,0,""
1471735,DATA,69.2,0.0,6882,6942,16200,1065,1300,1,1,0,""
1471861,EVENT,69.2,0.0,6913,6915,11402,1065,1300,1,1,0,"PUMP 1070"
1472058,EVENT,69.5,2.1,7017,6949,19210,1065,1300,1,1,0,"PUMP 1075"
1472235,DATA,69.5,0.0,7152,7041,10200,1065,1300,1,1,0,""
1472260,EVENT,69.5,0.0,7458,7229,16200,1065,1300,1,1,0,"PUMP 1080"
1472735,DATA,69.7,0.0,8236,8069,13801,1069,1300,1,1,0,""
1473229,EVENT,70.0,0.0,7352,7630,12600,1076,1300,1,1,0,"PUMP 1085"
1473235,DATA,70.0,0.0,7352,7630,12600,1076,1300,1,1,0,""
1473456,EVENT,70.2,0.0,6946,7197,11401,1076,1300,1,1,0,"PUMP 1090"
1473735,DATA,70.5,2.1,6680,6793,12001,1077,1300,1,1,0,""
1474058,EVENT,70.8,2.1,6627,6670,9607,1081,1300,1,1,0,"PUMP 1095"
1474235,DATA,70.8,0.0,6592,6635,10200,1082,1300,1,1,0,""
1474735,DATA,71.5,2.1,7313,7029,11401,1087,1300,1,1,0,""
1474838,EVENT,71.5,2.1,7698,7330,10798,1088,1300,1,1,0,"PUMP 1100"
1475235,DATA,71.7,0.0,7132,7325,8400,1090,1300,1,1,0,""
1475735,DATA,72.5,0.0,7251,7370,7799,1096,1300,1,1,0,""
1476235,DATA,73.3,0.0,7124,7129,8399,1100,1300,1,1,0,""
1476735,DATA,74.2,4.2,6688,6748,9000,1100,1300,1,1,0,""
1477235,DATA,74.7,2.1,7032,7083,10200,1100,1300,1,1,0,""
1477735,DATA,75.5,0.0,7487,7263,13201,1100,1300,1,1,0,""
1478235,DATA,76.5,2.1,7242,7264,10201,1100,1300,1,1,0,""
1478735,DATA,77.2,2.1,6729,6842,12599,1100,1300,1,1,0,""
1479235,DATA,77.7,0.0,7358,7110,9001,1100,1300,1,1,0,""
1479735,DATA,78.5,2.1,8215,7954,8400,1100,1300,1,1,0,""
1480235,DATA,79.0,2.1,7405,7505,11399,1100,1300,1,1,0,""
1480735,DATA,79.5,0.0,8587,8293,11400,1100,1300,1,1,0,""
1481235,DATA,80.2,0.0,7792,8059,9600,1100,1300,1,1,0,""
1481735,DATA,80.8,0.0,6920,7076,10800,1100,1300,1,1,0,""
1482235,DATA,81.5,2.1,6702,6796,7201,1100,1300,1,1,0,""
1482735,DATA,81.7,0.0,6536,6565,7200,1100,1300,1,1,0,""
1483235,DATA,82.3,0.0,6510,6513,7800,1100,1300,1,1,0,""
1483735,DATA,83.0,0.0,6952,6958,8399,1100,1300,1,1,0,""
1484235,DATA,83.7,2.1,6579,6643,7800,1100,1300,1,1,0,""
1484735,DATA,84.0,2.1,6514,6526,6600,1100,1300,1,1,0,""
1485235,DATA,84.5,2.1,6508,6510,8400,1100,1300,1,1,0,""
1485735,DATA,85.0,0.0,6909,6772,10200,1100,1300,1,1,0,""
1486235,DATA,85.5,0.0,6724,6736,10201,1100,1300,1,1,0,""
1486735,DATA,86.0,2.1,7014,6839,10199,1100,1300,1,1,0,""
1487235,DATA,86.5,2.1,7235,7180,13801,1100,1300,1,1,0,""
1487735,DATA,87.0,0.0,6954,6978,13199,1100,1300,1,1,0,""
1488235,DATA,87.5,0.0,8187,7872,13801,1100,1300,1,1,0,""
1489235,DATA,88.5,0.0,8033,7865,17999,1100,1300,1,1,0,""
1489735,DATA,89.0,2.1,7327,7392,13200,1100,1300,1,1,0,""
1490235,DATA,89.5,0.0,6820,6890,13800,1100,1300,1,1,0,""
1490735,DATA,90.0,2.1,7682,7714,10800,1100,1300,1,1,0,""
1491235,DATA,90.2,0.0,7236,7165,11999,1100,1300,1,1,0,""
1491735,DATA,90.8,0.0,8903,8555,10800,1100,1300,1,1,0,""
1492235,DATA,91.2,2.1,8115,8462,8400,1100,1300,1,1,0,""
1492735,DATA,91.5,0.0,8720,8406,9600,1100,1300,1,1,0,""
1493235,DATA,92.0,0.0,7251,7616,10799,1100,1300,1,1,0,""
1493735,DATA,92.5,2.1,8875,8245,13799,1100,1300,1,1,0,""
1494235,DATA,93.0,0.0,8317,8642,11401,1100,1300,1,1,0,""
1494735,DATA,93.3,0.0,7188,7321,11400,1100,1300,1,1,0,""
1495235,DATA,93.7,0.0,8497,8247,12599,1100,1300,1,1,0,""
1495735,DATA,94.2,2.1,8070,8120,15600,1100,1300,1,1,0,""
1496235,DATA,94.5,2.1,7229,7366,12001,1100,1300,1,1,0,""
1496735,DATA,95.0,2.1,7970,7911,9000,1100,1300,1,1,0,""
1497235,DATA,95.2,0.0,7475,7405,14999,1100,1300,1,1,0,""
1497735,DATA,95.8,2.1,6901,7068,8401,1100,1300,1,1,0,""
1498235,DATA,96.0,0.0,6684,6755,10800,1100,1300,1,1,0,""
1498735,DATA,96.5,2.1,6546,6577,10200,1100,1300,1,1,0,""
1499235,DATA,96.7,2.1,6730,6705,10199,1100,1300,1,1,0,""
1499735,DATA,97.0,2.1,6591,6604,9600,1100,1300,1,1,0,""
1500235,DATA,97.5,2.1,6528,6549,7800,1100,1300,1,1,0,""
1500735,DATA,97.7,2.1,6989,6954,8999,1100,1300,1,1,0,""
1501235,DATA,98.0,0.0,7110,6980,8399,1100,1300,1,1,0,""
1501735,DATA,98.3,0.0,7925,7816,10199,1100,1300,1,1,0,""
1502235,DATA,98.7,0.0,7521,7605,8999,1100,1300,1,1,0,""
1502735,DATA,99.0,0.0,7119,7177,9601,1100,1300,1,1,0,""
1503235,DATA,99.2,0.0,7548,7313,12600,1100,1300,1,1,0,""
1503735,DATA,99.8,0.0,7094,7188,14399,1100,1300,1,1,0,""
1504235,DATA,100.0,2.1,6685,6719,13201,1100,1300,1,1,0,""
1504735,DATA,100.2,2.1,7343,7164,10200,1100,1300,1,1,0,""
1505235,DATA,100.2,-2.1,7350,7414,11399,1100,1300,1,1,0,""
1505735,DATA,100.8,2.1,8090,7812,9600,1100,1300,1,1,0,""
1506235,DATA,101.0,2.1,7500,7669,10799,1100,1300,1,1,0,""
1506735,DATA,101.2,0.0,8866,8675,13801,1100,1300,1,1,0,""
1507235,DATA,101.5,2.1,7729,7955,14401,1100,1300,1,1,0,""
1507735,DATA,101.5,-2.1,7146,7238,13202,1100,1300,1,1,0,""
1508235,DATA,102.0,0.0,7235,7305,9000,1100,1300,1,1,0,""
1508735,DATA,102.0,0.0,6990,7028,11399,1100,1300,1,1,0,""
1509235,DATA,102.2,0.0,7708,7470,10199,1100,1300,1,1,0,""
1509735,DATA,102.5,0.0,6702,6968,10800,1100,1300,1,1,0,""
1510235,DATA,102.8,2.1,6770,6678,12000,1100,1300,1,1,0,""
1510735,DATA,103.0,0.0,7675,7667,9600,1100,1300,1,1,0,""
1511235,DATA,103.2,0.0,7028,7083,15000,1100,1300,1,1,0,""
1511735,DATA,103.2,-2.1,6863,6929,12000,1100,1300,1,1,0,""
1512235,DATA,103.8,2.1,7037,7005,16202,1100,1300,1,1,0,""
1512735,DATA,103.8,0.0,6767,6829,16200,1100,1300,1,1,0,""
1513235,DATA,103.8,0.0,6993,6927,15000,1100,1300,1,1,0,""
1513735,DATA,104.2,2.1,6639,6766,15009,1100,1300,1,1,0,""
1514235,DATA,104.5,2.1,8322,7880,21011,1100,1300,1,1,0,""
1514735,DATA,104.8,2.1,7960,8305,6604,1100,1300,1,1,0,""
1515235,DATA,104.5,0.0,6768,6973,10205,1100,1300,1,1,0,""
1515735,DATA,104.8,0.0,6607,6625,8405,1100,1300,1,1,0,""
1516235,DATA,105.0,0.0,6512,6535,8405,1100,1300,1,1,0,""
1516735,DATA,105.0,0.0,6499,6500,8405,1100,1300,1,1,0,""
1517235,DATA,105.2,2.1,6874,6680,10805,1100,1300,1,1,0,""
1517735,DATA,105.2,0.0,6659,6736,7804,1100,1300,1,1,0,""
1518235,DATA,105.5,2.1,6519,6546,7804,1100,1300,1,1,0,""
1518735,DATA,105.5,0.0,6481,6486,10205,1100,1300,1,1,0,""
1519235,DATA,105.8,0.0,6801,6688,9605,1100,1300,1,1,0,""
1519735,DATA,106.0,2.1,6837,6876,13208,1100,1300,1,1,0,""
1520235,DATA,106.2,0.0,6847,6872,12007,1100,1300,1,1,0,""
1520735,DATA,106.2,0.0,7896,7566,16210,1100,1300,1,1,0,""
1521235,DATA,106.5,0.0,8417,8348,14407,1100,1300,1,1,0,""
1521735,DATA,106.5,0.0,7692,7995,11407,1100,1300,1,1,0,""
1522235,DATA,106.8,0.0,6926,7110,10806,1100,1300,1,1,0,""
1522735,DATA,106.8,0.0,6831,6879,12606,1100,1300,1,1,0,""
1523235,DATA,107.0,0.0,7039,7020,9604,1100,1300,1,1,0,""
1523735,DATA,107.0,0.0,7387,7421,13807,1100,1300,1,1,0,""
1524235,DATA,107.0,0.0,8023,7935,15009,1100,1300,1,1,0,""
1524735,DATA,107.2,0.0,9299,8917,18010,1100,1300,1,1,0,""
1525235,DATA,107.2,0.0,8402,8698,13208,1100,1300,1,1,0,""
1525735,DATA,107.5,0.0,7352,7614,14408,1100,1300,1,1,0,""
1526235,DATA,107.5,0.0,6779,6875,13207,1100,1300,1,1,0,""
1526735,DATA,107.8,2.1,6629,6672,13207,1100,1300,1,1,0,""
1527235,DATA,107.5,-2.1,7658,7425,15607,1100,1300,1,1,0,""
1527735,DATA,107.8,0.0,7243,7405,12606,1100,1300,1,1,0,""
1528235,DATA,108.0,2.1,7308,7100,13208,1100,1300,1,1,0,""
1528735,DATA,108.0,0.0,7221,7400,12005,1100,1300,1,1,0,""
1529235,DATA,108.0,0.0,6908,6973,13808,1100,1300,1,1,0,""
1529735,DATA,108.0,0.0,8002,7539,16208,1100,1300,1,1,0,""
1530235,DATA,108.0,-2.1,11329,10645,24613,1100,1300,1,1,0,""
1530735,DATA,108.2,0.0,12853,12590,22814,1100,1300,1,1,0,""
1531235,DATA,108.2,0.0,9769,10656,15007,1100,1300,1,1,0,""
1531735,DATA,108.2,0.0,7358,7718,21009,1100,1300,1,1,0,""
1532235,DATA,108.5,2.1,7971,7965,15008,1100,1300,1,1,0,""
1532504,EVENT,108.2,-2.1,7683,7754,13201,1100,1300,1,1,0,"PUMP 1105"
1532735,DATA,108.2,-2.1,7343,7497,12608,1100,1300,1,1,0,""
1533235,DATA,108.5,0.0,7095,7145,12609,1102,1300,1,1,0,""
1533735,DATA,108.5,0.0,6883,6941,12006,1105,1300,1,1,0,""
1534235,DATA,108.5,-2.1,8371,7895,15012,1105,1300,1,1,0,""
1534735,DATA,109.0,0.0,8120,8292,11407,1105,1300,1,1,0,""
1535235,DATA,109.0,0.0,7912,7863,17409,1105,1300,1,1,0,""
1535735,DATA,109.2,0.0,8081,8025,22210,1105,1300,1,1,0,""
1536235,DATA,109.2,0.0,7414,7554,24613,1105,1300,1,1,0,""
1536735,DATA,109.2,0.0,7402,7356,15010,1105,1300,1,1,0,""
1537221,EVENT,109.5,0.0,7499,7318,18013,1105,1300,1,1,0,"PUMP 1110"
1537235,DATA,109.5,0.0,7499,7318,18013,1105,1300,1,1,0,""
1537445,EVENT,109.5,0.0,8752,8153,17404,1105,1300,1,1,0,"PUMP 1115"
1537735,DATA,109.5,0.0,8792,8810,10805,1106,1300,1,1,0,""
1538235,DATA,109.5,-2.1,7649,7879,11408,1110,1300,1,1,0,""
1538735,DATA,109.7,0.0,7347,7524,10208,1114,1300,1,1,0,""
1539235,DATA,110.0,0.0,7205,7074,12006,1115,1300,1,1,0,""
1539735,DATA,110.0,0.0,8305,7980,10205,1115,1300,1,1,0,""
1540235,DATA,110.2,0.0,9421,9047,11407,1115,1300,1,1,0,""
1540735,DATA,110.5,0.0,9008,9014,11406,1115,1300,1,1,0,""
1541235,DATA,110.7,0.0,9942,9812,12006,1115,1300,1,1,0,""
1541735,DATA,111.0,0.0,10135,9892,18010,1115,1300,1,1,0,""
1542235,DATA,111.2,2.1,10132,10481,15007,1115,1300,1,1,0,""
1542735,DATA,111.2,0.0,8505,8801,12607,1115,1300,1,1,0,""
1543235,DATA,111.5,2.1,10089,9829,16209,1115,1300,1,1,0,""
1543735,DATA,111.5,0.0,9968,10137,18010,1115,1300,1,1,0,""
1544235,DATA,111.5,0.0,11480,11086,15609,1115,1300,1,1,0,""
1544735,DATA,111.7,0.0,9827,10448,12605,1115,1300,1,1,0,""
1545235,DATA,112.0,2.1,9556,9568,15006,1115,1300,1,1,0,""
1545735,DATA,112.2,2.1,7686,8090,13207,1115,1300,1,1,0,""
1546235,DATA,112.0,-2.1,7905,7798,11405,1115,1300,1,1,0,""
1546735,DATA,112.2,-2.1,7922,7707,18009,1115,1300,1,1,0,""
1547235,DATA,112.5,0.0,10108,9401,22213,1115,1300,1,1,0,""
1547735,DATA,112.5,0.0,11226,11264,12006,1115,1300,1,1,0,""
1548235,DATA,112.7,2.1,9804,10206,11407,1115,1300,1,1,0,""
1548735,DATA,112.7,0.0,9415,9475,18010,1115,1300,1,1,0,""
1549235,DATA,113.0,0.0,9321,9179,18611,1115,1300,1,1,0,""
1549735,DATA,113.0,0.0,9741,9409,15608,1115,1300,1,1,0,""
1550235,DATA,113.3,0.0,10314,10122,18010,1115,1300,1,1,0,""
1550735,DATA,113.3,0.0,9882,9940,13807,1115,1300,1,1,0,""
1551235,DATA,113.5,2.1,9718,9939,15011,1115,1300,1,1,0,""
1551735,DATA,113.5,0.0,9599,9580,19808,1115,1300,1,1,0,""
1552235,DATA,113.5,0.0,10330,10363,16209,1115,1300,1,1,0,""
1552735,DATA,113.7,2.1,10728,10717,14407,1115,1300,1,1,0,""
1553235,DATA,113.5,-2.1,10146,10436,16809,1115,1300,1,1,0,""
1553735,DATA,113.7,0.0,9309,9630,10804,1115,1300,1,1,0,""
1554235,DATA,114.0,0.0,7576,7869,13809,1115,1300,1,1,0,""
1554735,DATA,114.0,0.0,6697,6876,10205,1115,1300,1,1,0,""
1555235,DATA,113.7,0.0,6463,6505,11406,1115,1300,1,1,0,""
1555735,DATA,114.0,0.0,6627,6627,7804,1115,1300,1,1,0,""
1556235,DATA,114.0,0.0,6691,6604,10807,1115,1300,1,1,0,""
1556522,EVENT,114.3,2.1,7145,7057,11399,1115,1300,1,1,0,"PUMP 1120"
1556735,DATA,114.3,0.0,7504,7303,15608,1115,1300,1,1,0,""
1556767,EVENT,114.3,0.0,7504,7303,15608,1115,1300,1,1,0,"PUMP 1125"
1556995,EVENT,114.3,0.0,8083,7805,13802,1116,1300,1,1,0,"PUMP 1130"
1557235,DATA,114.3,0.0,7561,7673,13810,1117,1300,1,1,0,""
1557735,DATA,114.3,-2.1,8083,8140,14409,1123,1300,1,1,0,""
1558235,DATA,114.5,0.0,8007,8076,13809,1129,1300,1,1,0,""
1558735,DATA,114.7,0.0,7125,7379,11407,1130,1300,1,1,0,""
1559235,DATA,115.0,0.0,7301,7377,15609,1130,1300,1,1,0,""
1559735,DATA,115.3,0.0,7389,7381,15009,1130,1300,1,1,0,""
1560235,DATA,115.7,0.0,7610,7603,13808,1130,1300,1,1,0,""
1560735,DATA,116.0,2.1,7220,7236,15009,1130,1300,1,1,0,""
1561235,DATA,116.0,0.0,7802,7903,13806,1130,1300,1,1,0,""
1561735,DATA,116.5,2.1,7663,7577,14408,1130,1300,1,1,0,""
1562235,DATA,116.5,0.0,9052,8905,15607,1130,1300,1,1,0,""
1562735,DATA,116.7,0.0,9417,9065,24614,1130,1300,1,1,0,""
1563235,DATA,117.0,2.1,8172,8701,10805,1130,1300,1,1,0,""
1563735,DATA,117.3,2.1,7193,7372,12469,1130,1300,1,1,0,""
1564235,DATA,117.3,0.0,6853,7001,17812,1130,1300,1,1,0,""
1564735,DATA,117.5,0.0,7924,7604,16623,1130,1300,1,1,0,""
1565235,DATA,117.7,0.0,8583,8387,16625,1130,1300,1,1,0,""
1565735,DATA,118.0,0.0,8672,8606,14250,1130,1300,1,1,0,""
1566235,DATA,118.0,0.0,7649,7826,14251,1130,1300,1,1,0,""
1566735,DATA,118.5,2.1,7788,7864,16624,1130,1300,1,1,0,""
1567235,DATA,118.5,0.0,7041,7140,13657,1130,1300,1,1,0,""
1567735,DATA,118.7,2.1,8033,7635,13656,1130,1300,1,1,0,""
1568235,DATA,118.7,0.0,8092,8152,11874,1130,1300,1,1,0,""
1568735,DATA,119.3,4.0,6867,7093,14249,1130,1300,1,1,0,""
1569235,DATA,119.0,-2.1,6994,6979,8907,1130,1300,1,1,0,""
1569735,DATA,119.5,0.0,6672,6723,13061,1130,1300,1,1,0,""
1570235,DATA,119.5,0.0,7073,7128,11281,1130,1300,1,1,0,""
1570735,DATA,119.7,0.0,7200,7180,10688,1130,1300,1,1,0,""
1571235,DATA,119.7,0.0,6869,6832,11876,1130,1300,1,1,0,""
1571735,DATA,119.7,-2.0,7067,7041,13657,1130,1300,1,1,0,""
1572235,DATA,120.0,0.0,6931,7066,12470,1130,1300,1,1,0,""
1572735,DATA,120.3,0.0,6615,6677,8906,1130,1300,1,1,0,""
1573235,DATA,120.5,0.0,6771,6754,10687,1130,1300,1,1,0,""
1573262,EVENT,120.5,0.0,6694,6727,9605,1130,1300,1,1,1,"VALVE2 ON"
1573735,DATA,120.5,0.0,6754,6671,10094,1130,1300,1,1,1,""
1574235,DATA,120.7,0.0,6575,6619,10688,1130,1300,1,1,1,""
1574735,DATA,120.7,0.0,6701,6599,11876,1130,1300,1,1,1,""
1575235,DATA,121.0,2.1,6536,6583,9501,1130,1300,1,1,1,""
1575735,DATA,121.0,0.0,7304,7032,8906,1130,1300,1,1,1,""
1575778,EVENT,121.0,0.0,7415,7205,12604,1130,1300,1,1,1,"PUMP 1135"
1575927,EVENT,121.0,0.0,7292,7244,9000,1130,1300,1,1,1,"PUMP 1140"
1576136,EVENT,121.3,0.0,6939,7075,9602,1131,1300,1,1,1,"PUMP 1145"
1576235,DATA,121.3,0.0,6805,6954,9498,1131,1300,1,1,1,""
1576735,DATA,121.3,0.0,6518,6572,12468,1136,1300,1,1,1,""
1577235,DATA,121.5,0.0,6643,6555,11874,1143,1300,1,1,1,""
1577735,DATA,121.5,0.0,6535,6567,9500,1145,1300,1,1,1,""
1578235,DATA,122.0,0.0,6483,6495,8907,1145,1300,1,1,1,""
1578735,DATA,122.2,2.1,6594,6558,8312,1145,1300,1,1,1,""
1579235,DATA,122.7,2.1,6716,6747,10095,1145,1300,1,1,1,""
1579735,DATA,122.7,0.0,6906,6796,10686,1145,1300,1,1,1,""
1580735,DATA,123.5,2.0,7602,7263,10093,1145,1300,1,1,1,""
1581235,DATA,123.7,2.1,6813,6983,10093,1145,1300,1,1,1,""
1581735,DATA,123.7,0.0,6643,6727,10093,1145,1300,1,1,1,""
1582235,DATA,124.0,0.0,6524,6551,10094,1145,1300,1,1,1,""
1582735,DATA,124.2,0.0,6648,6637,8312,1145,1300,1,1,1,""
1583235,DATA,124.5,0.0,6902,6937,7126,1145,1300,1,1,1,""
1583735,DATA,124.7,2.0,6771,6722,11282,1145,1300,1,1,1,""
1584235,DATA,124.7,0.0,7341,7092,10094,1145,1300,1,1,1,""
1584297,EVENT,125.0,2.1,7528,7288,10205,1145,1300,1,1,1,"PUMP 1150"
1584526,EVENT,125.0,2.1,7429,7381,11401,1145,1300,1,1,1,"PUMP 1155"
1584735,DATA,125.0,0.0,7090,7224,10689,1146,1300,1,1,1,""
1585235,DATA,125.2,0.0,8766,8106,12467,1150,1300,1,1,1,""
1585735,DATA,125.5,0.0,10399,10396,13061,1154,1300,1,1,1,""
1586235,DATA,125.8,0.0,7515,8062,12469,1155,1300,1,1,1,""
1586735,DATA,126.0,0.0,7334,7182,10688,1155,1300,1,1,1,""
1587235,DATA,126.2,0.0,7105,7152,13656,1155,1300,1,1,1,""
1587735,DATA,126.8,0.0,6690,6799,10094,1155,1300,1,1,1,""
1588235,DATA,127.0,2.1,6979,7003,14843,1155,1300,1,1,1,""
1588735,DATA,127.2,2.1,7335,7314,12468,1155,1300,1,1,1,""
1589235,DATA,127.2,0.0,7127,7031,12468,1155,1300,1,1,1,""
1589735,DATA,127.8,2.0,8002,7755,11876,1155,1300,1,1,1,""
1590235,DATA,127.8,0.0,6950,7188,10688,1155,1300,1,1,1,""
1590735,DATA,128.0,0.0,7234,7302,8907,1155,1300,1,1,1,""
1591235,DATA,128.3,0.0,7516,7530,8905,1155,1300,1,1,1,""
1591735,DATA,128.8,2.1,7210,7281,11877,1155,1300,1,1,1,""
1592235,DATA,128.8,0.0,8251,7983,12471,1155,1300,1,1,1,""
1592735,DATA,129.0,0.0,9279,9024,11874,1155,1300,1,1,1,""
1593235,DATA,129.3,2.1,10506,10319,9500,1155,1300,1,1,1,""
1593735,DATA,129.5,0.0,9027,9407,13061,1155,1300,1,1,1,""
1594235,DATA,129.5,0.0,8759,8732,14251,1155,1300,1,1,1,""
1594735,DATA,129.8,0.0,8703,8979,13064,1155,1300,1,1,1,""
1595235,DATA,130.0,0.0,7512,7791,11876,1155,1300,1,1,1,""
1595735,DATA,130.0,0.0,7811,7620,11876,1155,1300,1,1,1,""
1596235,DATA,130.5,2.1,9726,9400,11875,1155,1300,1,1,1,""
1596735,DATA,130.5,0.0,8577,8957,11282,1155,1300,1,1,1,""
1597235,DATA,130.8,0.0,7628,7838,14249,1155,1300,1,1,1,""
1597735,DATA,130.8,0.0,8167,8192,10093,1155,1300,1,1,1,""
1598235,DATA,131.0,2.1,7996,7815,10095,1155,1300,1,1,1,""
1598735,DATA,131.0,0.0,7311,7589,13658,1155,1300,1,1,1,""
1599235,DATA,131.3,0.0,7153,7277,10095,1155,1300,1,1,1,""
1599735,DATA,131.3,0.0,7154,7278,13064,1155,1300,1,1,1,""
1600235,DATA,131.5,0.0,6764,6820,12470,1155,1300,1,1,1,""
1600735,DATA,131.8,2.1,8627,8116,11281,1155,1300,1,1,1,""
1601235,DATA,131.8,0.0,10143,9756,10687,1155,1300,1,1,1,""
1601735,DATA,132.0,2.0,8402,8897,13062,1155,1300,1,1,1,""
1602235,DATA,132.0,0.0,8897,8719,13062,1155,1300,1,1,1,""
1602735,DATA,132.3,0.0,7333,7718,13657,1155,1300,1,1,1,""
1603235,DATA,132.8,0.0,7688,7470,11875,1155,1300,1,1,1,""
1603735,DATA,133.0,0.0,8150,8066,13658,1155,1300,1,1,1,""
1604235,DATA,133.3,2.1,8117,8137,11283,1155,1300,1,1,1,""
1604735,DATA,133.3,0.0,8115,8222,13657,1155,1300,1,1,1,""
1605235,DATA,133.3,0.0,7948,8051,14251,1155,1300,1,1,1,""
1605735,DATA,133.5,0.0,8550,8524,14844,1155,1300,1,1,1,""
1606235,DATA,134.0,2.1,7271,7454,11282,1155,1300,1,1,1,""
1606357,EVENT,134.0,0.0,7222,7349,15608,1155,1300,1,1,1,"PUMP 1160"
1606692,EVENT,134.0,-2.1,7599,7527,9000,1156,1300,1,1,1,"PUMP 1165"
1606735,DATA,134.0,-2.1,7583,7552,19591,1156,1300,1,1,1,""
1607235,DATA,134.3,0.0,8087,7993,13062,1159,1300,1,1,1,""
1607735,DATA,134.5,0.0,8033,8208,18404,1163,1300,1,1,1,""
1608235,DATA,134.8,2.1,7537,7781,13656,1165,1300,1,1,1,""
1608735,DATA,135.0,2.1,8357,8006,11874,1165,1300,1,1,1,""
1609235,DATA,135.3,2.1,8182,8403,15437,1165,1300,1,1,1,""
1609735,DATA,135.5,0.0,8408,8324,14251,1165,1300,1,1,1,""
1610235,DATA,135.8,0.0,7219,7495,11876,1165,1300,1,1,1,""
1610735,DATA,136.0,0.0,8762,8400,14250,1165,1300,1,1,1,""
1611235,DATA,136.5,0.0,8133,8210,17219,1165,1300,1,1,1,""
1611735,DATA,136.5,0.0,8646,8799,11283,1165,1300,1,1,1,""
1612235,DATA,136.8,0.0,8328,8086,12469,1165,1300,1,1,1,""
1612735,DATA,137.0,2.1,9645,9396,12469,1165,1300,1,1,1,""
1613235,DATA,137.0,0.0,10455,10171,14252,1165,1300,1,1,1,""
1613736,DATA,137.0,0.0,9753,9862,16623,1165,1300,1,1,1,""
1614237,DATA,137.3,2.1,11179,11047,24935,1165,1300,1,1,1,""
1614738,DATA,137.0,0.0,9128,9832,11875,1165,1300,1,1,1,""
1615239,DATA,137.0,0.0,7393,7639,14845,1165,1300,1,1,1,""
1615740,DATA,138.0,2.1,7966,8079,10094,1165,1300,1,1,1,""
1616241,DATA,138.5,0.0,7953,7759,17219,1165,1300,1,1,1,""
1616742,DATA,138.8,2.0,9527,9198,9499,1165,1300,1,1,1,""
1617243,DATA,138.8,2.1,9285,9182,15438,1165,1300,1,1,1,""
1617744,DATA,138.8,0.0,9679,9693,14845,1165,1300,1,1,1,""
1618245,DATA,138.8,0.0,8827,9155,14844,1165,1300,1,1,1,""
1618746,DATA,139.0,0.0,9334,9203,14250,1165,1300,1,1,1,""
1619247,DATA,139.0,0.0,8314,8549,11282,1165,1300,1,1,1,""
1619748,DATA,139.3,2.0,10345,9982,14250,1165,1300,1,1,1,""
1620249,DATA,139.3,0.0,8782,9260,10686,1165,1300,1,1,1,""
1620750,DATA,139.3,0.0,8845,8804,12469,1165,1300,1,1,1,""
1621251,DATA,139.3,0.0,8067,8224,11875,1165,1300,1,1,1,""
1621752,DATA,139.3,0.0,7829,7799,9501,1165,1300,1,1,1,""
1622253,DATA,139.5,2.1,8172,7835,11282,1165,1300,1,1,1,""
1622754,DATA,139.5,0.0,9913,9563,14844,1165,1300,1,1,1,""
1623255,DATA,139.8,2.1,9149,9431,14252,1165,1300,1,1,1,""
1623756,DATA,139.5,-2.1,7923,8175,8312,1165,1300,1,1,1,""
1624257,DATA,139.8,0.0,7700,7557,10688,1165,1300,1,1,1,""
1624758,DATA,140.0,0.0,8191,8035,13063,1165,1300,1,1,1,""
1625259,DATA,140.0,2.1,8895,8887,10688,1165,1300,1,1,1,""
1625760,DATA,140.0,0.0,7180,7563,10688,1165,1300,1,1,1,""
1626261,DATA,140.0,0.0,8027,7614,11281,1165,1300,1,1,1,""
1626762,DATA,140.0,-2.1,9062,8754,13657,1165,1300,1,1,1,""
1627263,DATA,140.3,0.0,9684,9488,11281,1165,1300,1,1,1,""
1627764,DATA,140.3,0.0,9473,9597,12470,1165,1300,1,1,1,""
1628265,DATA,140.3,0.0,9050,9311,13062,1165,1300,1,1,1,""
1628766,DATA,140.5,0.0,9188,9161,11281,1165,1300,1,1,1,""
1629267,DATA,140.5,0.0,9038,8937,11280,1165,1300,1,1,1,""
1629768,DATA,140.5,0.0,8201,8288,13062,1165,1300,1,1,1,""
1630269,DATA,140.5,0.0,7705,7876,16625,1165,1300,1,1,1,""
1630770,DATA,140.5,0.0,7814,7781,9499,1165,1300,1,1,1,""
1631271,DATA,140.5,0.0,8815,8585,13061,1165,1300,1,1,1,""
1631772,DATA,140.5,0.0,8898,9151,12467,1165,1300,1,1,1,""
1632273,DATA,140.5,0.0,7530,7744,10688,1165,1300,1,1,1,""
1632774,DATA,140.5,0.0,7258,7220,12468,1165,1300,1,1,1,""
1633275,DATA,140.5,0.0,7735,7638,14251,1165,1300,1,1,1,""
1633776,DATA,140.5,-2.1,7875,7727,11873,1165,1300,1,1,1,""
1634277,DATA,140.5,-2.1,8541,8345,17220,1165,1300,1,1,1,""
1634778,DATA,140.5,0.0,8987,9131,14249,1165,1300,1,1,1,""
1635279,DATA,140.5,0.0,7402,7651,14251,1165,1300,1,1,1,""
1635780,DATA,140.5,0.0,7146,7189,12468,1165,1300,1,1,1,""
1636281,DATA,140.5,0.0,8386,8286,13654,1165,1300,1,1,1,""
1636782,DATA,140.5,0.0,7238,7414,12470,1165,1300,1,1,1,""
1637283,DATA,140.5,0.0,8276,8076,16626,1165,1300,1,1,1,""
1637624,EVENT,140.5,0.0,7584,7829,19200,1165,1300,1,1,1,"PUMP 1170"
1637784,DATA,140.5,0.0,7237,7451,14846,1165,1300,1,1,1,""
1638285,DATA,140.3,0.0,7237,7214,14841,1167,1300,1,1,1,""
1638786,DATA,140.5,0.0,7377,7215,14248,1169,1300,1,1,1,""
1638997,EVENT,140.8,2.1,8043,7738,12000,1170,1300,1,1,1,"PUMP 1174"
1639287,DATA,140.8,0.0,7560,7663,16031,1170,1300,1,1,1,""
1639788,DATA,140.8,0.0,8007,7789,11873,1172,1300,1,1,1,""
1640289,DATA,141.0,2.1,8366,8195,13061,1174,1300,1,1,1,""
1640790,DATA,140.8,0.0,8791,8570,13656,1174,1300,1,1,1,""
1641291,DATA,140.8,0.0,7992,8054,15438,1174,1300,1,1,1,""
1641792,DATA,140.8,0.0,8317,8407,10092,1174,1300,1,1,1,""
1642293,DATA,140.8,0.0,7583,7649,15439,1174,1300,1,1,1,""
1642794,DATA,140.8,0.0,8003,8146,13062,1174,1300,1,1,1,""
1643295,DATA,140.8,0.0,7591,7726,15437,1174,1300,1,1,1,""
1643796,DATA,140.8,0.0,9233,8777,13064,1174,1300,1,1,1,""
1644297,DATA,140.8,0.0,8947,9090,14842,1174,1300,1,1,1,""
1644798,DATA,140.8,-2.1,8316,8396,17810,1174,1300,1,1,1,""
1645299,DATA,140.8,-2.1,7273,7493,12469,1174,1300,1,1,1,""
1645800,DATA,141.0,0.0,7527,7403,15438,1174,1300,1,1,1,""
1646301,DATA,141.0,0.0,8424,8335,9500,1174,1300,1,1,1,""
1646802,DATA,141.5,2.0,7245,7470,14250,1174,1300,1,1,1,""
1647303,DATA,141.3,0.0,7319,7186,16033,1174,1300,1,1,1,""
1647804,DATA,141.3,-2.1,7601,7639,15436,1174,1300,1,1,1,""
1648305,DATA,141.3,0.0,9243,8896,8907,1174,1300,1,1,1,""
1648806,DATA,141.3,0.0,7830,8082,10094,1174,1300,1,1,1,""
1649307,DATA,141.3,0.0,8155,7926,13658,1174,1300,1,1,1,""
1649808,DATA,141.3,0.0,8566,8506,13656,1174,1300,1,1,1,""
1650309,DATA,141.3,0.0,8103,8310,10688,1174,1300,1,1,1,""
1650810,DATA,141.0,-2.1,7541,7766,11876,1174,1300,1,1,1,""
1651241,EVENT,141.0,0.0,7318,7285,11402,1174,1300,1,1,1,"PUMP 1179"
1651311,DATA,141.0,0.0,7342,7311,7717,1174,1300,1,1,1,""
1651812,DATA,141.0,-2.1,6956,6987,17217,1176,1300,1,1,1,""
1652313,DATA,141.3,0.0,7072,7061,7717,1178,1300,1,1,1,""
1652814,DATA,141.8,2.0,7417,7477,11873,1179,1300,1,1,1,""
1653315,DATA,142.3,0.0,7235,7307,15437,1179,1300,1,1,1,""
1653816,DATA,142.3,0.0,6638,6734,12468,1179,1300,1,1,1,""
1654317,DATA,142.0,-2.1,7975,7784,10093,1179,1300,1,1,1,""
1654818,DATA,142.0,0.0,7159,7411,10687,1179,1300,1,1,1,""
1655319,DATA,142.0,0.0,6754,6747,15437,1179,1300,1,1,1,""
1655630,EVENT,141.8,0.0,7363,7238,9599,1179,1300,1,1,1,"PUMP 1184"
1655820,DATA,141.8,-2.0,7059,7156,10094,1179,1300,1,1,1,""
1656321,DATA,141.8,0.0,6933,6909,16029,1181,1300,1,1,1,""
1656822,DATA,141.8,0.0,7756,7693,11874,1183,1300,1,1,1,""
1657323,DATA,141.8,0.0,6975,7013,14249,1184,1300,1,1,1,""
1657824,DATA,141.8,0.0,6960,6985,12468,1184,1300,1,1,1,""
1658325,DATA,142.3,0.0,6476,6573,10094,1184,1300,1,1,1,""
1658826,DATA,142.3,0.0,7316,7041,14843,1184,1300,1,1,1,""
1659327,DATA,142.3,-2.1,6792,6956,11282,1184,1300,1,1,1,""
1659828,DATA,142.3,0.0,8143,7758,11280,1184,1300,1,1,1,""
1660329,DATA,142.3,0.0,7283,7440,8907,1184,1300,1,1,1,""
1660830,DATA,142.3,0.0,6984,6964,20784,1184,1300,1,1,1,""
1661331,DATA,142.3,0.0,7117,7236,11281,1184,1300,1,1,1,""
1661657,EVENT,142.3,0.0,6568,6788,10200,1184,1300,1,1,1,"PUMP 1179"
1661832,DATA,142.3,0.0,6624,6658,17221,1184,1300,1,1,1,""
1662333,DATA,142.3,0.0,7402,7405,11280,1182,1300,1,1,1,""
1662834,DATA,142.3,0.0,6739,6907,12468,1180,1300,1,1,1,""
1662974,EVENT,142.3,0.0,6650,6791,7803,1179,1300,1,1,1,"STARTER 1320"
1663335,DATA,142.3,0.0,6991,6841,8499,1179,1310,1,1,1,""
1663835,DATA,142.3,0.0,7060,6878,11407,1179,1318,1,1,1,""
1664335,DATA,142.3,0.0,8913,8502,16189,1179,1320,1,1,1,""
1664835,DATA,142.0,0.0,7971,8196,12001,1179,1320,1,1,1,""
1665335,DATA,141.8,-2.1,8146,8021,14398,1179,1320,1,1,1,""
1665835,DATA,141.8,0.0,8387,8476,13200,1179,1320,1,1,1,""
1666335,DATA,141.5,0.0,7541,7662,10200,1179,1320,1,1,1,""
1666835,DATA,141.3,-2.1,8084,8009,15601,1179,1320,1,1,1,""
1667335,DATA,141.3,-2.1,7997,8067,17399,1179,1320,1,1,1,""
1667835,DATA,141.3,0.0,9453,8999,19198,1179,1320,1,1,1,""
1668335,DATA,141.3,0.0,8750,8983,15599,1179,1320,1,1,1,""
1668835,DATA,141.0,0.0,10119,9524,15000,1179,1320,1,1,1,""
1669155,EVENT,140.8,-2.1,10702,10543,12600,1179,1320,1,1,1,"STARTER 1300"
1669355,DATA,140.8,0.0,9572,10033,15600,1179,1314,1,1,1,""
1669855,DATA,140.8,0.0,6161,6751,18001,1179,1304,1,1,1,""
1670355,DATA,140.8,0.0,8464,7763,17998,1179,1300,1,1,1,""
1670855,DATA,140.5,0.0,10151,10003,19801,1179,1300,1,1,1,""
1671179,EVENT,140.3,-2.1,10379,10198,16202,1179,1300,1,1,1,"PUMP 1184"
1671355,DATA,140.5,0.0,10447,10310,17996,1179,1300,1,1,1,""
1671855,DATA,140.3,0.0,8415,8851,13800,1181,1300,1,1,1,""
1672174,EVENT,140.3,0.0,8639,8585,15001,1183,1300,1,1,1,"PUMP 1189"
1672355,DATA,140.3,0.0,8863,8770,18024,1183,1300,1,1,1,""
1672823,EVENT,140.3,0.0,8053,8335,19200,1185,1300,1,1,1,"PUMP 1194"
1672855,DATA,140.3,0.0,8053,8335,19200,1185,1300,1,1,1,""
1673355,DATA,140.0,-2.1,9030,8700,14399,1188,1300,1,1,1,""
1673496,EVENT,140.3,2.1,9256,9098,19815,1189,1300,1,1,1,"PUMP 1199"
1673855,DATA,140.0,0.0,8874,9063,16798,1190,1300,1,1,1,""
1674355,DATA,140.0,-2.1,8992,8961,14401,1195,1300,1,1,1,""
1674855,DATA,140.3,2.1,9675,9651,12601,1199,1300,1,1,1,""
1675355,DATA,140.3,0.0,9223,9128,15601,1199,1300,1,1,1,""
1675855,DATA,140.3,0.0,11692,11313,17401,1199,1300,1,1,1,""
1676355,DATA,141.3,2.1,10995,11045,15599,1199,1300,1,1,1,""
1676855,DATA,141.5,0.0,10518,10540,12000,1199,1300,1,1,1,""
1677355,DATA,141.5,-2.1,9874,9780,18602,1199,1300,1,1,1,""
1677855,DATA,141.8,0.0,9004,9414,14400,1199,1300,1,1,1,""
1678355,DATA,141.8,2.1,9557,9213,25200,1199,1300,1,1,1,""
1678855,DATA,141.5,0.0,10528,10173,24001,1199,1300,1,1,1,""
1679355,DATA,141.5,0.0,10128,10214,16800,1199,1300,1,1,1,""
1679855,DATA,141.5,0.0,12358,11889,16801,1199,1300,1,1,1,""
1680355,DATA,141.5,0.0,10297,11028,12000,1199,1300,1,1,1,""
1680855,DATA,141.3,-2.1,10599,10354,14401,1199,1300,1,1,1,""
1681143,EVENT,141.5,2.1,10773,10779,16200,1199,1300,1,1,0,"VALVE2 OFF"
1681355,DATA,141.5,0.0,9591,10122,12601,1199,1300,1,1,0,""
1681855,DATA,142.0,2.1,9443,9218,16200,1199,1300,1,1,0,""
1682355,DATA,142.3,0.0,10612,10434,14399,1199,1300,1,1,0,""
1682855,DATA,142.0,0.0,10834,10731,18002,1199,1300,1,1,0,""
1683355,DATA,142.0,0.0,8229,8877,10201,1199,1300,1,1,0,""
1683855,DATA,141.8,0.0,8458,8092,14402,1199,1300,1,1,0,""
1684355,DATA,141.8,0.0,7787,8152,9599,1199,1300,1,1,0,""
1684855,DATA,141.8,0.0,7396,7320,18000,1199,1300,1,1,0,""
1685355,DATA,141.8,0.0,8397,8272,8401,1199,1300,1,1,0,""
1685855,DATA,141.8,0.0,7051,7248,16799,1199,1300,1,1,0,""
1686355,DATA,142.3,2.1,8225,8131,14399,1199,1300,1,1,0,""
1686855,DATA,142.5,0.0,7368,7386,19798,1199,1300,1,1,0,""
1687355,DATA,142.5,0.0,8856,8623,13800,1199,1300,1,1,0,""
1687697,EVENT,142.3,0.0,7843,8119,14999,1199,1300,1,1,0,"PUMP 1194"
1687855,DATA,142.3,0.0,7400,7649,15602,1199,1300,1,1,0,""
1687860,EVENT,142.3,0.0,7400,7649,15602,1199,1300,1,1,0,"PUMP 1189"
1688092,EVENT,142.3,0.0,7579,7597,15612,1198,1300,1,1,0,"PUMP 1184"
1688355,DATA,142.3,0.0,8138,7865,14400,1197,1300,1,1,0,""
1688855,DATA,142.0,0.0,8160,8361,11401,1191,1300,1,1,0,""
1689355,DATA,142.0,2.1,7833,8014,12000,1185,1300,1,1,0,""
1689855,DATA,141.8,0.0,7857,7843,15000,1184,1300,1,1,0,""
1690355,DATA,141.8,0.0,8755,8350,14398,1184,1300,1,1,0,""
1690855,DATA,141.5,0.0,8780,8932,10799,1184,1300,1,1,0,""
1691355,DATA,141.3,0.0,8764,8654,17399,1184,1300,1,1,0,""
1691855,DATA,141.3,0.0,7733,8012,15000,1184,1300,1,1,0,""
1692355,DATA,141.0,0.0,8270,8095,14399,1184,1300,1,1,0,""
1692855,DATA,141.0,0.0,9635,9450,13800,1184,1300,1,1,0,""
1693355,DATA,141.0,2.1,8417,8551,15001,1184,1300,1,1,0,""
1693855,DATA,140.8,2.1,9442,9310,13199,1184,1300,1,1,0,""
1694355,DATA,140.3,-2.1,8029,8199,18597,1184,1300,1,1,0,""
1694855,DATA,140.5,2.1,8617,8739,12601,1184,1300,1,1,0,""
1695355,DATA,140.3,0.0,7613,7731,15598,1184,1300,1,1,0,""
1695855,DATA,140.3,0.0,7553,7758,12599,1184,1300,1,1,0,""
1696355,DATA,139.8,-2.1,7479,7349,12599,1184,1300,1,1,0,""
1696855,DATA,139.8,2.1,8388,8135,15600,1184,1300,1,1,0,""
1697355,DATA,139.5,0.0,7623,7979,13800,1184,1300,1,1,0,""
1697855,DATA,139.3,0.0,7020,7105,12600,1184,1300,1,1,0,""
1698355,DATA,139.0,0.0,8148,8013,16799,1184,1300,1,1,0,""
1698855,DATA,139.0,0.0,10217,9732,13799,1184,1300,1,1,0,""
1699355,DATA,138.8,0.0,9909,10260,14399,1184,1300,1,1,0,""
1699855,DATA,138.8,0.0,8983,9253,13801,1184,1300,1,1,0,""
1700355,DATA,138.8,0.0,7886,8155,13800,1184,1300,1,1,0,""
1700855,DATA,138.8,0.0,8230,8217,10801,1184,1300,1,1,0,""
1701355,DATA,138.5,0.0,7144,7358,15002,1184,1300,1,1,0,""
1701855,DATA,138.3,-2.1,6843,6817,16801,1184,1300,1,1,0,""
1702355,DATA,138.3,0.0,6733,6749,14398,1184,1300,1,1,0,""
1702772,EVENT,138.0,0.0,7475,7216,15601,1184,1300,1,1,0,"PUMP 1189"
1702855,DATA,138.0,0.0,7453,7323,18598,1184,1300,1,1,0,""
1703355,DATA,137.8,0.0,7161,7252,13200,1186,1300,1,1,0,""
1703855,DATA,137.5,-2.1,7927,8011,9001,1188,1300,1,1,0,""
1703948,EVENT,137.5,0.0,7549,7803,11277,1188,1300,1,1,0,"PUMP 1194"
1704355,DATA,137.5,0.0,7148,7259,9600,1189,1300,1,1,0,""
1704855,DATA,137.3,0.0,8043,7867,15600,1192,1300,1,1,0,""
1705355,DATA,137.0,-2.1,8643,8587,14998,1194,1300,1,1,0,""
1705855,DATA,137.0,0.0,7374,7727,11999,1194,1300,1,1,0,""
1706060,EVENT,137.0,0.0,7070,7297,15609,1194,1300,1,1,0,"PUMP 1189"
1706242,EVENT,137.0,0.0,7441,7320,23403,1194,1300,1,1,0,"PUMP 1184"
1706355,DATA,136.8,-2.1,7986,7620,17399,1194,1300,1,1,0,""
1706402,EVENT,136.8,-2.1,7986,7620,17399,1194,1300,1,1,0,"PUMP 1174"
1706599,EVENT,137.0,2.1,8267,8078,13810,1193,1300,1,1,0,"PUMP 1169"
1706831,EVENT,136.8,0.0,7779,7953,9600,1191,1300,1,1,0,"PUMP 1164"
1706855,DATA,136.8,0.0,7430,7718,15600,1191,1300,1,1,0,""
1707355,DATA,136.5,-2.1,7867,7551,16801,1183,1300,1,1,0,""
1707855,DATA,136.5,0.0,7925,7925,13201,1170,1300,1,1,0,""
1708355,DATA,136.3,0.0,8094,7812,18000,1164,1300,1,1,0,""
1708855,DATA,136.0,-2.1,9537,9305,16200,1164,1300,1,1,0,""
1709355,DATA,135.8,0.0,7938,8117,16801,1164,1300,1,1,0,""
1709855,DATA,135.3,0.0,8347,8363,16801,1164,1300,1,1,0,""
1710355,DATA,135.0,0.0,9104,9188,15600,1164,1300,1,1,0,""
1710855,DATA,134.8,0.0,7290,7561,13799,1164,1300,1,1,0,""
1711074,EVENT,134.5,0.0,8070,7787,12008,1164,1300,1,1,0,"PUMP 1169"
1711280,EVENT,134.5,0.0,8332,8176,13202,1164,1300,1,1,0,"PUMP 1174"
1711355,DATA,134.5,0.0,8156,8167,12597,1164,1300,1,1,0,""
1711407,EVENT,134.3,-2.1,8156,8167,12597,1164,1300,1,1,0,"PUMP 1179"
1711579,EVENT,134.0,-2.1,8293,8227,11408,1165,1300,1,1,0,"PUMP 1184"
1711709,EVENT,134.0,0.0,8625,8406,14398,1165,1300,1,1,0,"PUMP 1189"
1711843,EVENT,134.0,0.0,9159,8745,11999,1166,1300,1,1,0,"PUMP 1194"
1711855,DATA,134.0,0.0,9451,9062,13202,1166,1300,1,1,0,""
1712071,EVENT,134.0,0.0,10148,9740,14413,1168,1300,1,1,0,"PUMP 1199"
1712243,EVENT,133.8,-2.1,10183,9940,8999,1169,1300,1,1,0,"PUMP 1204"
1712355,DATA,133.8,0.0,9388,9685,12602,1170,1300,1,1,0,""
1712855,DATA,133.5,0.0,8733,8798,13800,1181,1300,1,1,0,""
1713375,DATA,133.5,0.0,7632,8191,1500,1198,1300,1,1,0,""
1713875,DATA,133.0,0.0,5693,6048,14401,1204,1300,1,1,0,""
1714375,DATA,133.0,0.0,7492,7125,12599,1204,1300,1,1,0,""
1714875,DATA,133.0,0.0,9565,9104,12002,1204,1300,1,1,0,""
1715375,DATA,133.0,0.0,8157,8379,17402,1204,1300,1,1,0,""
1715875,DATA,133.0,0.0,11261,10497,13201,1204,1300,1,1,0,""
1716375,DATA,133.0,0.0,9584,10193,14400,1204,1300,1,1,0,""
1716875,DATA,133.0,0.0,10198,9863,15002,1204,1300,1,1,0,""
1717138,EVENT,133.0,0.0,10245,10164,10200,1204,1300,1,1,0,"PUMP 1209"
1717327,EVENT,133.0,0.0,9594,9822,12602,1204,1300,1,1,0,"PUMP 1214"
1717375,DATA,133.0,0.0,9680,9758,13200,1204,1300,1,1,0,""
1717469,EVENT,133.0,0.0,10057,9892,14401,1204,1300,1,1,0,"PUMP 1219"
1717635,EVENT,133.0,0.0,10245,10051,11398,1205,1300,1,1,0,"PUMP 1224"
1717780,EVENT,133.0,0.0,9735,9929,15003,1205,1300,1,1,0,"PUMP 1229"
1717875,DATA,132.8,-2.1,9110,9560,11998,1205,1300,1,1,0,""
1718375,DATA,132.8,0.0,7259,7574,13201,1213,1300,1,1,0,""
1718875,DATA,132.8,0.0,8778,8395,12601,1225,1300,1,1,0,""
1719375,DATA,132.8,2.1,7234,7634,12000,1229,1300,1,1,0,""
1719875,DATA,132.8,2.1,7796,7556,13799,1229,1300,1,1,0,""
1720375,DATA,133.0,2.1,7006,7254,9600,1229,1300,1,1,0,""
1720875,DATA,133.0,0.0,7800,7566,12001,1229,1300,1,1,0,""
1721375,DATA,133.3,2.1,8072,8249,10801,1229,1300,1,1,0,""
1721875,DATA,133.3,0.0,8548,8255,9600,1229,1300,1,1,0,""
1722375,DATA,133.5,2.1,7455,7740,9600,1229,1300,1,1,0,""
1722875,DATA,133.5,2.1,7207,7073,9600,1229,1300,1,1,0,""
1723375,DATA,133.5,0.0,6841,6962,7200,1229,1300,1,1,0,""
1723875,DATA,133.8,2.1,6977,6945,11399,1229,1300,1,1,0,""
1723885,EVENT,133.8,2.1,6977,6945,11399,1229,1300,1,1,0,"PUMP 1234"
1724032,EVENT,133.5,-2.1,6931,6939,13800,1229,1300,1,1,0,"PUMP 1239"
1724192,EVENT,133.8,2.1,6825,6876,11401,1229,1300,1,1,0,"PUMP 1244"
1724375,DATA,133.8,0.0,6699,6771,12003,1230,1300,1,1,0,""
1724393,EVENT,133.8,0.0,6699,6771,12003,1230,1300,1,1,0,"PUMP 1249"
1724550,EVENT,133.8,0.0,6592,6690,10198,1231,1300,1,1,0,"PUMP 1254"
1724875,DATA,133.8,0.0,6535,6544,10801,1234,1300,1,1,0,""
1725375,DATA,134.0,0.0,7332,7114,9600,1244,1300,1,1,0,""
1725875,DATA,134.3,2.1,6956,7013,11400,1253,1300,1,1,0,""
1726375,DATA,134.5,2.1,7948,7836,11399,1254,1300,1,1,0,""
1726875,DATA,134.8,0.0,8152,8130,12601,1254,1300,1,1,0,""
1727375,DATA,135.0,0.0,8362,8287,11399,1254,1300,1,1,0,""
1727875,DATA,135.3,2.1,8386,8421,12600,1254,1300,1,1,0,""
1728375,DATA,135.5,2.1,6840,7131,10200,1254,1300,1,1,0,""
1728875,DATA,135.5,0.0,8144,7714,8400,1254,1300,1,1,0,""
1728974,EVENT,135.5,0.0,8150,7910,10198,1254,1300,1,1,0,"PUMP 1259"
1729177,EVENT,135.8,2.1,7694,7795,12001,1254,1300,1,1,0,"PUMP 1264"
1729315,EVENT,135.8,0.0,7729,7765,8998,1254,1300,1,1,0,"PUMP 1269"
1729375,DATA,135.8,0.0,7603,7692,13201,1254,1300,1,1,0,""
1729483,EVENT,135.8,0.0,7353,7540,10200,1255,1300,1,1,0,"PUMP 1274"
1729673,EVENT,136.0,0.0,7572,7500,10202,1256,1300,1,1,0,"PUMP 1279"
1729785,EVENT,136.0,0.0,7655,7570,11999,1256,1300,1,1,0,"PUMP 1284"
1729875,DATA,135.8,-2.1,7460,7520,10199,1256,1300,1,1,0,""
1729936,EVENT,135.8,-2.1,7460,7520,10199,1257,1300,1,1,0,"PUMP 1289"
1730176,EVENT,136.0,0.0,7041,7133,16799,1259,1300,1,1,0,"PUMP 1294"
1730375,DATA,136.3,2.1,7937,7553,10801,1261,1300,1,1,0,""
1730541,EVENT,136.0,-2.1,8689,8064,10199,1264,1300,1,1,0,"PUMP 1304"
1730875,DATA,136.3,0.0,8469,8714,11401,1269,1300,1,1,0,""
1731375,DATA,136.5,0.0,6994,7513,1500,1286,1300,1,1,0,""
1731895,DATA,136.8,0.0,6035,6293,1500,1303,1300,1,1,0,""
1732395,DATA,137.0,2.1,5367,5399,14402,1304,1300,1,1,0,""
1732895,DATA,137.5,2.1,8448,7771,10800,1304,1300,1,1,0,""
1733097,EVENT,137.8,2.1,8286,8193,12601,1304,1300,1,1,1,"VALVE2 ON"
1733395,DATA,137.8,0.0,8790,8500,14399,1304,1300,1,1,1,""
1733895,DATA,138.5,2.1,9830,9927,12001,1304,1300,1,1,1,""
1734395,DATA,138.8,2.1,8542,8505,15600,1304,1300,1,1,1,""
1734783,EVENT,138.8,0.0,9688,9365,13801,1304,1300,1,1,1,"PUMP 1309"
1734895,DATA,138.8,0.0,10330,9962,12003,1304,1300,1,1,1,""
1734938,EVENT,138.8,0.0,10330,9962,12003,1304,1300,1,1,1,"PUMP 1314"
1735097,EVENT,139.0,0.0,10523,10323,11401,1304,1300,1,1,1,"PUMP 1319"
1735260,EVENT,139.0,0.0,10427,10370,11999,1304,1300,1,1,1,"PUMP 1324"
1735395,DATA,139.0,0.0,9881,10095,15004,1304,1300,1,1,1,""
1735411,EVENT,139.0,0.0,9881,10095,15004,1305,1300,1,1,1,"PUMP 1329"
1735564,EVENT,139.0,0.0,9874,9996,14398,1306,1300,1,1,1,"PUMP 1334"
1735879,EVENT,139.5,2.1,10288,10239,14399,1309,1300,1,1,1,"PUMP 1339"
1735895,DATA,139.5,2.1,10288,10239,14399,1309,1300,1,1,1,""
1736066,EVENT,139.8,2.1,10668,10461,16267,1310,1300,1,1,1,"PUMP 1344"
1736395,DATA,140.0,2.1,11570,11323,15001,1314,1300,1,1,1,""
1736915,DATA,140.3,2.1,9147,9814,1500,1329,1300,1,1,1,""
1737415,DATA,141.0,2.1,6113,6729,6006,1343,1300,1,1,1,""
1737628,EVENT,141.0,0.0,5977,6229,12000,1344,1300,1,1,1,"PUMP 1340"
1737792,EVENT,141.0,0.0,6046,6146,13199,1344,1300,1,1,1,"PUMP 1345"
1737915,DATA,141.3,2.1,6496,6317,12602,1344,1300,1,1,1,""
1737937,EVENT,141.3,2.1,6496,6317,12602,1344,1300,1,1,1,"PUMP 1350"
1738084,EVENT,141.5,2.1,6991,6621,20997,1344,1300,1,1,1,"PUMP 1355"
1738257,EVENT,141.8,2.1,8080,7537,12614,1344,1300,1,1,1,"PUMP 1360"
1738415,DATA,141.8,0.0,8465,8161,15001,1344,1300,1,1,1,""
1738527,EVENT,142.0,2.1,8695,8401,17398,1345,1300,1,1,1,"PUMP 1365"
1738646,EVENT,142.0,0.0,9137,8732,18600,1345,1300,1,1,1,"PUMP 1370"
1738802,EVENT,142.0,0.0,9354,9012,11398,1346,1300,1,1,1,"PUMP 1375"
1738915,DATA,142.3,2.1,9081,9103,15001,1346,1300,1,1,1,""
1739415,DATA,143.3,2.1,8043,8082,17397,1357,1300,1,1,1,""
1739935,DATA,143.8,2.1,6784,7320,1500,1370,1300,1,1,1,""
1740435,DATA,144.5,2.1,5793,5939,16201,1375,1300,1,1,1,""
1740935,DATA,145.3,2.1,9069,8274,11399,1375,1300,1,1,1,""
1741435,DATA,146.0,2.1,7837,8175,16790,1375,1300,1,1,1,""
1741935,DATA,146.5,0.0,7892,7953,13800,1375,1300,1,1,1,""
1742435,DATA,147.3,0.0,7379,7389,13799,1375,1300,1,1,1,""
1742935,DATA,148.3,0.0,9212,8690,15600,1375,1300,1,1,1,""
1743435,DATA,149.0,2.1,9630,9496,15600,1375,1300,1,1,1,""
1743935,DATA,149.5,0.0,10783,10558,14402,1375,1300,1,1,1,""
1744033,EVENT,149.8,2.1,10666,10607,11998,1375,1300,1,1,1,"PUMP 1380"
1744276,EVENT,150.3,4.2,9306,9745,14999,1375,1300,1,1,1,"PUMP 1385"
1744435,DATA,150.3,0.0,9296,9543,14998,1375,1300,1,1,1,""
1744456,EVENT,150.3,0.0,9296,9543,14998,1375,1300,1,1,1,"PUMP 1390"
1744618,EVENT,150.3,0.0,8848,9141,13203,1375,1300,1,1,1,"PUMP 1395"
1744792,EVENT,150.8,2.1,8456,8727,10800,1376,1300,1,1,1,"PUMP 1405"
1744935,DATA,151.0,2.1,8010,8405,11999,1377,1300,1,1,1,""
1745008,EVENT,151.3,2.1,7578,8033,9601,1378,1300,1,1,1,"PUMP 1410"
1745435,DATA,151.5,0.0,8244,8012,10200,1384,1300,1,1,1,""
1745955,DATA,152.3,2.1,6202,6842,1500,1399,1300,1,1,1,""
1746455,DATA,153.0,2.1,5750,5879,12008,1410,1300,1,1,1,""
1746955,DATA,153.5,0.0,6896,6570,12600,1410,1300,1,1,1,""
1747455,DATA,154.5,2.1,7745,7738,10800,1410,1300,1,1,1,""
1747955,DATA,155.5,2.1,6846,6936,15001,1410,1300,1,1,1,""
1748455,DATA,156.0,2.1,7983,7956,11399,1410,1300,1,1,1,""
1748955,DATA,157.0,2.1,7536,7511,15001,1410,1300,1,1,1,""
1749455,DATA,157.8,0.0,7751,7720,11399,1410,1300,1,1,1,""
1749955,DATA,158.5,2.1,7181,7308,10801,1410,1300,1,1,1,""
1750455,DATA,159.0,0.0,8028,7714,14999,1410,1300,1,1,1,""
1750955,DATA,160.0,2.1,8380,8221,11998,1410,1300,1,1,1,""
1751455,DATA,160.5,0.0,8126,8097,17398,1410,1300,1,1,1,""
1751955,DATA,161.3,2.1,9167,8929,17397,1410,1300,1,1,1,""
1752455,DATA,161.8,0.0,8392,8536,18599,1410,1300,1,1,1,""
1752955,DATA,162.5,2.1,7999,8060,11400,1410,1300,1,1,1,""
1753455,DATA,162.8,0.0,7203,7291,13201,1410,1300,1,1,1,""
1753955,DATA,163.0,0.0,8887,8581,16802,1410,1300,1,1,1,""
1754455,DATA,163.5,0.0,7754,7956,14999,1410,1300,1,1,1,""
1754955,DATA,163.8,0.0,7170,7392,13202,1410,1300,1,1,1,""
1755455,DATA,164.2,0.0,6842,6811,16801,1410,1300,1,1,1,""
1755955,DATA,164.5,0.0,8956,8572,9599,1410,1300,1,1,1,""
1756455,DATA,165.0,0.0,8229,8214,18599,1410,1300,1,1,1,""
1756955,DATA,165.3,0.0,8663,8755,10798,1410,1300,1,1,1,""
1757455,DATA,165.5,2.1,8241,8049,13199,1410,1300,1,1,1,""
1757955,DATA,165.8,2.1,10518,10037,11399,1410,1300,1,1,1,""
1758455,DATA,165.8,0.0,9140,9523,12001,1410,1300,1,1,1,""
1758955,DATA,166.0,-2.1,7409,7789,8400,1410,1300,1,1,1,""
1759455,DATA,166.5,2.1,7226,7284,9001,1410,1300,1,1,1,""
1759647,EVENT,166.5,0.0,6922,7071,9601,1410,1300,1,1,1,"PUMP 1415"
1759818,EVENT,166.5,0.0,6871,6908,9006,1410,1300,1,1,1,"PUMP 1420"
1759953,EVENT,166.5,0.0,6852,6883,10799,1410,1300,1,1,1,"PUMP 1425"
1759955,DATA,166.5,0.0,6852,6883,10799,1410,1300,1,1,1,""
1760111,EVENT,166.5,0.0,7003,6969,10202,1410,1300,1,1,1,"PUMP 1430"
1760319,EVENT,166.8,0.0,7149,7078,9606,1411,1300,1,1,1,"PUMP 1435"
1760455,DATA,166.8,0.0,7051,7066,10798,1412,1300,1,1,1,""
1760527,EVENT,167.0,2.1,7044,7056,15002,1412,1300,1,1,1,"PUMP 1440"
1760823,EVENT,167.0,0.0,7188,7214,8406,1415,1300,1,1,1,"PUMP 1445"
1760955,DATA,167.0,0.0,7220,7217,14996,1416,1300,1,1,1,""
1761455,DATA,167.3,0.0,7413,7434,14401,1426,1300,1,1,1,""
1761955,DATA,167.5,1.7,6885,7215,2000,1440,1300,1,1,1,""
1762455,DATA,167.5,0.0,6081,6168,9600,1445,1300,1,1,1,""
1762955,DATA,168.0,2.1,6476,6412,9601,1445,1300,1,1,1,""
1763455,DATA,168.3,0.0,6872,6828,12601,1445,1300,1,1,1,""
1763955,DATA,168.8,0.0,6528,6585,8400,1445,1300,1,1,1,""
1764455,DATA,169.3,2.1,7351,7108,12000,1445,1300,1,1,1,""
1764955,DATA,169.5,2.1,7528,7334,12602,1445,1300,1,1,1,""
1765455,DATA,169.8,0.0,7425,7606,8400,1445,1300,1,1,1,""
1765955,DATA,169.8,0.0,6623,6775,12602,1445,1300,1,1,1,""
1766455,DATA,170.0,0.0,6446,6475,12001,1445,1300,1,1,1,""
1766955,DATA,170.3,0.0,6960,6809,12602,1445,1300,1,1,1,""
1767189,EVENT,170.3,0.0,6803,6823,9600,1445,1300,1,1,1,"PUMP 1450"
1767365,EVENT,170.3,0.0,6676,6738,7201,1445,1300,1,1,1,"PUMP 1455"
1767455,DATA,170.3,0.0,6601,6676,8998,1445,1300,1,1,1,""
1767531,EVENT,170.5,2.1,6554,6621,8401,1445,1300,1,1,1,"PUMP 1460"
1767683,EVENT,170.3,-2.1,6518,6575,10799,1445,1300,1,1,1,"PUMP 1465"
1767938,EVENT,170.5,2.1,7117,6834,9000,1447,1300,1,1,1,"PUMP 1470"
1767955,DATA,170.5,2.1,7117,6834,9000,1447,1300,1,1,1,""
1768455,DATA,170.5,0.0,6912,7040,9601,1453,1300,1,1,1,""
1768955,DATA,170.8,0.0,6479,6561,10201,1464,1300,1,1,1,""
1769455,DATA,171.0,0.0,6659,6645,7200,1470,1300,1,1,1,""
1769955,DATA,171.3,0.0,6501,6524,9599,1470,1300,1,1,1,""
1770455,DATA,171.5,2.1,6581,6519,10201,1470,1300,1,1,1,""
1770955,DATA,171.8,2.1,7013,7070,8400,1470,1300,1,1,1,""
1771455,DATA,172.0,0.0,6516,6604,9599,1470,1300,1,1,1,""
1771955,DATA,172.0,0.0,6447,6455,9000,1470,1300,1,1,1,""
1772455,DATA,172.5,0.0,6467,6467,7200,1470,1300,1,1,1,""
1772955,DATA,173.0,4.2,6404,6416,8401,1470,1300,1,1,1,""
1773455,DATA,173.0,0.0,6385,6391,7200,1470,1300,1,1,1,""
1773955,DATA,173.3,0.0,6399,6398,8402,1470,1300,1,1,1,""
1774455,DATA,173.5,0.0,6406,6405,7801,1470,1300,1,1,1,""
1774955,DATA,173.8,0.0,6619,6561,9601,1470,1300,1,1,1,""
1775455,DATA,173.8,0.0,6582,6574,9001,1470,1300,1,1,1,""
1775955,DATA,174.0,0.0,6485,6525,11400,1470,1300,1,1,1,""
1776102,EVENT,174.0,0.0,6435,6466,10801,1470,1300,1,1,1,"PUMP 1475"
1776378,EVENT,173.8,-2.1,7036,6765,12602,1470,1300,1,1,1,"PUMP 1480"
1776455,DATA,174.0,2.1,7277,6996,10198,1470,1300,1,1,1,""
1776955,DATA,174.0,0.0,6672,6797,8400,1473,1300,1,1,1,""
1777455,DATA,174.0,0.0,6468,6503,11400,1478,1300,1,1,1,""
1777955,DATA,174.0,0.0,6431,6441,11399,1480,1300,1,1,1,""
1778455,DATA,174.3,0.0,6401,6407,7201,1480,1300,1,1,1,""
1778955,DATA,174.3,0.0,6395,6396,7200,1480,1300,1,1,1,""
1779455,DATA,174.3,0.0,6406,6399,7800,1480,1300,1,1,1,""
1779955,DATA,174.3,0.0,6397,6400,9000,1480,1300,1,1,1,""
1780455,DATA,174.5,0.0,6381,6384,6599,1480,1300,1,1,1,""
1780955,DATA,174.5,0.0,6365,6371,8401,1480,1300,1,1,1,""
1781455,DATA,174.5,0.0,6376,6373,7201,1480,1300,1,1,1,""
1781955,DATA,174.5,0.0,6369,6370,6599,1480,1300,1,1,1,""
1782455,DATA,174.5,0.0,6372,6368,7800,1480,1300,1,1,1,""
1782955,DATA,174.8,0.0,6371,6368,7201,1480,1300,1,1,1,""
1783430,EVENT,174.8,0.0,6354,6356,9000,1480,1300,1,1,1,"PUMP 1485"
1783455,DATA,174.8,0.0,6354,6356,9000,1480,1300,1,1,1,""
1783605,EVENT,174.8,0.0,6357,6357,7200,1480,1300,1,1,1,"PUMP 1490"
1783898,EVENT,174.8,0.0,6365,6362,7200,1481,1300,1,1,1,"PUMP 1495"
1783955,DATA,174.8,0.0,6365,6362,7200,1481,1300,1,1,1,""
1784455,DATA,174.8,0.0,6365,6364,6600,1485,1300,1,1,1,""
1784955,DATA,174.8,0.0,6372,6374,8401,1492,1300,1,1,1,""
1785455,DATA,174.8,0.0,6358,6360,7801,1495,1300,1,1,1,""
1785897,EVENT,174.8,0.0,6350,6352,8400,1495,1300,1,1,1,"PUMP 1500"
1785955,DATA,174.8,0.0,6350,6352,8400,1495,1300,1,1,1,""
1786052,EVENT,174.8,0.0,6348,6350,6598,1495,1300,1,1,1,"PUMP 1505"
1786210,EVENT,174.8,0.0,6349,6349,7802,1495,1300,1,1,1,"PUMP 1510"
1786408,EVENT,174.8,0.0,6351,6350,7201,1496,1300,1,1,1,"PUMP 1515"
1786455,DATA,174.8,0.0,6351,6350,7201,1496,1300,1,1,1,""
1786587,EVENT,174.8,0.0,6361,6355,8998,1497,1300,1,1,1,"PUMP 1520"
1786777,EVENT,175.0,0.0,6377,6369,7202,1498,1300,1,1,1,"PUMP 1525"
1786941,EVENT,175.0,0.0,6364,6368,8401,1499,1300,1,1,1,"PUMP 1530"
1786955,DATA,175.0,0.0,6364,6368,8401,1499,1300,1,1,1,""
1787455,DATA,175.0,0.0,6347,6352,6601,1507,1300,1,1,1,""
1787975,DATA,175.0,0.0,5669,5988,2000,1522,1300,1,1,1,""
1788475,DATA,175.0,0.0,5674,5659,6600,1530,1300,1,1,1,""
1788975,DATA,175.0,0.0,6033,5888,8400,1530,1300,1,1,1,""
1789475,DATA,175.3,0.0,6358,6290,8395,1530,1300,1,1,1,""
1789975,DATA,175.3,0.0,6358,6361,9601,1530,1300,1,1,1,""
1790475,DATA,175.5,0.0,6354,6356,9000,1530,1300,1,1,1,""
1790975,DATA,175.8,0.0,6353,6355,6601,1530,1300,1,1,1,""
1791475,DATA,175.8,-2.1,6849,6867,9600,1530,1300,1,1,1,""
1791975,DATA,176.0,0.0,6432,6504,10199,1530,1300,1,1,1,""
1792126,EVENT,176.0,0.0,6443,6455,9001,1530,1300,1,1,0,"VALVE2 OFF"
1792475,DATA,176.3,0.0,6453,6448,8401,1530,1300,1,1,0,""
1792975,DATA,176.3,0.0,6731,6669,9600,1530,1300,1,1,0,""
1793475,DATA,176.3,-2.1,6573,6583,9001,1530,1300,1,1,0,""
1793975,DATA,176.5,0.0,6550,6596,9599,1530,1300,1,1,0,""
1794475,DATA,176.5,0.0,6418,6452,9000,1530,1300,1,1,0,""
1794975,DATA,176.5,0.0,6395,6396,10200,1530,1300,1,1,0,""
1795475,DATA,176.5,0.0,6429,6418,10200,1530,1300,1,1,0,""
1795975,DATA,176.5,0.0,7251,7228,10800,1530,1300,1,1,0,""
1796475,DATA,176.7,2.1,6795,6834,6600,1530,1300,1,1,0,""
1796975,DATA,176.5,-2.1,6446,6511,9601,1530,1300,1,1,0,""
1797475,DATA,176.5,0.0,6946,6854,11400,1530,1300,1,1,0,""
1797975,DATA,176.5,0.0,6605,6725,10200,1530,1300,1,1,0,""
1798475,DATA,176.5,0.0,6433,6480,10800,1530,1300,1,1,0,""
1798975,DATA,176.5,0.0,6369,6374,12001,1530,1300,1,1,0,""
1799475,DATA,176.5,0.0,6550,6449,13200,1530,1300,1,1,0,""
1799975,DATA,176.5,0.0,7756,7754,9601,1530,1300,1,1,0,""
1800475,DATA,176.5,0.0,6647,6840,7800,1530,1300,1,1,0,""
1800975,DATA,176.5,0.0,6526,6516,11402,1530,1300,1,1,0,""
1801475,DATA,176.5,0.0,7546,7280,11999,1530,1300,1,1,0,""
1801975,DATA,176.5,0.0,8724,8180,13807,1530,1300,1,1,0,""
1802475,DATA,176.5,2.1,9764,9733,12607,1530,1300,1,1,0,""
1802975,DATA,176.3,0.0,8140,8502,13208,1530,1300,1,1,0,""
1803475,DATA,176.0,-2.1,9616,9371,13810,1530,1300,1,1,0,""
1803975,DATA,176.0,0.0,8762,8879,11405,1530,1300,1,1,0,""
1804475,DATA,176.0,0.0,10396,9988,13207,1530,1300,1,1,0,""
1804975,DATA,176.0,2.1,9072,9608,10805,1530,1300,1,1,0,""
1805475,DATA,176.0,2.1,9588,9330,12008,1530,1300,1,1,0,""
1805975,DATA,175.8,0.0,7529,8071,7805,1530,1300,1,1,0,""
1806475,DATA,175.8,0.0,6519,6706,12007,1530,1300,1,1,0,""
1806975,DATA,175.5,-2.1,7026,6747,9606,1530,1300,1,1,0,""
1807475,DATA,175.5,0.0,7327,7173,13206,1530,1300,1,1,0,""
1807975,DATA,175.3,-2.1,7817,7745,10205,1530,1300,1,1,0,""
1808140,EVENT,175.3,0.0,7883,7856,9600,1530,1300,1,1,1,"VALVE2 ON"
1808475,DATA,175.3,0.0,7019,7299,12608,1530,1300,1,1,1,""
1808975,DATA,175.0,0.0,7457,7244,9605,1530,1300,1,1,1,""
1809475,DATA,175.0,0.0,8707,8538,11406,1530,1300,1,1,1,""
1809975,DATA,174.5,0.0,6910,7296,13809,1530,1300,1,1,1,""
1810475,DATA,174.3,0.0,7528,7498,10806,1530,1300,1,1,1,""
1810975,DATA,173.8,-2.1,6691,6822,9604,1530,1300,1,1,1,""
1811212,EVENT,173.8,0.0,6625,6694,12601,1530,1300,1,1,1,"PUMP 1535"
1811462,EVENT,173.8,2.1,6418,6496,11405,1530,1300,1,1,1,"PUMP 1540"
1811475,DATA,173.8,2.1,6418,6496,11405,1530,1300,1,1,1,""
1811656,EVENT,173.3,-2.1,7028,6761,13802,1530,1300,1,1,1,"PUMP 1545"
1811840,EVENT,173.3,0.0,7291,7120,10688,1531,1300,1,1,1,"PUMP 1550"
1811975,DATA,173.3,0.0,7145,7131,12006,1531,1300,1,1,1,""
1812003,EVENT,173.3,0.0,7145,7131,12006,1532,1300,1,1,1,"PUMP 1555"
1812475,DATA,172.8,0.0,6775,6893,9606,1537,1300,1,1,1,""
1812570,EVENT,172.5,-2.1,6864,6880,11398,1539,1300,1,1,1,"PUMP 1560"
1812975,DATA,172.5,0.0,7473,7285,12007,1543,1300,1,1,1,""
1813475,DATA,172.0,0.0,7297,7291,10207,1553,1300,1,1,1,""
1813975,DATA,171.8,0.0,6876,6939,9605,1560,1300,1,1,1,""
1814475,DATA,171.5,-2.1,7254,7203,10806,1560,1300,1,1,1,""
1814975,DATA,171.3,0.0,7360,7291,9606,1560,1300,1,1,1,""
1815475,DATA,171.3,0.0,7736,7677,13810,1560,1300,1,1,1,""
1815975,DATA,171.0,0.0,7722,7636,12607,1560,1300,1,1,1,""
1816475,DATA,170.8,-2.1,8064,7992,13207,1560,1300,1,1,1,""
1816975,DATA,170.5,-2.1,8731,8681,14409,1560,1300,1,1,1,""
1817475,DATA,170.3,-2.1,10078,9780,9605,1560,1300,1,1,1,""
1817975,DATA,170.0,0.0,9011,9224,12607,1560,1300,1,1,1,""
1818475,DATA,169.8,0.0,7328,7623,15008,1560,1300,1,1,1,""
1818975,DATA,169.3,0.0,7005,7021,9005,1560,1300,1,1,1,""
1818985,EVENT,169.3,0.0,7005,7021,9005,1560,1300,1,0,1,"VALVE1 OFF"
1819475,DATA,168.8,0.0,6924,6878,14537,1560,1300,1,0,1,""
1819975,DATA,168.3,0.0,8450,8306,9005,1560,1300,1,0,1,""
1820475,DATA,166.8,-2.1,6944,7192,9605,1560,1300,1,0,1,""
1820975,DATA,165.3,-6.2,6369,6481,8405,1560,1300,1,0,1,""
1820976,EVENT,165.3,-6.2,6369,6481,8405,1560,1300,1,1,1,"VALVE1 ON"
1821475,DATA,164.2,0.0,6294,6309,7203,1560,1300,1,1,1,""
1821975,DATA,164.5,2.1,6315,6307,9605,1560,1300,1,1,1,""
1822475,DATA,165.8,2.0,6459,6488,9604,1560,1300,1,1,1,""
1822975,DATA,167.0,2.1,7236,6959,10205,1560,1300,1,1,1,""
1823203,EVENT,167.3,2.1,6970,7010,10202,1560,1300,1,1,1,"STARTER 1320"
1823345,EVENT,167.3,0.0,6809,6919,7799,1560,1304,1,1,1,"STARTER 1340"
1823495,DATA,167.5,2.1,6599,6775,7105,1560,1310,1,1,1,""
1823576,EVENT,167.5,2.1,6199,6516,1749,1560,1315,1,1,1,"STARTER 1360"
1824015,DATA,167.8,0.0,5820,5924,1667,1560,1340,1,1,1,""
1824016,EVENT,167.8,0.0,5820,5924,1667,1560,1340,1,1,1,"STARTER 1380"
1824135,EVENT,167.8,0.0,5803,5869,2000,1560,1345,1,1,1,"STARTER 1400"
1824295,EVENT,168.0,2.1,5547,5724,2000,1560,1356,1,1,1,"STARTER 1420"
1824535,DATA,168.0,0.0,6166,5967,2500,1560,1376,1,1,1,""
1824536,EVENT,168.0,0.0,6166,5967,2500,1560,1376,1,1,1,"STARTER 1440"
1824655,EVENT,168.3,2.1,6147,6048,2000,1560,1384,1,1,1,"STARTER 1460"
1824815,EVENT,168.3,0.0,6467,6236,1500,1560,1399,1,1,1,"STARTER 1480"
1825055,DATA,168.3,0.0,6490,6446,2026,1560,1424,1,1,1,""
1825056,EVENT,168.3,0.0,6490,6446,2026,1560,1424,1,1,1,"STARTER 1500"
1825255,EVENT,168.3,0.0,7253,6928,2033,1560,1443,1,1,1,"STARTER 1520"
1825427,EVENT,168.3,0.0,7274,7084,2500,1560,1458,1,1,1,"STARTER 1540"
1825575,DATA,168.3,0.0,8449,7907,1691,1560,1472,1,1,1,""
1825616,EVENT,168.3,0.0,8449,7907,1691,1560,1477,1,1,1,"STARTER 1580"
1825855,EVENT,168.0,0.0,9296,8710,1500,1560,1508,1,1,1,"STARTER 1600"
1826095,DATA,168.0,0.0,9925,9523,2500,1560,1536,1,1,1,""
1826416,EVENT,167.8,-2.1,10980,10418,1500,1560,1569,1,1,1,"STARTER 1620"
1826615,DATA,167.8,0.0,11242,10789,3000,1560,1582,1,1,1,""
1826656,EVENT,168.0,1.7,11145,10949,1991,1560,1585,1,1,1,"STARTER 1640"
1826895,EVENT,168.5,2.1,10107,10519,1500,1560,1602,1,1,1,"STARTER 1660"
1827135,DATA,168.5,0.0,11657,11112,2223,1560,1620,1,1,1,""
1827655,DATA,168.5,1.9,11433,11697,2500,1560,1650,1,1,1,""
1828155,DATA,167.8,0.0,13413,12907,9600,1560,1660,1,1,1,""
1828655,DATA,167.3,0.0,10766,11460,9000,1560,1660,1,1,1,""
1829155,DATA,166.5,0.0,9826,9936,11999,1560,1660,1,1,1,""
1829336,EVENT,166.5,0.0,10127,10043,12002,1560,1660,1,1,1,"STARTER 1680"
1829511,EVENT,166.5,0.0,9979,10014,14397,1560,1665,1,1,1,"STARTER 1700"
1829655,DATA,166.5,0.0,9753,9897,10195,1560,1671,1,1,1,""
1829696,EVENT,166.5,0.0,9332,9643,1494,1560,1673,1,1,1,"STARTER 1720"
1829935,EVENT,166.0,-1.6,12034,10965,1500,1560,1687,1,1,1,"STARTER 1740"
1830175,DATA,166.5,2.1,13451,12587,1667,1560,1703,1,1,1,""
1830695,DATA,167.0,0.0,11724,12316,3500,1560,1731,1,1,1,""
1831195,DATA,166.5,-2.1,15034,14153,14399,1560,1740,1,1,1,""
1831695,DATA,166.3,0.0,12573,13372,12000,1560,1740,1,1,1,""
1832195,DATA,165.8,0.0,9290,9986,9601,1560,1740,1,1,1,""
1832695,DATA,165.3,0.0,9671,9441,14399,1560,1740,1,1,1,""
1833195,DATA,164.8,0.0,10512,10470,12001,1560,1740,1,1,1,""
1833695,DATA,164.0,-2.1,9803,9909,14399,1560,1740,1,1,1,""
1834195,DATA,163.8,0.0,9898,9916,13801,1560,1740,1,1,1,""
1834695,DATA,163.8,0.0,10131,10161,14999,1560,1740,1,1,1,""
1835195,DATA,163.8,0.0,9186,9328,14401,1560,1740,1,1,1,""
1835695,DATA,163.8,2.1,9544,9502,20400,1560,1740,1,1,1,""
1836195,DATA,164.5,2.1,10516,10289,15599,1560,1740,1,1,1,""
1836695,DATA,164.8,0.0,9505,9783,15600,1560,1740,1,1,1,""
1837195,DATA,164.8,2.1,9498,9501,10800,1560,1740,1,1,1,""
1837695,DATA,164.2,0.0,9357,9397,17399,1560,1740,1,1,1,""
1838195,DATA,164.0,0.0,8965,9037,13801,1560,1740,1,1,1,""
1838695,DATA,163.8,0.0,9147,9110,15602,1560,1740,1,1,1,""
1839195,DATA,163.8,0.0,9138,9194,17399,1560,1740,1,1,1,""
1839695,DATA,165.0,8.3,9427,9261,16799,1560,1740,1,1,1,""
1839952,EVENT,165.8,0.0,9777,9592,13802,1560,1740,1,1,1,"STARTER 1760"
1840195,DATA,166.0,2.0,9903,9772,16195,1560,1747,1,1,1,""
1840196,EVENT,166.0,2.0,9903,9772,16195,1560,1747,1,1,1,"STARTER 1780"
1840355,EVENT,166.0,0.0,9571,9705,2032,1560,1753,1,1,1,"STARTER 1800"
1840567,EVENT,165.8,-1.6,11297,10422,3000,1560,1765,1,1,1,"STARTER 1820"
1840715,DATA,165.8,0.0,14454,12906,2255,1560,1775,1,1,1,""
1841235,DATA,165.0,-2.1,14689,14783,3000,1560,1807,1,1,1,""
1841556,EVENT,164.8,0.0,12134,13065,1500,1560,1818,1,1,1,"STARTER 1840"
1841755,DATA,164.5,-1.9,13540,13279,6001,1560,1823,1,1,1,""
1841796,EVENT,164.5,0.0,15215,14150,1494,1560,1825,1,1,1,"STARTER 1860"
1842275,DATA,165.0,0.0,17129,16863,1667,1560,1846,1,1,1,""
1842795,DATA,164.5,0.0,14057,14998,2500,1560,1860,1,1,1,""
1842909,EVENT,164.2,-2.1,13012,14104,6606,1560,1860,1,1,1,"STARTER 1880"
1843315,DATA,163.8,0.0,18235,17113,7999,1560,1871,1,1,1,""
1843815,DATA,164.2,2.1,16212,16930,17998,1560,1879,1,1,1,""
1844315,DATA,163.8,0.0,12404,13153,21603,1560,1880,1,1,1,""
1844815,DATA,163.5,2.1,12085,12104,16801,1560,1880,1,1,1,""
1845315,DATA,163.5,0.0,11908,12038,25800,1560,1880,1,1,1,""
1845815,DATA,162.5,0.0,11705,11629,18000,1560,1880,1,1,1,""
1846312,EVENT,162.3,0.0,11489,11535,18601,1560,1880,1,0,1,"VALVE1 OFF"
1846325,DATA,162.3,0.0,11489,11535,18601,1560,1880,1,0,1,""
1846825,DATA,161.8,-2.1,11421,11349,22198,1560,1880,1,0,1,""
1847325,DATA,160.5,-6.2,11525,11579,16798,1560,1880,1,0,1,""
1847825,DATA,159.3,-4.2,11272,11283,15600,1560,1880,1,0,1,""
1848164,EVENT,157.8,-4.2,17150,15185,10798,1560,1880,1,1,1,"VALVE1 ON"
1848325,DATA,157.3,-4.2,18179,16532,11400,1560,1880,1,1,1,""
1848825,DATA,160.5,20.8,16713,17320,9000,1560,1880,1,1,1,""
1849325,DATA,173.8,47.9,14167,13973,7800,1560,1880,1,1,1,""
1849825,DATA,200.0,39.6,18699,18270,9000,1560,1880,1,1,1,""
1850325,DATA,231.3,79.2,14777,15831,5400,1560,1880,1,1,1,""
1850825,DATA,254.3,29.2,17604,16141,6601,1560,1880,1,1,1,""
1851325,DATA,273.0,27.1,17592,17964,8999,1560,1880,1,1,1,""
1851825,DATA,269.5,-18.8,12574,13837,6600,1560,1880,1,1,1,""
1852325,DATA,262.3,-10.4,18810,17922,11998,1560,1880,1,1,1,""
1852825,DATA,255.8,-12.5,15807,16694,10799,1560,1880,1,1,1,""
1853325,DATA,252.3,-4.2,16113,14944,9599,1560,1880,1,1,1,""
1853825,DATA,251.2,4.2,18263,18268,6000,1560,1880,1,1,1,""
1854325,DATA,260.5,20.8,13694,14870,8399,1560,1880,1,1,1,""
1854825,DATA,280.5,16.7,18484,17195,4800,1560,1880,1,1,1,""
1855325,DATA,290.5,18.8,16757,17421,6000,1560,1880,1,1,1,""
1855328,EVENT,290.5,18.8,16757,17421,6000,1560,1880,1,0,1,"VALVE1 OFF"
1855825,DATA,295.0,2.1,14173,13988,4800,1560,1880,1,0,1,""
1856325,DATA,293.8,-8.3,18699,18272,8400,1560,1880,1,0,1,""
1856825,DATA,290.0,-10.4,14778,15832,11398,1560,1880,1,0,1,""
1857325,DATA,285.0,-10.4,17604,16141,9601,1560,1880,1,0,1,""
1857333,EVENT,285.0,-10.4,17604,16141,9601,1560,1880,1,0,1,"STARTER 1900"
1857456,EVENT,284.0,-8.3,18810,17922,7801,1560,1884,1,0,1,"STARTER 1920"
1857615,EVENT,282.5,-10.4,18699,18272,2221,1560,1891,1,0,1,"STARTER 1940"
1857855,DATA,279.8,-9.4,17592,17964,1667,1560,1906,1,0,1,""
1857936,EVENT,279.0,-6.2,17592,17964,1667,1560,1911,1,0,1,"STARTER 1960"
1858135,EVENT,277.8,-10.4,15807,16694,8611,1560,1923,1,0,1,"STARTER 2000"
1858375,DATA,275.0,-7.9,13694,14870,2500,1560,1947,1,0,1,""
1858376,EVENT,275.0,-7.9,13694,14870,2500,1560,1947,1,0,1,"STARTER 2000"
1858895,DATA,271.0,-2.1,20297,18826,2000,1560,1987,1,0,1,""
1859395,DATA,265.3,-6.2,18838,19451,58801,1560,2000,1,0,1,""
1859895,DATA,260.3,-12.5,22916,21953,5999,1560,2000,1,0,1,""
1860395,DATA,256.5,-4.2,20489,21279,6599,1560,2000,1,0,1,""
1860895,DATA,251.5,-12.5,15047,16396,4799,1560,2000,1,0,1,""
1861395,DATA,246.5,-16.7,21333,19656,4800,1560,2000,1,0,1,""
1861895,DATA,241.0,-4.2,20240,20785,6600,1560,2000,1,0,1,""
1861933,EVENT,241.0,-4.2,20240,20785,6600,1560,2000,1,1,1,"VALVE1 ON"
1862395,DATA,237.5,-4.2,15011,16314,6000,1560,2000,1,1,1,""
1862895,DATA,241.5,14.6,21328,19644,7200,1560,2000,1,1,1,""
1863395,DATA,246.5,8.3,20239,20784,11401,1560,2000,1,1,1,""
1863895,DATA,259.2,35.4,15011,16314,5999,1560,2000,1,1,1,""
1864395,DATA,271.5,16.7,21328,19644,14400,1560,2000,1,1,1,""
1864895,DATA,292.7,29.2,20239,20784,16200,1560,2000,1,1,1,""
1865395,DATA,306.3,29.2,16137,17012,16200,1560,2000,1,1,1,""
1865895,DATA,313.0,12.5,15276,14599,13201,1560,2000,1,1,1,""
1866395,DATA,328.2,29.2,21843,21045,10199,1560,2000,1,1,1,""
1866895,DATA,338.0,12.5,18309,19286,4200,1560,2000,1,1,1,""
1867395,DATA,355.0,43.7,15848,15492,1800,1560,2000,1,1,1,""
1867697,EVENT,366.3,29.2,21327,19643,1200,1560,2000,1,1,1,"PUMP 1555"
1867894,EVENT,367.5,10.4,21934,21228,13803,1560,2000,1,1,1,"PUMP 1550"
1867895,DATA,367.5,10.4,21934,21228,13803,1560,2000,1,1,1,""
1868096,EVENT,370.3,6.2,21020,21229,21600,1560,2000,1,1,1,"PUMP 1545"
1868277,EVENT,372.3,7.9,19326,20128,19803,1559,2000,1,1,1,"PUMP 1540"
1868395,DATA,373.0,6.2,18523,19406,20397,1559,2000,1,1,1,""
1868450,EVENT,373.0,6.2,17869,18714,20401,1558,2000,1,1,1,"PUMP 1530"
1868563,EVENT,374.0,8.3,17446,18143,19197,1558,2000,1,1,1,"PUMP 1525"
1868708,EVENT,375.3,10.4,17243,17738,19802,1557,2000,1,1,1,"PUMP 1520"
1868895,DATA,376.8,8.3,17260,17373,19801,1555,2000,1,1,1,""
1869005,EVENT,377.3,4.2,17348,17362,16199,1553,2000,1,1,1,"PUMP 1515"
1869029,EVENT,377.3,4.2,17348,17362,16199,1553,2000,1,1,1,"PUMP 1510"
1869139,EVENT,379.0,14.6,16835,17084,18604,1552,2000,1,1,1,"PUMP 1505"
1869283,EVENT,380.5,12.5,16595,16864,23397,1551,2000,1,1,1,"PUMP 1500"
1869395,DATA,381.7,10.4,16603,16746,20399,1550,2000,1,1,1,""
1869461,EVENT,381.7,10.4,16473,16624,12001,1549,2000,1,1,1,"PUMP 1495"
1869575,EVENT,384.2,20.8,16114,16394,18601,1548,2000,1,1,1,"PUMP 1490"
1869721,EVENT,386.5,10.4,15959,16198,20999,1546,2000,1,1,1,"PUMP 1485"
1869895,DATA,387.0,4.2,16082,16084,13800,1544,2000,1,1,1,""
1870055,EVENT,387.5,4.2,16028,16059,13198,1539,2000,1,1,1,"PUMP 1480"
1870395,DATA,392.0,12.5,13553,14380,10800,1532,2000,1,1,1,""
1870915,DATA,392.7,-1.9,21296,19517,4001,1505,2000,1,1,1,""
1871435,DATA,397.0,15.2,21014,21210,4090,1482,2000,1,1,1,""
1871691,EVENT,398.7,0.0,18321,19311,16801,1480,2000,1,1,1,"PUMP 1480"
1871842,EVENT,399.8,2.1,16148,17379,14404,1480,2000,1,1,1,"PUMP 1475"
1871935,DATA,399.8,2.1,15010,16313,14998,1480,2000,1,1,1,""
1872011,EVENT,399.8,0.0,15010,16313,14998,1480,2000,1,1,1,"PUMP 1470"
1872170,EVENT,399.0,-6.2,13191,14309,17403,1480,2000,1,1,1,"PUMP 1465"
1872304,EVENT,399.0,0.0,12951,13698,14997,1480,2000,1,1,1,"PUMP 1460"
1872435,DATA,398.7,0.0,13381,13387,17404,1480,2000,1,1,1,""
1872520,EVENT,398.7,0.0,13381,13387,17404,1479,2000,1,1,1,"PUMP 1455"
1872874,EVENT,397.8,-4.2,13714,13747,10800,1476,2000,1,1,1,"PUMP 1450"
1872935,DATA,397.5,-2.1,13714,13747,10800,1476,2000,1,1,1,""
1873054,EVENT,396.5,-8.3,13444,13588,13861,1475,2000,1,1,1,"PUMP 1445"
1873435,DATA,392.7,-14.6,15279,14117,6600,1470,2000,1,1,1,""
1873935,DATA,386.0,-10.4,21792,20395,7998,1457,2000,1,1,1,""
1874435,DATA,379.0,-14.6,20221,20736,4544,1446,2000,1,1,1,""
1874935,DATA,375.3,-4.2,15430,16498,20183,1445,2000,1,1,1,""
1875435,DATA,373.0,-6.2,13865,14140,17217,1445,2000,1,1,1,""
1875935,DATA,370.5,-6.2,14707,14589,11282,1445,2000,1,1,1,""
1876435,DATA,366.5,-4.2,15450,14531,10094,1445,2000,1,1,1,""
1876935,DATA,363.3,-6.2,21887,21104,11875,1445,2000,1,1,1,""
1877435,DATA,362.0,-2.1,18316,19299,8907,1445,2000,1,1,1,""
1877659,EVENT,361.2,-2.1,15008,16309,11400,1445,2000,1,1,1,"STARTER 2000"
1877935,DATA,361.2,2.1,13882,14713,11878,1445,2000,1,1,1,""
1878435,DATA,360.8,-4.2,12374,12812,16625,1445,2000,1,1,1,""
1878935,DATA,357.8,-6.2,19466,17031,9499,1445,2000,1,1,1,""
1879435,DATA,356.8,2.1,20920,21014,11876,1445,2000,1,1,1,""
1879935,DATA,357.8,0.0,16134,17348,10094,1445,2000,1,1,1,""
1880435,DATA,358.8,2.1,20136,18262,10687,1445,2000,1,1,1,""
1880935,DATA,358.0,-4.0,21020,21229,13062,1445,2000,1,1,1,""
1881343,EVENT,355.8,-4.2,17257,18389,12000,1445,2000,1,1,1,"PUMP 1440"
1881435,DATA,355.8,-4.2,16148,17381,5937,1445,2000,1,1,1,""
1881525,EVENT,355.2,-4.2,15011,16314,8406,1445,2000,1,1,1,"PUMP 1435"
1881658,EVENT,355.2,0.0,13853,15207,7799,1445,2000,1,1,1,"PUMP 1430"
1881820,EVENT,354.8,-4.2,18249,16735,11401,1445,2000,1,1,1,"PUMP 1425"
1881935,DATA,354.3,-4.2,20138,18267,9499,1445,2000,1,1,1,""
1882094,EVENT,353.8,-2.1,21882,20651,11402,1443,2000,1,1,1,"PUMP 1420"
1882231,EVENT,353.2,-4.2,21934,21228,11998,1442,2000,1,1,1,"PUMP 1415"
1882435,DATA,353.2,0.0,21020,21229,13064,1441,2000,1,1,1,""
1882500,EVENT,353.2,0.0,20239,20784,10204,1440,2000,1,1,1,"PUMP 1405"
1882694,EVENT,353.0,0.0,18323,19316,12602,1438,2000,1,1,1,"PUMP 1400"
1882881,EVENT,353.0,0.0,16148,17381,10688,1436,2000,1,1,1,"PUMP 1395"
1882935,DATA,353.0,0.0,16148,17381,10688,1436,2000,1,1,1,""
1883068,EVENT,354.0,8.3,14078,15334,11403,1434,2000,1,1,1,"PUMP 1385"
1883193,EVENT,354.3,2.1,16071,15666,7799,1433,2000,1,1,1,"PUMP 1380"
1883325,EVENT,355.0,6.2,18431,16910,9001,1432,2000,1,1,1,"PUMP 1375"
1883435,DATA,355.5,4.2,20276,18425,10686,1431,2000,1,1,1,""
1883835,EVENT,355.0,-6.2,21645,21460,1500,1419,2000,1,1,1,"PUMP 1370"
1883842,EVENT,355.0,-6.2,21645,21460,1500,1419,2000,1,1,1,"PUMP 1365"
1883935,DATA,355.2,2.1,21043,21272,7807,1418,2000,1,1,1,""
1884067,EVENT,354.5,-6.2,20255,20815,13801,1416,2000,1,1,1,"PUMP 1360"
1884455,DATA,354.3,4.2,16152,17388,3498,1408,2000,1,1,1,""
1884975,DATA,355.0,0.0,18250,16737,2272,1381,2000,1,1,1,""
1885475,DATA,357.5,4.2,21611,21401,4205,1361,2000,1,1,1,""
1885975,DATA,361.0,8.3,17257,18389,7200,1360,2000,1,1,1,""
1886475,DATA,363.7,2.1,13721,14296,17400,1360,2000,1,1,1,""
1886975,DATA,366.8,10.4,12691,12960,12000,1360,2000,1,1,1,""
1887475,DATA,372.8,10.4,11914,12013,11408,1360,2000,1,1,1,""
1887975,DATA,378.0,2.1,19331,16811,17401,1360,2000,1,1,1,""
1888475,DATA,381.7,10.4,20899,20971,10201,1360,2000,1,1,1,""
1888579,EVENT,382.0,2.1,20156,20604,9598,1360,2000,1,1,1,"PUMP 1355"
1888776,EVENT,382.0,0.0,18285,19230,7800,1360,2000,1,1,1,"PUMP 1350"
1888934,EVENT,381.7,-2.1,17231,18331,4200,1360,2000,1,1,1,"PUMP 1345"
1888975,DATA,381.5,-2.1,16131,17341,5400,1360,2000,1,1,1,""
1889119,EVENT,381.5,0.0,14999,16287,1200,1359,2000,1,1,1,"PUMP 1340"
1889254,EVENT,381.5,0.0,13845,15188,6600,1359,2000,1,1,1,"PUMP 1335"
1889442,EVENT,380.2,-4.2,18245,16726,11402,1358,2000,1,1,1,"PUMP 1330"
1889475,DATA,380.2,-4.2,18245,16726,11402,1358,2000,1,1,1,""
1889630,EVENT,380.0,-2.1,21326,19640,10847,1357,2000,1,1,1,"PUMP 1320"
1889775,EVENT,379.5,-4.2,21881,20649,4799,1356,2000,1,1,1,"PUMP 1315"
1889936,EVENT,379.3,0.0,21611,21399,6662,1355,2000,1,1,1,"PUMP 1310"
1889975,DATA,379.3,0.0,21611,21399,6662,1355,2000,1,1,1,""
1890122,EVENT,378.8,-4.2,20239,20783,8435,1353,2000,1,1,1,"PUMP 1305"
1890248,EVENT,379.0,2.1,19326,20127,7799,1352,2000,1,1,1,"PUMP 1300"
1890475,DATA,379.5,4.2,16148,17381,7801,1349,2000,1,1,1,""
1890635,EVENT,380.0,4.2,15011,16314,6599,1344,2000,1,1,1,"PUMP 1295"
1890827,EVENT,380.8,2.1,15850,15496,1200,1342,2000,1,1,1,"PUMP 1285"
1890958,EVENT,380.8,0.0,18249,16735,9599,1341,2000,1,1,1,"PUMP 1280"
1890975,DATA,380.8,0.0,20138,18266,6000,1341,2000,1,1,1,""
1891128,EVENT,381.3,2.1,21328,19644,7800,1339,2000,1,1,1,"PUMP 1275"
1891370,EVENT,381.3,2.1,21934,21228,5400,1335,2000,1,1,1,"PUMP 1270"
1891475,DATA,381.3,2.1,21611,21401,6000,1334,2000,1,1,1,""
1891975,DATA,382.0,2.1,17257,18389,2272,1314,2000,1,1,1,""
1892495,DATA,383.8,5.7,15850,15496,1500,1282,2000,1,1,1,""
1892995,DATA,387.8,6.2,21934,21228,12000,1270,2000,1,1,1,""
1893495,DATA,391.5,2.1,18323,19316,13198,1270,2000,1,1,1,""
1893995,DATA,389.5,-4.2,15996,15608,11398,1270,2000,1,1,1,""
1894495,DATA,389.8,8.3,21966,21281,8400,1270,2000,1,1,1,""
1894995,DATA,391.3,2.1,18328,19326,7200,1270,2000,1,1,1,""
1895495,DATA,391.0,-2.1,15851,15498,7199,1270,2000,1,1,1,""
1895995,DATA,391.0,-2.1,21934,21229,5400,1270,2000,1,1,1,""
1896495,DATA,391.8,4.2,18323,19316,6597,1270,2000,1,1,1,""
1896995,DATA,393.8,4.2,15850,15496,3563,1270,2000,1,1,1,""
1897495,DATA,394.0,-2.1,21934,21228,10095,1270,2000,1,1,1,""
1897788,EVENT,392.3,-8.3,20239,20784,6000,1270,2000,1,1,1,"PUMP 1265"
1897978,EVENT,391.5,-6.2,19326,20128,1800,1270,2000,1,1,1,"PUMP 1260"
1897995,DATA,391.5,-6.2,18323,19316,5852,1270,2000,1,1,1,""
1898151,EVENT,390.7,-2.1,17257,18389,6635,1270,2000,1,1,1,"PUMP 1255"
1898283,EVENT,390.5,-2.1,15011,16314,8402,1270,2000,1,1,1,"PUMP 1250"
1898438,EVENT,390.0,-4.2,13853,15207,7800,1269,2000,1,1,1,"PUMP 1245"
1898495,DATA,389.5,-4.2,15850,15496,7196,1269,2000,1,1,1,""
1898745,EVENT,389.5,0.0,20138,18267,7801,1266,2000,1,1,1,"PUMP 1240"
1898886,EVENT,389.8,2.1,21882,20651,4801,1265,2000,1,1,1,"PUMP 1235"
1898995,DATA,390.5,6.0,21934,21228,9498,1265,2000,1,1,1,""
1899113,EVENT,391.8,10.4,21611,21401,6603,1263,2000,1,1,1,"PUMP 1225"
1899264,EVENT,391.8,0.0,21020,21229,6600,1262,2000,1,1,1,"PUMP 1220"
1899495,DATA,392.0,-2.1,18323,19316,9500,1259,2000,1,1,1,""
1899995,DATA,391.0,0.0,13853,15207,1500,1243,2000,1,1,1,""
1900515,DATA,393.0,18.8,21328,19644,1500,1224,2000,1,1,1,""
1901015,DATA,401.0,14.6,20239,20784,11999,1220,2000,1,1,1,""
1901028,EVENT,401.0,14.6,20239,20784,11999,1220,2000,1,1,1,"PUMP 1219"
1901247,EVENT,402.5,2.1,17257,18389,10200,1220,2000,1,1,1,"PUMP 1214"
1901515,DATA,403.0,0.0,15011,16314,8402,1219,2000,1,1,1,""
1902015,DATA,402.0,-4.2,21328,19644,9601,1217,2000,1,1,1,""
1902515,DATA,400.5,-4.2,20239,20784,8400,1214,2000,1,1,1,""
1903015,DATA,399.8,-2.1,15011,16314,10800,1214,2000,1,1,1,""
1903515,DATA,399.3,-2.1,21328,19644,4800,1214,2000,1,1,1,""
1904015,DATA,398.5,0.0,20239,20784,5400,1214,2000,1,1,1,""
1904515,DATA,398.0,-2.1,15011,16314,3000,1214,2000,1,1,1,""
1905015,DATA,397.8,0.0,21328,19644,8399,1214,2000,1,1,1,""
1905515,DATA,397.3,2.1,20239,20784,4801,1214,2000,1,1,1,""
1906015,DATA,396.7,-2.1,15011,16314,3000,1214,2000,1,1,1,""
1906515,DATA,396.0,-2.1,21328,19644,8399,1214,2000,1,1,1,""
1907015,DATA,395.3,-4.2,20239,20784,14999,1214,2000,1,1,1,""
1907404,EVENT,395.3,0.0,16148,17381,7801,1214,2000,1,1,1,"STARTER OFF"
1907515,DATA,395.3,0.0,15011,16314,7548,1214,1883,1,1,1,""
1908035,DATA,396.0,-2.1,10315,11745,1500,1214,1273,1,1,1,""
1908535,DATA,396.3,2.1,4460,5855,9609,1214,1000,1,1,1,""
1909035,DATA,396.7,2.1,4223,4135,9000,1214,1000,1,1,1,""
1909535,DATA,398.0,4.2,7315,6940,9000,1214,1000,1,1,1,""
1910035,DATA,400.3,4.2,7045,7136,8399,1214,1000,1,1,1,""
1910353,EVENT,401.2,6.2,6621,6783,7799,1214,1000,1,1,1,"STARTER 1200"
1910555,DATA,402.2,6.2,6481,6647,2398,1214,1051,1,1,1,""
1911075,DATA,403.8,4.2,3381,4209,1500,1214,1160,1,1,1,""
1911575,DATA,405.7,2.1,2805,2846,4204,1214,1200,1,1,1,""
1911945,EVENT,407.3,2.1,3760,3471,4200,1214,1200,1,1,1,"STARTER 1658"
1912095,DATA,407.5,1.8,3952,3687,2997,1214,1281,1,1,1,""
1912615,DATA,408.8,4.2,6409,5643,1500,1214,1548,1,1,1,""
1913115,DATA,410.0,2.1,10006,9657,4805,1214,1658,1,1,1,""
1913185,EVENT,410.2,2.1,9545,9607,8398,1214,1658,1,1,1,"STARTER 1919"
1913615,DATA,410.2,2.1,13280,12095,1500,1214,1798,1,1,1,""
1914135,DATA,411.8,6.2,12851,13122,1500,1214,1906,1,1,1,""
1914176,EVENT,412.3,4.2,12071,12649,1493,1214,1912,1,1,1,"STARTER 1997"
1914655,DATA,413.5,0.0,19193,17558,1500,1214,1962,1,1,1,""
1915175,DATA,414.7,2.1,18659,18923,1500,1214,1995,1,1,1,""
1915675,DATA,415.3,0.0,13729,14973,10200,1214,1997,1,1,1,""
1916175,DATA,414.5,0.0,21792,20552,10199,1214,1997,1,1,1,""
1916675,DATA,414.0,-2.1,19236,20037,10800,1214,1997,1,1,1,""
1917175,DATA,413.0,-2.1,13763,15117,13201,1214,1997,1,1,1,""
1917675,DATA,412.5,-2.1,21792,20561,13200,1214,1997,1,1,1,""
1918175,DATA,411.8,-2.1,19236,20038,15009,1214,1997,1,1,1,""
1918675,DATA,411.5,-2.1,13781,15125,10799,1214,1997,1,1,1,""
1919175,DATA,411.3,-2.1,11944,12359,14401,1214,1997,1,1,1,""
1919675,DATA,411.3,-2.1,11989,11974,17998,1214,1997,1,1,1,""
1920175,DATA,410.2,-2.1,12095,12080,16802,1214,1997,1,1,1,""
1920675,DATA,409.7,0.0,11984,12016,18602,1214,1997,1,1,1,""
1920919,EVENT,409.5,-2.1,12240,12191,12601,1214,1997,1,1,1,"PUMP 1129"
1921195,DATA,409.5,0.0,11807,11954,13196,1208,1997,1,1,1,""
1921715,DATA,409.7,0.0,19310,16811,1500,1171,1997,1,1,1,""
1922235,DATA,409.7,0.0,20820,20903,1000,1134,1997,1,1,1,""
1922735,DATA,410.0,0.0,16042,17254,11999,1129,1997,1,1,1,""
1923235,DATA,409.7,-2.1,20046,18171,6600,1129,1997,1,1,1,""
1923735,DATA,409.5,0.0,20930,21139,10801,1129,1997,1,1,1,""
1924235,DATA,409.0,0.0,16058,17291,9600,1129,1997,1,1,1,""
1924735,DATA,408.8,0.0,14776,13975,10202,1129,1997,1,1,1,""
1925235,DATA,408.8,0.0,21696,20840,13199,1129,1997,1,1,1,""
1925735,DATA,408.3,0.0,18211,19177,9601,1129,1997,1,1,1,""
1926235,DATA,408.3,0.0,12904,14115,9000,1129,1997,1,1,1,""
1926472,EVENT,408.8,2.1,17727,15995,9006,1129,1997,0,1,1,"IGN OFF"
1926735,DATA,408.8,0.0,21650,20297,9000,1129,1997,0,1,1,""
1927235,DATA,409.0,0.0,20118,20628,12001,1129,1997,0,1,1,""
1927735,DATA,408.8,0.0,15100,16297,16801,1129,1997,0,1,1,""
1928235,DATA,408.3,0.0,12510,12944,14999,1129,1997,0,1,1,""
1928735,DATA,407.8,-2.1,19421,17022,13202,1129,1997,0,1,1,""
1929235,DATA,407.8,-2.1,20837,20938,12601,1129,1997,0,1,1,""
1929735,DATA,407.0,0.0,16045,17260,8401,1129,1997,0,1,1,""
1930100,EVENT,406.2,-4.2,18156,16638,7800,1129,1997,0,0,1,"VALVE1 OFF"
1930235,DATA,406.0,-2.1,20046,18172,13798,1129,1997,0,0,1,""
1930735,DATA,403.8,-6.2,20930,21139,18001,1129,1997,0,0,1,""
1931138,EVENT,401.7,-2.1,17167,18299,16202,1129,1997,0,1,1,"VALVE1 ON"
1931235,DATA,400.8,-8.3,16058,17291,16197,1129,1997,0,1,1,""
1931735,DATA,398.3,-6.2,20111,18243,10800,1129,1997,0,1,1,""
1932226,EVENT,396.5,-4.2,20941,21159,16800,1129,1997,1,1,1,"IGN ON"
1932235,DATA,396.5,-4.2,20941,21159,16800,1129,1997,1,1,1,""
1932735,DATA,395.0,-2.1,16060,17294,12000,1129,1997,1,1,1,""
1933235,DATA,394.5,2.1,15089,14302,8400,1129,1997,1,1,1,""
1933735,DATA,395.5,2.1,21750,20938,6001,1129,1997,1,1,1,""
1934235,DATA,397.3,0.0,18219,19195,10201,1129,1997,1,1,1,""
1934735,DATA,398.5,2.1,15758,15401,7200,1129,1997,1,1,1,""
1935235,DATA,399.5,0.0,21844,21138,6600,1129,1997,1,1,1,""
1935657,EVENT,400.0,0.0,18233,19225,5400,1129,1997,1,0,1,"VALVE1 OFF"
1935735,DATA,400.3,2.1,18233,19225,5400,1129,1997,1,0,1,""
1936235,DATA,401.0,0.0,15760,15406,11400,1129,1997,1,0,1,""
1936313,EVENT,400.8,-2.1,18159,16645,12000,1129,1997,0,0,1,"IGN OFF"
1936735,DATA,400.3,-2.1,21844,21138,7799,1129,1997,0,0,1,""
1937235,DATA,397.5,-8.3,18233,19226,16201,1129,1997,0,0,1,""
1937735,DATA,394.5,-4.2,13902,14850,12599,1129,1997,0,0,1,""
1938235,DATA,390.3,-10.4,14436,13330,11401,1129,1997,0,0,1,""
1938735,DATA,385.8,-6.2,21643,20727,14401,1129,1997,0,0,1,""
1938884,EVENT,384.2,-12.5,20836,20939,11282,1129,1997,0,1,1,"VALVE1 ON"
1939235,DATA,380.5,-12.5,18203,19160,17998,1129,1997,0,1,1,""
1939670,EVENT,377.5,-2.1,12880,14102,13200,1129,1997,1,1,1,"IGN ON"
1939735,DATA,377.5,-2.1,12880,14102,13200,1129,1997,1,1,1,""
1940235,DATA,380.2,6.2,11032,11351,16799,1129,1997,1,1,1,""
1940735,DATA,386.2,10.4,11005,11046,10201,1129,1997,1,1,1,""
1941235,DATA,389.5,8.3,20580,18306,17399,1129,1997,1,1,1,""
1941735,DATA,391.8,6.2,20052,20482,15598,1129,1997,1,1,1,""
1941881,EVENT,392.0,2.1,18188,19125,18407,1129,1997,1,1,1,"PUMP 1134"
1942064,EVENT,392.7,2.1,17136,18230,8403,1129,1997,1,1,1,"PUMP 1139"
1942205,EVENT,393.3,4.2,14906,16192,9601,1129,1997,1,1,1,"PUMP 1144"
1942235,DATA,393.3,4.2,14906,16192,9601,1129,1997,1,1,1,""
1942369,EVENT,393.5,2.1,12978,14159,10092,1129,1997,1,1,1,"PUMP 1149"
1942637,EVENT,394.0,2.1,17778,16048,16202,1131,1997,1,1,1,"PUMP 1154"
1942735,DATA,394.2,2.1,19786,17730,12597,1131,1997,1,1,1,""
1942740,EVENT,394.2,2.1,19786,17730,12597,1131,1997,1,1,1,"PUMP 1159"
1943135,EVENT,395.0,2.1,21464,21193,12600,1136,1997,1,1,1,"PUMP 1164"
1943235,DATA,395.0,2.1,20891,21057,8999,1136,1997,1,1,1,""
1943370,EVENT,395.5,2.0,19218,19998,6531,1138,1997,1,1,1,"PUMP 1169"
1943735,DATA,396.0,0.0,16053,17278,3000,1143,1997,1,1,1,""
1944195,EVENT,396.5,1.7,18158,16642,7425,1155,1997,1,1,1,"PUMP 1174"
1944235,DATA,396.7,2.1,20048,18175,2962,1155,1997,1,1,1,""
1944735,DATA,396.7,2.1,20930,21139,7200,1161,1997,1,1,1,""
1945235,DATA,397.5,2.1,16058,17291,10801,1170,1997,1,1,1,""
1945735,DATA,398.0,2.1,20048,18177,2400,1174,1997,1,1,1,""
1946235,DATA,399.3,2.1,20930,21139,6599,1174,1997,1,1,1,""
1946735,DATA,399.8,2.1,16058,17291,5400,1174,1997,1,1,1,""
1947235,DATA,400.0,0.0,20048,18177,6599,1174,1997,1,1,1,""
1947735,DATA,400.5,0.0,20930,21139,14999,1174,1997,1,1,1,""
1948235,DATA,400.5,-2.1,16135,17325,14999,1174,1997,1,1,1,""
1948530,EVENT,401.0,0.0,14401,15096,18601,1174,1997,1,1,1,"PUMP 1179"
1948735,DATA,401.2,2.1,14208,14511,16202,1174,1997,1,1,1,""
1948774,EVENT,401.2,2.1,14208,14511,16202,1174,1997,1,1,1,"PUMP 1184"
1949235,DATA,401.2,-2.1,13390,13650,12000,1176,1997,1,1,1,""
1949735,DATA,401.5,-2.1,12309,12467,15000,1181,1997,1,1,1,""
1950235,DATA,402.2,0.0,11889,12110,10200,1184,1997,1,1,1,""
1950735,DATA,404.0,4.2,21509,19976,12600,1184,1997,1,1,1,""
1951105,EVENT,404.5,2.1,20088,20558,13800,1184,1997,1,1,1,"PUMP 1189"
1951235,DATA,404.8,2.1,19195,19945,13199,1184,1997,1,1,1,""
1951735,DATA,405.2,2.1,13757,15103,11401,1186,1997,1,1,1,""
1952235,DATA,406.2,2.1,21791,20559,7800,1188,1997,1,1,1,""
1952655,EVENT,406.8,0.0,20149,20693,9000,1189,1997,1,1,1,"STARTER 2000"
1952735,DATA,406.8,0.0,19236,20038,9598,1189,1997,1,1,1,""
1953235,DATA,407.5,0.0,13763,15117,8399,1189,1999,1,1,1,""
1953735,DATA,408.8,2.1,21839,20599,11400,1189,2000,1,1,1,""
1954235,DATA,409.7,4.2,19294,20094,11401,1189,2000,1,1,1,""
1954539,EVENT,410.5,6.2,16261,17414,12599,1189,2000,1,1,1,"PUMP 1194"
1954735,DATA,410.5,4.2,14268,15471,14402,1189,2000,1,1,1,""
1955235,DATA,411.5,4.2,15173,14125,14400,1191,2000,1,1,1,""
1955735,DATA,411.8,0.0,21852,21029,16800,1193,2000,1,1,1,""
1956235,DATA,411.5,0.0,18311,19288,15600,1194,2000,1,1,1,""
1956735,DATA,411.3,0.0,14970,15408,17399,1194,2000,1,1,1,""
1957235,DATA,411.5,2.1,14279,14427,13801,1194,2000,1,1,1,""
1957735,DATA,412.0,2.1,15217,15126,13800,1194,2000,1,1,1,""
1958235,DATA,412.3,2.1,15056,15210,15000,1194,2000,1,1,1,""
1958735,DATA,412.5,0.0,13362,13719,10199,1194,2000,1,1,1,""
1959235,DATA,412.5,-6.2,21138,19207,9601,1194,2000,1,1,1,""
1959735,DATA,412.5,-4.2,20212,20720,12600,1194,2000,1,1,1,""
1960235,DATA,413.3,0.0,15541,16559,15600,1194,2000,1,1,1,""
1960403,EVENT,413.3,0.0,14913,15818,13200,1194,2000,0,1,1,"IGN OFF"
1960735,DATA,413.0,-2.1,18053,16299,16801,1194,2000,0,1,1,""
1961235,DATA,412.8,-2.1,21586,21339,12600,1194,2000,0,1,1,""
1961735,DATA,412.5,0.0,17253,18380,6000,1194,2000,0,1,1,""
1962235,DATA,412.5,4.2,13944,14375,19800,1194,2000,0,1,1,""
1962735,DATA,409.7,-6.2,15223,14828,18600,1194,2000,0,1,1,""
1963235,DATA,407.3,-4.2,15283,15319,18002,1194,2000,0,1,1,""
1963735,DATA,405.0,-2.1,15071,15037,17999,1194,2000,0,1,1,""
1964235,DATA,403.3,-4.2,15860,15644,18598,1194,2000,0,1,1,""
1964735,DATA,401.2,-4.2,15693,15820,16801,1194,2000,0,1,1,""
1965235,DATA,399.0,-4.2,13626,14104,13800,1194,2000,0,1,1,""
1965735,DATA,398.0,0.0,21227,19349,14401,1194,2000,0,1,1,""
1966235,DATA,396.5,-4.2,20226,20748,19198,1194,2000,0,1,1,""
1966415,EVENT,395.8,-6.2,19318,20105,25801,1194,2000,1,1,1,"IGN ON"
1966735,DATA,395.3,0.0,17340,17844,19199,1194,2000,1,1,1,""
1967235,DATA,394.0,-2.1,16702,16892,19799,1194,2000,1,1,1,""
1967735,DATA,394.5,0.0,17223,16966,21003,1194,2000,1,1,1,""
1968235,DATA,395.8,2.1,16767,16904,22201,1194,2000,1,1,1,""
1968735,DATA,396.3,0.0,16852,16844,16801,1194,2000,1,1,1,""
1969235,DATA,397.8,4.2,17262,17179,18000,1194,2000,1,1,1,""
1969735,DATA,398.7,2.1,16834,16836,19799,1194,2000,1,1,1,""
1970235,DATA,400.0,2.1,16846,16706,21600,1194,2000,1,1,1,""
1970735,DATA,402.2,4.2,16338,16522,23403,1194,2000,1,1,1,""
1971235,DATA,404.3,4.2,15921,16046,21599,1194,2000,1,1,1,""
1971735,DATA,406.8,4.2,16324,16335,17999,1194,2000,1,1,1,""
1972235,DATA,408.5,4.2,16359,16322,24597,1194,2000,1,1,1,""
1972735,DATA,408.5,0.0,16049,16083,19200,1194,2000,1,1,1,""
1973235,DATA,408.0,0.0,16461,16321,21597,1194,2000,1,1,1,""
1973735,DATA,408.0,0.0,16472,16416,19800,1194,2000,1,1,1,""
1974235,DATA,409.2,6.2,16036,16143,20400,1194,2000,1,1,1,""
1974735,DATA,409.5,-2.1,16382,16311,17397,1194,2000,1,1,1,""
1975235,DATA,410.0,2.1,16835,16772,19201,1194,2000,1,1,1,""
1975735,DATA,411.0,2.1,16364,16431,18600,1194,2000,1,1,1,""
1976235,DATA,411.3,0.0,16365,16346,16200,1194,2000,1,1,1,""
1976735,DATA,411.0,-2.1,16072,16109,19200,1194,2000,1,1,1,""
1977235,DATA,410.2,-2.1,15989,16008,15600,1194,2000,1,1,1,""
1977616,EVENT,409.7,-2.1,15957,15933,20411,1194,2000,1,1,1,"PUMP 1199"
1977735,DATA,409.5,-2.1,15985,15957,17999,1194,2000,1,1,1,""
1978235,DATA,410.5,4.2,16047,16021,24600,1196,2000,1,1,1,""
1978735,DATA,412.5,2.1,16523,16391,23401,1198,2000,1,1,1,""
1979235,DATA,411.5,0.0,16189,16376,20997,1199,2000,1,1,1,""
1979735,DATA,410.5,-2.1,15693,15801,19200,1199,2000,1,1,1,""
1979892,EVENT,410.2,-2.1,15322,15540,15003,1199,2000,1,1,1,"PUMP 1204"
1980235,DATA,410.2,2.1,15376,15377,23404,1200,2000,1,1,1,""
1980735,DATA,411.0,4.2,15503,15491,19800,1202,2000,1,1,1,""
1981235,DATA,412.3,0.0,15224,15239,20998,1204,2000,1,1,1,""
1981735,DATA,412.8,2.1,15226,15172,19200,1204,2000,1,1,1,""
1982235,DATA,414.7,2.1,15788,15598,22800,1204,2000,1,1,1,""
1982735,DATA,416.0,2.1,16007,15958,22197,1204,2000,1,1,1,""
1983235,DATA,418.0,2.1,16525,16418,18001,1204,2000,1,1,1,""
1983735,DATA,419.5,2.1,15906,15995,20399,1204,2000,1,1,1,""
1984235,DATA,421.7,10.4,15658,15705,20400,1204,2000,1,1,1,""
1984735,DATA,428.0,20.8,15548,15557,19800,1204,2000,1,1,1,""
1985235,DATA,432.8,4.2,15629,15598,21598,1204,2000,1,1,1,""
1985735,DATA,433.3,-2.1,16531,16359,24000,1204,2000,1,1,1,""
1986235,DATA,432.8,4.2,15866,16003,20999,1204,2000,1,1,1,""
1986587,EVENT,435.0,4.2,15755,15767,19213,1204,2000,1,1,1,"PUMP 1209"
1986735,DATA,435.0,0.0,15749,15759,17998,1204,2000,1,1,1,""
1987235,DATA,435.8,2.1,15841,15763,20999,1206,2000,1,1,1,""
1987684,EVENT,435.8,2.1,15781,15762,22200,1208,2000,1,1,1,"PUMP 1214"
1987735,DATA,435.8,2.1,15781,15762,22200,1208,2000,1,1,1,""
1988235,DATA,435.2,0.0,16125,16141,19200,1210,2000,1,1,1,""
1988735,DATA,434.2,-4.2,15463,15576,22201,1213,2000,1,1,1,""
1989235,DATA,434.0,0.0,15675,15645,19201,1214,2000,1,1,1,""
1989605,EVENT,434.7,0.0,15432,15528,24014,1214,2000,1,1,1,"PUMP 1219"
1989735,DATA,435.0,2.1,15394,15468,19797,1214,2000,1,1,1,""
1990235,DATA,434.0,-2.1,15557,15576,18601,1216,2000,1,1,1,""
1990735,DATA,433.8,0.0,15246,15350,16200,1218,2000,1,1,1,""
1991235,DATA,433.5,0.0,15096,15255,16200,1219,2000,1,1,1,""
1991728,EVENT,433.8,0.0,13457,13930,17399,1219,2000,1,1,1,"PUMP 1224"
1991735,DATA,433.8,0.0,13457,13930,17399,1219,2000,1,1,1,""
1992235,DATA,433.5,0.0,14515,14235,23400,1220,2000,1,1,1,""
1992735,DATA,433.5,2.1,15272,15032,19799,1223,2000,1,1,1,""
1993235,DATA,434.0,2.1,13831,14286,14400,1224,2000,1,1,1,""
1993275,EVENT,434.0,2.1,13614,13983,15000,1224,2000,1,1,1,"PUMP 1229"
1993735,DATA,434.5,0.0,14435,14180,22801,1225,2000,1,1,1,""
1994235,DATA,434.2,0.0,15853,15583,19198,1228,2000,1,1,1,""
1994621,EVENT,435.2,2.1,15110,15240,19810,1229,2000,1,1,1,"PUMP 1233"
1994735,DATA,435.8,4.2,15276,15256,23396,1229,2000,1,1,1,""
1995235,DATA,436.0,0.0,15279,15261,13800,1230,2000,1,1,1,""
1995735,DATA,437.0,2.1,15433,15337,18002,1232,2000,1,1,1,""
1996235,DATA,437.8,0.0,15297,15272,22802,1233,2000,1,1,1,""
1996735,DATA,438.5,-2.1,15377,15430,16801,1233,2000,1,1,1,""
1997235,DATA,438.7,2.1,15411,15411,22200,1233,2000,1,1,1,""
1997735,DATA,440.5,4.2,15605,15572,17401,1233,2000,1,1,1,""
1998235,DATA,441.5,2.1,15635,15697,14999,1233,2000,1,1,1,""
1998735,DATA,443.2,6.2,14560,14866,15599,1233,2000,1,1,1,""
1999235,DATA,443.7,0.0,12270,12691,12000,1233,2000,1,1,1,""
1999735,DATA,443.5,0.0,20870,18774,14400,1233,2000,1,1,1,""
1999889,EVENT,443.2,-2.1,21720,20792,7801,1233,2000,1,1,1,"PUMP 1238"
2000235,DATA,443.0,0.0,20171,20636,22198,1234,2000,1,1,1,""
2000735,DATA,442.7,0.0,15994,16817,15001,1236,2000,1,1,1,""
2001235,DATA,442.0,0.0,15381,15581,16798,1238,2000,1,1,1,""
2001735,DATA,441.5,-2.1,14921,15058,16200,1238,2000,1,1,1,""
2002235,DATA,441.8,-2.1,13959,14293,17999,1238,2000,1,1,1,""
2002735,DATA,441.8,0.0,14790,14463,19201,1238,2000,1,1,1,""
2003235,DATA,441.8,0.0,15671,15481,13199,1238,2000,1,1,1,""
2003735,DATA,441.5,0.0,14282,14542,12000,1238,2000,1,1,1,""
2003801,EVENT,441.3,-2.1,13924,14264,16199,1238,2000,1,1,1,"PUMP 1243"
2004235,DATA,440.8,-2.1,13985,13952,14399,1239,2000,1,1,1,""
2004735,DATA,441.0,2.1,14483,14343,19801,1241,2000,1,1,1,""
2005235,DATA,441.3,0.0,13583,13837,11400,1243,2000,1,1,1,""
2005735,DATA,441.5,0.0,12663,12760,11399,1243,2000,1,1,1,""
2006235,DATA,442.0,0.0,11957,12018,14999,1243,2000,1,1,1,""
2006735,DATA,441.8,0.0,13387,12980,13200,1243,2000,1,1,1,""
2007235,DATA,442.3,4.2,12698,12855,13199,1243,2000,1,1,1,""
2007735,DATA,442.7,2.1,17675,15482,13200,1243,2000,1,1,1,""
2008235,DATA,442.3,-2.1,21535,21218,13199,1243,2000,1,1,1,""
2008668,EVENT,442.0,0.0,18392,19315,15607,1243,2000,1,1,1,"STARTER 2000"
2008735,DATA,441.5,-4.2,17428,18466,17400,1243,2000,1,1,1,""
2009235,DATA,441.8,0.0,15658,16036,14401,1243,2000,1,1,1,""
2009735,DATA,442.7,2.1,15993,15898,16801,1243,2000,1,1,1,""
2010235,DATA,443.7,0.0,14660,15145,7800,1243,2000,1,1,1,""
2010735,DATA,444.8,0.0,19879,17764,10799,1243,2000,1,1,1,""
2011235,DATA,444.5,-2.1,20982,21145,10800,1243,2000,1,1,1,""
2011735,DATA,444.0,-2.1,16143,17368,3600,1243,2000,1,1,1,""
2012235,DATA,443.7,0.0,20138,18265,7200,1243,2000,1,1,1,""
2012735,DATA,444.0,2.1,21020,21229,8999,1243,2000,1,1,1,""
2013235,DATA,446.0,2.1,16148,17381,6000,1243,2000,1,1,1,""
2013735,DATA,446.0,2.1,17804,16076,4800,1243,2000,1,1,1,""
2014235,DATA,447.0,0.0,21542,21263,7201,1243,2000,1,1,1,""
2014422,EVENT,447.7,6.2,20207,20716, 0,1243,2000,0,1,1,"IGN OFF"
2014735,DATA,449.0,2.1,17247,18367,6600,1243,2000,0,1,1,""
2015235,DATA,450.5,4.2,18248,16732,5400,1243,2000,0,1,1,""
2015735,DATA,452.5,-2.1,21611,21400,5400,1243,2000,0,1,1,""
2016235,DATA,454.3,6.2,17257,18389,8400,1243,2000,0,1,1,""
2016735,DATA,453.8,-2.1,18249,16735,7799,1243,2000,0,1,1,""
2017235,DATA,452.2,0.0,21611,21401,11400,1243,2000,0,1,1,""
2017735,DATA,453.8,4.2,17257,18389,10199,1243,2000,0,1,1,""
2017923,EVENT,455.2,12.5,15011,16314,10800,1243,2000,0,1,1,"PUMP 1248"
2018235,DATA,457.3,2.1,15193,14644,10800,1244,2000,0,1,1,""
2018654,EVENT,454.8,-8.3,21726,20367,9606,1245,2000,0,1,1,"PUMP 1253"
2018735,DATA,454.8,-8.3,21827,21024,13798,1245,2000,0,1,1,""
2019235,DATA,452.5,-2.1,18307,19281,10199,1248,2000,0,1,1,""
2019660,EVENT,451.2,0.0,13850,15199,9006,1251,2000,0,1,1,"PUMP 1258"
2019735,DATA,451.2,0.0,15847,15491,10798,1251,2000,0,1,1,""
2020235,DATA,451.2,0.0,21934,21228,11401,1253,2000,0,1,1,""
2020735,DATA,450.5,-2.1,18323,19315,16202,1257,2000,0,1,1,""
2021235,DATA,455.7,16.7,14168,15138,14999,1258,2000,0,1,1,""
2021735,DATA,457.3,2.1,15173,14118,6000,1258,2000,0,1,1,""
2022235,DATA,459.2,20.8,21851,21027,8399,1258,2000,0,1,1,""
2022735,DATA,466.8,6.2,18311,19287,3600,1258,2000,0,1,1,""
2023235,DATA,473.0,10.4,15848,15492,7801,1258,2000,0,1,1,""
2023735,DATA,481.5,2.1,21934,21228,10200,1258,2000,0,1,1,""
2024235,DATA,479.8,-2.1,18323,19315,12600,1258,2000,0,1,1,""
2024735,DATA,480.5,0.0,15303,15667,19800,1258,2000,0,1,1,""
2025235,DATA,477.5,-6.2,13039,13821,15000,1258,2000,0,1,1,""
2025735,DATA,474.5,-2.1,19438,17078,9600,1258,2000,0,1,1,""
2026235,DATA,473.3,0.0,20914,21007,16798,1258,2000,0,1,1,""
2026735,DATA,471.5,-2.1,17033,17855,7200,1258,2000,0,1,1,""
2027235,DATA,473.8,6.2,16053,16177,16209,1258,2000,0,1,1,""
2027735,DATA,475.0,-2.1,14061,14769,14406,1258,2000,0,1,1,""
2028235,DATA,481.2,20.8,21269,19454,14407,1258,2000,0,1,1,""
2028735,DATA,485.2,-2.1,20232,20763,15010,1258,2000,0,1,1,""
2029235,DATA,481.2,-4.2,17015,17668,14410,1258,2000,0,1,1,""
2029735,DATA,482.3,0.0,14151,14811,12607,1258,2000,0,1,1,""
2030235,DATA,481.0,-6.2,19747,17568,13208,1258,2000,0,1,1,""
2030735,DATA,483.8,4.2,20961,21104,18608,1258,2000,0,1,1,""
2031235,DATA,484.7,8.3,16140,17361,10205,1258,2000,0,1,1,""
2031735,DATA,484.2,-4.2,13361,13620,17408,1258,2000,0,1,1,""
2032235,DATA,486.5,8.3,12608,12982,12607,1258,2000,0,1,1,""
2032735,DATA,487.8,6.2,21720,20284,18610,1258,2000,0,1,1,""
2033199,EVENT,490.0,10.4,19418,20125,24011,1258,2000,0,1,1,"PUMP 1263"
2033235,DATA,490.8,6.2,19418,20125,24011,1258,2000,0,1,1,""
2033300,EVENT,490.8,6.2,18711,19489,25796,1258,2000,0,1,1,"PUMP 1268"
2033566,EVENT,494.5,4.2,17209,17770,20780,1259,2000,0,1,1,"PUMP 1273"
2033735,DATA,495.5,8.3,16980,17415,22810,1259,2000,0,1,1,""
2034235,DATA,498.0,0.0,16462,16571,20416,1265,2000,0,1,1,""
2034735,DATA,498.3,12.5,16229,16392,14409,1271,2000,0,1,1,""
2035235,DATA,497.5,-4.2,15948,15999,21015,1273,2000,0,1,1,""
2035735,DATA,494.5,-2.1,15364,15424,21009,1273,2000,0,1,1,""
2036235,DATA,492.7,-2.1,16033,16008,24011,1273,2000,0,1,1,""
2036735,DATA,492.5,-2.1,16209,16270,26412,1273,2000,0,1,1,""
2037235,DATA,488.5,-12.5,15553,15779,13806,1273,2000,0,1,1,""
2037735,DATA,484.5,-4.2,15230,15266,18008,1273,2000,0,1,1,""
2037878,EVENT,483.8,-6.2,15235,15231,21000,1273,2000,1,1,1,"IGN ON"
2038235,DATA,481.5,-6.2,15319,15255,19808,1273,2000,1,1,1,""
2038735,DATA,480.2,2.1,14710,14872,15606,1273,2000,1,1,1,""
2038849,EVENT,481.0,6.2,14300,14615,14999,1273,2000,0,1,1,"IGN OFF"
2039235,DATA,487.0,16.7,13594,13799,19811,1273,2000,0,1,1,""
2039735,DATA,489.0,-4.2,13515,13725,10805,1273,2000,0,1,1,""
2040235,DATA,486.5,-6.2,21182,19269,12006,1273,2000,0,1,1,""
2040735,DATA,485.8,2.1,20219,20734,8404,1273,2000,0,1,1,""
2041235,DATA,486.8,-2.1,15008,16307,6603,1273,2000,0,1,1,""
2041735,DATA,483.3,-6.2,21327,19643,7803,1273,2000,0,1,1,""
2042235,DATA,479.0,-2.1,20239,20784,11406,1273,2000,0,1,1,""
2042735,DATA,475.5,-8.3,15011,16314,7204,1273,2000,0,1,1,""
2043235,DATA,472.0,-4.2,21328,19644,7806,1273,2000,0,1,1,""
2043735,DATA,472.2,-4.2,20239,20784,18012,1273,2000,0,1,1,""
2044235,DATA,468.2,-8.3,16160,17020,16808,1273,2000,0,1,1,""
2044735,DATA,462.0,-14.6,14740,15047,17411,1273,2000,0,1,1,""
2044988,EVENT,459.7,-12.5,13755,14114,17399,1273,2000,1,1,1,"IGN ON"
2045235,DATA,454.5,-16.7,13502,13709,15008,1273,2000,1,1,1,""
2045735,DATA,449.8,-6.2,14109,14012,16809,1273,2000,1,1,1,""
2046235,DATA,450.8,14.6,14719,14598,18609,1273,2000,1,1,1,""
2046735,DATA,455.2,4.2,14950,14972,21613,1273,2000,1,1,1,""
2047235,DATA,459.2,10.4,15384,15406,16208,1273,2000,1,1,1,""
2047735,DATA,462.3,4.2,13816,14198,10806,1273,2000,1,1,1,""
2048235,DATA,460.8,-2.1,21247,19387,8404,1273,2000,1,1,1,""
2048345,EVENT,460.8,-2.1,21830,20486,9000,1273,2000,1,1,1,"PUMP 1278"
2048579,EVENT,461.0,2.1,21589,21332,11401,1273,2000,1,1,1,"PUMP 1283"
2048735,DATA,462.3,6.2,20229,20755,10856,1273,2000,1,1,1,""
2049235,DATA,464.2,0.0,15009,16311,10208,1277,2000,1,1,1,""
2049735,DATA,473.3,37.5,21328,19644,12608,1282,2000,1,1,1,""
2050235,DATA,482.8,20.8,20239,20784,10807,1283,2000,1,1,1,""
2050735,DATA,482.5,-4.2,15036,16328,12005,1283,2000,1,1,1,""
2051235,DATA,479.3,-2.1,12915,13276,12008,1283,2000,1,1,1,""
2051735,DATA,481.8,12.5,13894,13501,16808,1283,2000,1,1,1,""
2052235,DATA,485.8,2.1,14622,14514,16208,1283,2000,1,1,1,""
2052735,DATA,486.0,-6.2,14446,14676,16208,1283,2000,1,1,1,""
2053235,DATA,482.5,-4.2,14296,14135,17407,1283,2000,1,1,1,""
2053735,DATA,480.7,0.0,13557,13729,13806,1283,2000,1,1,1,""
2054235,DATA,479.8,-2.1,19873,17627,12607,1283,2000,1,1,1,""
2054735,DATA,478.5,0.0,20984,21142,15006,1283,2000,1,1,1,""
2055235,DATA,481.5,12.5,16393,17510,13207,1283,2000,1,1,1,""
2055735,DATA,481.0,-6.2,14691,14949,17412,1283,2000,1,1,1,""
2056235,DATA,476.7,-4.2,14522,14574,16808,1283,2000,1,1,1,""
2056735,DATA,474.0,0.0,14522,14482,17410,1283,2000,1,1,1,""
2057235,DATA,475.0,-4.2,14421,14476,14407,1283,2000,1,1,1,""
2057735,DATA,477.0,2.1,14792,14700,17410,1283,2000,1,1,1,""
2058235,DATA,478.5,0.0,18273,16393,13207,1283,2000,1,1,1,""
2058735,DATA,476.5,-6.2,21629,21406,9606,1283,2000,1,1,1,""
2059235,DATA,476.0,2.1,17260,18394,12605,1283,2000,1,1,1,""
2059735,DATA,474.8,0.0,14977,15225,15606,1283,2000,1,1,1,""
2060235,DATA,483.3,27.1,13655,14193,13809,1283,2000,1,1,1,""
2060735,DATA,485.8,4.2,21924,20644,10207,1283,2000,1,1,1,""
2061235,DATA,483.5,4.2,19334,20138,10804,1283,2000,1,1,1,""
2061735,DATA,494.8,37.5,13854,15209,13806,1283,2000,1,1,1,""
2062235,DATA,504.8,6.2,21883,20652,9605,1283,2000,1,1,1,""
2062257,EVENT,504.8,6.2,21883,20652,9605,1283,2000,1,1,1,"PUMP 1288"
2062474,EVENT,503.8,-10.4,21611,21401,12002,1283,2000,1,1,1,"PUMP 1293"
2062620,EVENT,502.8,-8.3,20239,20784,13065,1283,2000,1,1,1,"PUMP 1298"
2062735,DATA,500.5,-18.8,19326,20128,10803,1283,2000,1,1,1,""
2062824,EVENT,498.0,-20.8,18323,19316,6000,1284,2000,1,1,1,"PUMP 1303"
2063235,DATA,498.0,4.2,15175,15906,26418,1287,2000,1,1,1,""
2063735,DATA,498.0,-6.2,15939,15790,19214,1297,2000,1,1,1,""
2064235,DATA,492.7,-8.3,16463,16433,15010,1303,2000,1,1,1,""
2064735,DATA,493.0,4.2,16785,16694,21612,1303,2000,1,1,1,""
2065235,DATA,498.5,10.4,17181,16936,16811,1303,2000,1,1,1,""
2065735,DATA,499.8,2.1,17223,17230,19809,1303,2000,1,1,1,""
2066235,DATA,505.2,16.7,17578,17611,21611,1303,2000,1,1,1,""
2066735,DATA,509.2,8.3,17080,17166,17408,1303,2000,1,1,1,""
2067235,DATA,514.0,4.0,17440,17380,19810,1303,2000,1,1,1,""
2067530,EVENT,517.0,14.6,17361,17363,21601,1303,2000,1,1,1,"PUMP 1308"
2067735,DATA,520.2,16.7,17303,17353,15009,1303,2000,1,1,1,""
2067785,EVENT,520.2,16.7,17303,17353,15009,1303,2000,1,1,1,"PUMP 1313"
2067901,EVENT,520.7,4.2,17210,17289,19197,1303,2000,1,1,1,"PUMP 1318"
2068235,DATA,521.5,0.0,16622,16823,17410,1305,2000,1,1,1,""
2068735,DATA,520.7,-10.4,17017,16973,21615,1312,2000,1,1,1,""
2069235,DATA,515.0,-18.8,17171,17093,19816,1317,2000,1,1,1,""
2069735,DATA,510.2,-4.2,16788,16978,15608,1318,2000,1,1,1,""
2070235,DATA,512.0,7.9,16913,16778,19211,1318,2000,1,1,1,""
2070735,DATA,521.5,12.5,17331,17279,19208,1318,2000,1,1,1,""
2071235,DATA,526.0,8.3,16075,16457,17407,1318,2000,1,1,1,""
2071735,DATA,529.5,-2.1,14351,14841,18610,1318,2000,1,1,1,""
2071889,EVENT,528.0,-12.5,14292,14594,16199,1318,2000,1,1,1,"PUMP 1323"
2072235,DATA,523.7,-10.4,14543,14528,16809,1319,2000,1,1,1,""
2072735,DATA,515.0,-16.7,16015,15762,21615,1321,2000,1,1,1,""
2073235,DATA,508.8,-9.9,15547,15606,24012,1323,2000,1,1,1,""
2073301,EVENT,506.5,-18.8,15547,15606,24012,1323,2000,1,1,1,"PUMP 1328"
2073735,DATA,501.0,-2.1,16191,16062,22814,1324,2000,1,1,1,""
2074235,DATA,502.0,18.8,15980,16001,18611,1326,2000,1,1,1,""
2074735,DATA,503.5,-4.2,15671,15822,16810,1328,2000,1,1,1,""
2075235,DATA,507.0,-2.1,15380,15334,23414,1328,2000,1,1,1,""
2075735,DATA,505.0,0.0,15103,15207,20412,1328,2000,1,1,1,""
2076235,DATA,500.8,-11.9,15363,15207,19210,1328,2000,1,1,1,""
2076735,DATA,492.5,-16.7,14790,14820,22212,1328,2000,1,1,1,""
2077235,DATA,489.7,0.0,14938,14948,17813,1328,2000,1,1,1,""
2077735,DATA,492.5,2.1,14485,14584,17813,1328,2000,1,1,1,""
2078235,DATA,490.8,-4.2,13839,13985,21966,1328,2000,1,1,1,""
2078735,DATA,488.3,-2.1,14812,14614,20186,1328,2000,1,1,1,""
2079235,DATA,487.0,-7.9,14330,14553,16032,1328,2000,1,1,1,""
2079735,DATA,481.2,-16.7,14278,14396,20187,1328,2000,1,1,1,""
2080235,DATA,477.8,-2.1,13514,13659,17809,1328,2000,1,1,1,""
2080735,DATA,478.8,-4.2,13257,13351,21374,1328,2000,1,1,1,""
2081235,DATA,475.8,-10.4,14153,13853,17811,1328,2000,1,1,1,""
2081735,DATA,472.0,-10.4,13729,13870,17219,1328,2000,1,1,1,""
2082235,DATA,469.5,-2.0,14006,14019,16031,1328,2000,1,1,1,""
2082648,EVENT,466.5,-10.4,14052,14050,17813,1328,2000,1,1,1,"PUMP 1333"
2082735,DATA,466.5,-10.4,14052,14050,17813,1328,2000,1,1,1,""
2082848,EVENT,465.3,-10.4,14011,14049,21003,1328,2000,1,1,1,"PUMP 1338"
2083006,EVENT,463.7,-8.3,14083,14064,19196,1328,2000,1,1,1,"PUMP 1343"
2083235,DATA,462.5,-6.2,14110,14119,19596,1329,2000,1,1,1,""
2083735,DATA,459.5,-4.2,14204,14079,17812,1335,2000,1,1,1,""
2084235,DATA,455.7,-8.3,13746,13894,21373,1342,2000,1,1,1,""
2084735,DATA,454.3,-2.1,13461,13506,15437,1343,2000,1,1,1,""
2085235,DATA,452.2,-6.0,14228,13913,18408,1343,2000,1,1,1,""
2085735,DATA,450.0,-4.2,14692,14689,17812,1343,2000,1,1,1,""
2086235,DATA,450.0,2.1,14746,14776,18406,1343,2000,1,1,1,""
2086735,DATA,452.8,4.2,14526,14559,19000,1343,2000,1,1,1,""
2087235,DATA,449.5,-6.2,14417,14409,18409,1343,2000,1,1,1,""
2087735,DATA,444.5,-10.4,13686,13917,14842,1343,2000,1,1,1,""
2088235,DATA,441.8,-2.0,13152,13246,15439,1343,2000,1,1,1,""
2088659,EVENT,440.5,-2.1,13001,13073,17398,1343,2000,0,1,1,"IGN OFF"
2088735,DATA,440.5,-2.1,12942,13014,19333,1343,2000,0,1,1,""
2089235,DATA,438.7,-2.1,12940,12929,16191,1343,2000,0,1,1,""
2089311,EVENT,437.8,-8.3,12891,12912,16209,1343,2000,1,1,1,"IGN ON"
2089735,DATA,434.2,-4.2,12926,12945,14844,1343,2000,1,1,1,""
2090235,DATA,431.0,-8.3,12739,12743,16032,1343,2000,1,1,1,""
2090735,DATA,428.0,-8.3,12915,12871,16033,1343,2000,1,1,1,""
2091235,DATA,425.8,-4.0,13287,13184,17815,1343,2000,1,1,1,""
2091735,DATA,423.8,-6.2,14663,14388,17811,1343,2000,1,1,1,""
2092235,DATA,422.2,-2.1,15012,14968,20783,1343,2000,1,1,1,""
2092735,DATA,421.5,-2.1,14750,14771,17810,1343,2000,1,1,1,""
2093235,DATA,422.0,0.0,15147,15021,16625,1343,2000,1,1,1,""
2093735,DATA,427.5,6.2,14883,14896,18409,1343,2000,1,1,1,""
2094235,DATA,426.2,-6.0,15028,14997,17219,1343,2000,1,1,1,""
2094735,DATA,423.5,-4.2,14836,14889,14844,1343,2000,1,1,1,""
2095235,DATA,421.5,0.0,14809,14798,19593,1343,2000,1,1,1,""
2095735,DATA,429.8,22.9,15310,15162,20189,1343,2000,1,1,1,""
2096235,DATA,429.8,-2.1,14946,14983,17219,1343,2000,1,1,1,""
2096735,DATA,430.0,0.0,15281,15173,22562,1343,2000,1,1,1,""
2097235,DATA,428.3,-4.0,15298,15298,17219,1343,2000,1,1,1,""
2097735,DATA,424.8,-10.4,15615,15520,17814,1343,2000,1,1,1,""
2098235,DATA,422.5,0.0,14602,15053,10686,1343,2000,1,1,1,""
2098735,DATA,429.0,25.0,18070,16158,9500,1343,2000,1,1,1,""
2099235,DATA,433.8,8.3,21595,21344,14250,1343,2000,1,1,1,""
2099735,DATA,435.2,4.2,18243,18936,17814,1343,2000,1,1,1,""
2100235,DATA,438.0,-6.0,17236,17442,17219,1343,2000,1,1,1,""
2100735,DATA,435.0,2.1,16959,17013,19000,1343,2000,1,1,1,""
2101235,DATA,436.0,0.0,16880,16903,17813,1343,2000,1,1,1,""
2101735,DATA,437.0,-2.1,16797,16818,20186,1343,2000,1,1,1,""
2102235,DATA,436.3,6.2,16752,16747,17218,1343,2000,1,1,1,""
2102735,DATA,439.0,-4.2,16769,16776,16624,1343,2000,1,1,1,""
2102853,EVENT,438.5,-4.2,16748,16763,16806,1343,2000,1,1,1,"PUMP 1348"
2103041,EVENT,437.0,-12.5,16724,16739,16201,1343,2000,1,1,1,"PUMP 1353"
2103235,DATA,436.3,-4.0,16697,16714,16625,1343,2000,1,1,1,""
2103337,EVENT,435.8,-4.2,16685,16701,16808,1344,2000,1,1,1,"PUMP 1358"
2103735,DATA,434.7,0.0,16694,16690,18406,1346,2000,1,1,1,""
2103841,EVENT,434.2,-4.2,16711,16700,19208,1348,2000,1,1,1,"PUMP 1363"
2104041,EVENT,434.0,0.0,16762,16735,19202,1349,2000,1,1,1,"PUMP 1373"
2104235,DATA,433.0,-8.3,16730,16741,19004,1350,2000,1,1,1,""
2104335,EVENT,432.0,-8.3,16722,16732,18008,1351,2000,1,1,1,"PUMP 1378"
2104735,DATA,432.5,4.2,16918,16869,18404,1356,2000,1,1,1,""
2105235,DATA,435.2,6.2,17123,17040,15004,1368,2000,1,1,1,""
2105735,DATA,439.2,10.4,16916,16963,18600,1378,2000,1,1,1,""
2106235,DATA,439.5,0.0,16977,17009,17999,1378,2000,1,1,1,""
2106735,DATA,439.7,0.0,16799,16836,17991,1378,2000,1,1,1,""
2107178,EVENT,441.0,0.0,16782,16790,17402,1378,2000,1,1,1,"PUMP 1383"
2107235,DATA,441.0,0.0,16778,16785,17216,1378,2000,1,1,1,""
2107384,EVENT,441.3,2.1,16772,16779,17408,1378,2000,1,1,1,"PUMP 1388"
2107549,EVENT,441.0,0.0,16770,16772,17403,1378,2000,1,1,1,"PUMP 1393"
2107735,DATA,440.8,-2.1,16799,16787,16630,1379,2000,1,1,1,""
2108041,EVENT,440.0,-2.1,16751,16775,16201,1382,2000,1,1,1,"PUMP 1398"
2108161,EVENT,439.5,-4.2,16685,16734,17997,1382,2000,1,1,1,"PUMP 1403"
2108235,DATA,438.7,-6.2,16601,16674,16626,1382,2000,1,1,1,""
2108387,EVENT,438.3,-4.2,16508,16600,16210,1383,2000,1,1,1,"PUMP 1408"
2108735,DATA,436.0,0.0,16467,16464,16623,1386,2000,1,1,1,""
2109235,DATA,434.2,-6.0,16189,16291,17216,1398,2000,1,1,1,""
2109735,DATA,430.7,-6.2,15514,15666,15435,1407,2000,1,1,1,""
2110235,DATA,427.5,-8.3,15119,15220,17812,1408,2000,1,1,1,""
2110735,DATA,424.3,-8.3,14953,15037,14845,1408,2000,1,1,1,""
2110856,EVENT,423.3,-8.3,14722,14895,13805,1408,2000,1,1,1,"PUMP 1413"
2111002,EVENT,421.5,-10.4,14622,14772,17398,1408,2000,1,1,1,"PUMP 1418"
2111150,EVENT,420.3,-10.4,14491,14593,16218,1408,2000,1,1,1,"PUMP 1423"
2111235,DATA,420.3,-10.4,14425,14518,16030,1408,2000,1,1,1,""
2111511,EVENT,418.0,-2.1,14248,14322,18598,1410,2000,1,1,1,"PUMP 1428"
2111735,DATA,416.8,-4.2,14122,14201,16032,1411,2000,1,1,1,""
2112235,DATA,413.3,-11.9,13758,13892,17216,1419,2000,1,1,1,""
2112735,DATA,407.5,-16.7,13180,13318,16624,1426,2000,1,1,1,""
2113235,DATA,404.8,-6.2,12809,12884,13655,1428,2000,1,1,1,""
2113735,DATA,401.7,-4.2,12397,12495,12468,1428,2000,1,1,1,""
2114235,DATA,398.3,-8.3,12276,12274,16625,1428,2000,1,1,1,""
2114735,DATA,394.5,-10.4,12021,12099,16028,1428,2000,1,1,1,""
2115235,DATA,392.7,-4.0,11668,11748,12469,1428,2000,1,1,1,""
2115735,DATA,390.0,-6.2,11472,11512,16031,1428,2000,1,1,1,""
2116235,DATA,387.5,-4.2,11489,11481,11874,1428,2000,1,1,1,""
2116644,EVENT,385.5,-4.2,11479,11487,11401,1000,2000,0,0,0,"EV:A03_ESTOP"
2116735,DATA,384.8,-6.2,11456,11473,11873,1000,2000,0,0,0,""
2117235,DATA,383.0,-2.1,11305,11344,10688,1000,2000,0,0,0,""
2117735,DATA,379.8,-4.2,11060,11122,13063,1000,2000,0,0,0,""
2118235,DATA,377.0,-6.0,10824,10882,10688,1000,2000,0,0,0,""
2118735,DATA,374.5,-4.2,10582,10642,10094,1000,2000,0,0,0,""
2119235,DATA,370.8,-8.3,13313,11727,10095,1000,2000,0,0,0,""
2119735,DATA,367.3,-6.2,21524,20420,10688,1000,2000,0,0,0,""
2120150,EVENT,363.3,-10.4,19238,19935,10200,1000,2000,0,0,0,"STARTER 1652"
2120255,DATA,363.3,-10.4,18263,19182,5088,1000,1956,0,0,0,""
2120775,DATA,358.5,-12.5,13840,15177,1500,1000,1745,0,0,0,""
2121275,DATA,352.8,-12.5,13790,13266,6007,1000,1652,0,0,0,""
2121775,DATA,349.3,-8.3,11894,12611,8999,1000,1652,0,0,0,""
2122275,DATA,344.7,-8.3,9102,9639,8400,1000,1652,0,0,0,""
2122775,DATA,341.3,-10.4,8175,8383,7800,1000,1652,0,0,0,""
2123275,DATA,338.3,-6.2,9297,8514,7200,1000,1652,0,0,0,""
2123775,DATA,334.5,-4.2,12294,12127,7200,1000,1652,0,0,0,""
2124275,DATA,331.8,-6.2,13243,12606,6601,1000,1652,0,0,0,""
2124775,DATA,329.3,-2.1,11156,11899,6600,1000,1652,0,0,0,""
2125275,DATA,326.5,-6.2,13234,13139,6000,1000,1652,0,0,0,""
2125775,DATA,323.7,-2.1,11888,11906,6000,1000,1652,0,0,0,""
2125912,EVENT,323.5,-2.1,13308,12748,5428,1000,1652,0,0,0,"STARTER 1538"
2126275,DATA,321.5,-6.2,12736,12959,1500,1000,1600,0,0,0,""
2126795,DATA,318.8,-6.2,11769,11729,1500,1000,1548,0,0,0,""
2127295,DATA,316.8,-2.1,10798,10935,4800,1000,1538,0,0,0,""
2127795,DATA,313.5,-2.1,10823,10800,4800,1000,1538,0,0,0,""
2128295,DATA,311.2,-4.2,10839,10814,4800,1000,1538,0,0,0,""
2128795,DATA,309.2,0.0,10842,10819,4200,1000,1538,0,0,0,""
2129295,DATA,306.8,-6.2,10842,10820,4200,1000,1538,0,0,0,""
2129795,DATA,304.8,-4.2,10842,10820,4200,1000,1538,0,0,0,""
2130295,DATA,302.8,-4.2,10842,10820,3599,1000,1538,0,0,0,""
2130795,DATA,300.3,-4.2,10842,10820,4200,1000,1538,0,0,0,""
2131295,DATA,298.3,-2.1,10842,10820,3600,1000,1538,0,0,0,""
2131795,DATA,296.0,-4.2,10842,10820,3600,1000,1538,0,0,0,""
2132295,DATA,294.5,-2.1,10842,10820,4200,1000,1538,0,0,0,""
2132795,DATA,292.5,-6.2,10842,10820,3600,1000,1538,0,0,0,""
2133295,DATA,290.5,-6.2,10842,10820,3600,1000,1538,0,0,0,""
2133795,DATA,289.3,2.1,10842,10820,3600,1000,1538,0,0,0,""
2134295,DATA,287.0,-2.1,10842,10820,4199,1000,1538,0,0,0,""
2134795,DATA,285.0,-6.2,10842,10820,3600,1000,1538,0,0,0,""
2135295,DATA,283.3,-4.2,10842,10820,3000,1000,1538,0,0,0,""
2135795,DATA,281.5,-6.2,10842,10820,3600,1000,1538,0,0,0,""
2136295,DATA,279.8,-4.2,10842,10820,6000,1000,1538,0,0,0,""
2136795,DATA,278.0,-4.2,10842,10820,5400,1000,1538,0,0,0,""
2137295,DATA,275.8,-6.2,10842,10820,4800,1000,1538,0,0,0,""
2137795,DATA,274.0,0.0,10842,10820,5400,1000,1538,0,0,0,""
2138295,DATA,272.0,0.0,10842,10820,7201,1000,1538,0,0,0,""
2138795,DATA,270.0,-2.1,10842,10820,6600,1000,1538,0,0,0,""
2139295,DATA,267.7,-6.2,10842,10820,7800,1000,1538,0,0,0,""
2139304,EVENT,267.7,-6.2,10842,10820,7800,1000,1538,0,0,0,"STARTER 1267"
2139815,DATA,265.7,-6.2,10494,10802,1500,1000,1371,0,0,0,""
2140335,DATA,263.7,-4.1,6931,8028,1500,1000,1283,0,0,0,""
2140855,DATA,261.2,-4.2,5543,5833,1500,1000,1314,0,0,0,""
2141355,DATA,258.5,-6.2,5639,5629,1500,1000,1329,0,0,0,""
2141855,DATA,256.5,-4.2,4736,4981,4199,1000,1329,0,0,0,""
2142355,DATA,254.0,-4.2,4438,4483,4801,1000,1329,0,0,0,""
2142855,DATA,251.0,-8.3,4557,4524,4800,1000,1329,0,0,0,""
2143355,DATA,248.7,-6.2,4766,4714,4800,1000,1329,0,0,0,""
2143855,DATA,246.3,-4.2,4984,4932,5400,1000,1329,0,0,0,""
2144355,DATA,243.5,-8.3,5238,5162,7200,1000,1329,0,0,0,""
2144855,DATA,241.3,-4.2,5637,5609,10199,1000,1329,0,0,0,""
2145355,DATA,238.5,-6.2,5821,5769,7199,1000,1329,0,0,0,""
2145855,DATA,235.5,-4.2,6026,5979,6000,1000,1329,0,0,0,""
2146355,DATA,233.0,-2.1,6160,6130,6600,1000,1329,0,0,0,""
2146855,DATA,230.0,-6.2,6265,6238,8999,1000,1329,0,0,0,""
2147355,DATA,227.5,-4.2,6353,6334,8395,1000,1329,0,0,0,""
2147855,DATA,225.0,-6.2,6396,6387,7799,1000,1329,0,0,0,""
2148355,DATA,222.5,-4.2,6501,6478,7801,1000,1329,0,0,0,""
2148855,DATA,220.0,-8.3,6492,6495,10800,1000,1329,0,0,0,""
2149355,DATA,217.3,-6.2,6701,6649,10199,1000,1329,0,0,0,""
2149855,DATA,215.3,-4.2,7752,7687,11400,1000,1329,0,0,0,""
2150355,DATA,213.0,-4.2,6826,6991,12000,1000,1329,0,0,0,""
2150855,DATA,211.0,-2.1,6672,6699,7800,1000,1329,0,0,0,""
2151355,DATA,208.8,-4.2,6686,6685,9000,1000,1329,0,0,0,""
2151855,DATA,206.5,-6.2,6849,6860,7201,1000,1329,0,0,0,""
2152355,DATA,204.3,-4.2,6732,6751,7800,1000,1329,0,0,0,""
2152855,DATA,202.0,-4.2,6857,6861,11400,1000,1329,0,0,0,""
2153355,DATA,200.3,-2.1,6788,6806,9600,1000,1329,0,0,0,""
2153855,DATA,197.8,-4.2,6766,6768,9599,1000,1329,0,0,0,""
2154355,DATA,196.0,-6.2,6780,6780,9600,1000,1329,0,0,0,""
2154855,DATA,194.5,0.0,6854,6828,11400,1000,1329,0,0,0,""
2155355,DATA,192.0,-2.1,7039,7024,11400,1000,1329,0,0,0,""
2155855,DATA,189.8,-6.2,7374,7410,9601,1000,1329,0,0,0,""
2156355,DATA,188.3,-2.1,7980,7675,13201,1000,1329,0,0,0,""
2156855,DATA,186.5,-4.2,7751,8019,12599,1000,1329,0,0,0,""
2157355,DATA,184.8,-2.1,6983,7117,10799,1000,1329,0,0,0,""
2157855,DATA,183.0,-4.2,7293,7159,11400,1000,1329,0,0,0,""
2158355,DATA,181.5,-2.1,7027,7098,11401,1000,1329,0,0,0,""
2158855,DATA,179.5,-2.1,6838,6869,11401,1000,1329,0,0,0,""
2159355,DATA,177.5,-4.2,7336,7385,6599,1000,1329,0,0,0,""
2159855,DATA,176.3,0.0,6837,6923,7801,1000,1329,0,0,0,""
2160355,DATA,174.3,-4.2,6752,6769,7800,1000,1329,0,0,0,""
2160855,DATA,172.8,-2.1,6745,6747,6600,1000,1329,0,0,0,""
2161355,DATA,171.0,-4.2,6784,6763,10198,1000,1329,0,0,0,""
2161855,DATA,169.0,-4.2,7149,7157,12600,1000,1329,0,0,0,""
2162355,DATA,167.8,-4.2,7182,7165,14401,1000,1329,0,0,0,""
2162855,DATA,166.0,-4.2,7013,7074,8400,1000,1329,0,0,0,""
2163355,DATA,164.8,-4.2,7066,7061,9600,1000,1329,0,0,0,""
2163855,DATA,163.5,-2.1,6843,6883,7801,1000,1329,0,0,0,""
2164355,DATA,162.0,-2.1,7068,7118,9599,1000,1329,0,0,0,""
2164855,DATA,160.0,-6.2,6876,6908,7800,1000,1329,0,0,0,""
2165355,DATA,158.5,-2.1,6840,6847,7800,1000,1329,0,0,0,""
2165855,DATA,157.3,-4.2,6836,6837,7801,1000,1329,0,0,0,""
2166355,DATA,155.8,-2.1,6846,6844,7801,1000,1329,0,0,0,""
2166855,DATA,154.5,-4.2,7104,7136,8400,1000,1329,0,0,0,""
2167355,DATA,153.0,-6.2,6997,6982,10801,1000,1329,0,0,0,""
2167855,DATA,152.0,-2.1,9020,8674,9600,1000,1329,0,0,0,""
2168355,DATA,150.5,-2.1,8578,8688,13200,1000,1329,0,0,0,""
2168855,DATA,149.3,-2.1,7405,7720,9601,1000,1329,0,0,0,""
2169355,DATA,148.0,-2.1,7149,7245,9601,1000,1329,0,0,0,""
2169855,DATA,146.8,0.0,7313,7279,10799,1000,1329,0,0,0,""
2170355,DATA,145.5,0.0,7536,7367,13200,1000,1329,0,0,0,""
2170855,DATA,144.3,-2.1,7406,7436,13200,1000,1329,0,0,0,""
2171355,DATA,142.8,0.0,7286,7292,16801,1000,1329,0,0,0,""
2171855,DATA,141.5,-2.1,7146,7191,12600,1000,1329,0,0,0,""
2172355,DATA,140.5,0.0,7101,7118,9000,1000,1329,0,0,0,""
2172855,DATA,139.0,-6.2,6958,6984,7201,1000,1329,0,0,0,""
2173355,DATA,138.0,-4.2,7134,7115,7800,1000,1329,0,0,0,""
2173855,DATA,137.0,0.0,6992,7004,9600,1000,1329,0,0,0,""
2174355,DATA,135.3,-2.1,6946,6954,8400,1000,1329,0,0,0,""
2174855,DATA,134.3,-2.1,6932,6936,7799,1000,1329,0,0,0,""
2175355,DATA,133.5,0.0,6911,6916,8999,1000,1329,0,0,0,""
2175855,DATA,132.3,-2.1,6937,6942,12001,1000,1329,0,0,0,""
2176355,DATA,131.3,0.0,6901,6908,9000,1000,1329,0,0,0,""
2176855,DATA,130.0,-2.1,7091,6980,13200,1000,1329,0,0,0,""
2177355,DATA,129.0,0.0,6971,7008,9601,1000,1329,0,0,0,""
2177855,DATA,128.0,0.0,7559,7260,10200,1000,1329,0,0,0,""
2178355,DATA,126.8,-4.2,7272,7395,9599,1000,1329,0,0,0,""
2178855,DATA,126.0,-2.1,7138,7136,9602,1000,1329,0,0,0,""
2179355,DATA,124.7,-4.2,6981,7019,9000,1000,1329,0,0,0,""
2179855,DATA,124.0,0.0,6887,6917,10201,1000,1329,0,0,0,""
2180355,DATA,123.0,-4.2,6794,6827,9600,1000,1329,0,0,0,""
2180855,DATA,121.7,-4.2,7279,7328,12600,1000,1329,0,0,0,""
2181355,DATA,121.0,0.0,7651,7539,9599,1000,1329,0,0,0,""
2181855,DATA,120.3,0.0,7481,7568,13200,1000,1329,0,0,0,""
2182355,DATA,119.3,-4.2,7600,7718,7200,1000,1329,0,0,0,""
2182855,DATA,118.5,-2.1,7126,7217,15599,1000,1329,0,0,0,""
2183355,DATA,117.5,-4.2,6938,6975,9601,1000,1329,0,0,0,""
2183855,DATA,116.7,0.0,6870,6887,11401,1000,1329,0,0,0,""
2184355,DATA,115.5,-2.1,7199,7119,10201,1000,1329,0,0,0,""
2184855,DATA,115.0,-2.1,7203,7151,12002,1000,1329,0,0,0,""
2185355,DATA,114.3,0.0,7599,7513,11999,1000,1329,0,0,0,""
2185855,DATA,113.5,0.0,7053,7156,10799,1000,1329,0,0,0,""
2186355,DATA,112.7,0.0,7087,7016,12002,1000,1329,0,0,0,""
2186855,DATA,111.7,-2.1,6914,6958,9600,1000,1329,0,0,0,""
2187355,DATA,110.7,-4.2,6841,6858,7800,1000,1329,0,0,0,""
2187855,DATA,110.2,0.0,6791,6799,7200,1000,1329,0,0,0,""
2188355,DATA,109.2,-2.1,7006,6933,7801,1000,1329,0,0,0,""
2188855,DATA,108.8,0.0,6808,6845,10200,1000,1329,0,0,0,""
2189355,DATA,107.8,-4.2,6762,6769,7801,1000,1329,0,0,0,""
2189855,DATA,107.2,0.0,6881,6911,9000,1000,1329,0,0,0,""
2190355,DATA,106.2,-2.1,6790,6805,6600,1000,1329,0,0,0,""
2190855,DATA,105.8,-2.1,6779,6783,7200,1000,1329,0,0,0,""
2191355,DATA,105.2,2.1,6758,6763,6600,1000,1329,0,0,0,""
2191855,DATA,104.2,-2.1,6744,6748,8401,1000,1329,0,0,0,""
2192355,DATA,103.8,0.0,6972,6972,7801,1000,1329,0,0,0,""
2192855,DATA,102.8,-2.1,6784,6817,9599,1000,1329,0,0,0,""
2193355,DATA,102.2,0.0,6727,6739,7800,1000,1329,0,0,0,""
2193855,DATA,101.5,-2.1,6703,6709,8399,1000,1329,0,0,0,""
2194355,DATA,101.0,-2.1,6855,6802,7200,1000,1329,0,0,0,""
2194855,DATA,100.2,-2.1,6755,6783,7800,1000,1329,0,0,0,""
2195355,DATA,99.5,-2.1,6683,6696,6599,1000,1329,0,0,0,""
2195855,DATA,99.0,-2.1,6790,6754,7201,1000,1329,0,0,0,""
2196355,DATA,98.3,0.0,6718,6730,8400,1000,1329,0,0,0,""
2196855,DATA,97.3,-4.2,6757,6733,9600,1000,1329,0,0,0,""
2197355,DATA,97.0,-2.1,6725,6735,9601,1000,1329,0,0,0,""
2197855,DATA,96.5,0.0,6703,6706,8400,1000,1329,0,0,0,""
2198355,DATA,95.8,-2.1,7020,6893,7800,1000,1329,0,0,0,""
2198855,DATA,95.2,-2.1,6798,6843,7800,1000,1329,0,0,0,""
2199355,DATA,94.5,-2.1,6710,6727,7800,1000,1329,0,0,0,""
2199855,DATA,94.0,-2.1,6686,6692,6601,1000,1329,0,0,0,""
2200355,DATA,93.5,0.0,6694,6692,8399,1000,1329,0,0,0,""
2200855,DATA,93.0,0.0,6702,6696,7200,1000,1329,0,0,0,""
2201355,DATA,92.5,0.0,6804,6781,9600,1000,1329,0,0,0,""
2201855,DATA,91.7,-2.1,6860,6834,9600,1000,1329,0,0,0,""
2202355,DATA,91.0,-4.2,6749,6772,7200,1000,1329,0,0,0,""
2202855,DATA,90.5,0.0,6690,6706,7201,1000,1329,0,0,0,""
2203355,DATA,90.0,-2.1,6673,6674,7800,1000,1329,0,0,0,""
2203855,DATA,89.5,0.0,7056,6985,10199,1000,1329,0,0,0,""
2204355,DATA,89.2,0.0,6754,6808,6600,1000,1329,0,0,0,""
2204855,DATA,88.3,-4.2,6869,6775,12002,1000,1329,0,0,0,""
2205355,DATA,87.7,-2.1,8563,8282,10201,1000,1329,0,0,0,""
2205855,DATA,87.3,-2.1,7192,7469,8401,1000,1329,0,0,0,""
2206355,DATA,87.0,2.1,6896,6921,9001,1000,1329,0,0,0,""
2206855,DATA,86.5,0.0,6773,6799,7201,1000,1329,0,0,0,""
2207355,DATA,85.8,-2.1,6688,6717,8400,1000,1329,0,0,0,""
2207855,DATA,85.2,-2.1,6660,6670,8399,1000,1329,0,0,0,""
2208355,DATA,84.8,-2.1,6981,6960,8401,1000,1329,0,0,0,""
2208855,DATA,84.5,0.0,6709,6756,8400,1000,1329,0,0,0,""
2209355,DATA,84.2,2.1,6819,6782,9000,1000,1329,0,0,0,""
2209855,DATA,83.5,-2.1,7020,7027,10199,1000,1329,0,0,0,""
2210355,DATA,83.0,-2.1,6986,7009,7800,1000,1329,0,0,0,""
2210855,DATA,82.7,-2.1,8101,7951,8400,1000,1329,0,0,0,""
2211355,DATA,82.3,-2.1,7063,7277,8401,1000,1329,0,0,0,""
2211855,DATA,81.7,-2.1,6710,6777,7200,1000,1329,0,0,0,""
2212355,DATA,81.2,-2.1,6649,6662,6601,1000,1329,0,0,0,""
2212855,DATA,81.0,-2.1,6651,6649,7200,1000,1329,0,0,0,""
2213355,DATA,80.5,-2.1,6662,6660,8400,1000,1329,0,0,0,""
2213855,DATA,80.2,0.0,6663,6663,6600,1000,1329,0,0,0,""
2214355,DATA,79.7,0.0,6657,6658,6600,1000,1329,0,0,0,""
2214855,DATA,79.5,0.0,6662,6661,7800,1000,1329,0,0,0,""
2215355,DATA,78.7,-2.1,6810,6816,6600,1000,1329,0,0,0,""
2215855,DATA,78.5,0.0,6712,6728,7200,1000,1329,0,0,0,""
2216355,DATA,78.3,0.0,6700,6702,8399,1000,1329,0,0,0,""
2216855,DATA,77.5,0.0,6697,6698,8400,1000,1329,0,0,0,""
2217355,DATA,77.2,2.1,6697,6697,6600,1000,1329,0,0,0,""
2217855,DATA,77.0,0.0,6702,6702,6600,1000,1329,0,0,0,""
2218355,DATA,76.2,-2.1,6808,6835,8400,1000,1329,0,0,0,""
2218855,DATA,76.0,-2.1,6966,6900,8399,1000,1329,0,0,0,""
2219355,DATA,75.8,0.0,6999,6915,7800,1000,1329,0,0,0,""
2219855,DATA,75.2,0.0,6811,6859,7801,1000,1329,0,0,0,""
2220355,DATA,75.0,-2.1,6714,6733,8400,1000,1329,0,0,0,""
2220855,DATA,74.7,0.0,6701,6702,7800,1000,1329,0,0,0,""
2221355,DATA,74.5,0.0,7186,7162,9000,1000,1329,0,0,0,""
2221855,DATA,74.0,0.0,6873,6919,8999,1000,1329,0,0,0,""
2222355,DATA,73.5,-2.1,7115,7038,9000,1000,1329,0,0,0,""
2222855,DATA,73.3,0.0,6872,6941,9000,1000,1329,0,0,0,""
2223355,DATA,73.0,0.0,6722,6752,10799,1000,1329,0,0,0,""
2223855,DATA,72.5,-2.1,6951,6916,10200,1000,1329,0,0,0,""
2224355,DATA,72.2,-2.1,6762,6787,7800,1000,1329,0,0,0,""
2224855,DATA,71.7,-2.1,6833,6809,7200,1000,1329,0,0,0,""
2225355,DATA,71.7,0.0,6704,6730,9601,1000,1329,0,0,0,""
2225855,DATA,71.2,-2.1,6907,6816,10800,1000,1329,0,0,0,""
2226355,DATA,71.0,0.0,7018,7060,16802,1000,1329,0,0,0,""
2226855,DATA,70.8,2.1,7025,7075,8400,1000,1329,0,0,0,""
2227355,DATA,70.2,-2.1,6780,6830,7800,1000,1329,0,0,0,""
2227855,DATA,70.0,-2.1,6773,6763,7800,1000,1329,0,0,0,""
2228355,DATA,69.5,-2.1,6791,6783,7800,1000,1329,0,0,0,""
2228855,DATA,69.2,-2.1,6755,6762,8400,1000,1329,0,0,0,""
2229355,DATA,69.0,0.0,6813,6824,9600,1000,1329,0,0,0,""
2229855,DATA,68.7,0.0,6946,6940,9000,1000,1329,0,0,0,""
2230355,DATA,68.5,0.0,6961,7029,8400,1000,1329,0,0,0,""
2230855,DATA,68.0,0.0,6991,6948,7200,1000,1329,0,0,0,""
2231355,DATA,67.7,0.0,6772,6813,7799,1000,1329,0,0,0,""
2231855,DATA,67.5,0.0,6726,6734,7200,1000,1329,0,0,0,""
2232355,DATA,67.2,0.0,6725,6726,7800,1000,1329,0,0,0,""
2232855,DATA,67.0,0.0,6732,6733,7800,1000,1329,0,0,0,""
2233855,DATA,66.5,0.0,6760,6739,10200,1000,1329,0,0,0,""
2234355,DATA,66.2,0.0,6981,6973,6601,1000,1329,0,0,0,""
2234855,DATA,66.0,2.1,6731,6776,8999,1000,1329,0,0,0,""
2235355,DATA,65.5,-2.1,6780,6810,7800,1000,1329,0,0,0,""
2235855,DATA,65.0,-2.1,6677,6696,8400,1000,1329,0,0,0,""
2236355,DATA,65.0,0.0,6647,6655,8399,1000,1329,0,0,0,""
2236855,DATA,64.7,0.0,6733,6751,8400,1000,1329,0,0,0,""
2237355,DATA,64.5,0.0,6883,6822,7800,1000,1329,0,0,0,""
2237855,DATA,64.2,0.0,6683,6719,8400,1000,1329,0,0,0,""
2238355,DATA,64.0,0.0,6615,6629,8400,1000,1329,0,0,0,""
2238855,DATA,63.7,0.0,6603,6605,9601,1000,1329,0,0,0,""
2239355,DATA,63.5,0.0,6630,6632,10800,1000,1329,0,0,0,""
2239855,DATA,63.3,0.0,7115,6950,15001,1000,1329,0,0,0,""
2240355,DATA,63.0,0.0,7427,7370,18603,1000,1329,0,0,0,""
2240855,DATA,62.5,-2.1,7530,7614,13200,1000,1329,0,0,0,""
2241355,DATA,62.5,0.0,7702,7612,20999,1000,1329,0,0,0,""
2241855,DATA,62.2,0.0,7199,7368,15599,1000,1329,0,0,0,""
2242355,DATA,62.0,-2.1,7665,7625,19801,1000,1329,0,0,0,""
2242855,DATA,61.7,-2.1,7745,7754,12600,1000,1329,0,0,0,""
2243355,DATA,61.7,-2.1,7584,7511,3600,1000,1329,0,0,0,""
2243855,DATA,61.5,0.0,6941,7144,3000,1000,1329,0,0,0,""
2244355,DATA,61.2,0.0,6318,6509,6600,1000,1329,0,0,0,""
2244855,DATA,61.0,0.0,5975,6136,15001,1000,1329,0,0,0,""
2245355,DATA,60.8,0.0,6777,6634,7200,1000,1329,0,0,0,""
2245855,DATA,60.5,0.0,6337,6390,7201,1000,1329,0,0,0,""
2246355,DATA,60.5,0.0,6592,6589,8400,1000,1329,0,0,0,""
2246855,DATA,60.2,0.0,6603,6558,12600,1000,1329,0,0,0,""
2247355,DATA,60.0,0.0,6313,6341,10799,1000,1329,0,0,0,""
2247855,DATA,59.5,-4.2,6245,6220,16799,1000,1329,0,0,0,""
2248355,DATA,59.5,-2.1,6575,6508,10200,1000,1329,0,0,0,""
2248855,DATA,59.5,-2.1,7373,7199,16800,1000,1329,0,0,0,""
2249355,DATA,59.2,0.0,7252,7252,9600,1000,1329,0,0,0,""
2249855,DATA,59.0,0.0,6727,6776,14399,1000,1329,0,0,0,""
2250355,DATA,59.0,0.0,6724,6746,13199,1000,1329,0,0,0,""
2250855,DATA,58.5,-2.1,6770,6840,6600,1000,1329,0,0,0,""
2251355,DATA,58.5,0.0,5949,6127,4800,1000,1329,0,0,0,""
2251855,DATA,58.5,0.0,5805,5845,3000,1000,1329,0,0,0,""
2252355,DATA,58.0,0.0,5816,5809,8999,1000,1329,0,0,0,""
2252855,DATA,57.7,-2.1,6440,6351,6000,1000,1329,0,0,0,""
2253355,DATA,57.7,0.0,6706,6625,14400,1000,1329,0,0,0,""
2253855,DATA,57.5,0.0,6714,6699,12000,1000,1329,0,0,0,""
2254355,DATA,57.5,2.1,6903,6898,10799,1000,1329,0,0,0,""
2254855,DATA,57.2,0.0,6808,6789,10200,1000,1329,0,0,0,""
2255355,DATA,57.0,0.0,6787,6803,7801,1000,1329,0,0,0,""
2255855,DATA,57.0,0.0,6675,6672,9000,1000,1329,0,0,0,""
2256355,DATA,56.7,0.0,7232,7018,10800,1000,1329,0,0,0,""
2256855,DATA,56.7,2.1,6676,6774,9000,1000,1329,0,0,0,""
2257355,DATA,56.5,2.1,6722,6741,9000,1000,1329,0,0,0,""
2257855,DATA,56.2,0.0,6997,6997,13801,1000,1329,0,0,0,""
2258355,DATA,56.0,2.1,7338,7234,7801,1000,1329,0,0,0,""
2258855,DATA,55.8,0.0,6888,7042,12600,1000,1329,0,0,0,""
2259355,DATA,55.5,0.0,6485,6573,9600,1000,1329,0,0,0,""
2259855,DATA,55.5,0.0,6822,6707,9001,1000,1329,0,0,0,""
2260355,DATA,55.2,0.0,7201,7048,9000,1000,1329,0,0,0,""
2260855,DATA,55.0,-2.1,6706,6827,13800,1000,1329,0,0,0,""
2261355,DATA,55.0,0.0,7248,7047,14401,1000,1329,0,0,0,""
2261855,DATA,54.7,0.0,6869,6968,12001,1000,1329,0,0,0,""
2262355,DATA,54.5,0.0,6973,6956,10800,1000,1329,0,0,0,""
2262855,DATA,54.5,2.1,6738,6816,7800,1000,1329,0,0,0,""
2263355,DATA,54.2,0.0,6622,6509,14402,1000,1329,0,0,0,""
2263855,DATA,54.0,-2.1,7031,6988,7799,1000,1329,0,0,0,""
2264355,DATA,53.7,-2.1,6679,6719,8400,1000,1329,0,0,0,""
2264855,DATA,53.7,0.0,6470,6528,8400,1000,1329,0,0,0,""
2265355,DATA,53.7,0.0,6281,6344,9600,1000,1329,0,0,0,""
2265855,DATA,53.5,0.0,6318,6363,6002,1000,1329,0,0,0,""
2266355,DATA,53.3,-2.1,6128,6096,12003,1000,1329,0,0,0,""
2266855,DATA,53.3,2.1,6465,6431,6002,1000,1329,0,0,0,""
2267355,DATA,53.3,2.1,6771,6664,14408,1000,1329,0,0,0,""
2267855,DATA,52.7,0.0,6892,6848,6603,1000,1329,0,0,0,""
2268355,DATA,52.7,0.0,6692,6800,4202,1000,1329,0,0,0,""
2268855,DATA,52.5,0.0,6401,6347,9002,1000,1329,0,0,0,""
2269355,DATA,52.5,0.0,6126,6231,12005,1000,1329,0,0,0,""
2269855,DATA,52.0,-2.1,6268,6151,9602,1000,1329,0,0,0,""
2270355,DATA,52.0,-2.1,6477,6479,10203,1000,1329,0,0,0,""
2270855,DATA,52.0,0.0,6174,6282,6603,1000,1329,0,0,0,""
2271355,DATA,51.7,-2.1,6173,6117,10203,1000,1329,0,0,0,""
2271855,DATA,52.0,0.0,6473,6515,4201,1000,1329,0,0,0,""
2272355,DATA,51.5,-2.1,5712,5896,9003,1000,1329,0,0,0,""
2272855,DATA,51.7,2.1,5862,5737,7202,1000,1329,0,0,0,""
2273355,DATA,51.5,0.0,5905,5863,4801,1000,1329,0,0,0,""
2273855,DATA,51.5,2.1,6383,6233,10202,1000,1329,0,0,0,""
2274355,DATA,51.2,0.0,6646,6668,7201,1000,1329,0,0,0,""
2274855,DATA,51.2,2.1,6698,6598,7804,1000,1329,0,0,0,""
2275355,DATA,51.0,2.1,6461,6487,12607,1000,1329,0,0,0,""
2275855,DATA,50.8,0.0,6489,6492,7803,1000,1329,0,0,0,""
2276355,DATA,50.8,0.0,6462,6468,11405,1000,1329,0,0,0,""
2276855,DATA,50.5,-2.1,6717,6592,13205,1000,1329,0,0,0,""
2277355,DATA,50.5,0.0,6634,6664,9003,1000,1329,0,0,0,""
2277855,DATA,50.2,0.0,6577,6575,10806,1000,1329,0,0,0,""
2278355,DATA,50.2,-2.1,6679,6728,7203,1000,1329,0,0,0,""
2278855,DATA,50.2,0.0,6512,6542,7803,1000,1329,0,0,0,""
2279355,DATA,50.0,0.0,6804,6708,9005,1000,1329,0,0,0,""
2279855,DATA,49.7,0.0,6614,6667,8403,1000,1329,0,0,0,""
2280355,DATA,49.7,0.0,6559,6587,7202,1000,1329,0,0,0,""
2280855,DATA,49.5,0.0,6466,6483,7202,1000,1329,0,0,0,""
2281355,DATA,49.5,0.0,6474,6472,8405,1000,1329,0,0,0,""
2281855,DATA,49.2,-2.1,6469,6473,7202,1000,1329,0,0,0,""
2282355,DATA,49.5,0.0,6554,6578,8404,1000,1329,0,0,0,""
2282855,DATA,49.2,0.0,6494,6501,7203,1000,1329,0,0,0,""
2283355,DATA,49.5,2.1,6474,6481,7202,1000,1329,0,0,0,""
2283855,DATA,49.2,2.1,6520,6526,8404,1000,1329,0,0,0,""
2284355,DATA,49.0,0.0,6476,6484,8403,1000,1329,0,0,0,""
2284855,DATA,48.7,0.0,6594,6618,6002,1000,1329,0,0,0,""
2285355,DATA,48.7,0.0,6686,6618,10202,1000,1329,0,0,0,""
2285855,DATA,48.7,2.1,6542,6579,7203,1000,1329,0,0,0,""
2286355,DATA,48.5,-2.1,6490,6500,7802,1000,1329,0,0,0,""
2286855,DATA,48.5,2.1,6500,6483,9004,1000,1329,0,0,0,""
2287355,DATA,48.3,0.0,6724,6788,6604,1000,1329,0,0,0,""
2287855,DATA,48.3,-2.1,6468,6508,7203,1000,1329,0,0,0,""
2288355,DATA,48.3,0.0,6471,6467,9602,1000,1329,0,0,0,""
2288855,DATA,48.0,-2.1,6482,6480,7803,1000,1329,0,0,0,""
2289355,DATA,48.0,0.0,6508,6502,7802,1000,1329,0,0,0,""
2289855,DATA,47.7,0.0,6509,6511,7201,1000,1329,0,0,0,""
2290355,DATA,47.7,0.0,6517,6513,8402,1000,1329,0,0,0,""
2290855,DATA,47.5,-2.1,6524,6522,9003,1000,1329,0,0,0,""
2291355,DATA,47.5,0.0,6522,6538,7204,1000,1329,0,0,0,""
2291855,DATA,47.2,-2.1,6382,6430,14402,1000,1329,0,0,0,""
2292355,DATA,47.2,0.0,6528,6505,10804,1000,1329,0,0,0,""
2292855,DATA,47.2,2.1,6514,6522,8404,1000,1329,0,0,0,""
2292902,EVENT,47.2,2.1,6514,6522,8404,1000,1000,0,0,0,"EV:A05_ALL_OFF"
2293355,DATA,48.0,0.0,5804,6068,5402,1000,1000,0,0,0,""
2293855,DATA,47.7,-2.1,3726,4246,2401,1000,1000,0,0,0,""
2294355,DATA,48.0,0.0,1910,2315,600,1000,1000,0,0,0,""
2294855,DATA,48.3,2.1,1097,1253, 0,1000,1000,0,0,0,""
2295355,DATA,48.3,0.0,947,967, 0,1000,1000,0,0,0,""
2295855,DATA,48.3,0.0,568,568,21611,1000,1000,0,0,0,""
2296355,DATA,48.5,0.0,421,604,152482,1000,1000,0,0,0,""
2296855,DATA,48.5,2.1, 0, 0,156699,1000,1000,0,0,0,""
2297355,DATA,48.5,0.0, 0, 0, 0,1000,1000,0,0,0,""
2297855,DATA,48.7,0.0, 0, 0,2401,1000,1000,0,0,0,""
2298355,DATA,48.7,2.1, 0, 0,600,1000,1000,0,0,0,""
2298855,DATA,48.7,0.0, 0, 0, 0,1000,1000,0,0,0,""
2299355,DATA,48.7,0.0, 0, 0,600,1000,1000,0,0,0,""
2299855,DATA,48.7,-2.1, 0, 0,600,1000,1000,0,0,0,""
2300355,DATA,49.0,0.0, 0, 0, 0,1000,1000,0,0,0,""
2300855,DATA,49.0,0.0, 0, 0, 0,1000,1000,0,0,0,""
2301355,DATA,49.0,0.0, 0, 0,3002,1000,1000,0,0,0,""
2301855,DATA,49.0,0.0, 0, 0,600,1000,1000,0,0,0,""
2302355,DATA,49.0,-2.1, 0, 0,3601,1000,1000,0,0,0,""
2302855,DATA,49.0,-2.1, 0, 0, 0,1000,1000,0,0,0,""
2303355,DATA,49.2,0.0, 0, 0,48011,1000,1000,0,0,0,""
2303855,DATA,49.2,0.0, 0, 0, 0,1000,1000,0,0,0,""
2304355,DATA,49.2,0.0, 0, 0, 0,1000,1000,0,0,0,""
2304855,DATA,49.2,0.0, 0, 0, 0,1000,1000,0,0,0,""
2305355,DATA,49.2,0.0, 0, 0, 0,1000,1000,0,0,0,""
2305855,DATA,49.2,0.0, 0, 0, 0,1000,1000,0,0,0,""
2306355,DATA,49.2,0.0, 0, 0, 0,1000,1000,0,0,0,""
2306855,DATA,49.2,0.0, 0, 0, 0,1000,1000,0,0,0,""
2307355,DATA,49.2,0.0, 0, 0, 0,1000,1000,0,0,0,""
2307855,DATA,49.2,0.0, 0, 0, 0,1000,1000,0,0,0,""
2308355,DATA,49.5,2.1, 0, 0, 0,1000,1000,0,0,0,""
2308855,DATA,49.5,0.0, 0, 0, 0,1000,1000,0,0,0,""
2309355,DATA,49.5,0.0, 0, 0, 0,1000,1000,0,0,0,""
2309855,DATA,49.5,2.0, 0, 0, 0,1000,1000,0,0,0,""
2310355,DATA,49.5,0.0, 0, 0, 0,1000,1000,0,0,0,""
2310855,DATA,49.5,0.0, 0, 0, 0,1000,1000,0,0,0,""
2311355,DATA,49.5,0.0, 0, 0, 0,1000,1000,0,0,0,""
2311855,DATA,49.5,0.0, 0, 0, 0,1000,1000,0,0,0,""
2312355,DATA,49.5,0.0, 0, 0, 0,1000,1000,0,0,0,""
2312855,DATA,49.5,0.0, 0, 0, 0,1000,1000,0,0,0,""
2313355,DATA,49.5,0.0, 0, 0, 0,1000,1000,0,0,0,""
2313855,DATA,49.5,0.0, 0, 0, 0,1000,1000,0,0,0,""
2314355,DATA,49.5,0.0, 0, 0, 0,1000,1000,0,0,0,""
2314855,DATA,49.5,0.0, 0, 0,2401,1000,1000,0,0,0,""
2315355,DATA,49.5,0.0, 0, 0,47410,1000,1000,0,0,0,""
2315855,DATA,49.7,0.0, 0, 0, 0,1000,1000,0,0,0,""
2316355,DATA,49.5,0.0, 0, 0, 0,1000,1000,0,0,0,""
2316855,DATA,49.7,0.0, 0, 0, 0,1000,1000,0,0,0,""
2317355,DATA,49.7,2.1, 0, 0, 0,1000,1000,0,0,0,""
2317855,DATA,49.7,0.0, 0, 0,20188,1000,1000,0,0,0,""
2318355,DATA,49.7,0.0, 0, 0,14251,1000,1000,0,0,0,""
2318855,DATA,49.5,-2.0, 0, 0,24939,1000,1000,0,0,0,""
2319355,DATA,49.5,0.0, 0, 0,8313,1000,1000,0,0,0,""
2319855,DATA,49.5,0.0, 0, 0, 0,1000,1000,0,0,0,""
2320355,DATA,49.7,0.0, 0, 0,5938,1000,1000,0,0,0,""
2320855,DATA,49.5,0.0, 0, 0,26718,1000,1000,0,0,0,""
2321355,DATA,49.5,-2.1, 0, 0,2969,1000,1000,0,0,0,""
2321855,DATA,49.5,0.0, 0, 0, 0,1000,1000,0,0,0,""
2322355,DATA,49.5,0.0, 0, 0, 0,1000,1000,0,0,0,""
2322855,DATA,49.5,-2.1, 0, 0,5937,1000,1000,0,0,0,""
2323355,DATA,49.5,0.0, 0, 0,1782,1000,1000,0,0,0,""
2323855,DATA,49.5,0.0, 0, 0,594,1000,1000,0,0,0,""
2324355,DATA,49.5,0.0, 0, 0, 0,1000,1000,0,0,0,""
2324855,DATA,49.5,0.0, 0, 0, 0,1000,1000,0,0,0,""
2325355,DATA,49.5,0.0, 0, 0, 0,1000,1000,0,0,0,""
2325855,DATA,49.5,0.0, 0, 0,5346,1000,1000,0,0,0,""
2326355,DATA,49.5,0.0, 0, 0,4751,1000,1000,0,0,0,""
2326855,DATA,49.5,0.0, 0, 0,1187,1000,1000,0,0,0,""
2327355,DATA,49.5,0.0, 0, 0,1188,1000,1000,0,0,0,""
2327855,DATA,49.5,0.0, 0, 0,594,1000,1000,0,0,0,""
2328355,DATA,49.5,0.0, 0, 0,594,1000,1000,0,0,0,""
2328855,DATA,49.5,0.0, 0, 0,594,1000,1000,0,0,0,""
2329355,DATA,49.5,0.0, 0, 0, 0,1000,1000,0,0,0,""
2329855,DATA,49.2,-2.1, 0, 0,10095,1000,1000,0,0,0,""
2330355,DATA,49.5,0.0, 0, 0, 0,1000,1000,0,0,0,""
2330855,DATA,49.5,0.0, 0, 0, 0,1000,1000,0,0,0,""
2331355,DATA,49.5,0.0, 0, 0, 0,1000,1000,0,0,0,""
2331855,DATA,49.5,0.0, 0, 0, 0,1000,1000,0,0,0,""
2332355,DATA,49.5,0.0, 0, 0, 0,1000,1000,0,0,0,""
2332855,DATA,49.5,0.0, 0, 0,41559,1000,1000,0,0,0,""
2333355,DATA,49.5,0.0, 0, 0, 0,1000,1000,0,0,0,""
2333855,DATA,49.5,0.0, 0, 0, 0,1000,1000,0,0,0,""
2334355,DATA,49.5,0.0, 0, 0, 0,1000,1000,0,0,0,""
2334855,DATA,49.5,0.0, 0, 0, 0,1000,1000,0,0,0,""
2335355,DATA,49.5,0.0, 0, 0,13657,1000,1000,0,0,0,""
2335855,DATA,49.5,0.0, 0, 0,6532,1000,1000,0,0,0,""
2336355,DATA,49.5,0.0, 0, 0, 0,1000,1000,0,0,0,""
2336855,DATA,49.5,0.0, 0, 0, 0,1000,1000,0,0,0,""
2337355,DATA,49.5,0.0, 0, 0, 0,1000,1000,0,0,0,""
2337855,DATA,49.5,0.0, 0, 0, 0,1000,1000,0,0,0,""
2338355,DATA,49.5,0.0, 0, 0, 0,1000,1000,0,0,0,""
2338855,DATA,49.5,0.0, 0, 0, 0,1000,1000,0,0,0,""
2339355,DATA,49.5,0.0, 0, 0, 0,1000,1000,0,0,0,""
2339855,DATA,49.5,0.0, 0, 0, 0,1000,1000,0,0,0,""
2340355,DATA,49.5,0.0, 0, 0, 0,1000,1000,0,0,0,""
2340855,DATA,49.5,0.0, 0, 0, 0,1000,1000,0,0,0,""
2341355,DATA,49.5,0.0, 0, 0, 0,1000,1000,0,0,0,""
2341855,DATA,49.5,0.0, 0, 0, 0,1000,1000,0,0,0,""
2342355,DATA,49.5,0.0, 0, 0, 0,1000,1000,0,0,0,""
2342855,DATA,49.5,0.0, 0, 0, 0,1000,1000,0,0,0,""
2343355,DATA,49.2,0.0, 0, 0, 0,1000,1000,0,0,0,""
2343855,DATA,49.5,0.0, 0, 0, 0,1000,1000,0,0,0,""
2344355,DATA,49.2,0.0, 0, 0, 0,1000,1000,0,0,0,""
2344855,DATA,49.2,-2.1, 0, 0, 0,1000,1000,0,0,0,""
2345355,DATA,49.2,0.0, 0, 0, 0,1000,1000,0,0,0,""
2345855,DATA,49.2,0.0, 0, 0, 0,1000,1000,0,0,0,""
2346355,DATA,49.2,0.0, 0, 0, 0,1000,1000,0,0,0,""
2346855,DATA,49.2,0.0, 0, 0, 0,1000,1000,0,0,0,""
2347355,DATA,49.2,0.0, 0, 0, 0,1000,1000,0,0,0,""
2347855,DATA,49.2,0.0, 0, 0, 0,1000,1000,0,0,0,""
2348355,DATA,49.2,0.0, 0, 0, 0,1000,1000,0,0,0,""
2348855,DATA,49.0,-2.0, 0, 0, 0,1000,1000,0,0,0,""
2349355,DATA,49.2,0.0, 0, 0, 0,1000,1000,0,0,0,""
2349855,DATA,49.0,-2.1, 0, 0, 0,1000,1000,0,0,0,""
2350355,DATA,49.2,2.1, 0, 0, 0,1000,1000,0,0,0,""
2350855,DATA,49.0,0.0, 0, 0, 0,1000,1000,0,0,0,""
2351355,DATA,49.2,2.1, 0, 0, 0,1000,1000,0,0,0,""
2351855,DATA,49.2,0.0, 0, 0, 0,1000,1000,0,0,0,""
2352355,DATA,49.2,2.1, 0, 0, 0,1000,1000,0,0,0,""
2352855,DATA,49.0,0.0, 0, 0, 0,1000,1000,0,0,0,""
2353355,DATA,49.2,0.0, 0, 0, 0,1000,1000,0,0,0,""
2353855,DATA,49.0,0.0, 0, 0, 0,1000,1000,0,0,0,""
2354355,DATA,49.0,0.0, 0, 0, 0,1000,1000,0,0,0,""
2354855,DATA,49.0,0.0, 0, 0, 0,1000,1000,0,0,0,""
2355355,DATA,49.0,0.0, 0, 0, 0,1000,1000,0,0,0,""
2355855,DATA,49.0,0.0, 0, 0, 0,1000,1000,0,0,0,""
2356355,DATA,49.0,0.0, 0, 0, 0,1000,1000,0,0,0,""
2356855,DATA,49.0,0.0, 0, 0, 0,1000,1000,0,0,0,""
2357355,DATA,49.0,0.0, 0, 0, 0,1000,1000,0,0,0,""
2357855,DATA,49.0,0.0, 0, 0, 0,1000,1000,0,0,0,""
2358355,DATA,49.0,0.0, 0, 0, 0,1000,1000,0,0,0,""
2358855,DATA,49.0,0.0, 0, 0, 0,1000,1000,0,0,0,""
2359355,DATA,49.0,0.0, 0, 0, 0,1000,1000,0,0,0,""
2359855,DATA,49.0,0.0, 0, 0, 0,1000,1000,0,0,0,""
2360355,DATA,49.0,0.0, 0, 0, 0,1000,1000,0,0,0,""
2360855,DATA,49.0,2.0, 0, 0, 0,1000,1000,0,0,0,""
2361355,DATA,48.7,0.0, 0, 0, 0,1000,1000,0,0,0,""
2361855,DATA,48.7,0.0, 0, 0, 0,1000,1000,0,0,0,""
2362355,DATA,48.7,0.0, 0, 0, 0,1000,1000,0,0,0,""
2362855,DATA,48.7,-2.1, 0, 0, 0,1000,1000,0,0,0,""
2363355,DATA,48.7,0.0, 0, 0, 0,1000,1000,0,0,0,""
2363855,DATA,48.7,0.0, 0, 0, 0,1000,1000,0,0,0,""
2364355,DATA,48.7,0.0, 0, 0,594,1000,1000,0,0,0,""
2364855,DATA,48.7,0.0, 0, 0, 0,1000,1000,0,0,0,""
2365355,DATA,48.7,0.0, 0, 0, 0,1000,1000,0,0,0,""
2365856,DATA,48.7,0.0, 0, 0, 0,1000,1000,0,0,0,""
2366357,DATA,48.7,0.0, 0, 0, 0,1000,1000,0,0,0,""
2366858,DATA,48.7,0.0, 0, 0, 0,1000,1000,0,0,0,""
2367359,DATA,48.7,0.0, 0, 0,5345,1000,1000,0,0,0,""
2367860,DATA,48.7,-2.1, 0, 0, 0,1000,1000,0,0,0,""
2368361,DATA,48.7,0.0, 0, 0, 0,1000,1000,0,0,0,""
2368862,DATA,48.7,0.0, 0, 0,594,1000,1000,0,0,0,""
2369363,DATA,48.7,0.0, 0, 0, 0,1000,1000,0,0,0,""
2369864,DATA,48.7,0.0, 0, 0,594,1000,1000,0,0,0,""
2370365,DATA,48.7,0.0, 0, 0, 0,1000,1000,0,0,0,""
2370866,DATA,48.7,0.0, 0, 0, 0,1000,1000,0,0,0,""
2371367,DATA,48.7,0.0, 0, 0, 0,1000,1000,0,0,0,""
2371868,DATA,48.7,0.0, 0, 0, 0,1000,1000,0,0,0,""
2372369,DATA,48.7,0.0, 0, 0, 0,1000,1000,0,0,0,""
2372870,DATA,48.7,0.0, 0, 0, 0,1000,1000,0,0,0,""
2373371,DATA,48.7,0.0, 0, 0, 0,1000,1000,0,0,0,""
2373872,DATA,48.7,0.0, 0, 0, 0,1000,1000,0,0,0,""
2374373,DATA,48.7,0.0, 0, 0, 0,1000,1000,0,0,0,""
2374874,DATA,48.7,0.0, 0, 0, 0,1000,1000,0,0,0,""
2375375,DATA,48.7,0.0, 0, 0, 0,1000,1000,0,0,0,""
2375876,DATA,48.5,0.0, 0, 0, 0,1000,1000,0,0,0,""
2376377,DATA,48.7,2.1, 0, 0, 0,1000,1000,0,0,0,""
2376878,DATA,48.5,-2.1, 0, 0, 0,1000,1000,0,0,0,""
2377379,DATA,48.7,0.0, 0, 0, 0,1000,1000,0,0,0,""
2377880,DATA,48.7,0.0, 0, 0, 0,1000,1000,0,0,0,""
2378381,DATA,48.7,0.0, 0, 0, 0,1000,1000,0,0,0,""
2378882,DATA,48.5,-2.0, 0, 0, 0,1000,1000,0,0,0,""
2379383,DATA,48.7,2.1, 0, 0, 0,1000,1000,0,0,0,""
2379884,DATA,48.7,2.1, 0, 0, 0,1000,1000,0,0,0,""
2380385,DATA,48.5,0.0, 0, 0, 0,1000,1000,0,0,0,""
2380886,DATA,48.5,0.0, 0, 0, 0,1000,1000,0,0,0,""
2381387,DATA,48.5,-2.1, 0, 0, 0,1000,1000,0,0,0,""
2381888,DATA,48.5,0.0, 0, 0, 0,1000,1000,0,0,0,""
2382389,DATA,48.5,0.0, 0, 0, 0,1000,1000,0,0,0,""
2382890,DATA,48.5,0.0, 0, 0, 0,1000,1000,0,0,0,""
2383391,DATA,48.5,0.0, 0, 0, 0,1000,1000,0,0,0,""
2383892,DATA,48.5,0.0, 0, 0, 0,1000,1000,0,0,0,""
2384393,DATA,48.5,0.0, 0, 0, 0,1000,1000,0,0,0,""
2384894,DATA,48.5,0.0, 0, 0, 0,1000,1000,0,0,0,""
2385395,DATA,48.5,0.0, 0, 0, 0,1000,1000,0,0,0,""
2385896,DATA,48.5,0.0, 0, 0, 0,1000,1000,0,0,0,""
2386397,DATA,48.5,0.0, 0, 0, 0,1000,1000,0,0,0,""
2386898,DATA,48.5,0.0, 0, 0, 0,1000,1000,0,0,0,""
2387399,DATA,48.5,0.0, 0, 0, 0,1000,1000,0,0,0,""
2387900,DATA,48.5,0.0, 0, 0, 0,1000,1000,0,0,0,""
2388401,DATA,48.5,0.0, 0, 0, 0,1000,1000,0,0,0,""
2388902,DATA,48.5,0.0, 0, 0, 0,1000,1000,0,0,0,""
2389403,DATA,48.3,0.0, 0, 0, 0,1000,1000,0,0,0,""
2389904,DATA,48.3,0.0, 0, 0, 0,1000,1000,0,0,0,""
2390405,DATA,48.3,0.0, 0, 0, 0,1000,1000,0,0,0,""
2390906,DATA,48.3,-2.0, 0, 0, 0,1000,1000,0,0,0,""
2391407,DATA,48.5,0.0, 0, 0, 0,1000,1000,0,0,0,""
2391908,DATA,48.3,0.0, 0, 0, 0,1000,1000,0,0,0,""
2392409,DATA,48.5,0.0, 0, 0, 0,1000,1000,0,0,0,""
2392910,DATA,48.3,-2.1, 0, 0, 0,1000,1000,0,0,0,""
2393411,DATA,48.5,0.0, 0, 0, 0,1000,1000,0,0,0,""
2393912,DATA,48.5,0.0, 0, 0, 0,1000,1000,0,0,0,""
2394413,DATA,48.5,0.0, 0, 0, 0,1000,1000,0,0,0,""
2394914,DATA,48.3,0.0, 0, 0, 0,1000,1000,0,0,0,""
2395415,DATA,48.5,0.0, 0, 0, 0,1000,1000,0,0,0,""
2395916,DATA,48.5,0.0, 0, 0, 0,1000,1000,0,0,0,""
2396417,DATA,48.3,0.0, 0, 0, 0,1000,1000,0,0,0,""
2396918,DATA,48.3,0.0, 0, 0, 0,1000,1000,0,0,0,""
2397419,DATA,48.3,0.0, 0, 0, 0,1000,1000,0,0,0,""
2397920,DATA,48.3,0.0, 0, 0, 0,1000,1000,0,0,0,""
2398421,DATA,48.3,0.0, 0, 0, 0,1000,1000,0,0,0,""
2398922,DATA,48.3,0.0, 0, 0, 0,1000,1000,0,0,0,""
2399423,DATA,48.3,0.0, 0, 0, 0,1000,1000,0,0,0,""
2399924,DATA,48.3,0.0, 0, 0, 0,1000,1000,0,0,0,""
2400425,DATA,48.3,0.0, 0, 0, 0,1000,1000,0,0,0,""
2400926,DATA,48.3,0.0, 0, 0, 0,1000,1000,0,0,0,""
2401427,DATA,48.3,0.0, 0, 0, 0,1000,1000,0,0,0,""
2401928,DATA,48.3,0.0, 0, 0, 0,1000,1000,0,0,0,""
2402429,DATA,48.3,0.0, 0, 0, 0,1000,1000,0,0,0,""
2402930,DATA,48.3,0.0, 0, 0, 0,1000,1000,0,0,0,""
2403431,DATA,48.3,0.0, 0, 0, 0,1000,1000,0,0,0,""
2403932,DATA,48.3,0.0, 0, 0, 0,1000,1000,0,0,0,""
2404433,DATA,48.3,0.0, 0, 0, 0,1000,1000,0,0,0,""
2404934,DATA,48.3,0.0, 0, 0, 0,1000,1000,0,0,0,""
2405435,DATA,48.3,0.0, 0, 0, 0,1000,1000,0,0,0,""
2405936,DATA,48.3,0.0, 0, 0, 0,1000,1000,0,0,0,""
2406437,DATA,48.3,0.0, 0, 0, 0,1000,1000,0,0,0,""
2406938,DATA,48.3,0.0, 0, 0, 0,1000,1000,0,0,0,""
2407439,DATA,48.3,0.0, 0, 0, 0,1000,1000,0,0,0,""
2407940,DATA,48.3,0.0, 0, 0, 0,1000,1000,0,0,0,""
2408441,DATA,48.3,0.0, 0, 0, 0,1000,1000,0,0,0,""
2408942,DATA,48.3,0.0, 0, 0, 0,1000,1000,0,0,0,""
2409443,DATA,48.3,0.0, 0, 0, 0,1000,1000,0,0,0,""
2409944,DATA,48.3,0.0, 0, 0, 0,1000,1000,0,0,0,""
2410445,DATA,48.3,0.0, 0, 0, 0,1000,1000,0,0,0,""
2410946,DATA,48.3,0.0, 0, 0, 0,1000,1000,0,0,0,""
2411447,DATA,48.0,-2.1, 0, 0, 0,1000,1000,0,0,0,""
2411948,DATA,48.0,-2.0, 0, 0, 0,1000,1000,0,0,0,""
2412449,DATA,48.0,-2.1, 0, 0, 0,1000,1000,0,0,0,""
2412950,DATA,48.3,0.0, 0, 0, 0,1000,1000,0,0,0,""
2413451,DATA,48.0,-2.1, 0, 0, 0,1000,1000,0,0,0,""
2413952,DATA,48.0,-2.1, 0, 0, 0,1000,1000,0,0,0,""
2414453,DATA,48.3,0.0, 0, 0, 0,1000,1000,0,0,0,""
2414954,DATA,48.3,2.0, 0, 0, 0,1000,1000,0,0,0,""
2415455,DATA,48.3,2.1, 0, 0, 0,1000,1000,0,0,0,""
2415956,DATA,48.3,0.0, 0, 0, 0,1000,1000,0,0,0,""
2416457,DATA,48.3,2.1, 0, 0, 0,1000,1000,0,0,0,""
2416958,DATA,48.3,2.1, 0, 0, 0,1000,1000,0,0,0,""
2417459,DATA,48.0,0.0, 0, 0, 0,1000,1000,0,0,0,""
2417960,DATA,48.0,-2.0, 0, 0, 0,1000,1000,0,0,0,""
2418461,DATA,48.0,0.0, 0, 0, 0,1000,1000,0,0,0,""
2418962,DATA,48.0,0.0, 0, 0, 0,1000,1000,0,0,0,""
2419463,DATA,48.0,0.0, 0, 0, 0,1000,1000,0,0,0,""
2419964,DATA,48.0,0.0, 0, 0, 0,1000,1000,0,0,0,""
2420465,DATA,48.0,0.0, 0, 0, 0,1000,1000,0,0,0,""
2420966,DATA,48.0,0.0, 0, 0, 0,1000,1000,0,0,0,""
2421467,DATA,48.0,0.0, 0, 0, 0,1000,1000,0,0,0,""
2421968,DATA,48.0,0.0, 0, 0, 0,1000,1000,0,0,0,""
2422469,DATA,48.0,0.0, 0, 0, 0,1000,1000,0,0,0,""
2422970,DATA,48.0,0.0, 0, 0, 0,1000,1000,0,0,0,""
2423471,DATA,48.0,0.0, 0, 0, 0,1000,1000,0,0,0,""
2423972,DATA,48.0,0.0, 0, 0, 0,1000,1000,0,0,0,""
2424473,DATA,48.0,0.0, 0, 0, 0,1000,1000,0,0,0,""
2424974,DATA,48.0,2.1, 0, 0, 0,1000,1000,0,0,0,""
2425475,DATA,48.0,2.1, 0, 0, 0,1000,1000,0,0,0,""
2425976,DATA,47.7,0.0, 0, 0, 0,1000,1000,0,0,0,""
2426477,DATA,47.7,-2.1, 0, 0, 0,1000,1000,0,0,0,""
2426978,DATA,47.7,0.0, 0, 0, 0,1000,1000,0,0,0,""
2427479,DATA,47.7,0.0, 0, 0, 0,1000,1000,0,0,0,""
2427980,DATA,47.7,0.0, 0, 0, 0,1000,1000,0,0,0,""
2428481,DATA,47.7,0.0, 0, 0, 0,1000,1000,0,0,0,""
2428982,DATA,47.7,0.0, 0, 0, 0,1000,1000,0,0,0,""
2429483,DATA,47.7,0.0, 0, 0, 0,1000,1000,0,0,0,""
2429984,DATA,47.7,0.0, 0, 0, 0,1000,1000,0,0,0,""
2430485,DATA,47.7,0.0, 0, 0, 0,1000,1000,0,0,0,""
2430986,DATA,47.7,0.0, 0, 0, 0,1000,1000,0,0,0,""
2431487,DATA,47.7,0.0, 0, 0, 0,1000,1000,0,0,0,""
2431988,DATA,47.7,0.0, 0, 0, 0,1000,1000,0,0,0,""
2432489,DATA,47.7,0.0, 0, 0, 0,1000,1000,0,0,0,""
2432990,DATA,47.7,0.0, 0, 0, 0,1000,1000,0,0,0,""
2433491,DATA,47.7,0.0, 0, 0, 0,1000,1000,0,0,0,""
2433992,DATA,47.7,0.0, 0, 0, 0,1000,1000,0,0,0,""
2434493,DATA,47.7,0.0, 0, 0, 0,1000,1000,0,0,0,""
2434994,DATA,47.7,0.0, 0, 0, 0,1000,1000,0,0,0,""
2435495,DATA,47.7,0.0, 0, 0, 0,1000,1000,0,0,0,""
2435996,DATA,47.7,0.0, 0, 0, 0,1000,1000,0,0,0,""
2436497,DATA,47.7,0.0, 0, 0, 0,1000,1000,0,0,0,""
2436998,DATA,47.7,0.0, 0, 0, 0,1000,1000,0,0,0,""
2437499,DATA,47.7,0.0, 0, 0, 0,1000,1000,0,0,0,""
2438000,DATA,47.7,0.0, 0, 0, 0,1000,1000,0,0,0,""
2438501,DATA,47.7,0.0, 0, 0, 0,1000,1000,0,0,0,""
2439002,DATA,47.7,0.0, 0, 0, 0,1000,1000,0,0,0,""
2439503,DATA,47.7,0.0, 0, 0, 0,1000,1000,0,0,0,""
2440004,DATA,47.7,0.0, 0, 0, 0,1000,1000,0,0,0,""
2440505,DATA,47.7,0.0, 0, 0, 0,1000,1000,0,0,0,""
2441006,DATA,47.7,0.0, 0, 0, 0,1000,1000,0,0,0,""
2441507,DATA,47.7,0.0, 0, 0, 0,1000,1000,0,0,0,""
2442008,DATA,47.7,2.0, 0, 0, 0,1000,1000,0,0,0,""
2442509,DATA,47.5,-2.1, 0, 0, 0,1000,1000,0,0,0,""
2443010,DATA,47.5,0.0, 0, 0, 0,1000,1000,0,0,0,""
2443511,DATA,47.5,0.0, 0, 0, 0,1000,1000,0,0,0,""
2444012,DATA,47.7,2.1, 0, 0, 0,1000,1000,0,0,0,""
2444513,DATA,47.5,0.0, 0, 0, 0,1000,1000,0,0,0,""
2445014,DATA,47.5,0.0, 0, 0, 0,1000,1000,0,0,0,""
2445515,DATA,47.5,0.0, 0, 0, 0,1000,1000,0,0,0,""
2446016,DATA,47.5,0.0, 0, 0, 0,1000,1000,0,0,0,""
2446517,DATA,47.5,0.0, 0, 0, 0,1000,1000,0,0,0,""
2447018,DATA,47.5,0.0, 0, 0, 0,1000,1000,0,0,0,""
2447519,DATA,47.5,0.0, 0, 0, 0,1000,1000,0,0,0,""
2448020,DATA,47.5,0.0, 0, 0, 0,1000,1000,0,0,0,""
2448521,DATA,47.5,0.0, 0, 0, 0,1000,1000,0,0,0,""
2449022,DATA,47.5,0.0, 0, 0, 0,1000,1000,0,0,0,""
2449523,DATA,47.5,0.0, 0, 0, 0,1000,1000,0,0,0,""
2450024,DATA,47.5,0.0, 0, 0, 0,1000,1000,0,0,0,""
2450525,DATA,47.5,0.0, 0, 0, 0,1000,1000,0,0,0,""
2451026,DATA,47.5,0.0, 0, 0, 0,1000,1000,0,0,0,""
2451527,DATA,47.5,0.0, 0, 0, 0,1000,1000,0,0,0,""
2452028,DATA,47.5,0.0, 0, 0, 0,1000,1000,0,0,0,""
2452529,DATA,47.2,-2.1, 0, 0, 0,1000,1000,0,0,0,""
2453030,DATA,47.5,0.0, 0, 0, 0,1000,1000,0,0,0,""
2453531,DATA,47.2,-2.1, 0, 0, 0,1000,1000,0,0,0,""
2454032,DATA,47.2,0.0, 0, 0, 0,1000,1000,0,0,0,""
2454533,DATA,47.2,-2.1, 0, 0, 0,1000,1000,0,0,0,""
2455034,DATA,47.5,2.1, 0, 0, 0,1000,1000,0,0,0,""
2455535,DATA,47.5,2.1, 0, 0, 0,1000,1000,0,0,0,""
2456036,DATA,47.2,0.0, 0, 0, 0,1000,1000,0,0,0,""
2456537,DATA,47.2,0.0, 0, 0, 0,1000,1000,0,0,0,""
2457038,DATA,47.2,0.0, 0, 0, 0,1000,1000,0,0,0,""
2457539,DATA,47.2,0.0, 0, 0, 0,1000,1000,0,0,0,""
2458040,DATA,47.2,0.0, 0, 0, 0,1000,1000,0,0,0,""
2458541,DATA,47.2,2.1, 0, 0, 0,1000,1000,0,0,0,""
2459042,DATA,47.2,2.1, 0, 0, 0,1000,1000,0,0,0,""
2459543,DATA,47.0,0.0, 0, 0, 0,1000,1000,0,0,0,""
2460044,DATA,47.0,0.0, 0, 0, 0,1000,1000,0,0,0,""
2460545,DATA,47.0,0.0, 0, 0, 0,1000,1000,0,0,0,""
2461046,DATA,47.0,0.0, 0, 0, 0,1000,1000,0,0,0,""
2461547,DATA,47.0,-2.1, 0, 0, 0,1000,1000,0,0,0,""
2462048,DATA,47.2,0.0, 0, 0, 0,1000,1000,0,0,0,""
2462549,DATA,47.0,-2.1, 0, 0, 0,1000,1000,0,0,0,""
2463050,DATA,47.2,0.0, 0, 0, 0,1000,1000,0,0,0,""
2463551,DATA,47.0,-2.1, 0, 0, 0,1000,1000,0,0,0,""
2464052,DATA,47.0,0.0, 0, 0, 0,1000,1000,0,0,0,""
2464553,DATA,47.2,0.0, 0, 0, 0,1000,1000,0,0,0,""
2465054,DATA,47.0,0.0, 0, 0, 0,1000,1000,0,0,0,""
2465555,DATA,47.0,-2.1, 0, 0, 0,1000,1000,0,0,0,""
2466056,DATA,47.2,0.0, 0, 0, 0,1000,1000,0,0,0,""
2466557,DATA,47.2,0.0, 0, 0, 0,1000,1000,0,0,0,""
2467058,DATA,47.2,2.1, 0, 0, 0,1000,1000,0,0,0,""
2467559,DATA,47.2,0.0, 0, 0, 0,1000,1000,0,0,0,""
2468060,DATA,47.2,0.0, 0, 0, 0,1000,1000,0,0,0,""
2468561,DATA,47.2,2.1, 0, 0, 0,1000,1000,0,0,0,""
2469062,DATA,47.2,2.0, 0, 0, 0,1000,1000,0,0,0,""
2469563,DATA,47.0,0.0, 0, 0, 0,1000,1000,0,0,0,""
2470064,DATA,47.0,-2.1, 0, 0, 0,1000,1000,0,0,0,""
2470565,DATA,47.0,0.0, 0, 0, 0,1000,1000,0,0,0,""
2471066,DATA,47.0,0.0, 0, 0, 0,1000,1000,0,0,0,""
2471567,DATA,47.0,0.0, 0, 0, 0,1000,1000,0,0,0,""
2472068,DATA,47.0,0.0, 0, 0,594,1000,1000,0,0,0,""
2472569,DATA,47.0,0.0, 0, 0,70658,1000,1000,0,0,0,""
2473070,DATA,47.0,0.0, 0, 0, 0,1000,1000,0,0,0,""
2473571,DATA,47.0,0.0, 0, 0,31475,1000,1000,0,0,0,""
2474072,DATA,47.0,0.0, 0, 0,47500,1000,1000,0,0,0,""
2474573,DATA,47.0,0.0, 0, 0,25529,1000,1000,0,0,0,""
2475074,DATA,47.0,0.0, 0, 0,594,1000,1000,0,0,0,""
2475575,DATA,47.0,0.0, 0, 0,27312,1000,1000,0,0,0,""
2476076,DATA,47.0,0.0, 0, 0,40978,1000,1000,0,0,0,""
2476577,DATA,47.0,0.0, 0, 0,19592,1000,1000,0,0,0,""
2477078,DATA,47.0,0.0, 0, 0,14250,1000,1000,0,0,0,""
2477579,DATA,47.0,0.0, 0, 0, 0,1000,1000,0,0,0,""
2478080,DATA,47.0,0.0, 0, 0,32653,1000,1000,0,0,0,""
2478581,DATA,47.0,0.0, 0, 0,23167,1000,1000,0,0,0,""
2479082,DATA,47.0,0.0, 0, 0, 0,1000,1000,0,0,0,""
2479583,DATA,46.7,-2.1, 0, 0,49867,1000,1000,0,0,0,""
2480084,DATA,47.0,0.0, 0, 0,28502,1000,1000,0,0,0,""
2480585,DATA,47.0,0.0, 0, 0,39775,1000,1000,0,0,0,""
2481086,DATA,47.0,0.0, 0, 0,1781,1000,1000,0,0,0,""
2481587,DATA,47.0,0.0, 0, 0,34441,1000,1000,0,0,0,""
2482088,DATA,47.0,0.0, 0, 0, 0,1000,1000,0,0,0,""
2482589,DATA,47.0,0.0, 0, 0, 0,1000,1000,0,0,0,""
2483090,DATA,47.0,0.0, 0, 0, 0,1000,1000,0,0,0,""
2483591,DATA,47.0,0.0, 0, 0, 0,1000,1000,0,0,0,""
2484092,DATA,46.7,-2.0, 0, 0, 0,1000,1000,0,0,0,""
2484593,DATA,46.7,0.0, 0, 0, 0,1000,1000,0,0,0,""
2485094,DATA,47.0,0.0, 0, 0, 0,1000,1000,0,0,0,""
2485595,DATA,46.7,0.0, 0, 0, 0,1000,1000,0,0,0,""
2486096,DATA,46.7,0.0, 0, 0, 0,1000,1000,0,0,0,""
2486597,DATA,47.0,0.0, 0, 0, 0,1000,1000,0,0,0,""
2487098,DATA,47.0,2.0, 0, 0, 0,1000,1000,0,0,0,""
2487599,DATA,47.0,0.0, 0, 0, 0,1000,1000,0,0,0,""
2488100,DATA,46.7,-2.1, 0, 0, 0,1000,1000,0,0,0,""
2488601,DATA,46.7,0.0, 0, 0, 0,1000,1000,0,0,0,""
2489102,DATA,46.7,0.0, 0, 0, 0,1000,1000,0,0,0,""
2489603,DATA,46.7,0.0, 0, 0, 0,1000,1000,0,0,0,""
2490104,DATA,46.7,0.0, 0, 0, 0,1000,1000,0,0,0,""
2490605,DATA,46.7,0.0, 0, 0, 0,1000,1000,0,0,0,""
2491106,DATA,46.7,0.0, 0, 0, 0,1000,1000,0,0,0,""
2491607,DATA,46.7,0.0, 0, 0, 0,1000,1000,0,0,0,""
2492108,DATA,46.7,0.0, 0, 0, 0,1000,1000,0,0,0,""
2492609,DATA,46.7,0.0, 0, 0, 0,1000,1000,0,0,0,""
2493110,DATA,46.7,0.0, 0, 0, 0,1000,1000,0,0,0,""
2493611,DATA,46.7,0.0, 0, 0, 0,1000,1000,0,0,0,""
2493780,EVENT,46.7,0.0, 0, 0, 0,1000,1000,0,0,0,"STARTER 1200"
2494135,DATA,46.0,-6.2,500,500,500,1000,1090,0,0,0,""
2494655,DATA,46.7,0.0,1523,1176,500,1000,1181,0,0,0,""
2495155,DATA,46.7,8.3,3518,3057, 0,1000,1200,0,0,0,""
2495655,DATA,45.8,4.2,4046,3955, 0,1000,1200,0,0,0,""
2496155,DATA,45.8,4.2,3983,4000,7800,1000,1200,0,0,0,""
2496655,DATA,46.7,0.0,3935,3943,600,1000,1200,0,0,0,""
2497155,DATA,46.7,2.1,3927,3928, 0,1000,1200,0,0,0,""
2497655,DATA,46.7,0.0,3898,3903, 0,1000,1200,0,0,0,""
2498155,DATA,46.7,0.0,3891,3892, 0,1000,1200,0,0,0,""
2498655,DATA,46.7,0.0,3890,3890, 0,1000,1200,0,0,0,""
2499155,DATA,46.7,0.0,3889,3889, 0,1000,1200,0,0,0,""
