ms,type,egtC,dEgtCps,rpm,fRpm,rRpm,pumpUs,starterUs,ign,valve1,valve2,event
5055,EVENT,,, 0, 0, 0,1000,1000,0,0,0,"BOOT SD_LOG_READY"
9097,EVENT,,, 0, 0, 0,1000,1000,0,0,0,"EV:A05_ALL_OFF"
9179,DATA,144.5,0.0, 0, 0,145800,1000,1000,0,0,0,""
9679,DATA,144.5,0.0, 0, 0, 0,1000,1000,0,0,0,""
10179,DATA,144.5,0.0, 0, 0, 0,1000,1000,0,0,0,""
10679,DATA,144.5,0.0, 0, 0, 0,1000,1000,0,0,0,""
11179,DATA,144.3,0.0, 0, 0, 0,1000,1000,0,0,0,""
11624,EVENT,144.3,0.0, 0, 0, 0,1000,1000,0,0,0,"STARTER 1200"
11697,DATA,144.3,0.0, 0, 0, 0,1000,1011,0,0,0,""
12217,DATA,142.8,4.2,1471,1111,1000,1000,1139,0,0,0,""
12717,DATA,143.0,2.1,3201,2684, 0,1000,1200,0,0,0,""
13217,DATA,142.0,-16.7,4202,3923, 0,1000,1200,0,0,0,""
13717,DATA,142.0,-8.3,4270,4216, 0,1000,1200,0,0,0,""
14217,DATA,141.0,-2.1,3934,4113, 0,1000,1200,0,0,0,""
14717,DATA,141.5,4.2,4190,4152,1800,1000,1200,0,0,0,""
15217,DATA,141.0,6.2,4376,4253, 0,1000,1200,0,0,0,""
15717,DATA,140.0,-2.1,4296,4272,600,1000,1200,0,0,0,""
16217,DATA,139.5,-2.1,3938,4122,2400,1000,1200,0,0,0,""
16717,DATA,139.0,-2.1,3687,3926,3600,1000,1200,0,0,0,""
17217,DATA,137.5,-4.2,3304,3365,3600,1000,1200,0,0,0,""
17717,DATA,136.8,-2.1,3298,3299,3000,1000,1200,0,0,0,""
18217,DATA,136.0,-2.1,3315,3311,3600,1000,1200,0,0,0,""
18652,EVENT,135.3,0.0,3323,3321,3000,1000,1200,0,0,0,"STARTER 1220"
18717,DATA,135.3,0.0,3324,3322,3600,1000,1202,0,0,0,""
18818,EVENT,134.8,-3.8,3323,3322,3000,1000,1205,0,0,0,"STARTER 1240"
18978,EVENT,134.5,-1.7,3321,3322,2983,1000,1212,0,0,0,"STARTER 1260"
19098,EVENT,134.3,-2.1,3855,3562,1482,1000,1218,0,0,0,"STARTER 1280"
19217,DATA,134.3,0.0,4248,3871,2000,1000,1226,0,0,0,""
19298,EVENT,134.0,-1.9,4318,4072,2017,1000,1234,0,0,0,"STARTER 1300"
19737,DATA,133.0,-4.2,5154,4862,1500,1000,1270,0,0,0,""
20257,DATA,132.3,-4.2,6150,5818,1500,1000,1297,0,0,0,""
20757,DATA,131.5,0.0,6617,6339,4800,1000,1300,0,0,0,""
21257,DATA,130.0,-4.2,5597,5795,5400,1000,1300,0,0,0,""
21757,DATA,129.5,-2.1,5347,5392,5400,1000,1300,0,0,0,""
22257,DATA,128.5,-2.1,5333,5336,5400,1000,1300,0,0,0,""
22757,DATA,127.0,-2.1,5334,5334,5400,1000,1300,0,0,0,""
23257,DATA,126.2,-2.1,5333,5333,5400,1000,1300,0,0,0,""
23757,DATA,125.0,-4.2,5345,5342,5400,1000,1300,0,0,0,""
24257,DATA,125.0,2.1,5352,5351,5400,1000,1300,0,0,0,""
24757,DATA,123.2,-4.2,5353,5353,5400,1000,1300,0,0,0,""
25257,DATA,123.0,2.1,5354,5354,5400,1000,1300,0,0,0,""
25757,DATA,122.0,2.1,5342,5345,4800,1000,1300,0,0,0,""
26257,DATA,121.3,0.0,5332,5334,5400,1000,1300,0,0,0,""
26757,DATA,120.0,-6.2,5335,5334,5400,1000,1300,0,0,0,""
27257,DATA,119.7,2.1,5334,5335,5400,1000,1300,0,0,0,""
27757,DATA,118.7,-2.1,5330,5331,5400,1000,1300,0,0,0,""
28257,DATA,118.0,-2.1,5331,5331,5400,1000,1300,0,0,0,""
28757,DATA,117.5,-2.1,5329,5330,5400,1000,1300,0,0,0,""
29257,DATA,116.5,-4.2,5320,5322,5400,1000,1300,0,0,0,""
29693,EVENT,116.0,2.1,5313,5315,4800,1000,1300,1,0,0,"IGN ON"
29757,DATA,116.0,2.1,5311,5314,5399,1000,1300,1,0,0,""
30257,DATA,114.7,-2.1,5279,5288,4800,1000,1300,1,0,0,""
30625,EVENT,114.7,2.1,5259,5267,5400,1000,1300,1,1,0,"VALVE1 ON"
30757,DATA,114.0,-6.2,5250,5256,5401,1000,1300,1,1,0,""
31257,DATA,113.3,-6.2,5244,5244,5400,1000,1300,1,1,0,""
31757,DATA,112.7,-2.1,5251,5248,5400,1000,1300,1,1,0,""
32257,DATA,112.0,-6.2,5262,5259,5400,1000,1300,1,1,0,""
32757,DATA,111.0,-4.2,5271,5269,5400,1000,1300,1,1,0,""
32873,EVENT,111.5,4.2,5273,5271,5343,1000,1300,1,1,0,"PUMP 1045"
33257,DATA,110.5,-8.3,5282,5279,5219,1007,1300,1,1,0,""
33757,DATA,110.5,-4.2,6261,5797,1500,1027,1300,1,1,0,""
34257,DATA,109.2,-4.2,6360,6219,1500,1044,1300,1,1,0,""
34757,DATA,116.5,22.9,6064,6294,5400,1045,1300,1,1,0,""
35257,DATA,125.8,27.1,5493,5594,5400,1045,1300,1,1,0,""
35757,DATA,136.3,12.5,5411,5428,5400,1045,1300,1,1,0,""
36257,DATA,148.8,31.2,5402,5404,5400,1045,1300,1,1,0,""
36757,DATA,157.5,10.4,5393,5395,5400,1045,1300,1,1,0,""
37257,DATA,165.3,16.7,5391,5391,5400,1045,1300,1,1,0,""
37757,DATA,172.3,14.6,5388,5389,5400,1045,1300,1,1,0,""
38257,DATA,178.0,10.4,5382,5383,5400,1045,1300,1,1,0,""
38757,DATA,183.0,12.5,5390,5388,5400,1045,1300,1,1,0,""
39257,DATA,187.0,4.2,5397,5396,5400,1045,1300,1,1,0,""
39757,DATA,192.5,16.7,5405,5403,5400,1045,1300,1,1,0,""
40257,DATA,197.5,16.7,5411,5410,5400,1045,1300,1,1,0,""
40500,EVENT,200.0,6.0,5413,5412,5344,1045,1300,1,1,0,"PUMP 1050"
40757,DATA,204.8,18.8,5413,5413,5400,1045,1300,1,1,0,""
41257,DATA,212.3,10.4,5411,5411,5400,1048,1300,1,1,0,""
41757,DATA,217.7,14.6,5406,5407,5400,1050,1300,1,1,0,""
42257,DATA,223.3,4.2,5405,5405,5401,1050,1300,1,1,0,""
42757,DATA,230.0,14.6,5407,5407,5400,1050,1300,1,1,0,""
43257,DATA,236.0,6.2,5411,5410,5400,1050,1300,1,1,0,""
43757,DATA,243.0,14.6,5409,5409,5400,1050,1300,1,1,0,""
44257,DATA,252.0,14.6,5390,5395,5400,1050,1300,1,1,0,""
44757,DATA,258.5,8.3,5398,5397,5400,1050,1300,1,1,0,""
45257,DATA,265.5,20.8,5374,5379,5400,1050,1300,1,1,0,""
45757,DATA,271.0,10.4,5381,5378,5400,1050,1300,1,1,0,""
46257,DATA,277.5,12.5,5395,5393,5400,1050,1300,1,1,0,""
46757,DATA,284.2,12.5,5390,5393,5400,1050,1300,1,1,0,""
47257,DATA,293.0,10.4,5367,5373,5400,1050,1300,1,1,0,""
47757,DATA,300.8,18.8,5345,5350,5400,1050,1300,1,1,0,""
48257,DATA,306.3,8.3,5342,5343,5400,1050,1300,1,1,0,""
48757,DATA,311.8,8.3,5339,5339,5400,1050,1300,1,1,0,""
49257,DATA,316.3,8.3,5346,5344,4800,1050,1300,1,1,0,""
49757,DATA,321.5,6.2,5353,5352,5400,1050,1300,1,1,0,""
50257,DATA,325.5,10.4,5352,5352,5400,1050,1300,1,1,0,""
50757,DATA,332.2,8.3,5348,5349,5400,1050,1300,1,1,0,""
51257,DATA,338.0,12.5,5341,5343,5400,1050,1300,1,1,0,""
51757,DATA,344.0,18.8,5329,5332,5400,1050,1300,1,1,0,""
52257,DATA,348.0,4.2,5318,5320,5400,1050,1300,1,1,0,""
52757,DATA,350.8,10.4,5307,5310,5400,1050,1300,1,1,0,""
53257,DATA,353.2,-2.1,5284,5289,4800,1050,1300,1,1,0,""
53757,DATA,356.5,-2.1,5271,5273,4800,1050,1300,1,1,0,""
54257,DATA,360.8,8.3,5275,5274,4800,1050,1300,1,1,0,""
54757,DATA,365.7,12.5,5272,5273,4800,1050,1300,1,1,0,""
55257,DATA,371.7,20.8,5278,5277,4800,1050,1300,1,1,0,""
55757,DATA,375.5,2.1,5272,5274,4800,1050,1300,1,1,0,""
56257,DATA,381.3,18.8,5263,5265,4800,1050,1300,1,1,0,""
56757,DATA,387.8,12.5,5249,5252,5400,1050,1300,1,1,0,""
57257,DATA,392.0,8.3,5241,5242,5401,1050,1300,1,1,0,""
57757,DATA,396.3,10.4,5244,5243,5400,1050,1300,1,1,0,""
58257,DATA,400.0,6.2,5250,5249,5400,1050,1300,1,1,0,""
58757,DATA,404.8,12.5,5280,5268,5400,1050,1300,1,1,0,""
59257,DATA,408.8,4.2,5317,5313,5400,1050,1300,1,1,0,""
59265,EVENT,408.8,4.2,5317,5313,5400,1050,1300,1,1,0,"STARTER 1320"
59404,EVENT,410.5,6.2,5313,5313,5400,1050,1304,1,1,0,"STARTER 1340"
59558,EVENT,410.5,6.2,5099,5217,3799,1050,1311,1,1,0,"STARTER 1360"
59678,EVENT,413.3,17.1,5778,5469,1644,1050,1317,1,1,0,"STARTER 1380"
59757,DATA,414.0,6.2,6400,5888,2000,1050,1321,1,1,0,""
59918,EVENT,415.3,7.9,6683,6246,1519,1050,1336,1,1,0,"STARTER 1400"
60277,DATA,419.0,8.3,6875,6569,1500,1050,1365,1,1,0,""
60797,DATA,425.0,16.7,6853,7222,1500,1050,1394,1,1,0,""
61297,DATA,433.3,33.3,8552,8525,7201,1050,1400,1,1,0,""
61797,DATA,448.8,22.9,7539,7703,7200,1050,1400,1,1,0,""
62297,DATA,469.0,41.7,7403,7428,7201,1050,1400,1,1,0,""
62797,DATA,486.0,33.3,7394,7396,7800,1050,1400,1,1,0,""
62994,EVENT,489.2,27.1,7396,7396,7201,1050,1400,1,1,0,"STARTER 1420"
63317,DATA,492.7,20.5,7394,7395,4998,1050,1412,1,1,0,""
63318,EVENT,492.7,20.5,7394,7395,4998,1050,1412,1,1,0,"STARTER 1460"
63478,EVENT,494.5,10.9,6726,7041,1523,1050,1421,1,1,0,"STARTER 1480"
63638,EVENT,496.3,10.9,7648,7314,2500,1050,1432,1,1,0,"STARTER 1500"
63758,EVENT,497.0,4.7,8617,7900,2000,1050,1441,1,1,0,"STARTER 1520"
63837,DATA,496.7,-2.1,9218,8493,1500,1050,1446,1,1,0,""
64010,EVENT,497.0,1.6,9390,8897,1500,1050,1465,1,1,0,"STARTER 1540"
64357,DATA,497.5,-4.2,7994,8481,2000,1050,1498,1,1,0,""
64877,DATA,488.5,-31.2,11307,10644,1500,1050,1533,1,1,0,""
65377,DATA,473.5,-22.9,10311,10148,9600,1050,1540,1,1,0,""
65877,DATA,456.0,-39.6,11977,12052,10200,1050,1540,1,1,0,""
66377,DATA,439.2,-29.2,10536,10776,10799,1050,1540,1,1,0,""
66877,DATA,430.2,-10.4,10355,10390,10800,1050,1540,1,1,0,""
67377,DATA,421.3,-22.9,10357,10359,10201,1050,1540,1,1,0,""
67877,DATA,414.5,-8.3,10362,10361,10199,1050,1540,1,1,0,""
68377,DATA,406.5,-18.8,10340,10348,10200,1050,1540,1,1,0,""
68877,DATA,400.3,-8.3,10286,10299,10200,1050,1540,1,1,0,""
69377,DATA,392.5,-10.4,10253,10261,10200,1050,1540,1,1,0,""
69877,DATA,387.0,-12.5,10232,10238,10200,1050,1540,1,1,0,""
70377,DATA,382.8,-8.3,10205,10213,10200,1050,1540,1,1,0,""
70877,DATA,377.8,-12.5,10172,10180,9601,1050,1540,1,1,0,""
71377,DATA,373.5,-6.2,10158,10160,10201,1050,1540,1,1,0,""
71877,DATA,369.0,-10.4,10159,10159,10200,1050,1540,1,1,0,""
72377,DATA,365.7,-10.4,10140,10144,10200,1050,1540,1,1,0,""
72877,DATA,360.8,-8.3,10114,10117,9600,1050,1540,1,1,0,""
73377,DATA,356.5,-8.3,10091,10096,9600,1050,1540,1,1,0,""
73877,DATA,353.0,-10.4,10053,10062,10200,1050,1540,1,1,0,""
74377,DATA,350.5,-4.2,10022,10029,10199,1050,1540,1,1,0,""
74877,DATA,347.0,-8.3,9998,10006,10200,1050,1540,1,1,0,""
75377,DATA,343.8,-2.1,9981,9983,10201,1050,1540,1,1,0,""
75877,DATA,340.0,-4.2,9994,9991,9600,1050,1540,1,1,0,""
76377,DATA,337.0,-6.2,9970,9974,9600,1050,1540,1,1,0,""
76877,DATA,334.5,-2.1,9965,9968,9600,1050,1540,1,1,0,""
76945,EVENT,334.5,-2.1,9960,9964,10200,1050,1540,1,1,0,"STARTER 1520"
77198,EVENT,333.0,-5.3,9937,9951,5998,1050,1533,1,1,0,"STARTER 1500"
77397,DATA,333.0,-2.1,9227,9563,1500,1050,1525,1,1,0,""
77638,EVENT,332.5,-3.8,9568,9315,2272,1050,1515,1,1,0,"STARTER 1480"
77798,EVENT,332.0,-3.4,10707,9942,2779,1050,1508,1,1,0,"STARTER 1460"
77917,DATA,331.5,-4.2,11473,10631,2000,1050,1502,1,1,0,""
78038,EVENT,331.0,-4.2,11779,11148,1500,1050,1493,1,1,0,"STARTER 1440"
78398,EVENT,329.3,-5.1,10609,11006,1500,1050,1469,1,1,0,"STARTER 1420"
78437,DATA,329.0,-2.0,10609,11006,1500,1050,1468,1,1,0,""
78957,DATA,327.0,-2.1,10464,10098,1500,1050,1436,1,1,0,""
79457,DATA,324.8,0.0,8877,9474,1500,1050,1420,1,1,0,""
79957,DATA,322.5,-4.2,9594,9384,7800,1050,1420,1,1,0,""
80457,DATA,320.8,-2.1,8055,8355,7200,1050,1420,1,1,0,""
80957,DATA,319.3,-2.1,7587,7679,7800,1050,1420,1,1,0,""
81457,DATA,317.7,-4.2,7502,7518,7201,1050,1420,1,1,0,""
81957,DATA,316.0,-4.2,7491,7494,7800,1050,1420,1,1,0,""
82379,EVENT,315.3,-4.2,7490,7490,7800,1050,1420,1,1,0,"PUMP 1055"
82457,DATA,315.0,-2.1,7490,7490,7199,1050,1420,1,1,0,""
82957,DATA,314.0,-2.1,7488,7488,7200,1052,1420,1,1,0,""
82970,EVENT,314.0,-2.1,7488,7488,7200,1052,1420,1,1,0,"PUMP 1060"
83457,DATA,312.8,-2.1,7482,7483,7800,1054,1420,1,1,0,""
83810,EVENT,312.0,-2.1,7484,7484,7800,1057,1420,1,1,0,"PUMP 1065"
83957,DATA,311.8,-2.1,7486,7485,7199,1057,1420,1,1,0,""
84457,DATA,311.0,-2.1,7499,7496,7800,1060,1420,1,1,0,""
84806,EVENT,311.0,0.0,7501,7501,7800,1063,1420,1,1,0,"PUMP 1070"
84957,DATA,310.5,-2.1,7504,7502,7200,1063,1420,1,1,0,""
85457,DATA,312.0,4.2,7520,7518,7800,1066,1420,1,1,0,""
85957,DATA,313.3,2.1,7507,7511,7200,1069,1420,1,1,0,""
86457,DATA,315.7,8.3,7489,7495,7800,1070,1420,1,1,0,""
86957,DATA,318.0,2.1,7489,7485,7201,1070,1420,1,1,0,""
87457,DATA,321.3,8.3,7516,7509,7801,1070,1420,1,1,0,""
87957,DATA,324.8,4.2,7540,7535,7800,1070,1420,1,1,0,""
88457,DATA,329.3,4.2,7547,7544,7800,1070,1420,1,1,0,""
88957,DATA,332.8,6.2,7556,7555,7800,1070,1420,1,1,0,""
89457,DATA,335.3,4.2,7554,7554,7800,1070,1420,1,1,0,""
89957,DATA,337.0,6.2,7556,7555,7800,1070,1420,1,1,0,""
90457,DATA,338.3,4.2,7547,7550,7200,1070,1420,1,1,0,""
90957,DATA,340.3,6.2,7531,7534,7200,1070,1420,1,1,0,""
91138,EVENT,340.7,2.1,7522,7527,7201,1070,1420,1,1,0,"PUMP 1075"
91457,DATA,342.5,4.2,7507,7513,7800,1071,1420,1,1,0,""
91957,DATA,344.3,2.1,7504,7503,7200,1073,1420,1,1,0,""
92457,DATA,346.5,4.2,7529,7524,7800,1075,1420,1,1,0,""
92696,EVENT,347.5,4.2,7538,7533,7201,1075,1420,1,1,0,"PUMP 1079"
92957,DATA,348.7,8.3,7546,7543,7800,1075,1420,1,1,0,""
93457,DATA,351.0,2.1,7557,7554,7800,1077,1420,1,1,0,""
93957,DATA,354.5,8.3,7567,7565,7799,1079,1420,1,1,0,""
94457,DATA,357.8,8.3,7571,7571,7200,1079,1420,1,1,0,""
94957,DATA,360.3,4.2,7570,7571,7800,1079,1420,1,1,0,""
95457,DATA,362.5,2.1,7557,7561,7800,1079,1420,1,1,0,""
95957,DATA,364.5,4.2,7508,7521,7201,1079,1420,1,1,0,""
96457,DATA,366.8,6.2,7491,7492,7800,1079,1420,1,1,0,""
96957,DATA,368.5,4.2,7518,7510,7800,1079,1420,1,1,0,""
97457,DATA,371.0,6.2,7557,7548,7801,1079,1420,1,1,0,""
97903,EVENT,372.3,-2.1,7574,7569,7204,1079,1420,1,1,0,"PUMP 1084"
97957,DATA,373.0,6.2,7575,7572,7800,1079,1420,1,1,0,""
98457,DATA,374.3,2.1,7585,7583,7200,1081,1420,1,1,0,""
98957,DATA,375.3,0.0,7579,7581,7799,1083,1420,1,1,0,""
99457,DATA,377.0,2.1,7560,7565,7800,1084,1420,1,1,0,""
99936,EVENT,379.0,4.2,7551,7553,7800,1084,1420,1,1,1,"VALVE2 ON"
99957,DATA,379.0,4.2,7551,7553,7800,1084,1420,1,1,1,""
100457,DATA,380.5,4.2,7533,7539,7800,1084,1420,1,1,1,""
100957,DATA,383.0,2.1,7514,7516,7200,1084,1420,1,1,1,""
101457,DATA,384.5,2.1,7530,7526,7200,1084,1420,1,1,1,""
101957,DATA,386.0,2.1,7546,7542,7200,1084,1420,1,1,1,""
102289,EVENT,387.3,4.2,7549,7547,7718,1084,1420,1,1,1,"PUMP 1089"
102457,DATA,387.5,2.1,7549,7549,7201,1084,1420,1,1,1,""
102957,DATA,389.3,4.2,7557,7554,7199,1086,1420,1,1,1,""
103457,DATA,390.7,2.1,7564,7563,7800,1088,1420,1,1,1,""
103957,DATA,392.5,4.2,7553,7556,7799,1089,1420,1,1,1,""
104457,DATA,394.8,2.1,7543,7546,7800,1089,1420,1,1,1,""
104957,DATA,396.7,4.2,7534,7536,7199,1089,1420,1,1,1,""
105457,DATA,399.0,6.2,7506,7513,7200,1089,1420,1,1,1,""
105957,DATA,401.0,2.1,7507,7504,7800,1089,1420,1,1,1,""
106457,DATA,403.3,6.2,7538,7532,7800,1089,1420,1,1,1,""
106957,DATA,405.0,4.2,7552,7549,7800,1089,1420,1,1,1,""
107457,DATA,407.0,0.0,7562,7560,7800,1089,1420,1,1,1,""
107957,DATA,409.0,4.2,7572,7568,7200,1089,1420,1,1,1,""
108457,DATA,411.3,4.2,7586,7583,7800,1089,1420,1,1,1,""
108957,DATA,413.0,4.2,7580,7584,7800,1089,1420,1,1,1,""
109457,DATA,414.5,2.1,7551,7558,7799,1089,1420,1,1,1,""
109762,EVENT,415.5,4.0,7532,7540,7718,1089,1420,1,1,1,"STARTER 1440"
109957,DATA,416.3,6.2,7483,7511,7802,1089,1426,1,1,1,""
110457,DATA,418.2,2.1,7122,7056,7800,1089,1436,1,1,1,""
110585,EVENT,418.5,2.1,7267,7151,7799,1089,1438,1,1,1,"STARTER 1460"
110957,DATA,419.0,0.0,6893,7098,1667,1089,1448,1,1,1,""
111457,DATA,420.8,4.2,9797,9551,8401,1089,1458,1,1,1,""
111621,EVENT,421.5,4.2,9449,9505,7800,1089,1460,1,1,1,"STARTER 1480"
111957,DATA,422.2,3.6,8581,8870,5999,1089,1469,1,1,1,""
112457,DATA,422.7,2.1,8188,8139,8400,1089,1478,1,1,1,""
112554,EVENT,422.7,2.1,8188,8139,8400,1089,1479,1,1,1,"STARTER 1500"
112957,DATA,423.5,4.2,8039,8166,2500,1089,1490,1,1,1,""
113388,EVENT,424.3,0.0,10692,9749,8399,1089,1498,1,1,1,"STARTER 1520"
113477,DATA,424.5,2.1,11028,10325,8999,1089,1501,1,1,1,""
113997,DATA,424.8,0.0,9086,9739,2500,1089,1514,1,1,1,""
114132,EVENT,424.8,-2.1,10967,10344,6005,1089,1517,1,1,1,"STARTER 1540"
114517,DATA,424.8,-2.1,11728,11523,1667,1089,1528,1,1,1,""
115017,DATA,424.3,-4.2,10624,10539,9000,1089,1539,1,1,1,""
115517,DATA,424.0,-2.1,11472,11816,10200,1089,1540,1,1,1,""
116017,DATA,424.0,0.0,10336,10525,10200,1089,1540,1,1,1,""
116517,DATA,423.3,0.0,10239,10256,10200,1089,1540,1,1,1,""
117017,DATA,422.5,0.0,10265,10260,10201,1089,1540,1,1,1,""
117517,DATA,421.5,-2.1,10269,10270,10800,1089,1540,1,1,1,""
118017,DATA,421.0,-2.1,10237,10243,10201,1089,1540,1,1,1,""
118039,EVENT,421.0,0.0,10237,10243,10201,1089,1540,1,1,1,"STARTER 1560"
118517,DATA,420.5,0.0,9657,9855,9000,1089,1552,1,1,1,""
118804,EVENT,420.5,0.0,9859,9826,10800,1089,1557,1,1,1,"STARTER 1580"
119037,DATA,420.3,-2.1,10110,9995,8956,1089,1564,1,1,1,""
119537,DATA,419.8,0.0,11650,10640,3336,1089,1576,1,1,1,""
119640,EVENT,419.5,-2.1,12629,11535,10248,1089,1578,1,1,1,"STARTER 1600"
120037,DATA,419.3,-1.9,12783,12701,2500,1089,1589,1,1,1,""
120292,EVENT,418.7,-2.1,11410,11993,1500,1089,1595,1,1,1,"STARTER 1620"
120557,DATA,418.2,-1.9,12762,12021,2500,1089,1603,1,1,1,""
120970,EVENT,417.7,0.0,13983,13617,1500,1089,1614,1,1,1,"STARTER 1640"
121077,DATA,417.3,-3.7,13613,13615,3017,1089,1617,1,1,1,""
121597,DATA,416.5,-1.9,11485,11377,3000,1089,1633,1,1,1,""
121852,EVENT,416.0,-2.1,14049,12972,9051,1089,1638,1,1,1,"STARTER 1660"
122097,DATA,415.5,-1.8,14704,14157,7163,1089,1645,1,1,1,""
122597,DATA,414.0,-3.8,11238,12214,8446,1089,1657,1,1,1,""
122968,EVENT,413.5,0.0,15439,14572,12599,1089,1660,1,1,1,"STARTER 1680"
123097,DATA,413.3,-2.1,15508,14993,11342,1089,1664,1,1,1,""
123597,DATA,412.3,-2.1,12989,13787,9598,1089,1675,1,1,1,""
123885,EVENT,411.3,-4.2,11157,11759,12601,1089,1679,1,1,1,"STARTER 1700"
124097,DATA,411.0,-2.1,11567,11566,8147,1089,1685,1,1,1,""
124597,DATA,410.0,-2.1,14149,12804,12600,1089,1696,1,1,1,""
125097,DATA,408.5,-2.1,15628,15740,12608,1089,1700,1,1,1,""
125597,DATA,407.5,-2.1,13350,13751,12599,1089,1700,1,1,1,""
126097,DATA,406.5,0.0,12919,13003,13201,1089,1700,1,1,1,""
126597,DATA,405.0,-4.2,12864,12876,13198,1089,1700,1,1,1,""
126772,EVENT,405.0,0.0,12862,12869,12600,1089,1700,1,1,1,"PUMP 1094"
127097,DATA,404.3,-2.1,12853,12856,13200,1090,1700,1,1,1,""
127597,DATA,403.3,-2.1,12836,12841,13199,1092,1700,1,1,1,""
127713,EVENT,403.0,-2.1,12833,12838,12600,1092,1700,1,1,1,"PUMP 1099"
128097,DATA,401.7,-2.1,12830,12831,13201,1093,1700,1,1,1,""
128597,DATA,401.0,0.0,12828,12828,12600,1096,1700,1,1,1,""
129097,DATA,400.3,-2.1,12819,12821,12600,1099,1700,1,1,1,""
129597,DATA,399.5,-2.0,12814,12814,12601,1099,1700,1,1,1,""
130097,DATA,398.7,-2.1,12805,12807,13199,1099,1700,1,1,1,""
130597,DATA,398.5,0.0,12808,12808,12599,1099,1700,1,1,1,""
131097,DATA,398.0,0.0,12813,12812,12599,1099,1700,1,1,1,""
131597,DATA,397.5,0.0,12821,12821,12600,1099,1700,1,1,1,""
132097,DATA,397.5,0.0,12808,12812,12601,1099,1700,1,1,1,""
132597,DATA,397.0,-2.0,12771,12781,12600,1099,1700,1,1,1,""
132834,EVENT,396.7,0.0,12760,12768,13200,1099,1700,1,1,1,"PUMP 1104"
132991,EVENT,396.7,0.0,12759,12761,12601,1099,1700,1,1,1,"PUMP 1109"
133097,DATA,396.7,0.0,12761,12761,13199,1099,1700,1,1,1,""
133140,EVENT,396.7,0.0,12761,12761,13199,1099,1700,1,1,1,"PUMP 1114"
133303,EVENT,396.5,0.0,12765,12763,12601,1099,1700,1,1,1,"PUMP 1119"
133597,DATA,396.3,-2.1,12774,12770,12598,1101,1700,1,1,1,""
134097,DATA,396.0,0.0,12783,12782,13199,1110,1700,1,1,1,""
134597,DATA,395.8,0.0,12798,12793,12600,1118,1700,1,1,1,""
135097,DATA,395.8,0.0,12823,12819,12600,1119,1700,1,1,1,""
135597,DATA,396.3,2.0,12824,12825,12600,1119,1700,1,1,1,""
136097,DATA,396.3,0.0,12818,12817,13200,1119,1700,1,1,1,""
136597,DATA,396.7,0.0,12851,12842,12601,1119,1700,1,1,1,""
137097,DATA,397.0,0.0,12864,12863,12601,1119,1700,1,1,1,""
137597,DATA,397.3,0.0,12856,12857,12599,1119,1700,1,1,1,""
138097,DATA,397.8,0.0,12857,12856,12599,1119,1700,1,1,1,""
138597,DATA,398.3,2.0,12840,12847,12600,1119,1700,1,1,1,""
139097,DATA,398.7,2.1,12835,12834,12599,1119,1700,1,1,1,""
139597,DATA,398.7,0.0,12826,12830,12600,1119,1700,1,1,1,""
140097,DATA,399.0,0.0,12794,12799,13200,1119,1700,1,1,1,""
140597,DATA,399.3,0.0,12805,12801,12599,1119,1700,1,1,1,""
141097,DATA,399.3,0.0,12812,12813,12600,1119,1700,1,1,1,""
141597,DATA,399.8,2.0,12776,12786,13200,1119,1700,1,1,1,""
142097,DATA,399.8,0.0,12747,12753,12600,1119,1700,1,1,1,""
142597,DATA,400.0,0.0,12745,12746,12600,1119,1700,1,1,1,""
143097,DATA,400.0,0.0,12732,12735,12601,1119,1700,1,1,1,""
143597,DATA,400.0,0.0,12721,12722,12600,1119,1700,1,1,1,""
144097,DATA,400.3,0.0,12728,12728,12601,1119,1700,1,1,1,""
144597,DATA,401.0,2.0,12731,12729,12598,1119,1700,1,1,1,""
145097,DATA,401.0,0.0,12740,12738,12599,1119,1700,1,1,1,""
145597,DATA,400.8,-2.1,12768,12762,12600,1119,1700,1,1,1,""
146097,DATA,400.8,0.0,12777,12774,12601,1119,1700,1,1,1,""
146597,DATA,400.8,0.0,12771,12774,12599,1119,1700,1,1,1,""
147097,DATA,400.8,0.0,12751,12756,12600,1119,1700,1,1,1,""
147597,DATA,401.2,2.0,12748,12750,12599,1119,1700,1,1,1,""
147623,EVENT,401.2,2.0,12748,12750,12599,1119,1700,1,1,1,"STARTER 1720"
148097,DATA,401.5,0.0,11815,12217,2500,1119,1712,1,1,1,""
148590,EVENT,401.5,0.0,16634,15412,12600,1119,1720,1,1,1,"STARTER 1740"
148597,DATA,401.5,0.0,16634,15412,12600,1119,1720,1,1,1,""
149097,DATA,401.5,0.0,14646,15354,10255,1119,1733,1,1,1,""
149597,DATA,401.2,0.0,11906,12177,13200,1119,1740,1,1,1,""
150097,DATA,401.0,0.0,12989,12804,13199,1119,1740,1,1,1,""
150597,DATA,401.0,0.0,13234,13163,13199,1119,1740,1,1,1,""
151097,DATA,400.8,0.0,13315,13303,13199,1119,1740,1,1,1,""
151597,DATA,400.5,0.0,13328,13325,13199,1119,1740,1,1,1,""
152097,DATA,400.3,0.0,13330,13329,13192,1119,1740,1,1,1,""
152598,DATA,400.0,0.0,13320,13323,13062,1119,1740,1,1,1,""
152901,EVENT,400.0,0.0,13312,13315,13801,1119,1740,1,1,1,"PUMP 1124"
153099,DATA,399.8,0.0,13310,13311,13064,1119,1740,1,1,1,""
153600,DATA,400.0,0.0,13317,13316,13060,1121,1740,1,1,1,""
153876,EVENT,399.8,-2.1,13319,13318,13201,1123,1740,1,1,1,"PUMP 1129"
154101,DATA,400.0,0.0,13318,13319,13656,1123,1740,1,1,1,""
154602,DATA,400.0,-2.0,13312,13312,13654,1126,1740,1,1,1,""
154789,EVENT,400.3,2.1,13314,13313,13209,1127,1740,1,1,1,"PUMP 1134"
155103,DATA,400.5,2.1,13323,13321,13061,1128,1740,1,1,1,""
155604,DATA,400.3,-2.1,13306,13309,13061,1131,1740,1,1,1,""
156105,DATA,400.3,0.0,13307,13307,13061,1134,1740,1,1,1,""
156606,DATA,400.3,0.0,13310,13309,13063,1134,1740,1,1,1,""
157107,DATA,400.3,0.0,13302,13304,13062,1134,1740,1,1,1,""
157309,EVENT,400.3,0.0,13300,13301,13201,1134,1740,0,1,1,"IGN OFF"
157608,DATA,400.3,0.0,13313,13307,13656,1134,1740,0,1,1,""
158109,DATA,400.0,-2.1,13356,13347,13063,1134,1740,0,1,1,""
158610,DATA,400.0,0.0,13376,13372,13658,1134,1740,0,1,1,""
159111,DATA,400.0,0.0,13381,13382,13656,1134,1740,0,1,1,""
159612,DATA,399.5,-2.1,13363,13368,13064,1134,1740,0,1,1,""
160113,DATA,399.0,-2.1,13328,13337,13655,1134,1740,0,1,1,""
160614,DATA,397.8,-4.0,13282,13294,13064,1134,1740,0,1,1,""
161115,DATA,395.8,-6.2,13233,13244,13656,1134,1740,0,1,1,""
161616,DATA,394.2,-4.2,13200,13207,13063,1134,1740,0,1,1,""
162117,DATA,392.7,-2.1,13185,13188,13063,1134,1740,0,1,1,""
162618,DATA,390.7,-4.2,13170,13173,13064,1134,1740,0,1,1,""
163119,DATA,389.8,-2.1,13146,13152,13063,1134,1740,0,1,1,""
163620,DATA,388.3,-2.0,13119,13127,13063,1134,1740,0,1,1,""
164121,DATA,386.5,-4.2,13086,13093,13064,1134,1740,0,1,1,""
164622,DATA,385.5,-2.1,13081,13082,13063,1134,1740,0,1,1,""
165123,DATA,384.0,-4.2,13069,13071,13062,1134,1740,0,1,1,""
165624,DATA,382.8,-2.1,13063,13064,13064,1134,1740,0,1,1,""
166125,DATA,381.7,0.0,13054,13057,13062,1134,1740,0,1,1,""
166626,DATA,379.8,-4.0,13010,13021,13064,1134,1740,0,1,1,""
167127,DATA,378.0,-2.1,12987,12990,13062,1134,1740,0,1,1,""
167628,DATA,376.8,-2.1,12977,12980,13061,1134,1740,0,1,1,""
168129,DATA,375.3,-2.1,12967,12969,13064,1134,1740,0,1,1,""
168630,DATA,373.5,-4.2,12968,12968,13063,1134,1740,0,1,1,""
169131,DATA,372.3,-2.1,12977,12975,13063,1134,1740,0,1,1,""
169632,DATA,370.5,-2.0,12962,12966,13063,1134,1740,0,1,1,""
169932,EVENT,369.7,-2.1,12956,12960,12601,1134,1740,0,1,1,"PUMP 1139"
170133,DATA,368.5,-4.2,12952,12954,13063,1134,1740,0,1,1,""
170634,DATA,366.5,-4.2,12950,12952,12467,1136,1740,0,1,1,""
171135,DATA,364.3,-4.2,12939,12941,12468,1138,1740,0,1,1,""
171476,EVENT,362.8,-4.2,12936,12938,12599,1139,1740,0,1,1,"STARTER 1760"
171637,DATA,362.3,-4.2,12934,12936,13199,1139,1745,0,1,1,""
171650,EVENT,362.3,-4.2,12934,12936,13199,1139,1745,0,1,1,"STARTER 1780"
171878,EVENT,361.0,-4.2,12929,12932,2263,1139,1755,0,1,1,"STARTER 1800"
172157,DATA,359.8,-4.2,11609,12142,1500,1139,1771,0,1,1,""
172677,DATA,357.2,-2.1,18035,16583,2000,1139,1793,0,1,1,""
173177,DATA,354.8,-4.2,16384,17029,13200,1139,1800,0,1,1,""
173677,DATA,350.8,-8.3,14102,14505,13800,1139,1800,0,1,1,""
174177,DATA,349.3,-4.2,13744,13818,13800,1139,1800,0,1,1,""
174677,DATA,347.0,-4.2,13675,13690,13799,1139,1800,0,1,1,""
175177,DATA,344.0,-10.4,13663,13664,13199,1139,1800,0,1,1,""
175677,DATA,341.5,-4.2,13653,13657,13800,1139,1800,0,1,1,""
176177,DATA,338.7,-8.3,13630,13637,13799,1139,1800,0,1,1,""
176677,DATA,334.5,-10.4,13579,13593,13799,1139,1800,0,1,1,""
177177,DATA,331.0,-6.2,13531,13543,13199,1139,1800,0,1,1,""
177677,DATA,326.8,-10.4,13471,13485,13800,1139,1800,0,1,1,""
178014,EVENT,323.0,-14.6,13419,13440,13199,1139,1800,1,1,1,"IGN ON"
178177,DATA,321.7,-10.4,13364,13394,13201,1139,1800,1,1,1,""
178677,DATA,316.0,-14.6,13159,13206,13199,1139,1800,1,1,1,""
179177,DATA,311.5,-12.5,13048,13071,13201,1139,1800,1,1,1,""
179677,DATA,306.8,-10.4,13000,13012,13199,1139,1800,1,1,1,""
180177,DATA,301.0,-12.5,12977,12981,13200,1139,1800,1,1,1,""
180677,DATA,297.0,-12.5,12972,12974,13199,1139,1800,1,1,1,""
180783,EVENT,295.8,-10.4,12969,12972,13198,1139,1800,1,1,1,"PUMP 1134"
180938,EVENT,295.0,-6.2,12965,12967,13201,1139,1800,1,1,1,"PUMP 1129"
181102,EVENT,293.8,-10.4,12963,12965,12598,1139,1800,1,1,1,"PUMP 1124"
181177,DATA,293.0,-6.2,12960,12963,13201,1139,1800,1,1,1,""
181262,EVENT,291.8,-10.4,12958,12961,13198,1139,1800,1,1,1,"PUMP 1119"
181429,EVENT,290.3,-12.5,12954,12958,12600,1138,1800,1,1,1,"PUMP 1114"
181654,EVENT,288.3,-10.4,12949,12951,13201,1137,1800,1,1,1,"PUMP 1109"
181677,DATA,288.3,-10.4,12949,12951,13201,1137,1800,1,1,1,""
182177,DATA,284.5,-4.2,12936,12939,13199,1129,1800,1,1,1,""
182677,DATA,279.8,-10.1,12934,12934,7499,1116,1800,1,1,1,""
183177,DATA,275.3,-8.3,12615,12594,13199,1109,1800,1,1,1,""
183257,EVENT,274.3,-8.3,12702,12643,12599,1109,1800,1,1,1,"STARTER 1780"
183424,EVENT,273.0,-10.4,12824,12756,12000,1109,1795,1,1,1,"STARTER 1760"
183618,EVENT,270.8,-6.2,12858,12802,4176,1109,1787,1,1,1,"STARTER 1740"
183697,DATA,270.8,-6.2,12669,12742,1482,1109,1784,1,1,1,""
184217,DATA,266.8,-4.2,15425,13916,1500,1109,1754,1,1,1,""
184717,DATA,262.8,-6.2,17634,17617,3620,1109,1740,1,1,1,""
185217,DATA,258.3,-4.2,13753,14610,12000,1109,1740,1,1,1,""
185717,DATA,254.5,-8.3,12386,12649,12000,1109,1740,1,1,1,""
186102,EVENT,251.8,-8.3,12142,12220,11999,1109,1740,1,1,0,"VALVE2 OFF"
186217,DATA,251.2,-4.2,12119,12175,11985,1109,1740,1,1,0,""
186717,DATA,247.3,-8.3,12093,12099,12599,1109,1740,1,1,0,""
187217,DATA,244.0,-4.2,12092,12093,12000,1109,1740,1,1,0,""
187717,DATA,240.0,-8.3,12075,12080,12000,1109,1740,1,1,0,""
188116,EVENT,236.8,-8.3,12050,12057,12000,1109,1740,0,1,0,"IGN OFF"
188217,DATA,236.0,-6.2,12047,12052,11999,1109,1740,0,1,0,""
188717,DATA,233.0,-4.2,12092,12079,12001,1109,1740,0,1,0,""
189217,DATA,229.5,-6.2,12131,12123,11999,1109,1740,0,1,0,""
189717,DATA,226.5,-8.3,12164,12156,12001,1109,1740,0,1,0,""
190096,EVENT,224.0,-8.3,12156,12158,11999,1000,1740,0,0,0,"EV:A03_ESTOP"
190217,DATA,223.3,-6.2,12151,12155,11999,1000,1740,0,0,0,""
190717,DATA,220.5,-8.3,12156,12152,12001,1000,1740,0,0,0,""
191217,DATA,217.7,-2.1,12187,12180,12600,1000,1740,0,0,0,""
191717,DATA,213.7,-4.2,12196,12194,12599,1000,1740,0,0,0,""
192217,DATA,210.5,-6.2,12184,12188,12000,1000,1740,0,0,0,""
192717,DATA,208.0,-2.1,12163,12167,12000,1000,1740,0,0,0,""
193217,DATA,205.0,-6.2,12181,12176,12599,1000,1740,0,0,0,""
193717,DATA,202.8,-2.1,12186,12186,12001,1000,1740,0,0,0,""
194217,DATA,199.8,-6.2,12179,12180,12000,1000,1740,0,0,0,""
194717,DATA,196.8,-6.2,12164,12169,12599,1000,1740,0,0,0,""
195217,DATA,194.5,-4.2,12143,12146,12001,1000,1740,0,0,0,""
195717,DATA,192.0,-6.2,12185,12174,12600,1000,1740,0,0,0,""
196217,DATA,189.8,-2.1,12208,12204,12599,1000,1740,0,0,0,""
196717,DATA,187.0,-4.2,12204,12206,12599,1000,1740,0,0,0,""
197217,DATA,184.8,-2.1,12179,12185,11999,1000,1740,0,0,0,""
197283,EVENT,184.3,-4.2,12179,12185,11999,1000,1740,0,0,0,"STARTER 1502"
197717,DATA,182.3,-4.2,11493,11812,2000,1000,1612,0,0,0,""
198237,DATA,180.0,-4.2,11966,11341,1500,1000,1513,0,0,0,""
198737,DATA,177.3,-6.2,11714,12133,9000,1000,1502,0,0,0,""
199237,DATA,175.8,-2.1,9531,9950,9001,1000,1502,0,0,0,""
199737,DATA,174.3,-4.2,8835,8982,8400,1000,1502,0,0,0,""
200237,DATA,173.0,-2.1,8609,8658,9000,1000,1502,0,0,0,""
200737,DATA,171.8,0.0,8534,8548,9000,1000,1502,0,0,0,""
201237,DATA,170.0,-4.2,8520,8526,9000,1000,1502,0,0,0,""
201737,DATA,168.3,-4.2,8480,8491,8400,1000,1502,0,0,0,""
202237,DATA,166.8,-2.1,8442,8450,8400,1000,1502,0,0,0,""
202737,DATA,165.3,-4.2,8446,8444,8400,1000,1502,0,0,0,""
203237,DATA,163.8,-2.1,8446,8446,8400,1000,1502,0,0,0,""
203737,DATA,162.3,-4.2,8456,8453,8400,1000,1502,0,0,0,""
204237,DATA,160.8,-2.1,8473,8469,8400,1000,1502,0,0,0,""
204737,DATA,159.0,-2.1,8484,8482,8400,1000,1502,0,0,0,""
205237,DATA,157.3,-4.2,8463,8469,9000,1000,1502,0,0,0,""
205737,DATA,156.0,-2.1,8429,8437,8399,1000,1502,0,0,0,""
206237,DATA,154.3,-4.2,8415,8417,8400,1000,1502,0,0,0,""
206737,DATA,152.8,-6.2,8421,8420,8399,1000,1502,0,0,0,""
207237,DATA,151.3,-4.2,8442,8436,8400,1000,1502,0,0,0,""
207737,DATA,149.5,-4.2,8467,8461,8400,1000,1502,0,0,0,""
208237,DATA,148.3,-4.2,8474,8473,8400,1000,1502,0,0,0,""
208737,DATA,146.8,-4.2,8477,8476,8400,1000,1502,0,0,0,""
209237,DATA,145.5,-2.1,8465,8469,8400,1000,1502,0,0,0,""
209737,DATA,144.0,-2.1,8444,8448,8400,1000,1502,0,0,0,""
210237,DATA,142.8,-2.1,8444,8443,8400,1000,1502,0,0,0,""
210737,DATA,141.0,-4.2,8460,8456,8400,1000,1502,0,0,0,""
211237,DATA,139.8,-2.1,8470,8468,9000,1000,1502,0,0,0,""
211737,DATA,138.5,-2.1,8476,8474,8400,1000,1502,0,0,0,""
212237,DATA,137.0,-2.1,8487,8485,8400,1000,1502,0,0,0,""
212737,DATA,135.8,-4.2,8494,8494,8400,1000,1502,0,0,0,""
213237,DATA,134.5,-2.1,8473,8479,9000,1000,1502,0,0,0,""
213737,DATA,133.0,-2.1,8446,8452,8400,1000,1502,0,0,0,""
214237,DATA,131.8,-4.2,8431,8433,8400,1000,1502,0,0,0,""
214737,DATA,130.5,-2.1,8431,8431,8400,1000,1502,0,0,0,""
215237,DATA,129.3,-4.2,8438,8436,8400,1000,1502,0,0,0,""
215737,DATA,128.3,-2.1,8457,8452,8400,1000,1502,0,0,0,""
216237,DATA,127.0,-4.2,8478,8474,8400,1000,1502,0,0,0,""
216737,DATA,126.0,-2.1,8486,8485,9000,1000,1502,0,0,0,""
217237,DATA,124.5,-2.1,8475,8479,8401,1000,1502,0,0,0,""
217737,DATA,123.2,-4.2,8460,8463,8400,1000,1502,0,0,0,""
218237,DATA,122.2,-2.1,8452,8453,8401,1000,1502,0,0,0,""
218737,DATA,121.3,-2.1,8464,8461,8401,1000,1502,0,0,0,""
219237,DATA,120.3,-2.1,8469,8468,8400,1000,1502,0,0,0,""
219737,DATA,119.0,-2.1,8466,8467,8400,1000,1502,0,0,0,""
220237,DATA,117.7,-2.1,8458,8459,8400,1000,1502,0,0,0,""
220737,DATA,116.7,-4.2,8459,8459,8400,1000,1502,0,0,0,""
221237,DATA,116.0,0.0,8458,8458,8401,1000,1502,0,0,0,""
221737,DATA,115.0,-2.1,8454,8456,8399,1000,1502,0,0,0,""
222237,DATA,113.7,-4.2,8428,8434,8400,1000,1502,0,0,0,""
222737,DATA,112.7,-4.2,8422,8422,8400,1000,1502,0,0,0,""
223237,DATA,112.0,-2.1,8438,8434,8400,1000,1502,0,0,0,""
223737,DATA,110.7,-2.1,8454,8450,8400,1000,1502,0,0,0,""
224237,DATA,109.7,-2.1,8461,8460,8401,1000,1502,0,0,0,""
224737,DATA,109.0,-2.1,8473,8470,8400,1000,1502,0,0,0,""
225237,DATA,108.0,-2.1,8472,8473,8400,1000,1502,0,0,0,""
225737,DATA,107.2,0.0,8453,8458,8999,1000,1502,0,0,0,""
226237,DATA,106.2,-4.2,8432,8438,8400,1000,1502,0,0,0,""
226737,DATA,105.2,-2.1,8399,8406,8400,1000,1502,0,0,0,""
227237,DATA,104.2,-2.1,8407,8403,8400,1000,1502,0,0,0,""
227737,DATA,103.8,0.0,8424,8421,9000,1000,1502,0,0,0,""
228237,DATA,103.0,-2.1,8431,8429,8400,1000,1502,0,0,0,""
228737,DATA,102.0,-2.1,8437,8436,8400,1000,1502,0,0,0,""
229237,DATA,101.2,-2.1,8437,8437,8400,1000,1502,0,0,0,""
229737,DATA,100.2,-2.1,8426,8429,8400,1000,1502,0,0,0,""
230237,DATA,99.5,-2.1,8406,8411,8401,1000,1502,0,0,0,""
230737,DATA,98.7,-2.1,8400,8400,8400,1000,1502,0,0,0,""
231237,DATA,98.0,0.0,8428,8421,8400,1000,1502,0,0,0,""
231737,DATA,97.3,-2.1,8453,8448,9000,1000,1502,0,0,0,""
232237,DATA,96.5,-2.1,8445,8448,8399,1000,1502,0,0,0,""
232737,DATA,95.8,0.0,8428,8431,8400,1000,1502,0,0,0,""
233237,DATA,94.8,-2.1,8436,8434,8401,1000,1502,0,0,0,""
233737,DATA,94.2,-2.1,8440,8440,8400,1000,1502,0,0,0,""
234237,DATA,93.5,-2.1,8417,8423,8400,1000,1502,0,0,0,""
234737,DATA,93.0,0.0,8386,8393,8400,1000,1502,0,0,0,""
235237,DATA,92.3,-2.1,8390,8386,8400,1000,1502,0,0,0,""
235737,DATA,91.7,0.0,8414,8409,8400,1000,1502,0,0,0,""
236237,DATA,90.8,-2.1,8428,8425,8400,1000,1502,0,0,0,""
236737,DATA,90.2,-2.1,8434,8433,8400,1000,1502,0,0,0,""
237237,DATA,89.5,-2.1,8445,8442,8400,1000,1502,0,0,0,""
237737,DATA,88.7,-2.1,8454,8451,8400,1000,1502,0,0,0,""
238237,DATA,88.3,-2.1,8450,8452,8400,1000,1502,0,0,0,""
238737,DATA,87.7,0.0,8415,8424,8400,1000,1502,0,0,0,""
239237,DATA,86.7,-2.1,8369,8380,8400,1000,1502,0,0,0,""
239737,DATA,86.0,-4.2,8348,8352,8400,1000,1502,0,0,0,""
240237,DATA,85.5,-2.1,8368,8362,8400,1000,1502,0,0,0,""
240737,DATA,85.0,-2.1,8385,8382,8400,1000,1502,0,0,0,""
241237,DATA,84.5,0.0,8398,8395,8400,1000,1502,0,0,0,""
241737,DATA,83.7,-2.1,8406,8405,8400,1000,1502,0,0,0,""
242237,DATA,83.3,0.0,8407,8407,8401,1000,1502,0,0,0,""
242737,DATA,82.7,0.0,8388,8393,8400,1000,1502,0,0,0,""
243237,DATA,82.3,0.0,8366,8372,8400,1000,1502,0,0,0,""
243737,DATA,81.7,0.0,8354,8355,8400,1000,1502,0,0,0,""
244237,DATA,81.2,0.0,8363,8360,8400,1000,1502,0,0,0,""
244737,DATA,80.5,-2.1,8361,8362,8400,1000,1502,0,0,0,""
245237,DATA,80.0,-2.1,8361,8361,8400,1000,1502,0,0,0,""
245737,DATA,79.5,0.0,8377,8372,8400,1000,1502,0,0,0,""
246237,DATA,79.0,0.0,8392,8388,8399,1000,1502,0,0,0,""
246737,DATA,78.5,-2.1,8397,8397,8400,1000,1502,0,0,0,""
247237,DATA,78.0,0.0,8378,8383,8400,1000,1502,0,0,0,""
247737,DATA,77.2,-2.1,8333,8344,8400,1000,1502,0,0,0,""
248237,DATA,77.0,-2.1,8323,8322,8400,1000,1502,0,0,0,""
248737,DATA,76.5,0.0,8350,8343,7800,1000,1502,0,0,0,""
249237,DATA,76.0,0.0,8371,8367,8400,1000,1502,0,0,0,""
249737,DATA,75.5,0.0,8369,8369,8400,1000,1502,0,0,0,""
250237,DATA,75.0,-2.1,8379,8376,8400,1000,1502,0,0,0,""
250737,DATA,74.5,-2.1,8384,8384,8400,1000,1502,0,0,0,""
251237,DATA,74.0,-2.1,8366,8370,8400,1000,1502,0,0,0,""
251737,DATA,73.7,0.0,8338,8346,8400,1000,1502,0,0,0,""
252237,DATA,73.3,0.0,8307,8312,8401,1000,1502,0,0,0,""
252737,DATA,72.7,-2.1,8328,8323,8400,1000,1502,0,0,0,""
253237,DATA,72.5,0.0,8343,8339,8400,1000,1502,0,0,0,""
253737,DATA,72.0,-2.1,8353,8350,8401,1000,1502,0,0,0,""
254237,DATA,71.5,-2.1,8354,8354,8399,1000,1502,0,0,0,""
254737,DATA,71.2,0.0,8357,8357,8401,1000,1502,0,0,0,""
255237,DATA,70.8,0.0,8354,8355,8400,1000,1502,0,0,0,""
255737,DATA,70.2,-2.1,8343,8346,8400,1000,1502,0,0,0,""
256237,DATA,70.0,0.0,8332,8334,8400,1000,1502,0,0,0,""
256737,DATA,69.7,0.0,8311,8315,8401,1000,1502,0,0,0,""
257237,DATA,69.2,-2.1,8326,8322,7800,1000,1502,0,0,0,""
257737,DATA,69.0,0.0,8352,8346,8400,1000,1502,0,0,0,""
258237,DATA,68.5,0.0,8375,8370,8400,1000,1502,0,0,0,""
258737,DATA,68.0,-2.1,8371,8373,8400,1000,1502,0,0,0,""
259237,DATA,67.7,0.0,8357,8361,8400,1000,1502,0,0,0,""
259737,DATA,67.5,0.0,8351,8352,8400,1000,1502,0,0,0,""
260237,DATA,67.2,2.1,8359,8356,8399,1000,1502,0,0,0,""
260737,DATA,66.7,0.0,8359,8360,8400,1000,1502,0,0,0,""
261237,DATA,66.5,0.0,8343,8348,8400,1000,1502,0,0,0,""
261737,DATA,66.0,0.0,8338,8338,7800,1000,1502,0,0,0,""
262237,DATA,65.8,0.0,8347,8346,8399,1000,1502,0,0,0,""
262737,DATA,65.5,0.0,8350,8349,8401,1000,1502,0,0,0,""
263237,DATA,65.0,0.0,8351,8350,8400,1000,1502,0,0,0,""
263737,DATA,65.0,0.0,8341,8344,8400,1000,1502,0,0,0,""
264237,DATA,64.5,0.0,8328,8331,8400,1000,1502,0,0,0,""
264531,EVENT,64.2,-2.1,8328,8328,8314,1000,1502,0,0,0,"STARTER 1482"
264698,EVENT,64.2,0.0,8329,8329,7200,1000,1497,0,0,0,"STARTER 1462"
264737,DATA,64.2,0.0,8329,8329,7200,1000,1496,0,0,0,""
264858,EVENT,64.2,0.0,8118,8234,3603,1000,1490,0,0,0,"STARTER 1442"
264990,EVENT,64.2,0.0,7668,7979,2501,1000,1484,0,0,0,"STARTER 1422"
265138,EVENT,64.2,0.0,7013,7545,2500,1000,1473,0,0,0,"STARTER 1402"
265257,DATA,64.0,-1.7,6904,7256,1481,1000,1464,0,0,0,""
265378,EVENT,64.0,0.0,6770,7038,2017,1000,1451,0,0,0,"STARTER 1382"
265698,EVENT,64.0,0.0,5794,6115,1667,1000,1423,0,0,0,"STARTER 1362"
265777,DATA,64.0,0.0,5630,5897,2000,1000,1419,0,0,0,""
265978,EVENT,63.7,0.0,5265,5612,1500,1000,1401,0,0,0,"STARTER 1342"
266297,DATA,63.5,0.0,4555,4917,1500,1000,1377,0,0,0,""
266338,EVENT,63.5,0.0,4555,4917,1500,1000,1374,0,0,0,"STARTER 1322"
266618,EVENT,63.5,0.0,3775,4160,2000,1000,1355,0,0,0,"STARTER 1302"
266817,DATA,63.5,0.0,3667,3938,2000,1000,1342,0,0,0,""
267018,EVENT,63.3,0.0,3379,3569,1506,1000,1328,0,0,0,"STARTER 1282"
267337,DATA,63.3,0.0,2436,2803,1500,1000,1309,0,0,0,""
267857,DATA,63.3,2.1,1725,1915,1500,1000,1287,0,0,0,""
268357,DATA,62.7,-2.1,1709,1678,5400,1000,1282,0,0,0,""
268857,DATA,62.7,0.0,1744,1743,4801,1000,1282,0,0,0,""
269357,DATA,62.5,-2.1,1842,1813,4800,1000,1282,0,0,0,""
269857,DATA,62.5,0.0,2009,1968,4800,1000,1282,0,0,0,""
270357,DATA,62.5,0.0,2187,2144,4801,1000,1282,0,0,0,""
270857,DATA,62.2,0.0,2605,2481,4800,1000,1282,0,0,0,""
271357,DATA,62.0,-2.1,3181,3047,4800,1000,1282,0,0,0,""
271857,DATA,61.7,-2.1,3383,3345,4800,1000,1282,0,0,0,""
272357,DATA,61.7,-2.1,3700,3614,4799,1000,1282,0,0,0,""
272857,DATA,61.7,2.1,4359,4161,4799,1000,1282,0,0,0,""
273357,DATA,61.5,0.0,4687,4628,4800,1000,1282,0,0,0,""
273857,DATA,61.2,-2.1,4732,4721,4799,1000,1282,0,0,0,""
274357,DATA,61.2,0.0,4761,4755,4801,1000,1282,0,0,0,""
274857,DATA,61.0,0.0,4782,4777,4800,1000,1282,0,0,0,""
275357,DATA,60.8,0.0,4796,4793,4800,1000,1282,0,0,0,""
275857,DATA,60.8,0.0,4802,4801,4800,1000,1282,0,0,0,""
276357,DATA,60.8,2.1,4800,4801,4800,1000,1282,0,0,0,""
276857,DATA,60.5,0.0,4796,4797,4800,1000,1282,0,0,0,""
277357,DATA,60.5,0.0,4793,4793,4800,1000,1282,0,0,0,""
277857,DATA,60.2,0.0,4793,4793,4800,1000,1282,0,0,0,""
278357,DATA,60.0,0.0,4799,4797,4800,1000,1282,0,0,0,""
278857,DATA,59.7,0.0,4805,4803,4799,1000,1282,0,0,0,""
279357,DATA,59.7,0.0,4807,4806,4800,1000,1282,0,0,0,""
279857,DATA,59.5,0.0,4803,4804,4799,1000,1282,0,0,0,""
280357,DATA,59.5,0.0,4791,4795,4801,1000,1282,0,0,0,""
280857,DATA,59.2,0.0,4781,4783,4800,1000,1282,0,0,0,""
281357,DATA,59.2,2.1,4771,4773,4800,1000,1282,0,0,0,""
281857,DATA,59.0,0.0,4764,4765,4800,1000,1282,0,0,0,""
282357,DATA,58.7,0.0,4768,4767,4799,1000,1282,0,0,0,""
282857,DATA,58.5,-2.1,4781,4778,4801,1000,1282,0,0,0,""
283357,DATA,58.5,0.0,4791,4789,4800,1000,1282,0,0,0,""
283857,DATA,58.5,0.0,4793,4793,4800,1000,1282,0,0,0,""
284357,DATA,58.3,0.0,4793,4793,4800,1000,1282,0,0,0,""
284857,DATA,58.0,0.0,4800,4798,4800,1000,1282,0,0,0,""
285357,DATA,58.0,0.0,4802,4802,4800,1000,1282,0,0,0,""
285857,DATA,57.7,0.0,4804,4804,4800,1000,1282,0,0,0,""
286357,DATA,57.5,-2.1,4809,4807,4800,1000,1282,0,0,0,""
286857,DATA,57.5,0.0,4813,4813,4801,1000,1282,0,0,0,""
287357,DATA,57.5,0.0,4811,4812,4800,1000,1282,0,0,0,""
287857,DATA,57.2,0.0,4809,4810,4799,1000,1282,0,0,0,""
288357,DATA,57.0,-2.1,4804,4805,4800,1000,1282,0,0,0,""
288857,DATA,56.7,0.0,4798,4799,4799,1000,1282,0,0,0,""
289357,DATA,56.7,0.0,4798,4798,4800,1000,1282,0,0,0,""
289857,DATA,56.7,0.0,4792,4794,4800,1000,1282,0,0,0,""
290357,DATA,56.5,0.0,4784,4785,4800,1000,1282,0,0,0,""
290857,DATA,56.2,0.0,4800,4797,4800,1000,1282,0,0,0,""
291357,DATA,56.2,0.0,4811,4809,4799,1000,1282,0,0,0,""
291857,DATA,56.0,0.0,4813,4813,4799,1000,1282,0,0,0,""
292357,DATA,56.0,0.0,4815,4815,4800,1000,1282,0,0,0,""
292857,DATA,55.8,0.0,4813,4813,4800,1000,1282,0,0,0,""
293357,DATA,55.5,0.0,4822,4819,4800,1000,1282,0,0,0,""
293857,DATA,55.5,0.0,4828,4827,4800,1000,1282,0,0,0,""
294357,DATA,55.2,0.0,4827,4827,4800,1000,1282,0,0,0,""
294857,DATA,55.2,-2.1,4830,4830,4800,1000,1282,0,0,0,""
295357,DATA,55.2,0.0,4825,4826,4800,1000,1282,0,0,0,""
295857,DATA,55.0,0.0,4823,4824,4800,1000,1282,0,0,0,""
296357,DATA,55.0,2.1,4822,4821,4800,1000,1282,0,0,0,""
296857,DATA,54.5,-2.1,4819,4821,4800,1000,1282,0,0,0,""
297357,DATA,54.7,2.1,4799,4803,4800,1000,1282,0,0,0,""
297857,DATA,54.5,0.0,4800,4798,4800,1000,1282,0,0,0,""
298357,DATA,54.2,0.0,4823,4817,5400,1000,1282,0,0,0,""
298857,DATA,54.2,0.0,4841,4837,4800,1000,1282,0,0,0,""
299357,DATA,54.2,2.1,4847,4846,4800,1000,1282,0,0,0,""
299857,DATA,54.0,2.1,4845,4846,4801,1000,1282,0,0,0,""
300357,DATA,53.7,-2.1,4848,4847,4800,1000,1282,0,0,0,""
300857,DATA,53.7,0.0,4841,4843,4800,1000,1282,0,0,0,""
301357,DATA,53.5,-2.1,4839,4839,4800,1000,1282,0,0,0,""
301857,DATA,53.5,0.0,4841,4841,4800,1000,1282,0,0,0,""
302357,DATA,53.5,0.0,4836,4837,4803,1000,1282,0,0,0,""
302857,DATA,53.3,0.0,4836,4836,4802,1000,1282,0,0,0,""
303357,DATA,53.3,0.0,4834,4835,4802,1000,1282,0,0,0,""
303857,DATA,53.0,0.0,4820,4825,4802,1000,1282,0,0,0,""
304357,DATA,52.7,0.0,4799,4803,4802,1000,1282,0,0,0,""
304857,DATA,52.7,0.0,4800,4799,4802,1000,1282,0,0,0,""
305357,DATA,52.7,2.1,4810,4808,4802,1000,1282,0,0,0,""
305857,DATA,52.5,0.0,4817,4816,4801,1000,1282,0,0,0,""
306357,DATA,52.5,0.0,4819,4818,4801,1000,1282,0,0,0,""
306857,DATA,52.2,0.0,4819,4820,4802,1000,1282,0,0,0,""
307357,DATA,52.2,2.1,4819,4819,4801,1000,1282,0,0,0,""
307531,EVENT,52.0,-2.1,4821,4820,4800,1000,1000,0,0,0,"EV:A05_ALL_OFF"
307857,DATA,53.0,0.0,4580,4697,3601,1000,1000,0,0,0,""
308357,DATA,53.0,0.0,2536,3034,600,1000,1000,0,0,0,""
308857,DATA,53.0,0.0,1533,1738,46205,1000,1000,0,0,0,""
309357,DATA,53.3,0.0,478,750,147084,1000,1000,0,0,0,""
309857,DATA,53.3,-2.1, 0, 0,64832,1000,1000,0,0,0,""
310357,DATA,53.5,0.0, 0, 0,21611,1000,1000,0,0,0,""
310857,DATA,53.7,0.0, 0, 0,9606,1000,1000,0,0,0,""
311357,DATA,53.7,0.0, 0, 0,4803,1000,1000,0,0,0,""
311857,DATA,53.7,0.0, 0, 0,1201,1000,1000,0,0,0,""
312357,DATA,54.0,2.1, 0, 0,2401,1000,1000,0,0,0,""
312857,DATA,54.0,0.0, 0, 0,1201,1000,1000,0,0,0,""
313357,DATA,54.0,0.0, 0, 0, 0,1000,1000,0,0,0,""
313857,DATA,54.0,0.0, 0, 0,3001,1000,1000,0,0,0,""
314357,DATA,54.0,0.0, 0, 0,1200,1000,1000,0,0,0,""
314857,DATA,54.0,0.0, 0, 0,600,1000,1000,0,0,0,""
315357,DATA,54.0,0.0, 0, 0, 0,1000,1000,0,0,0,""
315857,DATA,54.2,2.1, 0, 0,600,1000,1000,0,0,0,""
316357,DATA,54.2,0.0, 0, 0, 0,1000,1000,0,0,0,""
316857,DATA,54.2,0.0, 0, 0, 0,1000,1000,0,0,0,""
317357,DATA,54.2,0.0, 0, 0, 0,1000,1000,0,0,0,""
317857,DATA,54.2,0.0, 0, 0, 0,1000,1000,0,0,0,""
318357,DATA,54.2,0.0, 0, 0, 0,1000,1000,0,0,0,""
318857,DATA,54.2,0.0, 0, 0, 0,1000,1000,0,0,0,""
319357,DATA,54.2,0.0, 0, 0,2401,1000,1000,0,0,0,""
319857,DATA,54.2,0.0, 0, 0, 0,1000,1000,0,0,0,""
320357,DATA,54.2,0.0, 0, 0,4802,1000,1000,0,0,0,""
320857,DATA,54.2,0.0, 0, 0,1200,1000,1000,0,0,0,""
321357,DATA,54.2,0.0, 0, 0, 0,1000,1000,0,0,0,""
321857,DATA,54.2,0.0, 0, 0,600,1000,1000,0,0,0,""
322357,DATA,54.5,0.0, 0, 0, 0,1000,1000,0,0,0,""
322857,DATA,54.5,2.1, 0, 0,600,1000,1000,0,0,0,""
323357,DATA,54.5,0.0, 0, 0,3002,1000,1000,0,0,0,""
323857,DATA,54.2,-2.1, 0, 0,4801,1000,1000,0,0,0,""
324357,DATA,54.5,2.1, 0, 0,5403,1000,1000,0,0,0,""
324857,DATA,54.2,-2.1, 0, 0,5403,1000,1000,0,0,0,""
325357,DATA,54.5,0.0, 0, 0,1201,1000,1000,0,0,0,""
325857,DATA,54.5,0.0, 0, 0,600,1000,1000,0,0,0,""
326357,DATA,54.5,0.0, 0, 0, 0,1000,1000,0,0,0,""
326857,DATA,54.5,0.0, 0, 0, 0,1000,1000,0,0,0,""
327357,DATA,54.5,0.0, 0, 0, 0,1000,1000,0,0,0,""
327857,DATA,54.5,0.0, 0, 0, 0,1000,1000,0,0,0,""
328357,DATA,54.5,0.0, 0, 0, 0,1000,1000,0,0,0,""
328857,DATA,54.5,0.0, 0, 0, 0,1000,1000,0,0,0,""
329357,DATA,54.5,0.0, 0, 0, 0,1000,1000,0,0,0,""
329857,DATA,54.5,0.0, 0, 0, 0,1000,1000,0,0,0,""
330357,DATA,54.5,0.0, 0, 0, 0,1000,1000,0,0,0,""
330857,DATA,54.5,0.0, 0, 0,7804,1000,1000,0,0,0,""
331357,DATA,54.5,0.0, 0, 0,23414,1000,1000,0,0,0,""
331857,DATA,54.5,0.0, 0, 0, 0,1000,1000,0,0,0,""
332357,DATA,54.5,0.0, 0, 0,1201,1000,1000,0,0,0,""
332857,DATA,54.5,0.0, 0, 0, 0,1000,1000,0,0,0,""
333357,DATA,54.5,0.0, 0, 0, 0,1000,1000,0,0,0,""
333857,DATA,54.5,0.0, 0, 0,27616,1000,1000,0,0,0,""
334357,DATA,54.5,0.0, 0, 0,1801,1000,1000,0,0,0,""
334857,DATA,54.5,0.0, 0, 0,1201,1000,1000,0,0,0,""
335357,DATA,54.5,0.0, 0, 0, 0,1000,1000,0,0,0,""
335857,DATA,54.5,0.0, 0, 0,600,1000,1000,0,0,0,""
336357,DATA,54.5,0.0, 0, 0, 0,1000,1000,0,0,0,""
336857,DATA,54.5,0.0, 0, 0,600,1000,1000,0,0,0,""
337357,DATA,54.5,0.0, 0, 0,3001,1000,1000,0,0,0,""
337857,DATA,54.5,0.0, 0, 0,6604,1000,1000,0,0,0,""
338357,DATA,54.5,0.0, 0, 0, 0,1000,1000,0,0,0,""
338857,DATA,54.2,0.0, 0, 0,600,1000,1000,0,0,0,""
339357,DATA,54.2,-2.1, 0, 0,600,1000,1000,0,0,0,""
339857,DATA,54.2,-2.1, 0, 0,600,1000,1000,0,0,0,""
340357,DATA,54.2,0.0, 0, 0,30618,1000,1000,0,0,0,""
340857,DATA,54.5,2.1, 0, 0,19211,1000,1000,0,0,0,""
341357,DATA,54.2,0.0, 0, 0,33016,1000,1000,0,0,0,""
341857,DATA,54.2,0.0, 0, 0,5403,1000,1000,0,0,0,""
342357,DATA,54.2,0.0, 0, 0,600,1000,1000,0,0,0,""
342857,DATA,54.2,0.0, 0, 0, 0,1000,1000,0,0,0,""
343357,DATA,54.2,0.0, 0, 0,5403,1000,1000,0,0,0,""
343857,DATA,54.2,0.0, 0, 0,1201,1000,1000,0,0,0,""
344357,DATA,54.2,0.0, 0, 0,13809,1000,1000,0,0,0,""
344857,DATA,54.2,0.0, 0, 0,7204,1000,1000,0,0,0,""
345357,DATA,54.2,0.0, 0, 0,3601,1000,1000,0,0,0,""
345857,DATA,54.2,0.0, 0, 0,2401,1000,1000,0,0,0,""
346357,DATA,54.2,0.0, 0, 0, 0,1000,1000,0,0,0,""
346857,DATA,54.2,0.0, 0, 0, 0,1000,1000,0,0,0,""
347357,DATA,54.2,0.0, 0, 0, 0,1000,1000,0,0,0,""
347857,DATA,54.2,0.0, 0, 0,1201,1000,1000,0,0,0,""
348357,DATA,54.2,0.0, 0, 0,1200,1000,1000,0,0,0,""
348857,DATA,54.2,0.0, 0, 0, 0,1000,1000,0,0,0,""
349357,DATA,54.2,0.0, 0, 0, 0,1000,1000,0,0,0,""
349857,DATA,54.2,0.0, 0, 0, 0,1000,1000,0,0,0,""
350357,DATA,54.2,0.0, 0, 0, 0,1000,1000,0,0,0,""
350857,DATA,54.2,0.0, 0, 0, 0,1000,1000,0,0,0,""
351357,DATA,54.2,0.0, 0, 0, 0,1000,1000,0,0,0,""
351857,DATA,54.2,0.0, 0, 0,594,1000,1000,0,0,0,""
352357,DATA,54.2,0.0, 0, 0,1188,1000,1000,0,0,0,""
352857,DATA,54.2,0.0, 0, 0, 0,1000,1000,0,0,0,""
353357,DATA,54.2,0.0, 0, 0,1188,1000,1000,0,0,0,""
353857,DATA,54.0,-2.1, 0, 0,1188,1000,1000,0,0,0,""
354357,DATA,54.0,0.0, 0, 0,1782,1000,1000,0,0,0,""
354857,DATA,54.0,0.0, 0, 0,1188,1000,1000,0,0,0,""
355357,DATA,54.0,0.0, 0, 0,1782,1000,1000,0,0,0,""
355857,DATA,54.0,0.0, 0, 0,594,1000,1000,0,0,0,""
356357,DATA,54.0,0.0, 0, 0,594,1000,1000,0,0,0,""
356857,DATA,54.0,0.0, 0, 0, 0,1000,1000,0,0,0,""
357357,DATA,54.0,0.0, 0, 0,1188,1000,1000,0,0,0,""
357857,DATA,54.0,0.0, 0, 0, 0,1000,1000,0,0,0,""
358357,DATA,54.0,0.0, 0, 0,594,1000,1000,0,0,0,""
358857,DATA,54.0,0.0, 0, 0, 0,1000,1000,0,0,0,""
359357,DATA,54.0,0.0, 0, 0,594,1000,1000,0,0,0,""
359857,DATA,54.0,0.0, 0, 0,5343,1000,1000,0,0,0,""
360357,DATA,54.0,0.0, 0, 0,1188,1000,1000,0,0,0,""
360857,DATA,54.0,0.0, 0, 0,7721,1000,1000,0,0,0,""
361357,DATA,54.0,0.0, 0, 0,5345,1000,1000,0,0,0,""
361857,DATA,54.0,0.0, 0, 0, 0,1000,1000,0,0,0,""
362357,DATA,53.7,-2.0, 0, 0,594,1000,1000,0,0,0,""
362857,DATA,54.0,0.0, 0, 0,594,1000,1000,0,0,0,""
363357,DATA,54.0,0.0, 0, 0,1781,1000,1000,0,0,0,""
363857,DATA,54.0,2.1, 0, 0, 0,1000,1000,0,0,0,""
364357,DATA,53.7,0.0, 0, 0, 0,1000,1000,0,0,0,""
364857,DATA,53.7,-2.1, 0, 0,594,1000,1000,0,0,0,""
365357,DATA,53.7,0.0, 0, 0,2376,1000,1000,0,0,0,""
365857,DATA,53.7,0.0, 0, 0,2376,1000,1000,0,0,0,""
366357,DATA,53.7,0.0, 0, 0,2376,1000,1000,0,0,0,""
366857,DATA,53.7,0.0, 0, 0,1782,1000,1000,0,0,0,""
367357,DATA,53.7,0.0, 0, 0,2969,1000,1000,0,0,0,""
367857,DATA,53.7,0.0, 0, 0,594,1000,1000,0,0,0,""
368357,DATA,53.7,0.0, 0, 0,1188,1000,1000,0,0,0,""
368857,DATA,53.5,-2.1, 0, 0,594,1000,1000,0,0,0,""
369357,DATA,53.5,0.0, 0, 0,5344,1000,1000,0,0,0,""
369857,DATA,53.5,0.0, 0, 0, 0,1000,1000,0,0,0,""
370357,DATA,53.5,0.0, 0, 0,1188,1000,1000,0,0,0,""
370857,DATA,53.5,0.0, 0, 0,7126,1000,1000,0,0,0,""
371357,DATA,53.5,0.0, 0, 0,2969,1000,1000,0,0,0,""
371857,DATA,53.5,0.0, 0, 0,4158,1000,1000,0,0,0,""
372357,DATA,53.5,0.0, 0, 0,1188,1000,1000,0,0,0,""
372857,DATA,53.5,0.0, 0, 0,1782,1000,1000,0,0,0,""
373357,DATA,53.5,0.0, 0, 0,14846,1000,1000,0,0,0,""
373857,DATA,53.5,0.0, 0, 0,8906,1000,1000,0,0,0,""
374357,DATA,53.5,0.0, 0, 0,594,1000,1000,0,0,0,""
374857,DATA,53.5,0.0, 0, 0,2970,1000,1000,0,0,0,""
375357,DATA,53.3,-2.1, 0, 0,3563,1000,1000,0,0,0,""
375857,DATA,53.5,0.0, 0, 0,594,1000,1000,0,0,0,""
376357,DATA,53.3,-2.1, 0, 0,1188,1000,1000,0,0,0,""
376857,DATA,53.5,2.1, 0, 0, 0,1000,1000,0,0,0,""
377357,DATA,53.3,0.0, 0, 0,1188,1000,1000,0,0,0,""
377857,DATA,53.5,2.1, 0, 0, 0,1000,1000,0,0,0,""
378357,DATA,53.3,0.0, 0, 0, 0,1000,1000,0,0,0,""
378857,DATA,53.3,0.0, 0, 0, 0,1000,1000,0,0,0,""
379357,DATA,53.3,0.0, 0, 0,594,1000,1000,0,0,0,""
379857,DATA,53.3,0.0, 0, 0,594,1000,1000,0,0,0,""
380357,DATA,53.3,0.0, 0, 0, 0,1000,1000,0,0,0,""
380857,DATA,53.3,0.0, 0, 0,1188,1000,1000,0,0,0,""
381357,DATA,53.3,0.0, 0, 0,594,1000,1000,0,0,0,""
381857,DATA,53.3,0.0, 0, 0,594,1000,1000,0,0,0,""
382357,DATA,53.3,0.0, 0, 0,1782,1000,1000,0,0,0,""
382857,DATA,53.3,0.0, 0, 0,1188,1000,1000,0,0,0,""
383357,DATA,53.3,0.0, 0, 0,1188,1000,1000,0,0,0,""
383857,DATA,53.3,0.0, 0, 0,2376,1000,1000,0,0,0,""
384357,DATA,53.0,0.0, 0, 0,594,1000,1000,0,0,0,""
384857,DATA,53.3,2.1, 0, 0, 0,1000,1000,0,0,0,""
385357,DATA,53.0,-2.1, 0, 0,14842,1000,1000,0,0,0,""
385857,DATA,53.0,-2.1, 0, 0, 0,1000,1000,0,0,0,""
386357,DATA,53.0,0.0, 0, 0,11875,1000,1000,0,0,0,""
386857,DATA,53.0,0.0, 0, 0,2969,1000,1000,0,0,0,""
387357,DATA,53.0,0.0, 0, 0, 0,1000,1000,0,0,0,""
387857,DATA,53.0,0.0, 0, 0,1188,1000,1000,0,0,0,""
388357,DATA,53.0,0.0, 0, 0,7718,1000,1000,0,0,0,""
388857,DATA,53.0,0.0, 0, 0,594,1000,1000,0,0,0,""
389357,DATA,53.0,0.0, 0, 0,11284,1000,1000,0,0,0,""
389857,DATA,53.0,0.0, 0, 0,4156,1000,1000,0,0,0,""
390357,DATA,53.0,0.0, 0, 0,2376,1000,1000,0,0,0,""
390857,DATA,53.0,0.0, 0, 0,1188,1000,1000,0,0,0,""
391357,DATA,53.0,0.0, 0, 0,594,1000,1000,0,0,0,""
391857,DATA,53.0,2.1, 0, 0,1781,1000,1000,0,0,0,""
392357,DATA,52.7,-2.0, 0, 0,1188,1000,1000,0,0,0,""
392857,DATA,53.0,0.0, 0, 0,594,1000,1000,0,0,0,""
393357,DATA,52.7,0.0, 0, 0,594,1000,1000,0,0,0,""
393857,DATA,53.0,2.1, 0, 0, 0,1000,1000,0,0,0,""
394357,DATA,53.0,2.1, 0, 0, 0,1000,1000,0,0,0,""
394857,DATA,52.7,0.0, 0, 0, 0,1000,1000,0,0,0,""
395357,DATA,52.7,0.0, 0, 0,1188,1000,1000,0,0,0,""
395857,DATA,52.7,0.0, 0, 0,594,1000,1000,0,0,0,""
396357,DATA,52.7,0.0, 0, 0,594,1000,1000,0,0,0,""
396857,DATA,52.7,0.0, 0, 0,2376,1000,1000,0,0,0,""
397357,DATA,52.7,0.0, 0, 0, 0,1000,1000,0,0,0,""
397857,DATA,52.7,0.0, 0, 0,1187,1000,1000,0,0,0,""
398357,DATA,52.7,0.0, 0, 0,4157,1000,1000,0,0,0,""
398857,DATA,52.7,0.0, 0, 0,594,1000,1000,0,0,0,""
399357,DATA,52.7,0.0, 0, 0,2970,1000,1000,0,0,0,""
399857,DATA,52.7,0.0, 0, 0,1188,1000,1000,0,0,0,""
400357,DATA,52.7,0.0, 0, 0,594,1000,1000,0,0,0,""
400857,DATA,52.7,0.0, 0, 0, 0,1000,1000,0,0,0,""
401357,DATA,52.7,0.0, 0, 0, 0,1000,1000,0,0,0,""
401857,DATA,52.7,0.0, 0, 0, 0,1000,1000,0,0,0,""
402358,DATA,52.7,0.0, 0, 0, 0,1000,1000,0,0,0,""
402859,DATA,52.7,0.0, 0, 0, 0,1000,1000,0,0,0,""
403360,DATA,52.7,0.0, 0, 0,594,1000,1000,0,0,0,""
403861,DATA,52.7,0.0, 0, 0,1782,1000,1000,0,0,0,""
404362,DATA,52.7,0.0, 0, 0,1782,1000,1000,0,0,0,""
404863,DATA,52.7,2.1, 0, 0,2376,1000,1000,0,0,0,""
405364,DATA,52.7,0.0, 0, 0,4750,1000,1000,0,0,0,""
405865,DATA,52.7,0.0, 0, 0,1782,1000,1000,0,0,0,""
406366,DATA,52.7,0.0, 0, 0,1188,1000,1000,0,0,0,""
406867,DATA,52.5,0.0, 0, 0, 0,1000,1000,0,0,0,""
407368,DATA,52.5,-2.0, 0, 0,594,1000,1000,0,0,0,""
407869,DATA,52.5,0.0, 0, 0,1782,1000,1000,0,0,0,""
408370,DATA,52.5,-2.1, 0, 0,594,1000,1000,0,0,0,""
408871,DATA,52.5,0.0, 0, 0, 0,1000,1000,0,0,0,""
409372,DATA,52.5,0.0, 0, 0,594,1000,1000,0,0,0,""
409873,DATA,52.5,0.0, 0, 0, 0,1000,1000,0,0,0,""
410374,DATA,52.5,0.0, 0, 0, 0,1000,1000,0,0,0,""
410875,DATA,52.5,0.0, 0, 0,594,1000,1000,0,0,0,""
411376,DATA,52.5,0.0, 0, 0,1781,1000,1000,0,0,0,""
411877,DATA,52.5,0.0, 0, 0,1188,1000,1000,0,0,0,""
412378,DATA,52.5,0.0, 0, 0,1782,1000,1000,0,0,0,""
412879,DATA,52.5,0.0, 0, 0,594,1000,1000,0,0,0,""
413380,DATA,52.5,0.0, 0, 0,19002,1000,1000,0,0,0,""
413881,DATA,52.2,-2.1, 0, 0,12470,1000,1000,0,0,0,""
414382,DATA,52.2,-2.1, 0, 0,35626,1000,1000,0,0,0,""
414883,DATA,52.2,0.0, 0, 0,11874,1000,1000,0,0,0,""
415384,DATA,52.5,0.0, 0, 0,16627,1000,1000,0,0,0,""
415885,DATA,52.5,0.0, 0, 0,17814,1000,1000,0,0,0,""
416386,DATA,52.2,-2.0, 0, 0,594,1000,1000,0,0,0,""
416887,DATA,52.2,-2.1, 0, 0,4158,1000,1000,0,0,0,""
417388,DATA,52.2,0.0, 0, 0,14250,1000,1000,0,0,0,""
417889,DATA,52.2,0.0, 0, 0,2969,1000,1000,0,0,0,""
418390,DATA,52.5,2.1, 0, 0,32059,1000,1000,0,0,0,""
418891,DATA,52.2,0.0, 0, 0,4156,1000,1000,0,0,0,""
419392,DATA,52.2,0.0, 0, 0,1188,1000,1000,0,0,0,""
419893,DATA,52.2,0.0, 0, 0,12471,1000,1000,0,0,0,""
420394,DATA,52.2,0.0, 0, 0,2375,1000,1000,0,0,0,""
420895,DATA,52.2,0.0, 0, 0, 0,1000,1000,0,0,0,""
421396,DATA,52.2,0.0, 0, 0,6533,1000,1000,0,0,0,""
421897,DATA,52.2,0.0, 0, 0,1781,1000,1000,0,0,0,""
422398,DATA,52.2,0.0, 0, 0,7720,1000,1000,0,0,0,""
422899,DATA,52.2,0.0, 0, 0,16626,1000,1000,0,0,0,""
423400,DATA,52.2,0.0, 0, 0,20187,1000,1000,0,0,0,""
423901,DATA,52.2,0.0, 0, 0,34447,1000,1000,0,0,0,""
424402,DATA,52.2,0.0, 0, 0,50466,1000,1000,0,0,0,""
424903,DATA,52.2,0.0, 0, 0,2375,1000,1000,0,0,0,""
425404,DATA,52.2,0.0, 0, 0,3563,1000,1000,0,0,0,""
425905,DATA,52.2,0.0, 0, 0,7125,1000,1000,0,0,0,""
426406,DATA,52.2,0.0, 0, 0,58179,1000,1000,0,0,0,""
426907,DATA,52.2,0.0, 0, 0,5937,1000,1000,0,0,0,""
427408,DATA,52.2,0.0, 0, 0,6531,1000,1000,0,0,0,""
427909,DATA,52.2,0.0, 0, 0,26123,1000,1000,0,0,0,""
428410,DATA,52.2,0.0, 0, 0,17813,1000,1000,0,0,0,""
428911,DATA,52.0,-2.1, 0, 0,5937,1000,1000,0,0,0,""
429412,DATA,52.2,0.0, 0, 0,35029,1000,1000,0,0,0,""
429913,DATA,52.2,0.0, 0, 0,17218,1000,1000,0,0,0,""
430414,DATA,52.0,0.0, 0, 0,15437,1000,1000,0,0,0,""
430915,DATA,52.0,0.0, 0, 0,594,1000,1000,0,0,0,""
431416,DATA,52.0,0.0, 0, 0,49875,1000,1000,0,0,0,""
431917,DATA,52.0,-2.1, 0, 0,22561,1000,1000,0,0,0,""
432418,DATA,52.0,0.0, 0, 0,34441,1000,1000,0,0,0,""
432919,DATA,52.0,0.0, 0, 0,40963,1000,1000,0,0,0,""
433420,DATA,52.0,0.0, 0, 0,74812,1000,1000,0,0,0,""
433921,DATA,52.0,0.0, 0, 0,90246,1000,1000,0,0,0,""
434422,DATA,52.0,0.0, 0, 0,26124,1000,1000,0,0,0,""
434923,DATA,52.0,0.0, 0, 0,2969,1000,1000,0,0,0,""
435424,DATA,52.0,0.0, 0, 0,46907,1000,1000,0,0,0,""
435925,DATA,52.0,0.0, 0, 0,4157,1000,1000,0,0,0,""
436426,DATA,52.0,0.0, 0, 0,1187,1000,1000,0,0,0,""
436927,DATA,52.0,0.0, 0, 0,8906,1000,1000,0,0,0,""
437428,DATA,52.0,0.0, 0, 0,86082,1000,1000,0,0,0,""
437929,DATA,51.7,-2.1, 0, 0,5344,1000,1000,0,0,0,""
438430,DATA,51.7,0.0, 0, 0,24341,1000,1000,0,0,0,""
438931,DATA,51.7,-2.1, 0, 0,19592,1000,1000,0,0,0,""
439432,DATA,51.7,0.0, 0, 0,81341,1000,1000,0,0,0,""
439933,DATA,51.7,0.0, 0, 0,58776,1000,1000,0,0,0,""
440434,DATA,51.7,0.0, 0, 0,100353,1000,1000,0,0,0,""
440935,DATA,51.7,0.0, 0, 0,1781,1000,1000,0,0,0,""
441436,DATA,52.0,2.1, 0, 0,16031,1000,1000,0,0,0,""
441937,DATA,51.7,0.0, 0, 0,19595,1000,1000,0,0,0,""
442438,DATA,51.7,0.0, 0, 0,7124,1000,1000,0,0,0,""
442939,DATA,51.7,0.0, 0, 0,10688,1000,1000,0,0,0,""
443440,DATA,51.7,0.0, 0, 0,8906,1000,1000,0,0,0,""
443941,DATA,51.7,0.0, 0, 0,47496,1000,1000,0,0,0,""
444442,DATA,51.7,0.0, 0, 0,68284,1000,1000,0,0,0,""
444943,DATA,51.7,0.0, 0, 0,18998,1000,1000,0,0,0,""
445444,DATA,51.7,0.0, 0, 0,5343,1000,1000,0,0,0,""
445945,DATA,51.7,0.0, 0, 0,1782,1000,1000,0,0,0,""
446446,DATA,51.7,0.0, 0, 0,594,1000,1000,0,0,0,""
446947,DATA,51.5,0.0, 0, 0, 0,1000,1000,0,0,0,""
447448,DATA,51.7,2.1, 0, 0,594,1000,1000,0,0,0,""
447949,DATA,51.5,0.0, 0, 0,1188,1000,1000,0,0,0,""
448450,DATA,51.5,-2.1, 0, 0,2376,1000,1000,0,0,0,""
448951,DATA,51.5,0.0, 0, 0,1782,1000,1000,0,0,0,""
449452,DATA,51.5,0.0, 0, 0,594,1000,1000,0,0,0,""
449953,DATA,51.5,0.0, 0, 0,1782,1000,1000,0,0,0,""
450454,DATA,51.5,0.0, 0, 0,1782,1000,1000,0,0,0,""
450955,DATA,51.5,0.0, 0, 0,1188,1000,1000,0,0,0,""
451456,DATA,51.5,0.0, 0, 0,594,1000,1000,0,0,0,""
451957,DATA,51.5,0.0, 0, 0,3563,1000,1000,0,0,0,""
452458,DATA,51.5,0.0, 0, 0,1782,1000,1000,0,0,0,""
452959,DATA,51.5,0.0, 0, 0,2376,1000,1000,0,0,0,""
453460,DATA,51.5,0.0, 0, 0,1782,1000,1000,0,0,0,""
453961,DATA,51.5,0.0, 0, 0,30283,1000,1000,0,0,0,""
454462,DATA,51.5,0.0, 0, 0,14254,1000,1000,0,0,0,""
454963,DATA,51.5,0.0, 0, 0, 0,1000,1000,0,0,0,""
455464,DATA,51.5,0.0, 0, 0, 0,1000,1000,0,0,0,""
455965,DATA,51.5,0.0, 0, 0, 0,1000,1000,0,0,0,""
456466,DATA,51.5,0.0, 0, 0, 0,1000,1000,0,0,0,""
456967,DATA,51.5,0.0, 0, 0, 0,1000,1000,0,0,0,""
457468,DATA,51.5,0.0, 0, 0, 0,1000,1000,0,0,0,""
457969,DATA,51.5,0.0, 0, 0, 0,1000,1000,0,0,0,""
458470,DATA,51.5,0.0, 0, 0, 0,1000,1000,0,0,0,""
458971,DATA,51.5,0.0, 0, 0, 0,1000,1000,0,0,0,""
459472,DATA,51.5,2.1, 0, 0, 0,1000,1000,0,0,0,""
459973,DATA,51.2,-2.1, 0, 0, 0,1000,1000,0,0,0,""
460474,DATA,51.5,0.0, 0, 0, 0,1000,1000,0,0,0,""
460975,DATA,51.2,0.0, 0, 0, 0,1000,1000,0,0,0,""
461182,EVENT,51.2,0.0, 0, 0, 0,1000,1000,0,0,0,"STARTER 1200"
461497,DATA,51.2,0.0,1755,1755,500,1000,1080,0,0,0,""
462017,DATA,50.8,0.0,1359,1350,500,1000,1176,0,0,0,""
462517,DATA,51.2,10.4,2336,2176,1800,1000,1200,0,0,0,""
463017,DATA,50.8,-2.1,2710,2624,3600,1000,1200,0,0,0,""
463517,DATA,51.2,0.0,2669,2690,600,1000,1200,0,0,0,""
464017,DATA,50.0,-2.1,1997,2194,1800,1000,1200,0,0,0,""
464517,DATA,51.2,0.0,1687,1752, 0,1000,1200,0,0,0,""
465017,DATA,49.7,4.2,1458,1484, 0,1000,1200,0,0,0,""
465517,DATA,50.0,0.0,1218,1315,1800,1000,1200,0,0,0,""
466017,DATA,50.0,0.0,1252,1219,3000,1000,1200,0,0,0,""
466517,DATA,50.0,-2.1,1431,1394,3000,1000,1200,0,0,0,""
467017,DATA,49.7,-2.1,1597,1556,3600,1000,1200,0,0,0,""
467517,DATA,49.7,0.0,1775,1731,3000,1000,1200,0,0,0,""
468017,DATA,49.7,0.0,1954,1911,3600,1000,1200,0,0,0,""
468517,DATA,49.5,-2.1,2300,2163,3000,1000,1200,0,0,0,""
469017,DATA,49.2,-4.2,3034,2902,3000,1000,1200,0,0,0,""
469273,EVENT,49.5,0.0,3149,3093,3000,1000,1200,0,0,0,"STARTER 1220"
469517,DATA,49.2,-2.1,3176,3148,2499,1000,1207,0,0,0,""
469758,EVENT,49.2,0.0,2650,2880,3016,1000,1213,0,0,0,"STARTER 1240"
470037,DATA,49.2,0.0,2107,2401,1500,1000,1223,0,0,0,""
470318,EVENT,49.2,0.0,1704,1873,1500,1000,1231,0,0,0,"STARTER 1260"
470557,DATA,49.2,1.6,1596,1691,1500,1000,1240,0,0,0,""
470758,EVENT,49.0,-1.9,1565,1634,2500,1000,1247,0,0,0,"STARTER 1280"
471077,DATA,49.0,2.1,2554,2155,1500,1000,1260,0,0,0,""
471398,EVENT,48.7,0.0,3606,3217,1500,1000,1271,0,0,0,"STARTER 1300"
471597,DATA,49.0,0.0,3868,3510,2000,1000,1278,0,0,0,""
472117,DATA,48.7,2.1,4365,4281,1500,1000,1294,0,0,0,""
472617,DATA,48.7,2.1,4525,4468,5400,1000,1300,0,0,0,""
473117,DATA,48.3,0.0,4011,4251,4800,1000,1300,0,0,0,""
473617,DATA,48.7,2.1,3776,3789,5400,1000,1300,0,0,0,""
474117,DATA,47.7,-4.2,3841,3832,5400,1000,1300,0,0,0,""
474617,DATA,48.5,4.2,4829,4610,5400,1000,1300,0,0,0,""
475117,DATA,48.0,-4.2,5139,5081,4800,1000,1300,0,0,0,""
475617,DATA,47.7,0.0,5175,5168,4801,1000,1300,0,0,0,""
476117,DATA,47.7,0.0,5169,5171,5400,1000,1300,0,0,0,""
476617,DATA,47.2,-2.1,5162,5164,5401,1000,1300,0,0,0,""
477117,DATA,47.7,0.0,5154,5156,4800,1000,1300,0,0,0,""
477617,DATA,47.5,-2.1,5151,5151,4800,1000,1300,0,0,0,""
478117,DATA,47.7,4.2,5153,5153,4801,1000,1300,0,0,0,""
478617,DATA,47.0,-2.1,5156,5155,4800,1000,1300,0,0,0,""
479117,DATA,47.5,0.0,5154,5155,4800,1000,1300,0,0,0,""
479433,EVENT,47.2,2.1,5151,5153,5400,1000,1300,1,0,0,"IGN ON"
479617,DATA,47.2,0.0,5144,5148,4800,1000,1300,1,0,0,""
480117,DATA,46.7,0.0,5090,5103,4799,1000,1300,1,0,0,""
480617,DATA,46.7,0.0,5064,5070,5401,1000,1300,1,0,0,""
480802,EVENT,47.2,4.2,5063,5065,4800,1000,1300,1,1,0,"VALVE1 ON"
481117,DATA,47.0,2.1,5064,5064,5400,1000,1300,1,1,0,""
481617,DATA,46.7,-2.1,5066,5066,5400,1000,1300,1,1,0,""
482117,DATA,46.7,0.0,5068,5068,4800,1000,1300,1,1,0,""
482617,DATA,46.7,2.1,5076,5074,4800,1000,1300,1,1,0,""
482733,EVENT,46.2,-4.2,5079,5076,5400,1000,1300,1,1,0,"PUMP 1045"
483117,DATA,46.7,2.1,5089,5086,5374,1007,1300,1,1,0,""
483617,DATA,46.2,-4.2,4598,4758,1500,1027,1300,1,1,0,""
484117,DATA,47.2,4.2,4397,4483,1500,1044,1300,1,1,0,""
484617,DATA,48.5,4.2,4710,4594,5400,1045,1300,1,1,0,""
485117,DATA,49.2,0.0,5004,4954,4800,1045,1300,1,1,0,""
485617,DATA,50.5,6.2,5041,5033,4800,1045,1300,1,1,0,""
486117,DATA,51.5,0.0,5065,5058,4800,1045,1300,1,1,0,""
486617,DATA,53.5,4.2,5094,5087,5400,1045,1300,1,1,0,""
487117,DATA,55.5,4.2,5120,5115,5399,1045,1300,1,1,0,""
487617,DATA,59.0,4.2,5130,5128,4800,1045,1300,1,1,0,""
488117,DATA,62.0,10.4,5126,5127,5399,1045,1300,1,1,0,""
488617,DATA,63.7,4.2,5128,5127,5400,1045,1300,1,1,0,""
489117,DATA,66.5,4.2,5136,5134,5399,1045,1300,1,1,0,""
489617,DATA,68.5,0.0,5143,5141,5400,1045,1300,1,1,0,""
490117,DATA,71.0,2.1,5149,5149,5400,1045,1300,1,1,0,""
490617,DATA,73.3,2.1,5140,5142,5400,1045,1300,1,1,0,""
491117,DATA,75.8,6.2,5139,5140,5400,1045,1300,1,1,0,""
491617,DATA,77.5,4.2,5135,5136,4800,1045,1300,1,1,0,""
492117,DATA,79.0,2.1,5128,5130,4799,1045,1300,1,1,0,""
492617,DATA,81.0,4.2,5117,5120,5400,1045,1300,1,1,0,""
493117,DATA,82.7,4.2,5103,5105,4799,1045,1300,1,1,0,""
493617,DATA,84.2,0.0,5118,5113,4800,1045,1300,1,1,0,""
494117,DATA,86.5,6.2,5138,5133,4799,1045,1300,1,1,0,""
494617,DATA,88.0,2.1,5147,5145,4800,1045,1300,1,1,0,""
495117,DATA,89.2,0.0,5148,5148,4800,1045,1300,1,1,0,""
495617,DATA,90.8,4.2,5147,5147,4800,1045,1300,1,1,0,""
496117,DATA,91.7,0.0,5146,5145,4800,1045,1300,1,1,0,""
496617,DATA,93.0,2.1,5145,5145,5400,1045,1300,1,1,0,""
497117,DATA,94.5,4.2,5139,5141,5401,1045,1300,1,1,0,""
497617,DATA,95.0,-2.1,5134,5135,5400,1045,1300,1,1,0,""
498117,DATA,96.5,2.1,5127,5129,5400,1045,1300,1,1,0,""
498617,DATA,97.5,6.2,5124,5124,4800,1045,1300,1,1,0,""
499117,DATA,98.3,4.2,5120,5122,4800,1045,1300,1,1,0,""
499617,DATA,99.2,6.2,5113,5114,5400,1045,1300,1,1,0,""
500117,DATA,99.8,0.0,5103,5107,4799,1045,1300,1,1,0,""
500617,DATA,100.8,2.1,5088,5091,5400,1045,1300,1,1,0,""
501117,DATA,101.5,2.1,5098,5096,4800,1045,1300,1,1,0,""
501617,DATA,101.8,-2.1,5110,5107,4800,1045,1300,1,1,0,""
501899,EVENT,102.0,-2.1,5120,5116,5403,1045,1300,1,1,0,"PUMP 1050"
502117,DATA,102.8,2.1,5125,5122,5401,1045,1300,1,1,0,""
502617,DATA,103.5,6.2,5131,5129,5400,1047,1300,1,1,0,""
503117,DATA,104.2,4.2,5143,5141,5400,1050,1300,1,1,0,""
503617,DATA,105.8,4.2,5148,5147,5399,1050,1300,1,1,0,""
504117,DATA,107.2,4.2,5154,5152,5400,1050,1300,1,1,0,""
504617,DATA,109.2,6.2,5154,5154,5400,1050,1300,1,1,0,""
505117,DATA,110.5,0.0,5152,5152,5400,1050,1300,1,1,0,""
505617,DATA,112.7,6.2,5149,5150,5399,1050,1300,1,1,0,""
506117,DATA,114.0,2.1,5143,5144,5400,1050,1300,1,1,0,""
506617,DATA,115.7,0.0,5135,5137,5400,1050,1300,1,1,0,""
507117,DATA,117.0,2.1,5120,5124,4800,1050,1300,1,1,0,""
507617,DATA,118.5,4.2,5099,5103,5400,1050,1300,1,1,0,""
508117,DATA,119.7,4.2,5098,5098,4800,1050,1300,1,1,0,""
508617,DATA,121.3,4.2,5104,5102,4800,1050,1300,1,1,0,""
509117,DATA,122.5,0.0,5115,5113,5400,1050,1300,1,1,0,""
509617,DATA,123.7,-2.1,5120,5119,5400,1050,1300,1,1,0,""
510117,DATA,126.0,6.2,5129,5126,4800,1050,1300,1,1,0,""
510617,DATA,127.5,6.2,5144,5140,4800,1050,1300,1,1,0,""
511117,DATA,128.3,0.0,5155,5153,5400,1050,1300,1,1,0,""
511617,DATA,129.8,0.0,5150,5152,5400,1050,1300,1,1,0,""
512117,DATA,130.8,0.0,5141,5143,4801,1050,1300,1,1,0,""
512617,DATA,132.5,4.2,5138,5138,4800,1050,1300,1,1,0,""
513117,DATA,133.5,0.0,5143,5142,4800,1050,1300,1,1,0,""
513617,DATA,135.3,4.2,5152,5150,4800,1050,1300,1,1,0,""
514117,DATA,136.0,4.2,5153,5154,4800,1050,1300,1,1,0,""
514617,DATA,137.5,6.2,5147,5148,4800,1050,1300,1,1,0,""
515117,DATA,138.8,4.2,5136,5138,4799,1050,1300,1,1,0,""
515617,DATA,139.8,4.2,5125,5128,5400,1050,1300,1,1,0,""
516117,DATA,141.0,2.1,5119,5119,5400,1050,1300,1,1,0,""
516617,DATA,142.0,2.1,5137,5133,5400,1050,1300,1,1,0,""
517117,DATA,143.3,2.1,5154,5150,5400,1050,1300,1,1,0,""
517617,DATA,144.3,4.2,5162,5161,5400,1050,1300,1,1,0,""
518117,DATA,145.5,2.1,5162,5162,5400,1050,1300,1,1,0,""
518617,DATA,146.8,2.1,5167,5165,4800,1050,1300,1,1,0,""
519117,DATA,148.0,2.1,5175,5174,5400,1050,1300,1,1,0,""
519617,DATA,149.3,2.1,5181,5179,5400,1050,1300,1,1,0,""
520117,DATA,150.8,4.2,5184,5183,4801,1050,1300,1,1,0,""
520617,DATA,151.7,6.2,5191,5189,5399,1050,1300,1,1,0,""
521117,DATA,152.5,-2.1,5200,5198,5400,1050,1300,1,1,0,""
521617,DATA,153.8,6.2,5202,5202,4800,1050,1300,1,1,0,""
522117,DATA,154.8,2.1,5195,5197,5400,1050,1300,1,1,0,""
522617,DATA,156.3,0.0,5186,5188,5400,1050,1300,1,1,0,""
523117,DATA,157.3,6.2,5166,5171,4800,1050,1300,1,1,0,""
523617,DATA,158.5,2.1,5159,5159,4800,1050,1300,1,1,0,""
524117,DATA,160.0,6.2,5171,5167,4800,1050,1300,1,1,0,""
524617,DATA,160.8,2.1,5182,5180,5400,1050,1300,1,1,0,""
525117,DATA,162.3,2.1,5189,5187,5401,1050,1300,1,1,0,""
525617,DATA,163.3,0.0,5193,5192,4799,1050,1300,1,1,0,""
526117,DATA,164.8,4.2,5195,5194,5400,1050,1300,1,1,0,""
526617,DATA,166.0,2.1,5196,5196,4800,1050,1300,1,1,0,""
527117,DATA,166.5,-2.1,5197,5197,5401,1050,1300,1,1,0,""
527617,DATA,167.3,0.0,5198,5197,5401,1050,1300,1,1,0,""
528117,DATA,168.3,-2.1,5204,5203,5400,1050,1300,1,1,0,""
528617,DATA,170.0,6.2,5201,5202,5400,1050,1300,1,1,0,""
529117,DATA,171.0,6.2,5206,5205,4800,1050,1300,1,1,0,""
529617,DATA,172.0,8.3,5214,5212,5400,1050,1300,1,1,0,""
530117,DATA,172.8,4.2,5209,5210,4800,1050,1300,1,1,0,""
530617,DATA,174.0,8.3,5209,5210,5401,1050,1300,1,1,0,""
531117,DATA,175.0,4.2,5212,5211,4799,1050,1300,1,1,0,""
531151,EVENT,175.0,0.0,5214,5212,5400,1050,1300,1,1,0,"PUMP 1055"
531617,DATA,175.3,-4.2,5217,5216,5400,1051,1300,1,1,0,""
532117,DATA,176.7,4.2,5217,5217,5400,1054,1300,1,1,0,""
532617,DATA,177.8,2.1,5223,5221,4800,1055,1300,1,1,0,""
532847,EVENT,178.5,6.2,5224,5223,5401,1055,1300,1,1,0,"PUMP 1059"
533117,DATA,178.5,2.1,5224,5224,5400,1055,1300,1,1,0,""
533617,DATA,180.3,0.0,5223,5223,4800,1057,1300,1,1,0,""
534117,DATA,182.8,8.3,5219,5220,5400,1059,1300,1,1,0,""
534617,DATA,184.5,6.2,5221,5220,5400,1059,1300,1,1,0,""
535117,DATA,187.5,6.2,5223,5223,4800,1059,1300,1,1,0,""
535617,DATA,189.2,0.0,5226,5225,5401,1059,1300,1,1,0,""
536117,DATA,191.3,0.0,5220,5222,4801,1059,1300,1,1,0,""
536617,DATA,192.8,2.1,5219,5219,5400,1059,1300,1,1,0,""
537117,DATA,195.0,8.3,5224,5222,5400,1059,1300,1,1,0,""
537617,DATA,196.0,-2.1,5222,5223,4800,1059,1300,1,1,0,""
538117,DATA,199.0,6.2,5217,5217,5400,1059,1300,1,1,0,""
538617,DATA,200.3,2.1,5221,5221,4800,1059,1300,1,1,0,""
539117,DATA,202.3,6.2,5213,5215,5400,1059,1300,1,1,0,""
539617,DATA,204.5,8.3,5204,5205,4799,1059,1300,1,1,0,""
540117,DATA,205.2,0.0,5209,5208,5399,1059,1300,1,1,0,""
540617,DATA,207.5,2.1,5219,5217,4800,1059,1300,1,1,0,""
541117,DATA,209.5,6.2,5222,5222,5400,1059,1300,1,1,0,""
541617,DATA,211.5,0.0,5219,5219,5400,1059,1300,1,1,0,""
542117,DATA,213.5,6.2,5226,5225,4800,1059,1300,1,1,0,""
542617,DATA,215.0,-2.1,5223,5224,5400,1059,1300,1,1,0,""
543117,DATA,216.8,-2.1,5214,5216,4799,1059,1300,1,1,0,""
543617,DATA,218.8,4.2,5218,5215,5400,1059,1300,1,1,0,""
544117,DATA,221.0,2.1,5232,5229,5400,1059,1300,1,1,0,""
544617,DATA,224.0,4.2,5243,5241,5400,1059,1300,1,1,0,""
545036,EVENT,225.0,-4.2,5245,5245,5403,1059,1300,1,1,0,"PUMP 1060"
545117,DATA,225.8,6.2,5243,5244,4799,1059,1300,1,1,0,""
545617,DATA,228.0,2.1,5232,5235,5400,1059,1300,1,1,0,""
546117,DATA,229.8,0.0,5221,5224,5400,1060,1300,1,1,0,""
546617,DATA,232.0,4.2,5206,5210,5400,1060,1300,1,1,0,""
547117,DATA,234.0,10.4,5212,5210,5401,1060,1300,1,1,0,""
547617,DATA,235.5,0.0,5217,5216,5400,1060,1300,1,1,0,""
548117,DATA,237.3,0.0,5219,5218,5401,1060,1300,1,1,0,""
548617,DATA,239.5,8.3,5224,5222,4800,1060,1300,1,1,0,""
549117,DATA,240.7,0.0,5226,5226,5400,1060,1300,1,1,0,""
549617,DATA,243.0,6.2,5226,5226,5400,1060,1300,1,1,0,""
550117,DATA,244.7,8.3,5237,5233,4801,1060,1300,1,1,0,""
550617,DATA,246.3,2.1,5252,5250,5399,1060,1300,1,1,0,""
551117,DATA,247.8,4.2,5250,5251,5400,1060,1300,1,1,0,""
551617,DATA,249.3,-2.1,5239,5242,5400,1060,1300,1,1,0,""
552117,DATA,251.0,6.2,5234,5235,5400,1060,1300,1,1,0,""
552617,DATA,252.5,-2.1,5229,5231,5400,1060,1300,1,1,0,""
553117,DATA,254.3,6.2,5224,5225,5401,1060,1300,1,1,0,""
553617,DATA,256.0,8.3,5218,5220,4800,1060,1300,1,1,0,""
554117,DATA,257.8,0.0,5212,5214,5400,1060,1300,1,1,0,""
554617,DATA,259.2,2.1,5206,5207,4800,1060,1300,1,1,0,""
555117,DATA,261.0,4.2,5214,5212,5400,1060,1300,1,1,0,""
555617,DATA,262.0,-2.1,5226,5222,5400,1060,1300,1,1,0,""
556117,DATA,264.0,2.1,5248,5242,4801,1060,1300,1,1,0,""
556617,DATA,265.3,0.0,5259,5256,4800,1060,1300,1,1,0,""
557117,DATA,267.5,6.2,5263,5263,4800,1060,1300,1,1,0,""
557617,DATA,268.8,4.2,5252,5255,5400,1060,1300,1,1,0,""
558117,DATA,269.7,6.2,5248,5249,5400,1060,1300,1,1,0,""
558617,DATA,271.3,4.2,5236,5239,5400,1060,1300,1,1,0,""
559117,DATA,272.3,-2.1,5228,5230,4800,1060,1300,1,1,0,""
559617,DATA,274.5,6.2,5228,5227,5400,1060,1300,1,1,0,""
560117,DATA,275.5,4.2,5235,5234,5400,1060,1300,1,1,0,""
560617,DATA,277.3,2.1,5228,5231,4800,1060,1300,1,1,0,""
561117,DATA,278.5,2.1,5215,5218,5399,1060,1300,1,1,0,""
561617,DATA,279.8,4.2,5205,5209,4800,1060,1300,1,1,0,""
562117,DATA,281.0,4.2,5185,5189,4801,1060,1300,1,1,0,""
562617,DATA,282.3,4.2,5185,5184,5400,1060,1300,1,1,0,""
563117,DATA,284.0,8.3,5202,5197,4800,1060,1300,1,1,0,""
563617,DATA,284.8,0.0,5218,5214,5400,1060,1300,1,1,0,""
564117,DATA,286.0,6.2,5224,5223,4800,1060,1300,1,1,0,""
564617,DATA,286.8,0.0,5222,5223,5400,1060,1300,1,1,0,""
565117,DATA,288.0,0.0,5224,5223,5400,1060,1300,1,1,0,""
565617,DATA,289.3,2.1,5233,5231,4799,1060,1300,1,1,0,""
566117,DATA,290.3,4.2,5236,5236,5400,1060,1300,1,1,0,""
566617,DATA,291.0,-2.1,5230,5232,5400,1060,1300,1,1,0,""
567117,DATA,292.3,0.0,5223,5225,4800,1060,1300,1,1,0,""
567617,DATA,293.3,-2.1,5215,5217,5400,1060,1300,1,1,0,""
568117,DATA,294.5,0.0,5213,5213,4800,1060,1300,1,1,0,""
568617,DATA,295.5,2.1,5221,5219,4802,1060,1300,1,1,0,""
569117,DATA,296.3,-2.1,5225,5224,5404,1060,1300,1,1,0,""
569617,DATA,297.8,4.2,5229,5228,5404,1060,1300,1,1,0,""
570117,DATA,298.7,4.2,5228,5229,4802,1060,1300,1,1,0,""
570617,DATA,299.5,4.2,5223,5224,5403,1060,1300,1,1,0,""
571117,DATA,300.3,4.2,5228,5227,5403,1060,1300,1,1,0,""
571617,DATA,301.0,-4.2,5232,5231,4802,1060,1300,1,1,0,""
572117,DATA,302.5,4.2,5238,5237,5403,1060,1300,1,1,0,""
572617,DATA,303.2,-4.2,5226,5228,5403,1060,1300,1,1,0,""
573117,DATA,304.3,-2.1,5220,5222,4803,1060,1300,1,1,0,""
573617,DATA,306.0,6.2,5228,5226,5403,1060,1300,1,1,0,""
574117,DATA,306.8,6.2,5230,5231,5403,1060,1300,1,1,0,""
574617,DATA,307.8,2.1,5230,5229,4804,1060,1300,1,1,0,""
575117,DATA,308.3,4.2,5236,5235,5403,1060,1300,1,1,0,""
575617,DATA,309.2,4.2,5242,5241,5403,1060,1300,1,1,0,""
575921,EVENT,310.3,6.2,5249,5247,5400,1060,1300,1,1,1,"VALVE2 ON"
576117,DATA,310.3,-2.1,5257,5253,5420,1060,1300,1,1,1,""
576617,DATA,311.5,0.0,5263,5262,5403,1060,1300,1,1,1,""
577117,DATA,312.0,-2.1,5257,5259,5403,1060,1300,1,1,1,""
577549,EVENT,313.0,-2.0,5255,5256,5403,1060,1300,1,1,1,"PUMP 1065"
577617,DATA,313.3,2.1,5255,5256,5403,1060,1300,1,1,1,""
578117,DATA,314.0,-2.1,5243,5246,4803,1062,1300,1,1,1,""
578360,EVENT,314.8,0.0,5241,5242,4800,1063,1300,1,1,1,"PUMP 1070"
578617,DATA,314.8,2.1,5245,5244,5403,1064,1300,1,1,1,""
579117,DATA,316.0,2.1,5252,5251,5404,1067,1300,1,1,1,""
579617,DATA,317.7,-2.1,5252,5252,5403,1070,1300,1,1,1,""
580117,DATA,321.7,14.6,5261,5258,5403,1070,1300,1,1,1,""
580565,EVENT,325.0,8.3,5271,5269,5403,1070,1300,1,1,1,"STARTER 1320"
580617,DATA,325.0,8.3,5271,5269,5403,1070,1302,1,1,1,""
581117,DATA,328.8,6.2,4746,4934,3001,1070,1314,1,1,1,""
581617,DATA,332.5,6.2,5095,4937,5400,1070,1320,1,1,1,""
581670,EVENT,333.3,6.2,5095,4937,5400,1070,1320,1,1,1,"STARTER 1340"
582117,DATA,336.0,4.2,5019,5081,2779,1070,1332,1,1,1,""
582617,DATA,339.0,10.4,5279,5111,6000,1070,1339,1,1,1,""
583117,DATA,342.5,6.2,5763,5669,6000,1070,1340,1,1,1,""
583617,DATA,344.5,4.2,5892,5866,6000,1070,1340,1,1,1,""
584085,EVENT,346.7,0.0,5918,5913,6001,1070,1340,1,1,1,"STARTER 1360"
584117,DATA,346.7,0.0,5918,5913,6001,1070,1341,1,1,1,""
584617,DATA,349.3,2.1,5223,5414,3501,1070,1354,1,1,1,""
585117,DATA,351.8,4.2,5422,5253,5999,1070,1360,1,1,1,""
585617,DATA,353.8,8.3,6101,5972,6595,1070,1360,1,1,1,""
586117,DATA,355.5,4.2,6309,6262,6000,1070,1360,1,1,1,""
586617,DATA,357.0,2.1,6417,6394,6599,1070,1360,1,1,1,""
587117,DATA,358.0,4.2,6458,6449,6600,1070,1360,1,1,1,""
587617,DATA,359.5,2.1,6476,6473,6599,1070,1360,1,1,1,""
588117,DATA,360.5,4.2,6484,6482,6600,1070,1360,1,1,1,""
588615,EVENT,361.8,2.1,6478,6480,6601,1070,1360,1,1,1,"STARTER 1380"
588617,DATA,361.8,2.1,6478,6480,6601,1070,1360,1,1,1,""
589117,DATA,363.3,2.1,5722,5958,6035,1070,1373,1,1,1,""
589617,DATA,364.3,0.0,6116,5921,6605,1070,1380,1,1,1,""
590117,DATA,366.8,4.2,6644,6546,7204,1070,1380,1,1,1,""
590617,DATA,367.7,2.1,6760,6736,6603,1070,1380,1,1,1,""
591117,DATA,369.0,0.0,6773,6772,6604,1070,1380,1,1,1,""
591617,DATA,370.8,6.2,6754,6758,6604,1070,1380,1,1,1,""
592117,DATA,372.3,2.1,6754,6755,7203,1070,1380,1,1,1,""
592314,EVENT,372.8,0.0,6748,6751,6600,1070,1380,1,1,1,"STARTER 1400"
592637,DATA,373.3,2.0,6670,6714,4499,1070,1389,1,1,1,""
593137,DATA,375.3,4.2,5912,5941,6601,1070,1398,1,1,1,""
593637,DATA,376.0,0.0,6767,6610,6600,1070,1400,1,1,1,""
594137,DATA,376.8,0.0,6998,6951,7200,1070,1400,1,1,1,""
594637,DATA,377.0,0.0,7067,7052,7204,1070,1400,1,1,1,""
595137,DATA,377.8,0.0,7086,7081,7200,1070,1400,1,1,1,""
595637,DATA,378.5,0.0,7105,7102,6601,1070,1400,1,1,1,""
596137,DATA,379.3,0.0,7073,7084,6599,1070,1400,1,1,1,""
596637,DATA,379.3,2.1,7021,7032,7200,1070,1400,1,1,1,""
597137,DATA,379.3,-2.1,7002,7006,7200,1070,1400,1,1,1,""
597637,DATA,380.0,0.0,6992,6996,6599,1070,1400,1,1,1,""
598137,DATA,381.0,2.1,6985,6985,7200,1070,1400,1,1,1,""
598637,DATA,381.5,-2.1,6991,6990,7199,1070,1400,1,1,1,""
599137,DATA,382.3,4.2,7012,7007,6599,1070,1400,1,1,1,""
599637,DATA,383.3,2.1,7014,7015,7200,1070,1400,1,1,1,""
600137,DATA,383.8,0.0,6992,6996,7200,1070,1400,1,1,1,""
600637,DATA,384.0,0.0,6996,6992,6599,1070,1400,1,1,1,""
601137,DATA,384.8,0.0,6994,6997,6600,1070,1400,1,1,1,""
601637,DATA,385.5,0.0,6961,6970,6600,1070,1400,1,1,1,""
602137,DATA,385.8,2.1,6950,6952,6599,1070,1400,1,1,1,""
602637,DATA,386.2,2.1,6951,6950,6600,1070,1400,1,1,1,""
603137,DATA,387.3,2.1,6939,6942,7200,1070,1400,1,1,1,""
603156,EVENT,387.3,2.1,6937,6940,7199,1070,1400,1,1,1,"STARTER 1420"
603637,DATA,387.8,0.0,6165,6512,5429,1070,1413,1,1,1,""
604137,DATA,388.3,-2.1,6716,6571,7199,1070,1420,1,1,1,""
604637,DATA,388.5,-2.1,7103,7019,7200,1070,1420,1,1,1,""
605137,DATA,389.3,2.1,7296,7254,7200,1070,1420,1,1,1,""
605637,DATA,389.0,-4.2,7360,7346,7201,1070,1420,1,1,1,""
606137,DATA,389.5,0.0,7399,7392,7200,1070,1420,1,1,1,""
606637,DATA,389.0,0.0,7395,7397,7800,1070,1420,1,1,1,""
607137,DATA,388.5,0.0,7382,7383,7194,1070,1420,1,1,1,""
607637,DATA,389.3,2.1,7409,7401,7801,1070,1420,1,1,1,""
608137,DATA,389.0,-2.1,7413,7414,7800,1070,1420,1,1,1,""
608637,DATA,389.5,0.0,7398,7400,7200,1070,1420,1,1,1,""
609137,DATA,389.3,-4.2,7389,7392,7200,1070,1420,1,1,1,""
609386,EVENT,389.0,-2.1,7377,7382,7800,1070,1420,1,1,1,"PUMP 1075"
609637,DATA,389.3,2.1,7363,7371,7201,1070,1420,1,1,1,""
610137,DATA,389.5,2.1,7368,7363,7800,1073,1420,1,1,1,""
610637,DATA,390.0,0.0,7383,7381,7200,1075,1420,1,1,1,""
611137,DATA,390.7,2.0,7406,7402,7200,1075,1420,1,1,1,""
611637,DATA,391.3,0.0,7398,7398,7200,1075,1420,1,1,1,""
612137,DATA,392.7,2.1,7400,7399,7200,1075,1420,1,1,1,""
612637,DATA,394.0,2.1,7397,7398,7801,1075,1420,1,1,1,""
613137,DATA,394.8,2.1,7415,7410,7800,1075,1420,1,1,1,""
613637,DATA,395.8,2.1,7418,7418,7201,1075,1420,1,1,1,""
614137,DATA,396.5,2.0,7392,7399,7200,1075,1420,1,1,1,""
614637,DATA,397.3,0.0,7393,7391,7799,1075,1420,1,1,1,""
615137,DATA,398.7,0.0,7390,7392,7200,1075,1420,1,1,1,""
615637,DATA,399.5,4.2,7372,7377,7800,1075,1420,1,1,1,""
616137,DATA,400.5,2.1,7349,7355,7199,1075,1420,1,1,1,""
616637,DATA,400.5,2.1,7358,7354,7199,1075,1420,1,1,1,""
617137,DATA,401.2,2.0,7393,7384,7800,1075,1420,1,1,1,""
617637,DATA,401.7,0.0,7396,7397,7199,1075,1420,1,1,1,""
618137,DATA,402.8,2.1,7412,7407,7200,1075,1420,1,1,1,""
618637,DATA,403.0,2.1,7427,7423,7201,1075,1420,1,1,1,""
619137,DATA,403.5,2.1,7427,7429,7200,1075,1420,1,1,1,""
619402,EVENT,404.0,4.2,7420,7422,7200,1075,1420,1,1,1,"STARTER 1440"
619637,DATA,403.8,0.0,7423,7422,7802,1075,1427,1,1,1,""
620137,DATA,404.0,-2.1,7145,7127,7200,1075,1437,1,1,1,""
620637,DATA,404.0,0.0,7553,7474,7800,1075,1440,1,1,1,""
621137,DATA,404.3,2.1,7689,7661,7199,1075,1440,1,1,1,""
621637,DATA,404.0,-2.1,7710,7707,7799,1075,1440,1,1,1,""
622137,DATA,404.0,0.0,7696,7700,7800,1075,1440,1,1,1,""
622309,EVENT,404.0,0.0,7689,7693,7200,1075,1440,1,1,1,"PUMP 1080"
622637,DATA,403.8,-2.1,7677,7682,7799,1076,1440,1,1,1,""
623137,DATA,404.0,0.0,7674,7673,7800,1078,1440,1,1,1,""
623637,DATA,404.3,0.0,7725,7714,7796,1080,1440,1,1,1,""
624137,DATA,405.0,2.1,7749,7745,7719,1080,1440,1,1,1,""
624637,DATA,405.5,2.1,7747,7747,7719,1080,1440,1,1,1,""
625137,DATA,406.0,0.0,7724,7731,7718,1080,1440,1,1,1,""
625637,DATA,406.2,-2.0,7700,7704,7718,1080,1440,1,1,1,""
626137,DATA,407.0,0.0,7711,7710,7719,1080,1440,1,1,1,""
626637,DATA,407.5,0.0,7721,7720,7718,1080,1440,1,1,1,""
627137,DATA,407.8,0.0,7722,7722,7719,1080,1440,1,1,1,""
627637,DATA,408.3,-2.1,7700,7705,7720,1080,1440,1,1,1,""
628137,DATA,408.5,0.0,7680,7685,7719,1080,1440,1,1,1,""
628637,DATA,409.0,2.0,7692,7689,7719,1080,1440,1,1,1,""
629137,DATA,409.7,2.1,7707,7702,7719,1080,1440,1,1,1,""
629637,DATA,410.0,0.0,7716,7716,7719,1080,1440,1,1,1,""
630137,DATA,410.5,0.0,7721,7717,7719,1080,1440,1,1,1,""
630637,DATA,411.3,2.1,7734,7732,7720,1080,1440,1,1,1,""
631137,DATA,411.3,2.1,7733,7732,7719,1080,1440,1,1,1,""
631637,DATA,411.8,2.0,7749,7744,7720,1080,1440,1,1,1,""
632137,DATA,412.3,0.0,7731,7737,7719,1080,1440,1,1,1,""
632637,DATA,412.3,2.1,7711,7714,7719,1080,1440,1,1,1,""
633137,DATA,412.5,0.0,7708,7709,7719,1080,1440,1,1,1,""
633637,DATA,413.3,0.0,7719,7717,7718,1080,1440,1,1,1,""
634137,DATA,413.7,0.0,7705,7709,7124,1080,1440,1,1,1,""
634637,DATA,414.0,2.0,7685,7690,7719,1080,1440,1,1,1,""
635137,DATA,414.5,2.1,7686,7685,7718,1080,1440,1,1,1,""
635637,DATA,415.0,2.1,7675,7679,7719,1080,1440,1,1,1,""
636137,DATA,415.3,0.0,7672,7672,7719,1080,1440,1,1,1,""
636637,DATA,416.3,4.2,7686,7683,7719,1080,1440,1,1,1,""
637137,DATA,417.0,0.0,7703,7699,7719,1080,1440,1,1,1,""
637637,DATA,417.3,2.0,7701,7701,7719,1080,1440,1,1,1,""
638137,DATA,417.5,2.1,7699,7701,7719,1080,1440,1,1,1,""
638637,DATA,417.7,-2.1,7672,7677,7719,1080,1440,1,1,1,""
639137,DATA,418.2,0.0,7681,7677,7719,1080,1440,1,1,1,""
639637,DATA,418.5,2.1,7708,7702,7718,1080,1440,1,1,1,""
640137,DATA,418.7,0.0,7706,7708,7718,1080,1440,1,1,1,""
640637,DATA,419.3,2.0,7691,7694,7719,1080,1440,1,1,1,""
641137,DATA,419.8,0.0,7682,7682,7718,1080,1440,1,1,1,""
641637,DATA,420.0,2.1,7682,7682,7719,1080,1440,1,1,1,""
642137,DATA,420.8,2.1,7694,7688,7719,1080,1440,1,1,1,""
642637,DATA,421.3,2.1,7708,7707,7720,1080,1440,1,1,1,""
643137,DATA,421.5,-2.1,7709,7708,7718,1080,1440,1,1,1,""
643637,DATA,422.0,0.0,7708,7709,7718,1080,1440,1,1,1,""
644137,DATA,422.5,2.1,7725,7718,7719,1080,1440,1,1,1,""
644637,DATA,422.7,0.0,7749,7745,7719,1080,1440,1,1,1,""
645137,DATA,423.0,0.0,7746,7749,7719,1080,1440,1,1,1,""
645637,DATA,423.8,0.0,7725,7730,7719,1080,1440,1,1,1,""
646137,DATA,424.0,0.0,7714,7718,7719,1080,1440,1,1,1,""
646637,DATA,424.0,0.0,7740,7732,7718,1080,1440,1,1,1,""
647137,DATA,425.0,0.0,7746,7747,7719,1080,1440,1,1,1,""
647637,DATA,425.5,2.1,7726,7729,7719,1080,1440,1,1,1,""
647852,EVENT,425.8,0.0,7725,7726,7801,1080,1440,1,1,1,"STARTER 1460"
648137,DATA,425.8,0.0,7730,7728,6001,1080,1448,1,1,1,""
648637,DATA,425.8,2.1,6402,6570,7800,1080,1457,1,1,1,""
649137,DATA,425.5,0.0,7549,7319,7800,1080,1460,1,1,1,""
649637,DATA,425.3,0.0,7890,7824,8400,1080,1460,1,1,1,""
650137,DATA,425.5,0.0,7978,7958,7800,1080,1460,1,1,1,""
650468,EVENT,425.8,2.1,8002,7994,8400,1080,1460,1,1,1,"PUMP 1085"
650637,DATA,426.0,2.1,8004,7999,7798,1080,1460,1,1,1,""
651137,DATA,426.2,2.1,8016,8014,8400,1082,1460,1,1,1,""
651637,DATA,426.0,0.0,8038,8032,8399,1084,1460,1,1,1,""
652137,DATA,426.5,2.1,8036,8039,8399,1085,1460,1,1,1,""
652637,DATA,427.0,2.1,8038,8035,8399,1085,1460,1,1,1,""
653137,DATA,427.2,0.0,8047,8045,8400,1085,1460,1,1,1,""
653637,DATA,427.5,2.1,8036,8041,7800,1085,1460,1,1,1,""
654137,DATA,428.0,2.1,8019,8025,7800,1085,1460,1,1,1,""
654637,DATA,429.0,2.1,7988,7996,8401,1085,1460,1,1,1,""
655137,DATA,429.5,0.0,7966,7971,7800,1085,1460,1,1,1,""
655637,DATA,429.3,0.0,7963,7964,8400,1085,1460,1,1,1,""
656137,DATA,429.0,-2.1,7983,7977,7799,1085,1460,1,1,1,""
656637,DATA,429.3,2.1,7994,7994,7800,1085,1460,1,1,1,""
657137,DATA,429.8,2.1,8007,8003,7800,1085,1460,1,1,1,""
657637,DATA,430.5,2.1,8035,8031,7800,1085,1460,1,1,1,""
658137,DATA,431.2,2.1,8028,8028,7800,1085,1460,1,1,1,""
658637,DATA,431.8,0.0,8025,8027,7800,1085,1460,1,1,1,""
659137,DATA,432.5,2.1,8017,8020,7800,1085,1460,1,1,1,""
659637,DATA,433.0,4.2,8023,8020,7800,1085,1460,1,1,1,""
660137,DATA,433.5,2.1,8010,8014,7800,1085,1460,1,1,1,""
660637,DATA,433.5,0.0,8010,8009,8401,1085,1460,1,1,1,""
661137,DATA,433.3,-2.1,8009,8009,8400,1085,1460,1,1,1,""
661637,DATA,433.8,0.0,8000,8003,7800,1085,1460,1,1,1,""
662137,DATA,434.2,0.0,7985,7989,7800,1085,1460,1,1,1,""
662408,EVENT,434.7,2.1,7977,7980,7800,1085,1460,1,1,1,"PUMP 1090"
662637,DATA,434.7,0.0,7973,7976,8401,1085,1460,1,1,1,""
663137,DATA,435.5,0.0,7968,7970,7800,1087,1460,1,1,1,""
663637,DATA,436.3,2.1,7976,7974,8400,1090,1460,1,1,1,""
664137,DATA,436.5,2.1,7994,7989,8401,1090,1460,1,1,1,""
664637,DATA,437.0,2.1,8021,8014,8399,1090,1460,1,1,1,""
665137,DATA,438.0,2.1,8031,8029,8400,1090,1460,1,1,1,""
665637,DATA,439.0,2.1,8012,8017,7800,1090,1460,1,1,1,""
666137,DATA,439.5,0.0,7999,8002,7801,1090,1460,1,1,1,""
666637,DATA,440.3,0.0,7996,7996,7800,1090,1460,1,1,1,""
667137,DATA,440.8,0.0,8017,8013,7800,1090,1460,1,1,1,""
667463,EVENT,441.0,0.0,8021,8019,7799,1090,1460,1,1,1,"STARTER 1480"
667637,DATA,441.3,1.9,8016,8018,5429,1090,1465,1,1,1,""
668137,DATA,441.3,0.0,6557,6778,8401,1090,1476,1,1,1,""
668637,DATA,441.5,0.0,7795,7525,8401,1090,1480,1,1,1,""
669137,DATA,441.8,0.0,8254,8166,8406,1090,1480,1,1,1,""
669637,DATA,441.8,0.0,8336,8320,8401,1090,1480,1,1,1,""
670137,DATA,441.5,0.0,8342,8340,8401,1090,1480,1,1,1,""
670637,DATA,441.8,0.0,8349,8346,8399,1090,1480,1,1,1,""
671137,DATA,442.0,0.0,8361,8357,8401,1090,1480,1,1,1,""
671637,DATA,442.0,0.0,8366,8364,7799,1090,1480,1,1,1,""
672137,DATA,442.5,4.2,8365,8365,8406,1090,1480,1,1,1,""
672637,DATA,443.7,2.1,8356,8358,8400,1090,1480,1,1,1,""
673137,DATA,444.0,2.1,8366,8364,8400,1090,1480,1,1,1,""
673637,DATA,444.3,0.0,8381,8378,8400,1090,1480,1,1,1,""
674137,DATA,444.8,-2.1,8376,8377,8401,1090,1480,1,1,1,""
674637,DATA,445.0,0.0,8374,8377,8399,1090,1480,1,1,1,""
675137,DATA,444.5,-2.1,8332,8342,8401,1090,1480,1,1,1,""
675637,DATA,444.3,2.1,8323,8325,8399,1090,1480,1,1,1,""
676137,DATA,445.0,0.0,8338,8334,8399,1090,1480,1,1,1,""
676637,DATA,445.8,0.0,8331,8334,8401,1090,1480,1,1,1,""
677064,EVENT,446.0,2.1,8330,8329,8400,1090,1480,1,1,1,"PUMP 1095"
677137,DATA,446.0,0.0,8334,8331,8399,1090,1480,1,1,1,""
677637,DATA,446.5,2.1,8340,8339,8400,1092,1480,1,1,1,""
678137,DATA,447.0,2.1,8343,8341,8400,1094,1480,1,1,1,""
678637,DATA,447.2,0.0,8339,8341,8400,1095,1480,1,1,1,""
679137,DATA,447.5,0.0,8328,8331,8400,1095,1480,1,1,1,""
679637,DATA,448.3,2.1,8326,8326,8401,1095,1480,1,1,1,""
680137,DATA,449.0,2.1,8292,8300,7801,1095,1480,1,1,1,""
680637,DATA,449.8,2.1,8256,8267,8400,1095,1480,1,1,1,""
681137,DATA,451.0,4.2,8195,8213,8400,1095,1480,1,1,1,""
681637,DATA,452.2,4.2,8139,8153,8400,1095,1480,1,1,1,""
682137,DATA,453.5,2.1,8057,8080,7801,1095,1480,1,1,1,""
682637,DATA,455.2,6.2,8030,8025,8400,1095,1480,1,1,1,""
683137,DATA,456.5,4.2,8138,8113,8400,1095,1480,1,1,1,""
683637,DATA,457.0,0.0,8185,8177,8401,1095,1480,1,1,1,""
684137,DATA,457.5,2.1,8188,8189,7801,1095,1480,1,1,1,""
684637,DATA,458.0,2.1,8149,8158,8400,1095,1480,1,1,1,""
685137,DATA,458.3,2.1,8123,8129,8400,1095,1480,1,1,1,""
685637,DATA,459.2,2.1,8128,8127,8400,1095,1480,1,1,1,""
685894,EVENT,460.0,2.1,8140,8135,8400,1095,1480,1,1,1,"STARTER 1500"
686137,DATA,460.2,0.0,8164,8152,7802,1095,1487,1,1,1,""
686637,DATA,461.3,4.2,6572,6874,8401,1095,1497,1,1,1,""
687137,DATA,461.5,0.0,7977,7700,8401,1095,1500,1,1,1,""
687637,DATA,461.8,2.1,8448,8354,8400,1095,1500,1,1,1,""
688137,DATA,461.8,0.0,8541,8523,8400,1095,1500,1,1,1,""
688637,DATA,461.8,0.0,8581,8571,8399,1095,1500,1,1,1,""
689114,EVENT,462.0,0.0,8613,8607,8999,1095,1500,1,1,1,"STARTER 1520"
689137,DATA,462.0,0.0,8613,8607,8999,1095,1501,1,1,1,""
689637,DATA,462.3,0.0,7743,8126,7238,1095,1513,1,1,1,""
690137,DATA,462.5,2.1,7315,7091,9000,1095,1520,1,1,1,""
690637,DATA,462.3,-2.1,8587,8360,9000,1095,1520,1,1,1,""
691137,DATA,462.0,2.1,8853,8800,9000,1095,1520,1,1,1,""
691151,EVENT,462.0,2.1,8853,8800,9000,1095,1520,0,1,1,"IGN OFF"
691637,DATA,462.0,2.1,8927,8908,9001,1095,1520,0,1,1,""
692137,DATA,462.0,2.1,8991,8977,9000,1095,1520,0,1,1,""
692637,DATA,462.0,-2.1,9013,9010,9600,1095,1520,0,1,1,""
693137,DATA,461.8,-2.1,9010,9011,9001,1095,1520,0,1,1,""
693637,DATA,462.3,2.1,9033,9027,9001,1095,1520,0,1,1,""
694137,DATA,462.8,0.0,9028,9030,9000,1095,1520,0,1,1,""
694314,EVENT,462.8,0.0,9025,9026,9000,1095,1520,0,1,1,"STARTER 1540"
694637,DATA,462.3,-2.1,8681,8848,4999,1095,1529,0,1,1,""
695137,DATA,461.3,-2.1,7404,7412,9000,1095,1538,0,1,1,""
695637,DATA,460.2,0.0,8859,8599,9001,1095,1540,0,1,1,""
696137,DATA,459.0,0.0,9195,9127,9000,1095,1540,0,1,1,""
696637,DATA,458.0,0.0,9260,9248,9000,1095,1540,0,1,1,""
697137,DATA,456.5,-4.2,9262,9262,9601,1095,1540,0,1,1,""
697637,DATA,455.5,0.0,9265,9262,9599,1095,1540,0,1,1,""
698137,DATA,454.3,-2.1,9270,9270,9000,1095,1540,0,1,1,""
698637,DATA,452.5,-2.1,9264,9265,9006,1095,1540,0,1,1,""
699137,DATA,451.2,-2.1,9255,9256,9001,1095,1540,0,1,1,""
699637,DATA,449.5,-4.2,9260,9260,9601,1095,1540,0,1,1,""
700137,DATA,448.0,-6.2,9259,9259,9600,1095,1540,0,1,1,""
700637,DATA,446.5,-2.1,9254,9257,9600,1095,1540,0,1,1,""
701137,DATA,444.3,-6.2,9235,9240,9600,1095,1540,0,1,1,""
701637,DATA,442.7,-2.1,9223,9226,9599,1095,1540,0,1,1,""
702122,EVENT,440.8,-2.1,9215,9216,8999,1095,1540,0,1,1,"PUMP 1100"
702137,DATA,440.8,-2.1,9215,9216,8999,1095,1540,0,1,1,""
702637,DATA,439.0,-4.2,9224,9223,9000,1096,1540,0,1,1,""
703137,DATA,437.5,-2.1,9218,9220,9001,1099,1540,0,1,1,""
703637,DATA,435.5,-4.2,9202,9204,9599,1100,1540,0,1,1,""
704137,DATA,434.0,-2.1,9227,9221,9600,1100,1540,0,1,1,""
704412,EVENT,432.5,-2.1,9233,9229,9000,1100,1540,1,1,1,"IGN ON"
704637,DATA,431.5,-8.3,9222,9228,9000,1100,1540,1,1,1,""
705137,DATA,429.8,-2.1,9155,9169,9599,1100,1540,1,1,1,""
705637,DATA,429.5,0.0,9133,9136,9600,1100,1540,1,1,1,""
706137,DATA,430.5,2.1,9149,9146,9001,1100,1540,1,1,1,""
706637,DATA,431.0,0.0,9156,9155,8999,1100,1540,1,1,1,""
707137,DATA,431.5,2.1,9140,9145,9000,1100,1540,1,1,1,""
707637,DATA,431.8,0.0,9148,9146,9600,1100,1540,1,1,1,""
708137,DATA,432.8,2.1,9144,9144,9000,1100,1540,1,1,1,""
708637,DATA,433.3,2.1,9143,9144,9001,1100,1540,1,1,1,""
709137,DATA,434.0,2.1,9146,9145,8999,1100,1540,1,1,1,""
709637,DATA,434.5,0.0,9158,9156,9601,1100,1540,1,1,1,""
710137,DATA,435.2,2.1,9160,9161,9001,1100,1540,1,1,1,""
710637,DATA,435.0,0.0,9159,9159,9000,1100,1540,1,1,1,""
711137,DATA,435.0,-2.1,9168,9166,9600,1100,1540,1,1,1,""
711637,DATA,434.7,-2.1,9176,9175,9000,1100,1540,1,1,1,""
712137,DATA,434.7,0.0,9182,9181,9599,1100,1540,1,1,1,""
712637,DATA,434.7,0.0,9179,9180,9000,1100,1540,1,1,1,""
713137,DATA,434.7,0.0,9176,9176,9600,1100,1540,1,1,1,""
713637,DATA,435.0,2.1,9176,9175,9001,1100,1540,1,1,1,""
714137,DATA,435.2,0.0,9183,9181,9599,1100,1540,1,1,1,""
714637,DATA,435.2,0.0,9204,9199,8999,1100,1540,1,1,1,""
715137,DATA,435.8,0.0,9198,9201,9000,1100,1540,1,1,1,""
715637,DATA,435.8,0.0,9189,9191,9601,1100,1540,1,1,1,""
716137,DATA,435.8,-2.1,9165,9172,9000,1100,1540,1,1,1,""
716634,EVENT,436.3,0.0,9149,9153,8999,1100,1540,1,1,1,"PUMP 1105"
716637,DATA,436.3,0.0,9149,9153,8999,1100,1540,1,1,1,""
717137,DATA,436.8,0.0,9129,9133,9001,1101,1540,1,1,1,""
717637,DATA,437.8,4.2,9117,9119,9000,1104,1540,1,1,1,""
718137,DATA,438.3,0.0,9106,9108,9000,1105,1540,1,1,1,""
718637,DATA,439.2,2.1,9112,9111,9000,1105,1540,1,1,1,""
719137,DATA,439.5,0.0,9102,9104,9000,1105,1540,1,1,1,""
719637,DATA,440.3,4.2,9103,9104,8999,1105,1540,1,1,1,""
720137,DATA,441.0,2.1,9086,9090,9599,1105,1540,1,1,1,""
720637,DATA,441.5,0.0,9090,9088,9600,1105,1540,1,1,1,""
721137,DATA,442.0,0.0,9090,9090,9000,1105,1540,1,1,1,""
721637,DATA,442.5,0.0,9092,9091,9001,1105,1540,1,1,1,""
722137,DATA,443.5,2.1,9101,9100,9000,1105,1540,1,1,1,""
722637,DATA,444.3,2.1,9083,9088,9000,1105,1540,1,1,1,""
723137,DATA,444.5,0.0,9062,9065,9000,1105,1540,1,1,1,""
723314,EVENT,444.5,2.1,9063,9064,8999,1105,1540,1,1,1,"PUMP 1110"
723637,DATA,444.5,0.0,9071,9070,8999,1106,1540,1,1,1,""
724137,DATA,445.0,2.1,9074,9074,9001,1108,1540,1,1,1,""
724637,DATA,445.5,0.0,9080,9080,9000,1110,1540,1,1,1,""
725137,DATA,446.3,0.0,9087,9083,9000,1110,1540,1,1,1,""
725637,DATA,447.0,0.0,9095,9095,9000,1110,1540,1,1,1,""
726137,DATA,447.7,0.0,9075,9081,9000,1110,1540,1,1,1,""
726637,DATA,448.3,0.0,9055,9058,9001,1110,1540,1,1,1,""
727137,DATA,449.0,2.1,9079,9072,9001,1110,1540,1,1,1,""
727637,DATA,449.8,2.1,9081,9083,9000,1110,1540,1,1,1,""
728137,DATA,450.3,0.0,9057,9061,9000,1110,1540,1,1,1,""
728637,DATA,450.5,2.1,9056,9056,8999,1110,1540,1,1,1,""
729137,DATA,450.8,2.1,9046,9049,9001,1110,1540,1,1,1,""
729637,DATA,451.5,2.1,9028,9034,9000,1110,1540,1,1,1,""
730137,DATA,452.2,2.1,9000,9006,9001,1110,1540,1,1,1,""
730637,DATA,452.2,0.0,9018,9008,9600,1110,1540,1,1,1,""
731137,DATA,452.5,0.0,9230,9170,9600,1110,1540,1,1,1,""
731637,DATA,452.8,0.0,9509,9452,9601,1110,1540,1,1,1,""
731656,EVENT,452.8,0.0,9529,9487,9598,1110,1540,0,1,1,"IGN OFF"
732137,DATA,453.0,2.1,9570,9556,9599,1110,1540,0,1,1,""
732637,DATA,452.8,0.0,9590,9585,9601,1110,1540,0,1,1,""
733137,DATA,452.5,0.0,9628,9618,9600,1110,1540,0,1,1,""
733637,DATA,452.2,-2.1,9680,9664,10199,1110,1540,0,1,1,""
734137,DATA,452.2,0.0,9816,9782,10201,1110,1540,0,1,1,""
734637,DATA,452.2,0.0,9910,9892,11400,1110,1540,0,1,1,""
735137,DATA,451.2,-2.1,9924,9920,10200,1110,1540,0,1,1,""
735637,DATA,450.0,-4.2,9947,9940,11401,1110,1540,0,1,1,""
736137,DATA,448.3,-4.2,9940,9943,10200,1110,1540,0,1,1,""
736637,DATA,446.0,-6.2,9942,9941,10202,1110,1540,0,1,1,""
737137,DATA,444.5,-2.1,9942,9943,11400,1110,1540,0,1,1,""
737637,DATA,442.3,-6.2,9929,9932,11400,1110,1540,0,1,1,""
738137,DATA,440.3,-2.1,9928,9930,10199,1110,1540,0,1,1,""
738637,DATA,438.3,-6.2,9908,9913,11999,1110,1540,0,1,1,""
739137,DATA,436.8,-4.2,9903,9904,10800,1110,1540,0,1,1,""
739637,DATA,434.7,-2.1,9897,9898,13802,1110,1540,0,1,1,""
739783,EVENT,434.2,-4.2,9899,9898,10201,1110,1540,1,1,1,"IGN ON"
740137,DATA,432.3,-4.2,9881,9890,10200,1110,1540,1,1,1,""
740637,DATA,430.5,-4.2,9799,9815,10801,1110,1540,1,1,1,""
741137,DATA,430.5,2.1,9785,9786,9601,1110,1540,1,1,1,""
741637,DATA,431.0,2.1,9822,9812,11401,1110,1540,1,1,1,""
742137,DATA,431.8,2.1,9849,9844,10200,1110,1540,1,1,1,""
742637,DATA,432.5,2.1,9864,9861,10200,1110,1540,1,1,1,""
743137,DATA,432.8,0.0,9873,9871,9601,1110,1540,1,1,1,""
743637,DATA,432.8,0.0,9877,9875,10201,1110,1540,1,1,1,""
744137,DATA,432.8,0.0,9888,9886,9600,1110,1540,1,1,1,""
744637,DATA,432.8,0.0,9890,9890,10201,1110,1540,1,1,1,""
745137,DATA,433.0,0.0,9906,9901,11401,1110,1540,1,1,1,""
745637,DATA,433.0,0.0,9922,9919,10200,1110,1540,1,1,1,""
746137,DATA,432.5,0.0,9901,9906,10800,1110,1540,1,1,1,""
746578,EVENT,432.0,0.0,9896,9896,11400,1110,1540,1,1,1,"STARTER 1560"
746637,DATA,432.0,0.0,9896,9896,11400,1110,1542,1,1,1,""
747137,DATA,432.0,0.0,9686,9708,10199,1110,1554,1,1,1,""
747637,DATA,431.8,-2.1,10019,9952,11401,1110,1560,1,1,1,""
748137,DATA,431.8,0.0,10189,10154,10199,1110,1560,1,1,1,""
748637,DATA,431.5,0.0,10235,10226,11399,1110,1560,1,1,1,""
749137,DATA,431.2,0.0,10247,10245,10199,1110,1560,1,1,1,""
749637,DATA,431.0,-2.1,10263,10258,10799,1110,1560,1,1,1,""
750137,DATA,431.0,0.0,10253,10257,10800,1110,1560,1,1,1,""
750637,DATA,430.7,0.0,10223,10229,10199,1110,1560,1,1,1,""
751137,DATA,430.7,0.0,10228,10225,10200,1110,1560,1,1,1,""
751637,DATA,431.0,0.0,10245,10242,10200,1110,1560,1,1,1,""
752137,DATA,430.7,-2.1,10236,10240,10200,1110,1560,1,1,1,""
752637,DATA,430.5,-2.1,10212,10215,10199,1110,1560,1,1,1,""
753137,DATA,430.7,0.0,10228,10226,12599,1110,1560,1,1,1,""
753637,DATA,431.2,0.0,10226,10226,10199,1110,1560,1,1,1,""
754137,DATA,431.5,0.0,10228,10228,12002,1110,1560,1,1,1,""
754637,DATA,431.5,0.0,10205,10212,10199,1110,1560,1,1,1,""
755137,DATA,431.0,0.0,10275,10275,10800,1110,1560,1,1,1,""
755637,DATA,431.0,0.0,10219,10227,10799,1110,1560,1,1,1,""
756137,DATA,431.2,2.1,10219,10219,10799,1110,1560,1,1,1,""
756637,DATA,431.0,2.1,10228,10227,10800,1110,1560,1,1,1,""
757137,DATA,431.2,-2.1,10198,10208,10800,1110,1560,1,1,1,""
757637,DATA,431.5,0.0,10181,10183,10200,1110,1560,1,1,1,""
758137,DATA,431.5,0.0,10218,10211,10199,1110,1560,1,1,1,""
758637,DATA,431.8,2.1,10225,10223,10200,1110,1560,1,1,1,""
759137,DATA,431.5,0.0,10222,10223,10199,1110,1560,1,1,1,""
759637,DATA,431.2,0.0,10195,10202,10799,1110,1560,1,1,1,""
760137,DATA,431.5,2.1,10184,10186,10199,1110,1560,1,1,1,""
760637,DATA,431.5,0.0,10199,10195,10201,1110,1560,1,1,1,""
760733,EVENT,431.5,0.0,10201,10198,10199,1110,1560,1,1,1,"PUMP 1115"
761137,DATA,431.5,0.0,10207,10205,10199,1111,1560,1,1,1,""
761637,DATA,431.5,0.0,10199,10201,10201,1113,1560,1,1,1,""
762137,DATA,431.5,0.0,10197,10199,10200,1115,1560,1,1,1,""
762637,DATA,431.8,2.1,10200,10199,10199,1115,1560,1,1,1,""
763137,DATA,432.0,0.0,10214,10208,10200,1115,1560,1,1,1,""
763637,DATA,432.3,0.0,10267,10255,10200,1115,1560,1,1,1,""
764137,DATA,432.5,2.1,10294,10289,10201,1115,1560,1,1,1,""
764637,DATA,432.3,0.0,10242,10255,10200,1115,1560,1,1,1,""
765137,DATA,432.8,0.0,10232,10232,10200,1115,1560,1,1,1,""
765637,DATA,433.0,2.1,10246,10242,10201,1115,1560,1,1,1,""
765874,EVENT,433.0,0.0,10250,10247,10200,1115,1560,1,1,1,"STARTER 1580"
766157,DATA,433.0,0.0,10035,10153,5117,1115,1568,1,1,1,""
766657,DATA,433.0,0.0,9835,9748,10200,1115,1577,1,1,1,""
767157,DATA,433.0,-2.1,10340,10242,10200,1115,1580,1,1,1,""
767657,DATA,433.5,2.1,10481,10455,10799,1115,1580,1,1,1,""
768157,DATA,433.3,-2.1,10504,10499,10200,1115,1580,1,1,1,""
768657,DATA,433.0,0.0,10492,10498,10800,1115,1580,1,1,1,""
769157,DATA,433.0,0.0,10449,10459,10798,1115,1580,1,1,1,""
769362,EVENT,432.8,0.0,10442,10448,10801,1115,1580,1,1,1,"STARTER 1600"
769677,DATA,432.8,0.0,10453,10449,5969,1115,1589,1,1,1,""
770177,DATA,432.8,0.0,10555,10528,10800,1115,1598,1,1,1,""
770677,DATA,432.8,0.0,10694,10659,10800,1115,1600,1,1,1,""
770930,EVENT,432.8,0.0,10752,10717,11401,1115,1600,1,1,1,"STARTER 1620"
771177,DATA,432.8,0.0,10611,10696,4178,1115,1607,1,1,1,""
771677,DATA,432.5,0.0,10183,10042,10798,1115,1617,1,1,1,""
772177,DATA,432.5,0.0,10901,10769,10800,1115,1620,1,1,1,""
772677,DATA,432.0,0.0,11103,11059,10800,1115,1620,1,1,1,""
773177,DATA,431.5,-2.1,11159,11148,10800,1115,1620,1,1,1,""
773677,DATA,431.0,-2.1,11151,11153,10800,1115,1620,1,1,1,""
774177,DATA,431.2,0.0,11148,11147,10798,1115,1620,1,1,1,""
774677,DATA,431.2,0.0,11164,11162,10800,1115,1620,1,1,1,""
775177,DATA,431.2,0.0,11158,11160,10800,1115,1620,1,1,1,""
775677,DATA,431.0,-2.1,11140,11147,11401,1115,1620,1,1,1,""
775831,EVENT,430.7,-2.1,11129,11139,10798,1115,1620,1,1,1,"STARTER 1640"
776197,DATA,430.5,0.0,11046,11087,5498,1115,1630,1,1,1,""
776697,DATA,430.2,0.0,9081,9417,11398,1115,1638,1,1,1,""
777197,DATA,430.0,0.0,10720,10392,10801,1115,1640,1,1,1,""
777697,DATA,430.0,0.0,11279,11168,11401,1115,1640,1,1,1,""
778197,DATA,429.8,0.0,11404,11378,11401,1115,1640,1,1,1,""
778697,DATA,429.5,0.0,11428,11422,11400,1115,1640,1,1,1,""
778759,EVENT,429.3,-2.1,11431,11426,11400,1115,1640,1,1,1,"PUMP 1120"
779006,EVENT,429.3,0.0,11421,11424,11400,1115,1640,1,1,1,"PUMP 1125"
779197,DATA,429.0,-2.1,11416,11421,11399,1115,1640,1,1,1,""
779697,DATA,428.8,-2.1,11407,11410,11399,1119,1640,1,1,1,""
780197,DATA,428.8,-2.1,11357,11364,11400,1124,1640,1,1,1,""
780697,DATA,429.0,0.0,11400,11389,11401,1125,1640,1,1,1,""
781197,DATA,429.3,0.0,11456,11444,11400,1125,1640,1,1,1,""
781697,DATA,428.8,-2.1,11444,11448,12001,1125,1640,1,1,1,""
782197,DATA,429.0,2.1,11431,11435,11399,1125,1640,1,1,1,""
782697,DATA,428.5,-2.1,11424,11424,11400,1125,1640,1,1,1,""
783197,DATA,428.3,0.0,11457,11447,11400,1125,1640,1,1,1,""
783697,DATA,428.3,0.0,11483,11479,11399,1125,1640,1,1,1,""
784197,DATA,428.0,-2.1,11453,11464,11399,1125,1640,1,1,1,""
784379,EVENT,428.0,-2.1,11420,11438,11402,1125,1640,1,1,1,"PUMP 1130"
784697,DATA,428.3,0.0,11375,11392,11400,1126,1640,1,1,1,""
785197,DATA,428.0,0.0,11377,11375,11399,1128,1640,1,1,1,""
785697,DATA,428.3,0.0,11426,11414,11400,1130,1640,1,1,1,""
786197,DATA,428.3,0.0,11448,11444,11401,1130,1640,1,1,1,""
786697,DATA,428.0,2.1,11433,11436,11401,1130,1640,1,1,1,""
787197,DATA,427.8,-2.1,11432,11433,11400,1130,1640,1,1,1,""
787697,DATA,427.5,0.0,11415,11419,11400,1130,1640,1,1,1,""
788197,DATA,427.2,-2.1,11426,11420,11400,1130,1640,1,1,1,""
788697,DATA,427.2,-2.1,11434,11434,11401,1130,1640,1,1,1,""
789197,DATA,427.0,0.0,11426,11429,11399,1130,1640,1,1,1,""
789683,EVENT,427.2,0.0,11402,11409,11400,1130,1640,1,1,1,"PUMP 1135"
789697,DATA,427.2,0.0,11402,11409,11400,1130,1640,1,1,1,""
790197,DATA,427.2,0.0,11379,11383,11399,1131,1640,1,1,1,""
790430,EVENT,427.2,0.0,11382,11381,11399,1132,1640,1,1,1,"PUMP 1140"
790697,DATA,427.8,2.1,11382,11382,11400,1133,1640,1,1,1,""
791197,DATA,428.0,0.0,11415,11406,11399,1136,1640,1,1,1,""
791697,DATA,428.3,0.0,11437,11432,11401,1139,1640,1,1,1,""
792197,DATA,428.3,0.0,11405,11413,11401,1140,1640,1,1,1,""
792697,DATA,428.0,2.1,11397,11396,11400,1140,1640,1,1,1,""
793197,DATA,428.3,2.1,11412,11409,11399,1140,1640,1,1,1,""
793697,DATA,428.5,0.0,11435,11430,11400,1140,1640,1,1,1,""
794197,DATA,428.5,0.0,11423,11427,11400,1140,1640,1,1,1,""
794697,DATA,428.0,-2.1,11398,11403,11400,1140,1640,1,1,1,""
795172,EVENT,427.8,0.0,11391,11392,11400,1140,1640,1,1,1,"PUMP 1145"
795197,DATA,427.8,0.0,11391,11392,11400,1140,1640,1,1,1,""
795697,DATA,427.8,0.0,11397,11395,11400,1141,1640,1,1,1,""
796197,DATA,427.5,-2.1,11406,11404,11400,1144,1640,1,1,1,""
796697,DATA,427.5,0.0,11405,11405,11400,1145,1640,1,1,1,""
797197,DATA,427.2,-2.1,11401,11402,11400,1145,1640,1,1,1,""
797697,DATA,427.5,0.0,11386,11390,11400,1145,1640,1,1,1,""
798197,DATA,427.5,0.0,11372,11376,10799,1145,1640,1,1,1,""
798697,DATA,428.0,2.1,11364,11366,11400,1145,1640,1,1,1,""
799197,DATA,428.0,0.0,11370,11368,11399,1145,1640,1,1,1,""
799545,EVENT,427.8,0.0,11377,11377,11401,1145,1640,0,1,1,"IGN OFF"
799697,DATA,427.8,0.0,11375,11376,11398,1145,1640,0,1,1,""
800197,DATA,427.5,-2.1,11401,11392,11399,1145,1640,0,1,1,""
800697,DATA,427.8,0.0,11452,11440,11400,1145,1640,0,1,1,""
801197,DATA,427.2,0.0,11479,11473,11402,1145,1640,0,1,1,""
801697,DATA,426.5,-2.1,11499,11494,11401,1145,1640,0,1,1,""
802197,DATA,426.0,0.0,11496,11499,11401,1145,1640,0,1,1,""
802697,DATA,425.5,-2.1,11494,11493,11400,1145,1640,0,1,1,""
803197,DATA,424.5,-4.2,11482,11487,11399,1145,1640,0,1,1,""
803697,DATA,423.0,-4.2,11460,11464,12001,1145,1640,0,1,1,""
804197,DATA,421.5,-6.2,11440,11447,11400,1145,1640,0,1,1,""
804697,DATA,419.0,-6.2,11399,11408,11400,1145,1640,0,1,1,""
805197,DATA,417.3,-4.2,11354,11366,11400,1145,1640,0,1,1,""
805697,DATA,415.0,-4.2,11323,11327,11399,1145,1640,0,1,1,""
806197,DATA,413.3,-4.2,11319,11321,11407,1145,1640,0,1,1,""
806646,EVENT,411.0,-4.2,11306,11308,11406,1145,1640,0,1,1,"STARTER 1660"
806697,DATA,411.0,-4.2,11306,11308,11406,1145,1642,0,1,1,""
807197,DATA,409.0,-4.2,9986,10518,9048,1145,1654,0,1,1,""
807537,EVENT,407.5,-6.2,10921,10711,11400,1145,1659,0,1,1,"STARTER 1680"
807697,DATA,407.5,0.0,11207,11028,9554,1145,1664,0,1,1,""
808058,EVENT,405.7,-4.2,10063,10514,2000,1145,1673,0,1,1,"STARTER 1700"
808217,DATA,405.5,-2.1,10495,10505,4499,1145,1678,0,1,1,""
808298,EVENT,404.8,-6.2,10961,10711,1500,1145,1681,0,1,1,"STARTER 1720"
808458,EVENT,404.0,-4.7,11145,10906,2000,1145,1688,0,1,1,"STARTER 1740"
808550,EVENT,403.3,-6.2,10998,10948,2000,1145,1691,0,1,1,"STARTER 1760"
808737,DATA,403.0,-2.1,10565,10776,3499,1145,1707,0,1,1,""
808778,EVENT,402.2,-6.2,9910,10386,1494,1145,1711,0,1,1,"STARTER 1780"
809257,DATA,400.5,-4.2,11774,11485,1500,1145,1751,0,1,1,""
809777,DATA,397.8,-2.1,11070,10895,1668,1145,1779,0,1,1,""
810277,DATA,395.0,-4.2,13150,12944,13199,1145,1780,0,1,1,""
810777,DATA,392.3,-6.2,13243,13210,13800,1145,1780,0,1,1,""
811153,EVENT,390.7,-6.2,13301,13285,13201,1145,1780,0,1,1,"PUMP 1150"
811277,DATA,390.5,-2.1,13305,13294,13799,1145,1780,0,1,1,""
811350,EVENT,389.5,-8.3,13305,13299,13200,1145,1780,0,1,1,"PUMP 1155"
811777,DATA,387.8,-6.2,13301,13303,13199,1147,1780,0,1,1,""
811785,EVENT,387.8,-6.2,13301,13303,13199,1147,1780,0,1,1,"PUMP 1160"
812007,EVENT,386.8,-4.2,13298,13300,13201,1148,1780,0,1,1,"PUMP 1165"
812277,DATA,385.8,-2.1,13294,13296,13201,1149,1780,0,1,1,""
812777,DATA,382.8,-6.2,13272,13278,13200,1157,1780,0,1,1,""
813277,DATA,379.5,-6.2,13261,13262,13201,1164,1780,0,1,1,""
813303,EVENT,379.5,-6.2,13261,13262,13201,1164,1780,1,1,1,"IGN ON"
813777,DATA,377.0,-6.2,13242,13251,13200,1165,1780,1,1,1,""
814277,DATA,375.3,-2.1,13179,13190,13200,1165,1780,1,1,1,""
814777,DATA,375.3,2.1,13212,13203,13199,1165,1780,1,1,1,""
815277,DATA,376.8,2.1,13273,13258,13202,1165,1780,1,1,1,""
815777,DATA,378.8,6.2,13334,13320,13199,1165,1780,1,1,1,""
816277,DATA,380.5,4.2,13370,13362,13201,1165,1780,1,1,1,""
816777,DATA,381.5,0.0,13390,13385,13800,1165,1780,1,1,1,""
817277,DATA,382.8,2.1,13400,13400,13202,1165,1780,1,1,1,""
817777,DATA,383.8,2.1,13378,13383,13801,1165,1780,1,1,1,""
818277,DATA,384.5,2.1,13328,13342,13801,1165,1780,1,1,1,""
818777,DATA,385.0,0.0,13307,13310,13200,1165,1780,1,1,1,""
819277,DATA,385.8,0.0,13302,13305,13199,1165,1780,1,1,1,""
819777,DATA,386.8,4.2,13328,13320,13199,1165,1780,1,1,1,""
820277,DATA,387.3,2.1,13305,13312,13199,1165,1780,1,1,1,""
820777,DATA,387.3,0.0,13291,13293,13200,1165,1780,1,1,1,""
821277,DATA,387.5,0.0,13275,13278,13800,1165,1780,1,1,1,""
821777,DATA,388.0,2.1,13306,13299,13802,1165,1780,1,1,1,""
822277,DATA,388.5,2.1,13324,13322,13800,1165,1780,1,1,1,""
822777,DATA,388.5,0.0,13327,13325,13799,1165,1780,1,1,1,""
823277,DATA,389.0,0.0,13323,13326,13199,1165,1780,1,1,1,""
823777,DATA,389.0,0.0,13311,13314,13806,1165,1780,1,1,1,""
824277,DATA,389.3,0.0,13297,13300,13808,1165,1780,1,1,1,""
824777,DATA,389.3,0.0,13292,13293,13806,1165,1780,1,1,1,""
825277,DATA,390.0,2.1,13263,13271,13208,1165,1780,1,1,1,""
825777,DATA,390.3,0.0,13229,13236,13207,1165,1780,1,1,1,""
826277,DATA,390.7,0.0,13242,13239,13206,1165,1780,1,1,1,""
826777,DATA,390.7,0.0,13258,13253,13209,1165,1780,1,1,1,""
827277,DATA,391.3,0.0,13252,13258,13208,1165,1780,1,1,1,""
827777,DATA,391.5,2.1,13218,13223,13207,1165,1780,1,1,1,""
828277,DATA,391.5,0.0,13229,13228,13207,1165,1780,1,1,1,""
828777,DATA,391.8,0.0,13212,13216,13208,1165,1780,1,1,1,""
829277,DATA,392.0,0.0,13187,13193,13207,1165,1780,1,1,1,""
829777,DATA,392.7,2.1,13187,13185,13206,1165,1780,1,1,1,""
830277,DATA,393.0,0.0,13206,13204,13207,1165,1780,1,1,1,""
830777,DATA,393.3,0.0,13213,13211,13208,1165,1780,1,1,1,""
831277,DATA,393.3,0.0,13219,13218,13208,1165,1780,1,1,1,""
831777,DATA,393.5,0.0,13216,13215,13209,1165,1780,1,1,1,""
832277,DATA,393.3,-2.1,13236,13231,13207,1165,1780,1,1,1,""
832777,DATA,393.5,0.0,13241,13240,13206,1165,1780,1,1,1,""
833277,DATA,394.0,2.1,13233,13238,13207,1165,1780,1,1,1,""
833777,DATA,394.2,2.1,13205,13211,13207,1165,1780,1,1,1,""
834277,DATA,394.0,0.0,13218,13214,13207,1165,1780,1,1,1,""
834777,DATA,394.2,0.0,13225,13221,13207,1165,1780,1,1,1,""
835277,DATA,394.5,2.1,13233,13234,13206,1165,1780,1,1,1,""
835777,DATA,394.5,-2.1,13240,13237,13207,1165,1780,1,1,1,""
836277,DATA,395.0,2.1,13206,13218,13207,1165,1780,1,1,1,""
836777,DATA,395.3,2.1,13157,13170,13208,1165,1780,1,1,1,""
837277,DATA,395.5,0.0,13103,13115,13206,1165,1780,1,1,1,""
837777,DATA,395.8,0.0,13098,13096,13207,1165,1780,1,1,1,""
838277,DATA,395.8,0.0,13096,13098,13206,1165,1780,1,1,1,""
838777,DATA,395.8,0.0,13132,13120,13206,1165,1780,1,1,1,""
839277,DATA,396.0,0.0,13174,13165,13206,1165,1780,1,1,1,""
839777,DATA,396.0,0.0,13158,13164,13207,1165,1780,1,1,1,""
840277,DATA,396.3,2.1,13126,13131,13208,1165,1780,1,1,1,""
840777,DATA,396.5,2.1,13080,13097,12606,1165,1780,1,1,1,""
840979,EVENT,396.5,0.0,13079,13083,13199,1165,1780,1,1,1,"PUMP 1170"
841138,EVENT,396.7,2.1,13087,13085,13201,1165,1780,1,1,1,"PUMP 1175"
841277,DATA,396.7,0.0,13104,13096,13332,1165,1780,1,1,1,""
841292,EVENT,396.7,0.0,13104,13096,13332,1165,1780,1,1,1,"PUMP 1180"
841427,EVENT,396.7,0.0,13111,13103,12598,1165,1780,1,1,1,"PUMP 1185"
841576,EVENT,396.7,0.0,13118,13113,13201,1166,1780,1,1,1,"PUMP 1190"
841777,DATA,396.7,0.0,13128,13122,12610,1167,1780,1,1,1,""
841836,EVENT,396.7,0.0,13128,13122,12610,1168,1780,1,1,1,"PUMP 1195"
842066,EVENT,396.7,0.0,13146,13139,13200,1170,1780,1,1,1,"PUMP 1200"
842277,DATA,396.7,0.0,13156,13150,13208,1172,1780,1,1,1,""
842777,DATA,397.0,0.0,13140,13145,13208,1184,1780,1,1,1,""
843297,DATA,397.0,0.0,11813,12347,2500,1197,1780,1,1,1,""
843797,DATA,397.3,0.0,12773,12047,13199,1200,1780,1,1,1,""
844297,DATA,397.8,2.1,13180,13120,13199,1200,1780,1,1,1,""
844797,DATA,398.0,0.0,13129,13139,13200,1200,1780,1,1,1,""
845297,DATA,398.3,0.0,13085,13097,13199,1200,1780,1,1,1,""
845797,DATA,398.5,0.0,13059,13061,13199,1200,1780,1,1,1,""
846297,DATA,398.7,0.0,13060,13061,13200,1200,1780,1,1,1,""
846797,DATA,398.7,0.0,13004,13018,13199,1200,1780,1,1,1,""
847297,DATA,398.7,0.0,12981,12983,13201,1200,1780,1,1,1,""
847797,DATA,399.3,0.0,13007,13003,12600,1200,1780,1,1,1,""
848297,DATA,399.0,0.0,12976,12983,12609,1200,1780,1,1,1,""
848797,DATA,399.0,0.0,12955,12960,12598,1200,1780,1,1,1,""
849297,DATA,399.0,0.0,12962,12960,12601,1200,1780,1,1,1,""
849797,DATA,399.3,0.0,12955,12957,12600,1200,1780,1,1,1,""
850297,DATA,399.3,0.0,12915,12923,13199,1200,1780,1,1,1,""
850797,DATA,399.0,0.0,12927,12923,13200,1200,1780,1,1,1,""
851297,DATA,398.7,0.0,12942,12939,13201,1200,1780,1,1,1,""
851797,DATA,398.7,0.0,12958,12957,13199,1200,1780,1,1,1,""
852297,DATA,398.5,0.0,12906,12920,12601,1200,1780,1,1,1,""
852797,DATA,398.3,0.0,12877,12879,12600,1200,1780,1,1,1,""
853297,DATA,398.0,0.0,12908,12899,13199,1200,1780,1,1,1,""
853797,DATA,397.5,0.0,12929,12926,13200,1200,1780,1,1,1,""
854297,DATA,397.3,0.0,12913,12917,12600,1200,1780,1,1,1,""
854797,DATA,397.3,0.0,12943,12934,12602,1200,1780,1,1,1,""
855297,DATA,396.7,0.0,12952,12952,13200,1200,1780,1,1,1,""
855797,DATA,396.3,-2.0,12921,12931,13199,1200,1780,1,1,1,""
856111,EVENT,396.0,-2.1,12886,12898,12599,1200,1780,1,1,1,"PUMP 1205"
856297,DATA,396.0,0.0,12871,12881,13201,1200,1780,1,1,1,""
856797,DATA,395.8,0.0,12878,12874,12600,1202,1780,1,1,1,""
857297,DATA,395.3,0.0,12882,12882,13198,1204,1780,1,1,1,""
857797,DATA,394.8,-2.1,12889,12888,13201,1205,1780,1,1,1,""
858297,DATA,394.5,-2.1,12886,12886,12600,1205,1780,1,1,1,""
858797,DATA,394.2,0.0,12879,12880,13200,1205,1780,1,1,1,""
859297,DATA,393.8,-2.1,12870,12872,13200,1205,1780,1,1,1,""
859797,DATA,393.3,0.0,12875,12871,12600,1205,1780,1,1,1,""
860297,DATA,392.7,0.0,12884,12883,13199,1205,1780,1,1,1,""
860488,EVENT,392.5,-2.1,12881,12882,12601,1205,1780,1,1,1,"STARTER 1800"
860817,DATA,392.5,0.0,12667,12785,5000,1205,1789,1,1,1,""
861317,DATA,392.0,-2.1,11434,11434,13199,1205,1798,1,1,1,""
861817,DATA,391.8,0.0,12713,12489,12601,1205,1800,1,1,1,""
862317,DATA,391.0,-2.1,13010,12947,13201,1205,1800,1,1,1,""
862817,DATA,390.5,0.0,13076,13064,13200,1205,1800,1,1,1,""
863317,DATA,389.8,-2.1,13072,13071,13201,1205,1800,1,1,1,""
863817,DATA,389.5,0.0,13079,13075,13201,1205,1800,1,1,1,""
864317,DATA,389.3,0.0,13102,13099,13200,1205,1800,1,1,1,""
864817,DATA,388.7,0.0,13047,13066,13199,1205,1800,1,1,1,""
864844,EVENT,388.7,0.0,13047,13066,13199,1000,1800,0,0,0,"EV:A03_ESTOP"
865317,DATA,388.7,0.0,13027,13024,12601,1000,1800,0,0,0,""
865817,DATA,388.3,-2.1,13089,13077,13208,1000,1800,0,0,0,""
866317,DATA,387.0,-4.2,13092,13091,13188,1000,1800,0,0,0,""
866817,DATA,384.8,-4.2,13081,13086,13200,1000,1800,0,0,0,""
867317,DATA,380.2,-12.0,13014,13030,13198,1000,1800,0,0,0,""
867817,DATA,375.3,-6.2,12940,12960,13200,1000,1800,0,0,0,""
868317,DATA,368.8,-14.6,12841,12866,13199,1000,1800,0,0,0,""
868817,DATA,363.3,-14.6,12739,12763,13201,1000,1800,0,0,0,""
869317,DATA,356.3,-6.2,12649,12671,12600,1000,1800,0,0,0,""
869817,DATA,350.3,-14.6,12578,12595,12600,1000,1800,0,0,0,""
870317,DATA,345.3,-11.9,12495,12517,12601,1000,1800,0,0,0,""
870475,EVENT,343.8,-12.5,12480,12500,11999,1000,1800,0,0,0,"STARTER 1780"
870678,EVENT,341.3,-13.6,12457,12473,11345,1000,1794,0,0,0,"STARTER 1760"
870837,DATA,339.8,-11.4,12312,12401,5997,1000,1788,0,0,0,""
870918,EVENT,339.8,-11.4,11941,12194,2489,1000,1784,0,0,0,"STARTER 1740"
871357,DATA,334.2,-6.2,10568,10565,3000,1000,1760,0,0,0,""
871638,EVENT,331.8,-8.3,12308,11608,1500,1000,1749,0,0,0,"STARTER 1720"
871810,EVENT,330.2,-12.5,12569,12040,3000,1000,1743,0,0,0,"STARTER 1700"
871877,DATA,329.0,-9.3,12438,12219,2695,1000,1741,0,0,0,""
871998,EVENT,327.3,-12.0,11999,12120,2255,1000,1733,0,0,0,"STARTER 1680"
872158,EVENT,326.8,-4.2,11333,11766,2000,1000,1723,0,0,0,"STARTER 1660"
872330,EVENT,325.3,-12.5,11003,11110,1519,1000,1711,0,0,0,"STARTER 1640"
872397,DATA,323.7,-11.2,11003,11110,1519,1000,1708,0,0,0,""
872478,EVENT,323.7,-11.2,11612,11336,3487,1000,1699,0,0,0,"STARTER 1620"
872678,EVENT,321.0,-7.9,11905,11740,1500,1000,1679,0,0,0,"STARTER 1600"
872917,DATA,319.0,-4.2,10966,11347,3501,1000,1655,0,0,0,""
872918,EVENT,319.0,-4.2,10966,11347,3501,1000,1655,0,0,0,"STARTER 1580"
873437,DATA,314.3,-9.5,10518,10554,2272,1000,1608,0,0,0,""
873957,DATA,309.8,-9.5,9789,9861,1500,1000,1580,0,0,0,""
873958,EVENT,309.8,-9.5,9789,9861,1500,1000,1580,0,0,0,"STARTER 1560"
874477,DATA,305.8,-9.5,9144,9269,2500,1000,1567,0,0,0,""
874977,DATA,302.8,-2.1,9112,9035,9599,1000,1560,0,0,0,""
875477,DATA,298.7,-8.3,9241,9234,9000,1000,1560,0,0,0,""
875977,DATA,294.5,-8.3,9189,9204,9000,1000,1560,0,0,0,""
876477,DATA,291.3,-8.3,9227,9212,9600,1000,1560,0,0,0,""
876977,DATA,287.5,-8.3,9273,9269,9601,1000,1560,0,0,0,""
877359,EVENT,285.3,-4.2,9165,9195,9601,1000,1560,0,0,0,"STARTER 1540"
877477,DATA,284.2,-7.9,9156,9177,8957,1000,1556,0,0,0,""
877977,DATA,280.5,-8.3,8955,8946,9000,1000,1545,0,0,0,""
878174,EVENT,279.0,-6.2,9055,9011,9000,1000,1542,0,0,0,"STARTER 1520"
878497,DATA,276.8,-9.5,8773,8922,2500,1000,1533,0,0,0,""
878738,EVENT,275.3,-4.2,7573,8154,1500,1000,1527,0,0,0,"STARTER 1500"
879017,DATA,273.0,-9.5,7410,7656,1818,1000,1517,0,0,0,""
879517,DATA,269.5,-7.6,6749,6835,3620,1000,1504,0,0,0,""
880017,DATA,266.5,-8.3,7501,7217,7800,1000,1500,0,0,0,""
880517,DATA,263.5,-6.2,7886,7786,8399,1000,1500,0,0,0,""
881017,DATA,260.8,-6.2,7973,7943,7800,1000,1500,0,0,0,""
881517,DATA,257.2,-8.3,8203,8161,7800,1000,1500,0,0,0,""
881819,EVENT,256.0,-4.2,8271,8242,8401,1000,1500,0,0,0,"STARTER 1480"
882017,DATA,254.5,-4.2,8277,8258,8398,1000,1494,0,0,0,""
882517,DATA,251.5,-6.0,8017,8031,7799,1000,1484,0,0,0,""
882547,EVENT,251.5,-6.0,8056,8042,8399,1000,1483,0,0,0,"STARTER 1460"
883037,DATA,249.0,-2.1,6776,7300,1818,1000,1469,0,0,0,""
883537,DATA,246.0,-6.2,6422,6429,7799,1000,1460,0,0,0,""
884037,DATA,242.7,-8.3,7489,7304,7800,1000,1460,0,0,0,""
884537,DATA,240.5,-2.1,7668,7642,7200,1000,1460,0,0,0,""
885037,DATA,237.8,-6.2,7515,7551,7799,1000,1460,0,0,0,""
885537,DATA,235.5,-4.2,7487,7487,7801,1000,1460,0,0,0,""
885627,EVENT,234.8,-6.2,7495,7491,7800,1000,1460,0,0,0,"STARTER 1440"
886037,DATA,233.0,-6.2,6863,7164,2500,1000,1449,0,0,0,""
886201,EVENT,231.8,-6.2,6423,6714,7238,1000,1446,0,0,0,"STARTER 1420"
886557,DATA,230.8,-2.1,5852,6033,2272,1000,1434,0,0,0,""
887057,DATA,228.5,-2.1,5402,5564,2501,1000,1422,0,0,0,""
887557,DATA,225.8,-2.1,6298,6046,7200,1000,1420,0,0,0,""
888057,DATA,223.5,-4.2,6828,6732,6601,1000,1420,0,0,0,""
888236,EVENT,223.0,-4.2,6882,6831,7200,1000,1420,0,0,0,"STARTER 1400"
888557,DATA,221.5,-2.1,6689,6790,3999,1000,1411,0,0,0,""
888837,EVENT,220.5,-2.1,6046,6235,7234,1000,1405,0,0,0,"STARTER 1380"
889057,DATA,219.3,-4.2,6082,6166,3982,1000,1398,0,0,0,""
889577,DATA,217.3,-2.1,5370,5464,1500,1000,1384,0,0,0,""
890071,EVENT,215.0,-6.2,5514,5387,6600,1000,1380,0,0,0,"STARTER 1360"
890077,DATA,215.0,-6.2,5514,5387,6600,1000,1380,0,0,0,""
890577,DATA,213.0,-4.2,5713,5713,3000,1000,1367,0,0,0,""
890860,EVENT,211.8,-2.1,5619,5592,6600,1000,1362,0,0,0,"STARTER 1340"
891097,DATA,211.0,-5.4,5640,5651,1500,1000,1355,0,0,0,""
891597,DATA,209.2,-2.1,4907,5097,6000,1000,1344,0,0,0,""
891610,EVENT,209.2,-2.1,4907,5097,6000,1000,1344,0,0,0,"STARTER 1320"
892097,DATA,207.2,-6.2,4490,4635,1500,1000,1330,0,0,0,""
892381,EVENT,206.3,-4.2,4409,4507,1500,1000,1323,0,0,0,"STARTER 1300"
892617,DATA,205.8,-4.2,4371,4437,1500,1000,1316,0,0,0,""
893117,DATA,203.5,-4.2,4429,4404,5400,1000,1304,0,0,0,""
893617,DATA,202.0,-6.2,5002,4879,4800,1000,1300,0,0,0,""
894117,DATA,200.8,-4.2,5144,5119,5401,1000,1300,0,0,0,""
894617,DATA,199.8,-2.1,5135,5138,4800,1000,1300,0,0,0,""
895117,DATA,198.3,-2.1,5102,5108,5399,1000,1300,0,0,0,""
895617,DATA,197.0,-2.1,5076,5082,4800,1000,1300,0,0,0,""
896117,DATA,195.0,-4.2,5092,5089,4799,1000,1300,0,0,0,""
896617,DATA,193.8,-2.1,5112,5108,4800,1000,1300,0,0,0,""
897117,DATA,192.0,-2.1,5138,5132,5400,1000,1300,0,0,0,""
897617,DATA,190.5,-4.2,5146,5144,5400,1000,1300,0,0,0,""
898117,DATA,189.2,0.0,5157,5156,5400,1000,1300,0,0,0,""
898617,DATA,187.8,-2.1,5162,5162,5400,1000,1300,0,0,0,""
899117,DATA,186.3,0.0,5182,5175,5401,1000,1300,0,0,0,""
899617,DATA,185.0,0.0,5203,5199,5400,1000,1300,0,0,0,""
900117,DATA,183.3,-2.1,5234,5228,4800,1000,1300,0,0,0,""
900617,DATA,182.3,0.0,5235,5234,5400,1000,1300,0,0,0,""
901117,DATA,180.3,-8.3,5233,5232,4800,1000,1300,0,0,0,""
901617,DATA,179.3,-4.2,5250,5246,4799,1000,1300,0,0,0,""
902117,DATA,177.3,-6.2,5264,5260,5400,1000,1300,0,0,0,""
902617,DATA,176.0,-4.2,5271,5271,5400,1000,1300,0,0,0,""
903117,DATA,174.8,-2.1,5259,5261,5401,1000,1300,0,0,0,""
903617,DATA,173.5,-6.2,5257,5257,5400,1000,1300,0,0,0,""
904117,DATA,172.5,0.0,5277,5274,5400,1000,1300,0,0,0,""
904617,DATA,171.0,0.0,5289,5286,5400,1000,1300,0,0,0,""
905117,DATA,169.0,-4.2,5304,5301,5400,1000,1300,0,0,0,""
905617,DATA,168.3,-2.1,5305,5305,5400,1000,1300,0,0,0,""
906117,DATA,167.0,-2.1,5313,5311,5400,1000,1300,0,0,0,""
906617,DATA,165.5,-2.1,5310,5311,5400,1000,1300,0,0,0,""
907117,DATA,164.5,-2.1,5318,5316,5400,1000,1300,0,0,0,""
907617,DATA,163.5,0.0,5317,5317,5399,1000,1300,0,0,0,""
908117,DATA,161.5,0.0,5318,5318,5400,1000,1300,0,0,0,""
908617,DATA,160.3,-2.1,5315,5316,5401,1000,1300,0,0,0,""
909117,DATA,159.3,0.0,5318,5317,5399,1000,1300,0,0,0,""
909617,DATA,157.8,-2.1,5325,5323,5400,1000,1300,0,0,0,""
910117,DATA,156.5,-4.2,5331,5330,5400,1000,1300,0,0,0,""
910617,DATA,155.5,-4.2,5330,5331,5400,1000,1300,0,0,0,""
911117,DATA,154.5,-6.2,5329,5329,5400,1000,1300,0,0,0,""
911617,DATA,153.3,-2.1,5334,5332,5399,1000,1300,0,0,0,""
912117,DATA,152.0,-2.1,5348,5345,5400,1000,1300,0,0,0,""
912617,DATA,150.8,-6.2,5349,5350,5400,1000,1300,0,0,0,""
913117,DATA,150.0,2.1,5346,5347,5400,1000,1300,0,0,0,""
913617,DATA,149.0,0.0,5348,5347,6600,1000,1300,0,0,0,""
914117,DATA,148.0,2.1,5358,5355,5400,1000,1300,0,0,0,""
914617,DATA,146.8,2.1,5363,5363,5401,1000,1300,0,0,0,""
915117,DATA,145.3,-4.2,5363,5362,5400,1000,1300,0,0,0,""
915617,DATA,144.8,4.2,5365,5364,5399,1000,1300,0,0,0,""
916117,DATA,143.0,-4.2,5361,5362,5400,1000,1300,0,0,0,""
916617,DATA,142.5,0.0,5360,5360,5400,1000,1300,0,0,0,""
917117,DATA,141.3,-4.2,5353,5355,5400,1000,1300,0,0,0,""
917617,DATA,139.8,-4.2,5347,5349,5400,1000,1300,0,0,0,""
918117,DATA,139.0,-4.2,5349,5348,5400,1000,1300,0,0,0,""
918617,DATA,138.0,-4.2,5347,5347,5400,1000,1300,0,0,0,""
919117,DATA,137.3,0.0,5350,5350,5401,1000,1300,0,0,0,""
919617,DATA,136.3,0.0,5347,5349,5400,1000,1300,0,0,0,""
920117,DATA,135.0,-6.2,5344,5344,5400,1000,1300,0,0,0,""
920617,DATA,134.5,0.0,5350,5349,5400,1000,1300,0,0,0,""
921117,DATA,133.3,-2.1,5350,5350,5399,1000,1300,0,0,0,""
921617,DATA,132.5,0.0,5350,5351,5400,1000,1300,0,0,0,""
922117,DATA,131.5,-2.1,5344,5346,5400,1000,1300,0,0,0,""
922617,DATA,130.5,-2.1,5347,5346,5400,1000,1300,0,0,0,""
923117,DATA,129.5,-4.2,5357,5355,5400,1000,1300,0,0,0,""
923617,DATA,129.0,0.0,5352,5354,5400,1000,1300,0,0,0,""
924117,DATA,128.0,2.1,5353,5352,5400,1000,1300,0,0,0,""
924617,DATA,126.8,-2.1,5349,5351,5401,1000,1300,0,0,0,""
925117,DATA,126.2,2.1,5348,5347,5400,1000,1300,0,0,0,""
925617,DATA,125.2,-2.1,5345,5346,5400,1000,1300,0,0,0,""
926117,DATA,124.2,-6.2,5344,5344,5400,1000,1300,0,0,0,""
926617,DATA,123.7,-2.1,5345,5345,5400,1000,1300,0,0,0,""
927117,DATA,122.7,-2.1,5346,5345,5401,1000,1300,0,0,0,""
927617,DATA,121.5,-6.2,5356,5354,5400,1000,1300,0,0,0,""
928117,DATA,120.7,-2.1,5356,5357,5400,1000,1300,0,0,0,""
928617,DATA,120.0,-4.2,5345,5348,5399,1000,1300,0,0,0,""
929117,DATA,119.7,-2.1,5343,5343,5400,1000,1300,0,0,0,""
929617,DATA,118.7,-2.1,5346,5346,5399,1000,1300,0,0,0,""
930117,DATA,118.0,-2.1,5346,5346,4800,1000,1300,0,0,0,""
930617,DATA,117.3,-2.1,5356,5354,5400,1000,1300,0,0,0,""
931117,DATA,116.5,2.1,5354,5355,5400,1000,1300,0,0,0,""
931617,DATA,115.7,-2.1,5349,5350,5399,1000,1300,0,0,0,""
932117,DATA,114.7,-4.2,5342,5344,5400,1000,1300,0,0,0,""
932617,DATA,114.0,-2.1,5344,5343,5399,1000,1300,0,0,0,""
933117,DATA,114.0,2.1,5358,5355,5400,1000,1300,0,0,0,""
933617,DATA,112.5,-4.2,5363,5362,5400,1000,1300,0,0,0,""
934117,DATA,112.2,2.1,5367,5366,5400,1000,1300,0,0,0,""
934617,DATA,111.2,-4.2,5364,5365,5401,1000,1300,0,0,0,""
935117,DATA,110.7,0.0,5358,5359,5400,1000,1300,0,0,0,""
935617,DATA,109.7,-2.1,5370,5366,5400,1000,1300,0,0,0,""
936117,DATA,109.5,0.0,5372,5373,5400,1000,1300,0,0,0,""
936617,DATA,109.0,4.2,5365,5366,5399,1000,1300,0,0,0,""
937117,DATA,108.2,2.1,5377,5375,5400,1000,1300,0,0,0,""
937617,DATA,107.2,-2.1,5380,5380,5401,1000,1300,0,0,0,""
938117,DATA,106.5,-4.2,5368,5371,5401,1000,1300,0,0,0,""
938617,DATA,106.0,-4.2,5364,5364,5400,1000,1300,0,0,0,""
939117,DATA,105.5,-2.1,5360,5361,5399,1000,1300,0,0,0,""
939617,DATA,105.0,-2.1,5367,5365,5399,1000,1300,0,0,0,""
940117,DATA,104.5,0.0,5365,5366,5400,1000,1300,0,0,0,""
940617,DATA,103.5,0.0,5361,5361,5401,1000,1300,0,0,0,""
941117,DATA,103.0,-2.1,5370,5368,5400,1000,1300,0,0,0,""
941617,DATA,102.5,-2.1,5366,5368,5400,1000,1300,0,0,0,""
942117,DATA,102.0,0.0,5366,5365,5399,1000,1300,0,0,0,""
942617,DATA,101.5,0.0,5371,5369,5400,1000,1300,0,0,0,""
943117,DATA,100.8,0.0,5374,5375,5400,1000,1300,0,0,0,""
943617,DATA,100.2,0.0,5363,5366,5401,1000,1300,0,0,0,""
944117,DATA,99.5,-4.2,5353,5355,5400,1000,1300,0,0,0,""
944617,DATA,98.7,-2.1,5346,5347,5400,1000,1300,0,0,0,""
945117,DATA,98.3,-4.2,5350,5349,5400,1000,1300,0,0,0,""
945617,DATA,98.0,0.0,5347,5348,5399,1000,1300,0,0,0,""
946117,DATA,97.5,0.0,5345,5344,5399,1000,1300,0,0,0,""
946617,DATA,97.0,2.1,5352,5351,5400,1000,1300,0,0,0,""
947117,DATA,96.2,0.0,5348,5350,5400,1000,1300,0,0,0,""
947617,DATA,95.5,-4.2,5350,5349,5400,1000,1300,0,0,0,""
948117,DATA,95.0,-2.1,5346,5347,5400,1000,1300,0,0,0,""
948617,DATA,94.5,-2.1,5346,5346,5401,1000,1300,0,0,0,""
949117,DATA,94.5,0.0,5359,5356,5400,1000,1300,0,0,0,""
949617,DATA,93.7,-2.1,5366,5366,5400,1000,1300,0,0,0,""
950117,DATA,93.3,0.0,5367,5367,5400,1000,1300,0,0,0,""
950617,DATA,92.5,-2.1,5363,5364,4800,1000,1300,0,0,0,""
951117,DATA,92.5,2.1,5357,5358,5400,1000,1300,0,0,0,""
951617,DATA,92.0,0.0,5361,5360,5400,1000,1300,0,0,0,""
952117,DATA,91.5,0.0,5364,5364,5400,1000,1300,0,0,0,""
952617,DATA,90.8,-2.1,5357,5359,4799,1000,1300,0,0,0,""
953117,DATA,90.8,2.1,5356,5356,5400,1000,1300,0,0,0,""
953617,DATA,90.2,0.0,5358,5358,5400,1000,1300,0,0,0,""
954117,DATA,89.8,0.0,5354,5355,5400,1000,1300,0,0,0,""
954617,DATA,89.2,-2.1,5357,5356,5400,1000,1300,0,0,0,""
955117,DATA,88.7,-2.1,5355,5356,5400,1000,1300,0,0,0,""
955617,DATA,88.0,-4.2,5349,5350,5401,1000,1300,0,0,0,""
956117,DATA,87.7,0.0,5344,5345,5400,1000,1300,0,0,0,""
956617,DATA,87.5,0.0,5343,5343,5401,1000,1300,0,0,0,""
957117,DATA,87.3,0.0,5347,5347,5399,1000,1300,0,0,0,""
957617,DATA,86.2,-4.2,5341,5342,5400,1000,1300,0,0,0,""
958117,DATA,86.2,-2.1,5341,5341,5400,1000,1300,0,0,0,""
958617,DATA,85.8,-2.1,5338,5339,5400,1000,1300,0,0,0,""
959117,DATA,85.0,-4.2,5339,5338,5400,1000,1300,0,0,0,""
959617,DATA,84.8,0.0,5340,5340,5400,1000,1300,0,0,0,""
960117,DATA,84.2,-2.1,5337,5337,5400,1000,1300,0,0,0,""
960617,DATA,84.2,0.0,5340,5339,5401,1000,1300,0,0,0,""
961117,DATA,83.5,-4.2,5343,5342,5400,1000,1300,0,0,0,""
961617,DATA,83.5,2.1,5344,5344,5401,1000,1300,0,0,0,""
962117,DATA,82.5,-4.2,5334,5336,4801,1000,1300,0,0,0,""
962617,DATA,82.3,-4.2,5332,5332,5400,1000,1300,0,0,0,""
963117,DATA,82.3,2.1,5336,5335,5400,1000,1300,0,0,0,""
963617,DATA,81.5,-2.1,5338,5339,5400,1000,1300,0,0,0,""
964117,DATA,81.2,-2.1,5340,5339,5400,1000,1300,0,0,0,""
964617,DATA,81.0,-2.1,5351,5349,5401,1000,1300,0,0,0,""
964699,EVENT,80.8,-2.1,5351,5349,5401,1000,1000,0,0,0,"EV:A05_ALL_OFF"
965117,DATA,81.2,0.0,4606,4887,3000,1000,1000,0,0,0,""
965617,DATA,81.0,0.0,2548,3038,600,1000,1000,0,0,0,""
966117,DATA,81.0,0.0,1608,1783, 0,1000,1000,0,0,0,""
966617,DATA,81.5,0.0,1389,1449,6000,1000,1000,0,0,0,""
967117,DATA,81.7,0.0,891,1277,166808,1000,1000,0,0,0,""
967617,DATA,82.0,0.0, 0, 0,166188,1000,1000,0,0,0,""
968117,DATA,82.5,2.1, 0, 0,168000,1000,1000,0,0,0,""
968617,DATA,82.7,2.1, 0, 0,166783,1000,1000,0,0,0,""
969117,DATA,82.7,0.0, 0, 0,168000,1000,1000,0,0,0,""
969617,DATA,83.0,0.0, 0, 0,166197,1000,1000,0,0,0,""
970117,DATA,83.0,0.0, 0, 0,167397,1000,1000,0,0,0,""
970617,DATA,83.3,0.0, 0, 0,166793,1000,1000,0,0,0,""
971117,DATA,83.3,0.0, 0, 0,167383,1000,1000,0,0,0,""
971617,DATA,83.5,2.1, 0, 0,166192,1000,1000,0,0,0,""
972117,DATA,83.5,0.0, 0, 0,166813,1000,1000,0,0,0,""
972617,DATA,83.5,0.0, 0, 0,165603,1000,1000,0,0,0,""
973117,DATA,83.5,0.0, 0, 0,167400,1000,1000,0,0,0,""
973617,DATA,83.7,2.1, 0, 0,166198,1000,1000,0,0,0,""
974117,DATA,83.7,0.0, 0, 0,167988,1000,1000,0,0,0,""
974617,DATA,83.7,0.0, 0, 0,166805,1000,1000,0,0,0,""
975117,DATA,83.7,0.0, 0, 0,168615,1000,1000,0,0,0,""
975617,DATA,83.7,0.0, 0, 0,166810,1000,1000,0,0,0,""
976117,DATA,83.7,0.0, 0, 0,167415,1000,1000,0,0,0,""
976617,DATA,83.7,0.0, 0, 0,166198,1000,1000,0,0,0,""
977117,DATA,83.7,0.0, 0, 0,168607,1000,1000,0,0,0,""
977617,DATA,83.7,0.0, 0, 0,166200,1000,1000,0,0,0,""
978117,DATA,83.7,0.0, 0, 0,168010,1000,1000,0,0,0,""
978617,DATA,83.7,0.0, 0, 0,166805,1000,1000,0,0,0,""
979117,DATA,83.7,0.0, 0, 0,167982,1000,1000,0,0,0,""
979617,DATA,83.7,0.0, 0, 0,166817,1000,1000,0,0,0,""
980117,DATA,83.7,0.0, 0, 0,168005,1000,1000,0,0,0,""
980617,DATA,83.7,0.0, 0, 0,166213,1000,1000,0,0,0,""
981117,DATA,83.7,0.0, 0, 0,167405,1000,1000,0,0,0,""
981617,DATA,83.7,0.0, 0, 0,166202,1000,1000,0,0,0,""
982117,DATA,83.7,0.0, 0, 0,167997,1000,1000,0,0,0,""
982617,DATA,83.5,0.0, 0, 0,166797,1000,1000,0,0,0,""
983117,DATA,83.7,2.1, 0, 0,167995,1000,1000,0,0,0,""
983140,EVENT,83.7,2.1, 0, 0,167995,1000,1000,0,0,0,"STARTER 1200"
983617,DATA,82.0,-6.2,2338,1661,1000,1000,1117,0,0,0,""
984137,DATA,82.7,3.4,1920,2014,1111,1000,1195,0,0,0,""
984637,DATA,83.5,0.0,1689,1781, 0,1000,1200,0,0,0,""
985137,DATA,82.5,2.1,1674,1662,1800,1000,1200,0,0,0,""
985637,DATA,82.7,2.1,1710,1656,2400,1000,1200,0,0,0,""
986137,DATA,82.3,0.0,2680,2458,3000,1000,1200,0,0,0,""
986637,DATA,81.5,-2.1,3232,3117,4200,1000,1200,0,0,0,""
987137,DATA,81.2,-2.1,3404,3369,4201,1000,1200,0,0,0,""
987637,DATA,80.8,0.0,3445,3436,3601,1000,1200,0,0,0,""
988137,DATA,80.0,0.0,3251,3364,3000,1000,1200,0,0,0,""
988637,DATA,79.5,0.0,2529,2648,3600,1000,1200,0,0,0,""
989137,DATA,79.0,-2.1,3266,3125,7199,1000,1200,0,0,0,""
989637,DATA,79.0,0.0,3456,3420,4200,1000,1200,0,0,0,""
989777,EVENT,78.5,-4.2,3392,3387,4200,1000,1200,1,0,0,"IGN ON"
990137,DATA,78.3,-2.1,3458,3440,7800,1000,1200,1,0,0,""
990637,DATA,77.7,0.0,3454,3456,3600,1000,1200,1,0,0,""
991137,DATA,77.2,-2.1,3442,3443,5400,1000,1200,1,0,0,""
991397,EVENT,77.2,2.1,3434,3434,4800,1000,1200,1,1,0,"VALVE1 ON"
991637,DATA,77.2,2.1,3431,3433,5401,1000,1200,1,1,0,""
992137,DATA,76.5,-2.1,3421,3428,8401,1000,1200,1,1,0,""
992558,EVENT,76.5,-2.1,3433,3434,8399,1000,1200,1,1,0,"PUMP 1045"
992637,DATA,76.5,0.0,3433,3434,8399,1000,1200,1,1,0,""
993157,DATA,76.2,0.0,3402,3418,2150,1014,1200,1,1,0,""
993677,DATA,76.0,-1.7,2182,2519,1667,1036,1200,1,1,0,""
994177,DATA,76.0,2.1,1608,1714,5400,1045,1200,1,1,0,""
994677,DATA,76.2,2.1,2915,2609,5400,1045,1200,1,1,0,""
995177,DATA,77.2,4.2,3380,3292,4200,1045,1200,1,1,0,""
995677,DATA,78.7,4.2,3451,3436,4799,1045,1200,1,1,0,""
996177,DATA,79.5,2.1,3437,3440,4201,1045,1200,1,1,0,""
996677,DATA,80.8,2.1,3451,3444,8399,1045,1200,1,1,0,""
997177,DATA,81.7,0.0,3452,3453,4800,1045,1200,1,1,0,""
997677,DATA,83.0,4.2,3446,3448,3600,1045,1200,1,1,0,""
998177,DATA,84.2,0.0,3444,3449,4201,1045,1200,1,1,0,""
998677,DATA,85.5,4.2,3476,3469,4200,1045,1200,1,1,0,""
999177,DATA,86.5,0.0,3468,3471,3600,1045,1200,1,1,0,""
999677,DATA,88.3,4.2,3486,3482,4200,1045,1200,1,1,0,""
1000177,DATA,89.8,2.1,3490,3489,4800,1045,1200,1,1,0,""
1000677,DATA,91.5,6.2,3480,3480,3600,1045,1200,1,1,0,""
1001177,DATA,93.3,2.1,3540,3522,6600,1045,1200,1,1,0,""
1001677,DATA,95.5,2.1,5609,5044,9001,1045,1200,1,1,0,""
1002177,DATA,98.0,6.2,4374,4751,6000,1045,1200,1,1,0,""
1002677,DATA,100.5,4.2,3609,3749,4800,1045,1200,1,1,0,""
1003177,DATA,103.5,8.3,3640,3576,7200,1045,1200,1,1,0,""
1003677,DATA,106.0,4.2,3596,3641,4800,1045,1200,1,1,0,""
1004177,DATA,109.0,6.2,5350,4775,7201,1045,1200,1,1,0,""
1004677,DATA,111.7,4.2,6437,6269,9001,1045,1200,1,1,0,""
1004717,EVENT,111.7,4.2,6437,6269,9001,1045,1200,1,1,0,"STARTER 1220"
1005177,DATA,113.5,2.1,4014,4781,7238,1045,1212,1,1,0,""
1005677,DATA,116.0,6.2,2970,2974,7800,1045,1220,1,1,0,""
1006177,DATA,117.5,4.2,3605,3487,8400,1045,1220,1,1,0,""
1006677,DATA,119.3,4.2,3844,3792,4801,1045,1220,1,1,0,""
1007177,DATA,120.3,4.2,3951,3928,4200,1045,1220,1,1,0,""
1007677,DATA,121.3,2.1,3993,3983,4200,1045,1220,1,1,0,""
1008177,DATA,122.0,2.1,4025,4018,4800,1045,1220,1,1,0,""
1008677,DATA,122.5,0.0,4049,4043,4200,1045,1220,1,1,0,""
1009177,DATA,123.2,0.0,4066,4062,4200,1045,1220,1,1,0,""
1009677,DATA,124.2,2.1,4074,4072,4800,1045,1220,1,1,0,""
1010177,DATA,125.0,2.1,4082,4079,7200,1045,1220,1,1,0,""
1010677,DATA,125.8,2.1,4077,4078,4800,1045,1220,1,1,0,""
1011177,DATA,126.5,2.1,4086,4086,4204,1045,1220,1,1,0,""
1011677,DATA,127.5,2.1,4088,4089,4200,1045,1220,1,1,0,""
1011835,EVENT,127.8,2.1,4086,4088,3599,1045,1220,1,1,0,"STARTER 1240"
1012197,DATA,128.3,2.1,3789,3934,2499,1045,1230,1,1,0,""
1012697,DATA,129.3,2.1,2863,2830,4199,1045,1238,1,1,0,""
1013197,DATA,130.0,0.0,4037,3824,4200,1045,1240,1,1,0,""
1013697,DATA,131.3,0.0,4337,4276,4200,1045,1240,1,1,0,""
1014197,DATA,132.3,0.0,4410,4395,6001,1045,1240,1,1,0,""
1014697,DATA,133.5,6.2,4439,4433,4201,1045,1240,1,1,0,""
1015197,DATA,134.0,0.0,4450,4447,4200,1045,1240,1,1,0,""
1015697,DATA,134.8,4.2,4457,4455,4800,1045,1240,1,1,0,""
1016197,DATA,135.5,2.1,4459,4458,4800,1045,1240,1,1,0,""
1016697,DATA,136.0,0.0,4468,4465,4201,1045,1240,1,1,0,""
1017197,DATA,136.8,2.1,4468,4468,4200,1045,1240,1,1,0,""
1017697,DATA,137.5,2.1,4469,4469,4801,1045,1240,1,1,0,""
1018197,DATA,138.0,-2.1,4466,4467,4800,1045,1240,1,1,0,""
1018686,EVENT,138.8,0.0,4463,4463,4800,1045,1240,1,1,0,"STARTER 1260"
1018697,DATA,138.8,0.0,4463,4463,4800,1045,1240,1,1,0,""
1019197,DATA,140.0,4.2,4198,4291,2000,1045,1253,1,1,0,""
1019697,DATA,140.8,0.0,4313,4217,4799,1045,1260,1,1,0,""
1020197,DATA,141.5,0.0,4652,4602,4800,1045,1260,1,1,0,""
1020697,DATA,142.0,2.1,4736,4718,4200,1045,1260,1,1,0,""
1021197,DATA,142.8,2.1,4763,4755,4800,1045,1260,1,1,0,""
1021697,DATA,143.0,0.0,4783,4779,4800,1045,1260,1,1,0,""
1022197,DATA,143.8,0.0,4786,4786,4800,1045,1260,1,1,0,""
1022697,DATA,144.3,-2.1,4769,4773,4800,1045,1260,1,1,0,""
1023197,DATA,145.3,2.1,4759,4762,5400,1045,1260,1,1,0,""
1023689,EVENT,145.8,2.1,4754,4755,6000,1045,1260,1,1,0,"PUMP 1050"
1023697,DATA,145.8,2.1,4749,4752,4800,1045,1260,1,1,0,""
1024197,DATA,146.3,2.1,4729,4732,6001,1046,1260,1,1,0,""
1024697,DATA,146.5,0.0,4723,4726,6605,1049,1260,1,1,0,""
1025197,DATA,147.5,2.1,4729,4726,5995,1050,1260,1,1,0,""
1025697,DATA,149.3,2.0,4740,4739,6600,1050,1260,1,1,0,""
1026197,DATA,151.7,2.1,4771,4762,6000,1050,1260,1,1,0,""
1026697,DATA,154.0,6.2,4778,4777,6600,1050,1260,1,1,0,""
1027197,DATA,156.0,4.2,4792,4788,5400,1050,1260,1,1,0,""
1027697,DATA,158.0,4.2,4786,4787,5400,1050,1260,1,1,0,""
1028197,DATA,160.0,4.2,4818,4824,6600,1050,1260,1,1,0,""
1028697,DATA,161.8,6.0,4775,4780,7200,1050,1260,1,1,0,""
1029197,DATA,163.8,6.2,4854,4829,6000,1050,1260,1,1,0,""
1029697,DATA,165.3,2.1,4809,4810,6601,1050,1260,1,1,0,""
1030197,DATA,167.3,6.2,4797,4802,9600,1050,1260,1,1,0,""
1030697,DATA,168.5,2.1,4818,4815,6000,1050,1260,1,1,0,""
1031197,DATA,170.3,4.2,4803,4809,6000,1050,1260,1,1,0,""
1031697,DATA,172.0,4.0,4807,4804,6600,1050,1260,1,1,0,""
1032197,DATA,174.3,2.1,5049,4929,8399,1050,1260,1,1,0,""
1032474,EVENT,174.8,0.0,5021,5026,9599,1050,1260,1,1,0,"STARTER 1280"
1032717,DATA,175.8,4.2,4926,4967,5865,1050,1267,1,1,0,""
1033217,DATA,176.7,2.1,3740,4003,7206,1050,1277,1,1,0,""
1033717,DATA,178.3,4.2,4911,4606,6000,1050,1280,1,1,0,""
1034217,DATA,179.5,4.2,5135,5096,7800,1050,1280,1,1,0,""
1034717,DATA,180.5,0.0,5168,5161,6599,1050,1280,1,1,0,""
1035217,DATA,181.7,4.2,5180,5181,6600,1050,1280,1,1,0,""
1035717,DATA,183.0,2.1,5192,5188,7200,1050,1280,1,1,0,""
1036217,DATA,184.0,2.1,5214,5207,9600,1050,1280,1,1,0,""
1036717,DATA,185.0,2.1,5215,5215,6599,1050,1280,1,1,0,""
1037217,DATA,186.3,0.0,5446,5329,10798,1050,1280,1,1,0,""
1037619,EVENT,187.5,2.1,5868,5898,6601,1050,1280,1,1,0,"STARTER 1300"
1037717,DATA,187.5,2.1,5721,5818,14396,1050,1283,1,1,0,""
1038217,DATA,188.5,0.0,4029,4452,8399,1050,1295,1,1,0,""
1038717,DATA,190.0,4.2,4987,4783,5999,1050,1300,1,1,0,""
1039217,DATA,190.8,2.1,5421,5336,5400,1050,1300,1,1,0,""
1039717,DATA,191.5,0.0,5506,5486,6001,1050,1300,1,1,0,""
1040217,DATA,192.3,2.1,5509,5508,7200,1050,1300,1,1,0,""
1040717,DATA,192.8,0.0,5522,5516,5999,1050,1300,1,1,0,""
1041217,DATA,194.0,2.1,5551,5551,12600,1050,1300,1,1,0,""
1041717,DATA,195.3,2.1,5519,5523,12600,1050,1300,1,1,0,""
1042217,DATA,196.0,0.0,5513,5513,9600,1050,1300,1,1,0,""
1042717,DATA,197.0,4.2,5526,5519,5400,1050,1300,1,1,0,""
1043217,DATA,197.8,0.0,5788,5702,6601,1050,1300,1,1,0,""
1043717,DATA,198.8,2.0,5569,5611,8400,1050,1300,1,1,0,""
1044217,DATA,199.5,2.1,5501,5515,6000,1050,1300,1,1,0,""
1044717,DATA,200.8,4.2,5481,5484,11401,1050,1300,1,1,0,""
1045217,DATA,201.5,2.1,5476,5482,8400,1050,1300,1,1,0,""
1045717,DATA,202.3,2.1,5492,5487,7201,1050,1300,1,1,0,""
1046217,DATA,203.2,4.2,5743,5608,7200,1050,1300,1,1,0,""
1046717,DATA,204.0,2.0,5599,5652,6000,1050,1300,1,1,0,""
1047217,DATA,204.8,0.0,5487,5505,7200,1050,1300,1,1,0,""
1047535,EVENT,205.2,2.1,5493,5493,9000,1050,1300,1,1,0,"PUMP 1055"
1047717,DATA,206.0,4.2,5494,5494,7201,1050,1300,1,1,0,""
1048217,DATA,206.8,2.1,5473,5482,8400,1052,1300,1,1,0,""
1048717,DATA,207.5,2.1,5476,5474,6000,1054,1300,1,1,0,""
1049217,DATA,208.5,4.2,5496,5488,7200,1055,1300,1,1,0,""
1049717,DATA,209.8,4.0,5496,5495,7200,1055,1300,1,1,0,""
1050217,DATA,210.8,0.0,5464,5463,6599,1055,1300,1,1,0,""
1050717,DATA,212.3,2.1,5474,5473,7200,1055,1300,1,1,0,""
1051217,DATA,214.0,2.1,5486,5482,7201,1055,1300,1,1,0,""
1051717,DATA,215.5,6.2,5486,5486,10201,1055,1300,1,1,0,""
1052217,DATA,216.8,2.1,5498,5503,6000,1055,1300,1,1,0,""
1052717,DATA,218.0,2.0,5476,5480,6000,1055,1300,1,1,0,""
1053217,DATA,219.5,2.1,5471,5473,6600,1055,1300,1,1,0,""
1053717,DATA,221.0,4.2,5558,5558,9601,1055,1300,1,1,0,""
1054217,DATA,222.8,4.2,5500,5513,6600,1055,1300,1,1,0,""
1054717,DATA,224.0,2.1,5494,5494,7800,1055,1300,1,1,0,""
1055217,DATA,225.5,4.2,5483,5485,5399,1055,1300,1,1,0,""
1055717,DATA,227.0,2.0,5506,5504,5999,1055,1300,1,1,0,""
1056046,EVENT,228.0,4.2,5548,5522,9600,1055,1300,1,1,0,"STARTER 1320"
1056217,DATA,228.2,2.0,5538,5536,5970,1055,1305,1,1,0,""
1056717,DATA,229.3,0.0,4619,4825,5399,1055,1316,1,1,0,""
1057217,DATA,231.3,2.1,5338,5158,6599,1055,1320,1,1,0,""
1057717,DATA,232.8,4.2,5684,5616,7799,1055,1320,1,1,0,""
1058217,DATA,233.8,2.1,5796,5770,6000,1055,1320,1,1,0,""
1058485,EVENT,234.2,2.1,5813,5799,6000,1055,1320,1,1,0,"PUMP 1060"
1058717,DATA,235.0,2.0,5787,5794,6000,1055,1320,1,1,0,""
1059217,DATA,235.8,2.1,5801,5795,6000,1057,1320,1,1,0,""
1059717,DATA,236.2,0.0,5818,5812,7199,1060,1320,1,1,0,""
1060217,DATA,237.8,4.2,5816,5815,6601,1060,1320,1,1,0,""
1060717,DATA,240.0,4.2,5850,5842,6600,1060,1320,1,1,0,""
1061217,DATA,242.0,2.1,5828,5834,9000,1060,1320,1,1,0,""
1061717,DATA,244.5,6.0,5844,5843,6600,1060,1320,1,1,0,""
1062217,DATA,246.7,4.2,5835,5832,7200,1060,1320,1,1,0,""
1062717,DATA,248.7,4.2,5829,5830,7200,1060,1320,1,1,0,""
1063217,DATA,250.5,2.1,5823,5829,9601,1060,1320,1,1,0,""
1063717,DATA,252.8,4.2,5797,5805,7800,1060,1320,1,1,0,""
1064217,DATA,254.5,4.2,5834,5825,6000,1060,1320,1,1,0,""
1064717,DATA,256.3,2.0,5821,5827,10200,1060,1320,1,1,0,""
1065217,DATA,258.0,4.2,5807,5804,9600,1060,1320,1,1,0,""
1065717,DATA,259.2,2.1,5825,5817,6601,1060,1320,1,1,0,""
1066217,DATA,261.0,4.2,5823,5821,8399,1060,1320,1,1,0,""
1066717,DATA,263.3,4.2,5817,5819,7199,1060,1320,1,1,0,""
1066961,EVENT,264.0,4.2,5816,5819,6001,1060,1320,1,1,0,"STARTER 1340"
1067237,DATA,264.8,2.1,5818,5817,10749,1060,1328,1,1,0,""
1067737,DATA,266.8,4.1,5278,5316,6000,1060,1337,1,1,0,""
1068237,DATA,268.8,4.2,6541,6207,10799,1060,1340,1,1,0,""
1068737,DATA,270.5,4.2,6252,6296,8999,1060,1340,1,1,0,""
1069143,EVENT,272.0,6.2,6189,6196,7800,1060,1340,1,1,0,"PUMP 1065"
1069237,DATA,272.0,6.2,6189,6196,7800,1060,1340,1,1,0,""
1069737,DATA,273.7,4.2,6196,6192,10200,1062,1340,1,1,0,""
1070237,DATA,274.8,0.0,6226,6219,6000,1064,1340,1,1,0,""
1070737,DATA,276.8,6.0,6783,6621,9000,1065,1340,1,1,0,""
1071237,DATA,278.8,2.1,6395,6460,9000,1065,1340,1,1,0,""
1071737,DATA,282.0,6.2,6359,6406,7200,1065,1340,1,1,0,""
1072237,DATA,284.5,4.2,6273,6290,6600,1065,1340,1,1,0,""
1072737,DATA,287.5,4.2,6283,6266,8400,1065,1340,1,1,0,""
1073237,DATA,290.0,6.2,6417,6465,6600,1065,1340,1,1,0,""
1073737,DATA,292.3,2.0,6266,6283,10200,1065,1340,1,1,0,""
1074237,DATA,294.8,4.2,6212,6230,6000,1065,1340,1,1,0,""
1074737,DATA,297.0,2.1,6214,6215,7801,1065,1340,1,1,0,""
1075237,DATA,299.5,6.2,6199,6202,9599,1065,1340,1,1,0,""
1075737,DATA,302.3,8.3,6197,6197,7799,1065,1340,1,1,0,""
1075905,EVENT,302.5,2.1,6208,6204,9602,1065,1340,1,1,0,"STARTER 1360"
1076237,DATA,303.5,5.1,5980,6104,2008,1065,1349,1,1,0,""
1076737,DATA,306.3,6.2,5422,5509,12599,1065,1358,1,1,0,""
1077237,DATA,308.0,4.2,6203,6057,11399,1065,1360,1,1,0,""
1077737,DATA,309.5,4.2,6436,6384,9601,1065,1360,1,1,0,""
1078237,DATA,311.2,2.1,6515,6495,9000,1065,1360,1,1,0,""
1078737,DATA,312.8,4.2,6561,6550,8400,1065,1360,1,1,0,""
1079237,DATA,314.0,2.1,6567,6564,7201,1065,1360,1,1,0,""
1079737,DATA,315.5,2.1,6541,6545,7200,1065,1360,1,1,0,""
1080237,DATA,317.7,6.2,6551,6548,7201,1065,1360,1,1,0,""
1080737,DATA,319.7,2.1,6583,6569,7800,1065,1360,1,1,0,""
1081237,DATA,322.0,4.2,6566,6569,8401,1065,1360,1,1,0,""
1081737,DATA,323.7,2.1,6557,6561,9601,1065,1360,1,1,0,""
1082237,DATA,325.8,4.2,6543,6547,7200,1065,1360,1,1,0,""
1082737,DATA,327.3,4.0,6535,6540,8400,1065,1360,1,1,0,""
1083237,DATA,328.5,4.2,6541,6536,8401,1065,1360,1,1,0,""
1083737,DATA,330.0,4.2,6553,6549,7199,1065,1360,1,1,0,""
1083969,EVENT,330.8,4.2,6546,6549,7201,1065,1360,1,1,0,"PUMP 1070"
1084237,DATA,331.3,4.2,6535,6539,7199,1065,1360,1,1,0,""
1084737,DATA,332.8,2.1,6536,6536,6600,1068,1360,1,1,0,""
1085237,DATA,334.5,4.2,6538,6536,6601,1070,1360,1,1,0,""
1085737,DATA,336.2,6.0,6535,6535,7200,1070,1360,1,1,0,""
1086237,DATA,337.8,2.1,6532,6532,6600,1070,1360,1,1,0,""
1086737,DATA,339.8,6.2,6539,6538,7200,1070,1360,1,1,0,""
1087237,DATA,341.5,2.1,6520,6524,7200,1070,1360,1,1,0,""
1087737,DATA,343.5,4.2,6525,6525,6599,1070,1360,1,1,0,""
1088237,DATA,345.0,2.1,6524,6526,7799,1070,1360,1,1,0,""
1088737,DATA,347.0,2.0,6523,6524,7800,1070,1360,1,1,0,""
1089237,DATA,349.0,4.2,6520,6520,7201,1070,1360,1,1,0,""
1089737,DATA,350.5,2.1,6494,6497,10200,1070,1360,1,1,0,""
1090237,DATA,352.3,6.2,6496,6494,8400,1070,1360,1,1,0,""
1090738,DATA,353.5,2.1,6478,6481,6601,1070,1360,1,1,0,""
1091239,DATA,355.0,4.2,6490,6492,7800,1070,1360,1,1,0,""
1091740,DATA,356.8,2.0,6503,6502,10199,1070,1360,1,1,0,""
1092125,EVENT,357.8,4.2,6483,6489,9000,1070,1360,1,1,0,"STARTER 1380"
1092257,DATA,358.0,2.1,6481,6485,7761,1070,1364,1,1,0,""
1092757,DATA,359.5,2.0,5643,5819,9137,1070,1375,1,1,0,""
1093257,DATA,360.8,4.2,6130,5920,8311,1070,1380,1,1,0,""
1093757,DATA,361.8,2.1,6643,6549,8312,1070,1380,1,1,0,""
1094257,DATA,362.5,2.1,6738,6729,7719,1070,1380,1,1,0,""
1094757,DATA,363.3,0.0,6737,6736,10688,1070,1380,1,1,0,""
1094953,EVENT,363.5,0.0,6726,6731,8400,1070,1380,1,1,0,"PUMP 1075"
1095257,DATA,364.0,2.1,6723,6725,7719,1071,1380,1,1,0,""
1095757,DATA,365.3,2.0,6696,6706,8905,1073,1380,1,1,0,""
1096257,DATA,366.0,0.0,6671,6674,8905,1075,1380,1,1,0,""
1096757,DATA,367.3,0.0,6757,6749,7124,1075,1380,1,1,0,""
1097008,EVENT,368.3,4.2,6714,6729,8400,1075,1380,1,1,0,"PUMP 1080"
1097257,DATA,369.0,4.2,6901,6841,6531,1075,1380,1,1,0,""
1097757,DATA,370.8,2.1,6685,6724,7124,1077,1380,1,1,0,""
1098257,DATA,373.3,6.2,6621,6638,6531,1080,1380,1,1,0,""
1098757,DATA,375.3,4.0,6831,6756,7125,1080,1380,1,1,0,""
1099257,DATA,377.5,2.1,6664,6696,7124,1080,1380,1,1,0,""
1099757,DATA,380.0,4.2,6606,6617,7125,1080,1380,1,1,0,""
1100257,DATA,381.7,2.1,6556,6564,7125,1080,1380,1,1,0,""
1100758,DATA,383.8,4.2,6556,6560,7124,1080,1380,1,1,0,""
1101259,DATA,385.5,4.2,6535,6543,7719,1080,1380,1,1,0,""
1101760,DATA,387.3,2.0,6489,6502,7125,1080,1380,1,1,0,""
1102261,DATA,389.0,4.2,6482,6511,7125,1080,1380,1,1,0,""
1102762,DATA,390.7,2.1,6421,6430,7125,1080,1380,1,1,0,""
1103263,DATA,392.5,4.2,6350,6370,7125,1080,1380,1,1,0,""
1103764,DATA,395.0,8.3,6368,6361,7124,1080,1380,1,1,0,""
1104265,DATA,397.5,4.2,6382,6382,5938,1080,1380,1,1,0,""
1104766,DATA,400.5,4.0,6385,6366,7125,1080,1380,1,1,0,""
1105267,DATA,402.5,6.2,6520,6484,6531,1080,1380,1,1,0,""
1105344,EVENT,402.5,6.2,6520,6484,6531,1080,1380,1,1,0,"PUMP 1085"
1105768,DATA,404.5,4.2,6275,6315,7718,1081,1380,1,1,0,""
1106269,DATA,406.0,4.2,6238,6242,5937,1083,1380,1,1,0,""
1106770,DATA,407.5,2.1,6216,6224,6531,1085,1380,1,1,0,""
1107271,DATA,409.5,4.2,6179,6189,8313,1085,1380,1,1,0,""
1107772,DATA,411.8,4.0,6186,6189,6531,1085,1380,1,1,0,""
1108273,DATA,413.7,4.2,6120,6141,9501,1085,1380,1,1,0,""
1108774,DATA,415.8,8.3,6076,6084,8313,1085,1380,1,1,0,""
1109275,DATA,417.5,4.2,6124,6100,7125,1085,1380,1,1,0,""
1109776,DATA,419.5,6.2,6001,6018,7719,1085,1380,1,1,0,""
1110277,DATA,421.0,2.1,5961,5970,9501,1085,1380,1,1,0,""
1110778,DATA,423.5,4.0,5920,5927,7719,1085,1380,1,1,0,""
1111279,DATA,425.5,2.1,5896,5902,5938,1085,1380,1,1,0,""
1111780,DATA,426.7,2.1,5854,5860,8313,1085,1380,1,1,0,""
1112281,DATA,428.5,4.2,5840,5854,10093,1085,1380,1,1,0,""
1112782,DATA,430.2,4.2,5825,5829,11875,1085,1380,1,1,0,""
1113283,DATA,432.5,6.2,5806,5816,9499,1085,1380,1,1,0,""
1113784,DATA,434.2,2.0,5761,5770,7720,1085,1380,1,1,0,""
1114285,DATA,436.3,4.2,5780,5776,8312,1085,1380,1,1,0,""
1114489,EVENT,437.5,10.4,5755,5766,7200,1085,1380,1,1,0,"PUMP 1080"
1114786,DATA,439.0,2.1,5698,5718,8313,1084,1380,1,1,0,""
1115287,DATA,440.5,4.2,5732,5722,8905,1082,1380,1,1,0,""
1115788,DATA,441.3,0.0,5714,5720,7124,1080,1380,1,1,0,""
1116289,DATA,442.0,0.0,5706,5707,6531,1080,1380,1,1,0,""
1116790,DATA,443.2,4.0,5767,5797,5937,1080,1380,1,1,0,""
1117291,DATA,444.0,2.1,5640,5665,7125,1080,1380,1,1,0,""
1117792,DATA,444.8,2.1,5650,5640,8312,1080,1380,1,1,0,""
1118293,DATA,445.8,2.1,5620,5629,7719,1080,1380,1,1,0,""
1118794,DATA,446.5,2.1,5577,5588,7125,1080,1380,1,1,0,""
1119275,EVENT,447.7,2.1,5550,5556,7800,1080,1380,1,1,0,"STARTER 1400"
1119295,DATA,447.7,2.1,5558,5557,7125,1080,1381,1,1,0,""
1119796,DATA,450.0,6.2,5546,5550,6031,1080,1393,1,1,0,""
1120297,DATA,451.7,0.0,5642,5567,10802,1080,1400,1,1,0,""
1120798,DATA,451.5,0.0,5969,5891,8406,1080,1400,1,1,0,""
1121299,DATA,451.7,0.0,6081,6058,7800,1080,1400,1,1,0,""
1121800,DATA,451.7,0.0,6114,6107,8401,1080,1400,1,1,0,""
1122301,DATA,452.2,0.0,6224,6181,8400,1080,1400,1,1,0,""
1122802,DATA,453.0,2.0,6091,6116,9000,1080,1400,1,1,0,""
1123303,DATA,453.0,-2.1,6017,6034,6000,1080,1400,1,1,0,""
1123804,DATA,453.8,2.1,6046,6034,7800,1080,1400,1,1,0,""
1124305,DATA,455.0,4.2,6134,6112,8400,1080,1400,1,1,0,""
1124806,DATA,456.0,0.0,6151,6146,9000,1080,1400,1,1,0,""
1125307,DATA,455.7,0.0,6174,6167,6000,1080,1400,1,1,0,""
1125808,DATA,456.2,2.0,6067,6106,6001,1080,1400,1,1,0,""
1126309,DATA,457.3,2.1,5990,6002,6601,1080,1400,1,1,0,""
1126810,DATA,458.0,0.0,6032,6018,9000,1080,1400,1,1,0,""
1127311,DATA,458.0,0.0,6112,6099,7800,1080,1400,1,1,0,""
1127812,DATA,458.3,2.1,6055,6067,5999,1080,1400,1,1,0,""
1128313,DATA,458.5,0.0,6042,6050,6000,1080,1400,1,1,0,""
1128814,DATA,459.5,0.0,5993,5996,6600,1080,1400,1,1,0,""
1129315,DATA,460.5,4.2,5959,5976,6000,1080,1400,1,1,0,""
1129816,DATA,461.3,2.1,5994,5975,6600,1080,1400,1,1,0,""
1130317,DATA,461.8,0.0,6041,6033,7800,1080,1400,1,1,0,""
1130818,DATA,461.8,0.0,6087,6073,6001,1080,1400,1,1,0,""
1131319,DATA,462.3,2.1,6127,6115,9000,1080,1400,1,1,0,""
1131820,DATA,462.3,2.0,6218,6206,7200,1080,1400,1,1,0,""
1132321,DATA,462.3,0.0,6164,6168,9600,1080,1400,1,1,0,""
1132822,DATA,462.3,0.0,5985,6035,7200,1080,1400,1,1,0,""
1133323,DATA,463.0,0.0,5975,5973,7200,1080,1400,1,1,0,""
1133824,DATA,463.5,0.0,5976,5974,6601,1080,1400,1,1,0,""
1133828,EVENT,463.5,0.0,5976,5974,6601,1080,1400,1,1,0,"STARTER 1420"
1134329,DATA,464.0,2.1,5819,5850,4826,1080,1413,1,1,0,""
1134830,DATA,464.2,2.1,5729,5620,7200,1080,1420,1,1,0,""
1135331,DATA,464.5,0.0,6181,6086,6599,1080,1420,1,1,0,""
1135832,DATA,464.2,-2.1,6266,6269,7200,1080,1420,1,1,0,""
1136333,DATA,464.0,-2.1,6276,6263,7800,1080,1420,1,1,0,""
1136834,DATA,463.7,-2.1,6328,6322,7201,1080,1420,1,1,0,""
1137335,DATA,463.3,0.0,6373,6359,7201,1080,1420,1,1,0,""
1137836,DATA,463.0,-2.1,6454,6433,7201,1080,1420,1,1,0,""
1138337,DATA,462.8,-2.1,6480,6477,8399,1080,1420,1,1,0,""
1138637,EVENT,462.5,-2.1,6464,6465,6601,1080,1420,1,1,0,"STARTER 1400"
1138837,DATA,462.5,0.0,6465,6466,7166,1080,1414,1,1,0,""
1139337,DATA,462.3,0.0,5865,5879,6599,1080,1404,1,1,0,""
1139837,DATA,462.3,2.1,5944,5946,6000,1080,1400,1,1,0,""
1140337,DATA,462.3,-2.1,6013,5995,6599,1080,1400,1,1,0,""
1140837,DATA,462.5,2.1,5927,5958,7200,1080,1400,1,1,0,""
1140867,EVENT,462.5,2.1,5927,5958,7200,1080,1400,1,1,0,"PUMP 1085"
1141337,DATA,462.5,0.0,6032,6073,6000,1081,1400,1,1,0,""
1141837,DATA,461.8,-2.1,5892,5907,7200,1084,1400,1,1,0,""
1142337,DATA,460.0,-4.2,6139,6063,7199,1085,1400,1,1,0,""
1142837,DATA,457.5,-6.2,5845,5910,7200,1085,1400,1,1,0,""
1143337,DATA,454.5,-8.3,5830,5892,6599,1085,1400,1,1,0,""
1143837,DATA,450.3,-12.5,5713,5727,6600,1085,1400,1,1,0,""
1144337,DATA,445.0,-10.4,5669,5681,5972,1085,1396,1,1,0,""
1144837,DATA,440.8,-12.5,5369,5422,6000,1085,1385,1,1,0,""
1145337,DATA,436.0,-10.4,5622,5574,6000,1085,1380,1,1,0,""
1145837,DATA,432.0,-12.5,5554,5573,7200,1085,1380,1,1,0,""
1146084,EVENT,430.0,-6.2,5541,5548,6600,1085,1380,1,1,0,"PUMP 1090"
1146337,DATA,428.3,-4.2,5549,5547,7800,1085,1380,1,1,0,""
1146837,DATA,423.8,-10.4,5558,5562,5400,1088,1380,1,1,0,""
1147337,DATA,419.0,-10.4,5524,5534,5400,1090,1380,1,1,0,""
1147837,DATA,415.3,-6.2,5474,5482,6600,1090,1380,1,1,0,""
1148337,DATA,411.3,-10.4,5453,5456,6000,1090,1380,1,1,0,""
1148837,DATA,408.0,-6.2,5504,5491,5400,1090,1380,1,1,0,""
1149054,EVENT,406.2,-4.2,5528,5514,5400,1090,1380,0,1,0,"IGN OFF"
1149337,DATA,404.0,-10.4,5531,5529,5400,1090,1380,0,1,0,""
1149601,EVENT,401.0,-10.4,5506,5517,6000,1090,1380,1,1,0,"IGN ON"
1149837,DATA,400.5,-4.2,5495,5502,6000,1090,1380,1,1,0,""
1150337,DATA,396.0,-6.2,5477,5483,5400,1090,1380,1,1,0,""
1150837,DATA,392.0,-10.4,5480,5476,6599,1090,1380,1,1,0,""
1151267,EVENT,389.8,-4.2,5429,5448,7201,1090,1380,0,1,0,"IGN OFF"
1151337,DATA,388.7,-8.3,5429,5448,7201,1090,1380,0,1,0,""
1151808,EVENT,384.8,-8.3,5405,5410,5999,1090,1380,1,1,0,"IGN ON"
1151837,DATA,384.8,-8.3,5405,5410,5999,1090,1380,1,1,0,""
1152337,DATA,381.5,-10.4,5413,5410,6000,1090,1380,1,1,0,""
1152837,DATA,378.2,-4.2,5326,5339,6600,1090,1380,1,1,0,""
1153337,DATA,373.5,-8.3,5288,5294,6601,1090,1380,1,1,0,""
1153837,DATA,370.3,-8.3,5305,5304,5400,1090,1380,1,1,0,""
1154337,DATA,367.0,-4.2,5365,5343,6000,1090,1380,1,1,0,""
1154837,DATA,363.3,-8.3,5478,5458,5400,1090,1380,1,1,0,""
1155161,EVENT,360.3,-8.3,5536,5521,6000,1000,1380,1,0,0,"PUMP OFF"
1155337,DATA,359.8,-4.2,5529,5525,5999,1000,1380,1,0,0,""
1155837,DATA,356.0,-8.3,5468,5480,5400,1000,1380,1,0,0,""
1156337,DATA,351.8,-8.3,5506,5498,6600,1000,1380,1,0,0,""
1156837,DATA,348.7,-4.2,5394,5419,5400,1000,1380,1,0,0,""
1157112,EVENT,346.7,-6.2,5353,5370,6000,1000,1380,1,0,0,"STARTER 1360"
1157357,DATA,345.3,-8.3,5346,5353,4979,1000,1373,1,0,0,""
1157490,EVENT,344.3,-6.8,5140,5257,3634,1000,1370,1,0,0,"STARTER 1340"
1157877,DATA,341.8,-8.3,5212,5193,1500,1000,1355,1,0,0,""
1158279,EVENT,339.5,-6.2,5102,5145,1500,1000,1344,1,0,0,"STARTER 1320"
1158397,DATA,338.5,-8.3,4853,5014,2500,1000,1341,1,0,0,""
1158917,DATA,335.5,-6.2,4466,4595,1500,1000,1326,1,0,0,""
1159417,DATA,333.0,-2.1,4399,4424,4200,1000,1320,1,0,0,""
1159917,DATA,330.2,-6.2,4408,4414,4800,1000,1320,1,0,0,""
1160417,DATA,327.0,-6.2,4301,4326,5400,1000,1320,1,0,0,""
1160917,DATA,325.0,-6.2,4259,4265,4199,1000,1320,1,0,0,""
1161417,DATA,322.3,-6.2,4332,4311,4200,1000,1320,1,0,0,""
1161917,DATA,319.7,-6.2,4306,4318,6000,1000,1320,1,0,0,""
1162417,DATA,317.3,-6.2,4240,4249,4200,1000,1320,1,0,0,""
1162917,DATA,315.3,-4.2,4217,4224,4800,1000,1320,1,0,0,""
1163417,DATA,312.3,-4.2,4148,4161,4800,1000,1320,1,0,0,""
1163917,DATA,309.8,-4.2,4199,4186,7200,1000,1320,1,0,0,""
1164417,DATA,307.2,-6.2,4286,4268,4200,1000,1320,1,0,0,""
1164917,DATA,305.0,-4.2,4339,4329,6599,1000,1320,1,0,0,""
1165417,DATA,302.8,-4.2,4352,4350,4800,1000,1320,1,0,0,""
1165917,DATA,300.5,-2.1,4296,4307,5399,1000,1320,1,0,0,""
1166175,EVENT,298.7,-8.3,4297,4300,4803,1000,1320,0,0,0,"IGN OFF"
1166417,DATA,297.8,-6.2,4287,4288,4800,1000,1320,0,0,0,""
1166917,DATA,295.0,-4.2,4358,4336,6000,1000,1320,0,0,0,""
1167417,DATA,293.0,-2.1,4306,4321,5399,1000,1320,0,0,0,""
1167917,DATA,290.7,-4.2,4342,4324,6000,1000,1320,0,0,0,""
1168417,DATA,288.7,-2.1,4395,4386,9601,1000,1320,0,0,0,""
1168917,DATA,286.0,-8.3,4411,4406,5999,1000,1320,0,0,0,""
1169417,DATA,284.2,-2.1,4438,4433,5400,1000,1320,0,0,0,""
1169917,DATA,281.7,-2.1,4424,4425,7200,1000,1320,0,0,0,""
1170417,DATA,279.5,-4.2,4410,4420,4800,1000,1320,0,0,0,""
1170917,DATA,277.5,-6.2,4415,4413,6001,1000,1320,0,0,0,""
1171417,DATA,275.3,-6.2,4501,4479,5401,1000,1320,0,0,0,""
1171917,DATA,273.5,-2.1,4500,4502,6599,1000,1320,0,0,0,""
1172417,DATA,271.3,-2.1,4471,4476,5400,1000,1320,0,0,0,""
1172917,DATA,268.5,-4.2,4541,4521,6601,1000,1320,0,0,0,""
1173417,DATA,266.8,-4.2,4561,4555,7200,1000,1320,0,0,0,""
1173917,DATA,264.8,-2.1,4621,4607,7200,1000,1320,0,0,0,""
1174417,DATA,262.5,-6.2,4638,4632,5400,1000,1320,0,0,0,""
1174917,DATA,260.5,-2.1,4628,4632,6000,1000,1320,0,0,0,""
1175417,DATA,258.3,-6.2,4617,4619,5400,1000,1320,0,0,0,""
1175917,DATA,256.3,-2.1,4610,4612,6000,1000,1320,0,0,0,""
1176417,DATA,254.0,-2.1,4683,4669,7200,1000,1320,0,0,0,""
1176917,DATA,251.8,-6.2,4989,4971,4800,1000,1320,0,0,0,""
1177417,DATA,249.8,-4.2,4860,4878,4800,1000,1320,0,0,0,""
1177917,DATA,247.5,-6.2,4881,4879,6001,1000,1320,0,0,0,""
1178417,DATA,245.8,-4.2,4875,4876,6600,1000,1320,0,0,0,""
1178917,DATA,243.5,-6.2,4925,4915,6000,1000,1320,0,0,0,""
1179417,DATA,241.3,-4.2,4954,4944,7801,1000,1320,0,0,0,""
1179917,DATA,239.3,-4.2,5016,5003,7200,1000,1320,0,0,0,""
1180417,DATA,237.3,-4.2,5844,5570,6000,1000,1320,0,0,0,""
1180917,DATA,235.5,-4.2,5286,5394,6001,1000,1320,0,0,0,""
1181417,DATA,233.5,-4.2,5362,5312,6000,1000,1320,0,0,0,""
1181917,DATA,231.8,-4.2,5674,5744,7200,1000,1320,0,0,0,""
1182417,DATA,229.3,-4.2,5252,5322,5400,1000,1320,0,0,0,""
1182917,DATA,227.8,-2.1,5203,5213,6599,1000,1320,0,0,0,""
1183417,DATA,225.5,-4.2,5616,5645,6000,1000,1320,0,0,0,""
1183917,DATA,223.7,-2.1,5309,5383,6000,1000,1320,0,0,0,""
1184417,DATA,222.0,-6.2,5218,5236,4800,1000,1320,0,0,0,""
1184917,DATA,220.3,-4.2,5210,5212,5399,1000,1320,0,0,0,""
1185417,DATA,218.3,-6.2,5220,5219,4801,1000,1320,0,0,0,""
1185917,DATA,216.3,-6.2,5198,5203,5400,1000,1320,0,0,0,""
1186417,DATA,214.8,-2.1,5173,5179,6000,1000,1320,0,0,0,""
1186917,DATA,213.0,-4.2,5161,5164,6600,1000,1320,0,0,0,""
1187417,DATA,211.2,-4.2,5159,5160,5999,1000,1320,0,0,0,""
1187917,DATA,209.8,-6.2,5123,5133,6600,1000,1320,0,0,0,""
1188417,DATA,208.5,0.0,5092,5098,4800,1000,1320,0,0,0,""
1188917,DATA,206.5,-2.1,5073,5077,4800,1000,1320,0,0,0,""
1189417,DATA,205.0,-2.1,5078,5076,5399,1000,1320,0,0,0,""
1189917,DATA,203.5,-2.1,5074,5074,5400,1000,1320,0,0,0,""
1190417,DATA,202.3,-2.1,5061,5063,4800,1000,1320,0,0,0,""
1190917,DATA,200.8,-4.2,5074,5069,6600,1000,1320,0,0,0,""
1191417,DATA,199.3,-2.1,5085,5083,4800,1000,1320,0,0,0,""
1191917,DATA,197.3,-4.2,5080,5083,5401,1000,1320,0,0,0,""
1192417,DATA,196.0,-4.2,5041,5052,7801,1000,1320,0,0,0,""
1192917,DATA,194.5,-4.2,5030,5028,6000,1000,1320,0,0,0,""
1193417,DATA,193.3,-4.2,5056,5051,6600,1000,1320,0,0,0,""
1193917,DATA,192.0,-2.1,5074,5070,5400,1000,1320,0,0,0,""
1194417,DATA,190.5,-2.1,5077,5075,4799,1000,1320,0,0,0,""
1194917,DATA,188.8,-4.2,5047,5056,4800,1000,1320,0,0,0,""
1195417,DATA,187.5,-2.1,5032,5037,4800,1000,1320,0,0,0,""
1195917,DATA,186.3,-2.1,5062,5051,6001,1000,1320,0,0,0,""
1196417,DATA,185.0,0.0,5116,5106,5400,1000,1320,0,0,0,""
1196917,DATA,183.8,-2.1,5109,5112,4800,1000,1320,0,0,0,""
1197417,DATA,182.5,-2.1,5096,5097,5400,1000,1320,0,0,0,""
1197917,DATA,181.0,-4.2,5078,5087,5400,1000,1320,0,0,0,""
1198417,DATA,179.5,-2.1,5033,5043,5400,1000,1320,0,0,0,""
1198917,DATA,178.5,0.0,5049,5041,4800,1000,1320,0,0,0,""
1199417,DATA,177.0,-4.2,5122,5104,5400,1000,1320,0,0,0,""
1199917,DATA,176.0,-2.1,5166,5158,5399,1000,1320,0,0,0,""
1200417,DATA,174.8,-2.1,5159,5161,7800,1000,1320,0,0,0,""
1200917,DATA,173.5,-2.1,5132,5139,5400,1000,1320,0,0,0,""
1201417,DATA,172.0,0.0,5135,5133,4801,1000,1320,0,0,0,""
1201917,DATA,170.5,-4.2,5130,5133,5400,1000,1320,0,0,0,""
1202417,DATA,169.5,-4.2,5104,5110,6600,1000,1320,0,0,0,""
1202917,DATA,168.5,-2.1,5090,5094,6600,1000,1320,0,0,0,""
1203417,DATA,167.3,-4.2,5093,5092,5400,1000,1320,0,0,0,""
1203917,DATA,166.0,-2.1,5110,5108,4800,1000,1320,0,0,0,""
1204417,DATA,165.0,-4.2,5097,5099,5400,1000,1320,0,0,0,""
1204917,DATA,163.8,-2.1,5093,5094,5400,1000,1320,0,0,0,""
1205417,DATA,162.8,0.0,5093,5094,6000,1000,1320,0,0,0,""
1205917,DATA,161.5,-4.2,5090,5090,4800,1000,1320,0,0,0,""
1206417,DATA,160.5,-2.1,5107,5102,5401,1000,1320,0,0,0,""
1206917,DATA,159.5,-4.2,5125,5121,5401,1000,1320,0,0,0,""
1207417,DATA,158.3,-4.2,5130,5130,5400,1000,1320,0,0,0,""
1207917,DATA,157.3,-2.1,5128,5128,5400,1000,1320,0,0,0,""
1208417,DATA,156.3,-2.1,5132,5131,5400,1000,1320,0,0,0,""
1208917,DATA,155.3,-2.1,5136,5136,4800,1000,1320,0,0,0,""
1209417,DATA,154.3,-2.1,5128,5131,5400,1000,1320,0,0,0,""
1209917,DATA,153.3,-2.1,5121,5122,5399,1000,1320,0,0,0,""
1210417,DATA,152.3,-2.1,5117,5119,4801,1000,1320,0,0,0,""
1210917,DATA,151.3,0.0,5132,5128,4800,1000,1320,0,0,0,""
1211417,DATA,150.5,0.0,5158,5153,4800,1000,1320,0,0,0,""
1211917,DATA,149.3,-2.1,5166,5166,5401,1000,1320,0,0,0,""
1212417,DATA,148.5,-2.1,5157,5158,5400,1000,1320,0,0,0,""
1212917,DATA,147.5,0.0,5153,5154,5400,1000,1320,0,0,0,""
1213417,DATA,146.3,-4.2,5138,5142,5400,1000,1320,0,0,0,""
1213917,DATA,145.3,-2.1,5131,5133,4801,1000,1320,0,0,0,""
1214417,DATA,144.3,0.0,5116,5119,5999,1000,1320,0,0,0,""
1214917,DATA,143.3,0.0,5126,5123,5400,1000,1320,0,0,0,""
1215417,DATA,142.3,-4.2,5155,5147,6600,1000,1320,0,0,0,""
1215917,DATA,141.3,-2.1,5174,5171,5399,1000,1320,0,0,0,""
1216417,DATA,140.5,0.0,5176,5177,4800,1000,1320,0,0,0,""
1216917,DATA,139.8,0.0,5172,5170,4800,1000,1320,0,0,0,""
1217417,DATA,138.3,-4.2,5154,5159,6000,1000,1320,0,0,0,""
1217917,DATA,137.5,-2.1,5169,5164,6601,1000,1320,0,0,0,""
1218417,DATA,136.8,-2.1,5171,5171,7200,1000,1320,0,0,0,""
1218917,DATA,136.0,0.0,5163,5165,5400,1000,1320,0,0,0,""
1219417,DATA,134.8,-2.1,5153,5156,5400,1000,1320,0,0,0,""
1219917,DATA,134.3,0.0,5143,5144,6000,1000,1320,0,0,0,""
1220417,DATA,133.3,-2.1,5142,5143,5400,1000,1320,0,0,0,""
1220917,DATA,132.3,-2.1,5148,5143,5399,1000,1320,0,0,0,""
1221417,DATA,131.5,-2.1,5168,5165,5400,1000,1320,0,0,0,""
1221917,DATA,130.8,0.0,5182,5181,5400,1000,1320,0,0,0,""
1222417,DATA,130.0,-2.1,5187,5184,5400,1000,1320,0,0,0,""
1222917,DATA,129.3,-2.1,5186,5186,5400,1000,1320,0,0,0,""
1223417,DATA,128.0,-2.1,5189,5190,7199,1000,1320,0,0,0,""
1223917,DATA,127.5,-2.1,5186,5186,7199,1000,1320,0,0,0,""
1224417,DATA,126.5,-4.2,5195,5194,7200,1000,1320,0,0,0,""
1224917,DATA,126.0,0.0,5201,5200,5400,1000,1320,0,0,0,""
1225417,DATA,125.2,-2.1,5195,5196,4800,1000,1320,0,0,0,""
1225917,DATA,124.5,0.0,5193,5193,5401,1000,1320,0,0,0,""
1226417,DATA,123.7,-2.1,5181,5184,5999,1000,1320,0,0,0,""
1226917,DATA,122.7,-2.1,5166,5169,5399,1000,1320,0,0,0,""
1227417,DATA,122.0,-2.1,5162,5163,6000,1000,1320,0,0,0,""
1227917,DATA,121.5,0.0,5162,5161,11399,1000,1320,0,0,0,""
1228417,DATA,120.5,-4.2,5190,5185,6000,1000,1320,0,0,0,""
1228761,EVENT,120.0,-2.1,5194,5192,4803,1000,1320,0,0,0,"STARTER 1300"
1228917,DATA,120.0,0.0,5195,5193,5999,1000,1315,0,0,0,""
1229417,DATA,119.3,-2.1,4716,4808,5400,1000,1304,0,0,0,""
1229917,DATA,118.5,0.0,4962,4925,6000,1000,1300,0,0,0,""
1230417,DATA,117.7,0.0,4960,4964,5400,1000,1300,0,0,0,""
1230917,DATA,117.3,0.0,4951,4950,4800,1000,1300,0,0,0,""
1231068,EVENT,117.0,-2.1,4964,4958,6600,1000,1300,0,0,0,"STARTER 1280"
1231437,DATA,116.5,-2.1,4625,4796,2500,1000,1290,0,0,0,""
1231937,DATA,115.7,-2.1,4271,4252,6601,1000,1281,0,0,0,""
1232437,DATA,115.3,0.0,4770,4672,5399,1000,1280,0,0,0,""
1232937,DATA,114.5,-2.1,5061,5065,5400,1000,1280,0,0,0,""
1233437,DATA,114.0,-2.1,4721,4778,4800,1000,1280,0,0,0,""
1233937,DATA,113.5,-2.1,4970,4931,6000,1000,1280,0,0,0,""
1234437,DATA,113.0,0.0,4719,4768,6600,1000,1280,0,0,0,""
1234878,EVENT,112.2,-2.1,4670,4677,7800,1000,1280,0,0,0,"STARTER 1260"
1234937,DATA,112.2,-2.1,4670,4677,7800,1000,1278,0,0,0,""
1235437,DATA,112.0,0.0,3915,4200,6599,1000,1266,0,0,0,""
1235937,DATA,111.5,0.0,4228,4164,4200,1000,1260,0,0,0,""
1236437,DATA,110.5,-4.2,4253,4264,7201,1000,1260,0,0,0,""
1236937,DATA,110.2,-2.1,4244,4239,9601,1000,1260,0,0,0,""
1237437,DATA,109.7,-2.1,4286,4276,6600,1000,1260,0,0,0,""
1237937,DATA,109.5,0.0,4277,4279,8400,1000,1260,0,0,0,""
1238437,DATA,108.8,-2.1,4231,4240,4200,1000,1260,0,0,0,""
1238937,DATA,108.2,-2.1,4191,4201,5400,1000,1260,0,0,0,""
1239437,DATA,108.0,0.0,4259,4244,5401,1000,1260,0,0,0,""
1239937,DATA,107.2,-2.1,4250,4257,6600,1000,1260,0,0,0,""
1240437,DATA,107.0,0.0,4218,4235,6000,1000,1260,0,0,0,""
1240937,DATA,106.2,0.0,4789,4492,7200,1000,1260,0,0,0,""
1241437,DATA,105.8,-2.1,4464,4594,5400,1000,1260,0,0,0,""
1241937,DATA,105.2,-2.1,4181,4237,4200,1000,1260,0,0,0,""
1242437,DATA,104.8,-2.1,4076,4102,4799,1000,1260,0,0,0,""
1242937,DATA,104.2,-2.1,3994,4009,4799,1000,1260,0,0,0,""
1243437,DATA,104.0,0.0,3974,3977,4800,1000,1260,0,0,0,""
1243937,DATA,103.5,-2.1,3968,3966,4801,1000,1260,0,0,0,""
1244437,DATA,103.2,0.0,3950,3956,4200,1000,1260,0,0,0,""
1244937,DATA,102.8,0.0,3982,3973,4800,1000,1260,0,0,0,""
1245437,DATA,102.0,-2.1,3943,3957,5400,1000,1260,0,0,0,""
1245937,DATA,101.8,0.0,3937,3935,6601,1000,1260,0,0,0,""
1246437,DATA,101.2,0.0,4111,4037,6600,1000,1260,0,0,0,""
1246937,DATA,101.0,0.0,3956,3985,3600,1000,1260,0,0,0,""
1247437,DATA,100.5,0.0,3904,3914,5999,1000,1260,0,0,0,""
1247937,DATA,100.2,0.0,3941,3929,7800,1000,1260,0,0,0,""
1248437,DATA,99.5,0.0,3949,3952,6001,1000,1260,0,0,0,""
1248937,DATA,99.0,-2.1,3921,3926,5400,1000,1260,0,0,0,""
1249437,DATA,98.7,0.0,3926,3919,4199,1000,1260,0,0,0,""
1249937,DATA,98.3,-2.1,3901,3908,4200,1000,1260,0,0,0,""
1250395,EVENT,98.0,0.0,3909,3906,4800,1000,1260,0,0,0,"STARTER 1280"
1250437,DATA,98.0,0.0,3905,3906,6000,1000,1261,0,0,0,""
1250937,DATA,97.5,-2.1,3833,3831,4200,1000,1274,0,0,0,""
1251437,DATA,97.3,0.0,3931,3872,7200,1000,1280,0,0,0,""
1251937,DATA,97.0,0.0,4111,4078,4801,1000,1280,0,0,0,""
1252437,DATA,96.5,0.0,4176,4162,4800,1000,1280,0,0,0,""
1252937,DATA,96.0,-2.1,4127,4138,6000,1000,1280,0,0,0,""
1253437,DATA,95.5,0.0,4095,4106,4800,1000,1280,0,0,0,""
1253937,DATA,95.2,0.0,4080,4077,6000,1000,1280,0,0,0,""
1254437,DATA,94.5,-2.1,4109,4102,6000,1000,1280,0,0,0,""
1254937,DATA,94.5,0.0,4304,4216,6601,1000,1280,0,0,0,""
1255437,DATA,94.0,-2.1,4479,4547,4200,1000,1280,0,0,0,""
1255937,DATA,93.5,-2.1,4210,4236,5999,1000,1280,0,0,0,""
1256437,DATA,93.3,0.0,4111,4131,7201,1000,1280,0,0,0,""
1256937,DATA,92.7,-2.1,4110,4106,4800,1000,1280,0,0,0,""
1257437,DATA,92.5,0.0,4137,4130,6601,1000,1280,0,0,0,""
1257937,DATA,92.0,0.0,4128,4138,4200,1000,1280,0,0,0,""
1258437,DATA,91.5,0.0,4075,4079,5399,1000,1280,0,0,0,""
1258937,DATA,91.2,-2.1,4185,4166,4200,1000,1280,0,0,0,""
1259334,EVENT,91.0,0.0,4131,4146,4200,1000,1280,0,0,0,"STARTER 1260"
1259437,DATA,91.0,0.0,4118,4133,5970,1000,1277,0,0,0,""
1259937,DATA,90.8,0.0,3727,3838,5401,1000,1265,0,0,0,""
1260437,DATA,90.2,0.0,3884,3873,4800,1000,1260,0,0,0,""
1260937,DATA,89.8,-2.1,3802,3819,4200,1000,1260,0,0,0,""
1261437,DATA,89.5,0.0,3806,3801,5999,1000,1260,0,0,0,""
1261937,DATA,89.2,0.0,3807,3809,4200,1000,1260,0,0,0,""
1262437,DATA,89.0,0.0,3769,3773,3600,1000,1260,0,0,0,""
1262937,DATA,88.7,0.0,3784,3783,6000,1000,1260,0,0,0,""
1263437,DATA,88.5,0.0,3941,3955,6599,1000,1260,0,0,0,""
1263937,DATA,88.0,0.0,3771,3806,4800,1000,1260,0,0,0,""
1264437,DATA,87.5,-2.1,3771,3764,3600,1000,1260,0,0,0,""
1264937,DATA,87.5,0.0,3944,3845,10201,1000,1260,0,0,0,""
1265437,DATA,87.3,0.0,4125,4245,5400,1000,1260,0,0,0,""
1265937,DATA,87.0,0.0,3767,3820,5401,1000,1260,0,0,0,""
1266437,DATA,86.5,0.0,3778,3779,5400,1000,1260,0,0,0,""
1266937,DATA,86.2,0.0,3816,3792,5401,1000,1260,0,0,0,""
1267437,DATA,86.0,0.0,4119,4017,6599,1000,1260,0,0,0,""
1267937,DATA,85.8,0.0,4255,4312,5400,1000,1260,0,0,0,""
1268437,DATA,85.2,-2.1,5398,4970,5999,1000,1260,0,0,0,""
1268937,DATA,85.0,0.0,4424,4691,4200,1000,1260,0,0,0,""
1269437,DATA,84.8,0.0,3915,4011,6001,1000,1260,0,0,0,""
1269937,DATA,84.5,0.0,3832,3853,3600,1000,1260,0,0,0,""
1270437,DATA,84.0,-2.1,4937,4491,8401,1000,1260,0,0,0,""
1270937,DATA,83.7,0.0,4448,4636,6599,1000,1260,0,0,0,""
1271437,DATA,83.5,-2.1,5439,5343,8400,1000,1260,0,0,0,""
1271937,DATA,83.3,-2.1,4191,4411,4800,1000,1260,0,0,0,""
1272437,DATA,83.0,0.0,3879,3947,4800,1000,1260,0,0,0,""
1272937,DATA,82.7,0.0,3829,3836,6600,1000,1260,0,0,0,""
1273437,DATA,82.5,0.0,5729,5248,10801,1000,1260,0,0,0,""
1273937,DATA,82.0,-2.1,5336,5644,7200,1000,1260,0,0,0,""
1274437,DATA,81.7,0.0,5749,5468,7800,1000,1260,0,0,0,""
1274937,DATA,81.5,-2.1,5642,5795,4200,1000,1260,0,0,0,""
1275437,DATA,81.2,-2.1,4258,4508,12602,1000,1260,0,0,0,""
1275937,DATA,81.0,0.0,3941,4004,4800,1000,1260,0,0,0,""
1276437,DATA,80.5,-2.1,4542,4249,6600,1000,1260,0,0,0,""
1276937,DATA,80.2,0.0,4199,4334,6601,1000,1260,0,0,0,""
1277437,DATA,80.0,0.0,5037,4996,4800,1000,1260,0,0,0,""
1277937,DATA,79.7,0.0,4057,4227,4801,1000,1260,0,0,0,""
1278437,DATA,79.5,0.0,4327,4238,10201,1000,1260,0,0,0,""
1278937,DATA,79.0,-2.1,3971,4034,6601,1000,1260,0,0,0,""
1279437,DATA,79.0,0.0,4122,4108,8400,1000,1260,0,0,0,""
1279937,DATA,78.5,0.0,4175,4186,4800,1000,1260,0,0,0,""
1280437,DATA,78.3,0.0,4315,4253,9000,1000,1260,0,0,0,""
1280937,DATA,78.0,-2.1,4221,4291,7800,1000,1260,0,0,0,""
1281437,DATA,77.7,-2.1,4154,4108,7200,1000,1260,0,0,0,""
1281937,DATA,77.5,-2.1,3994,4030,6600,1000,1260,0,0,0,""
1282437,DATA,77.2,0.0,4215,4207,6000,1000,1260,0,0,0,""
1282937,DATA,77.0,-2.1,3947,3986,7800,1000,1260,0,0,0,""
1283437,DATA,76.7,-2.1,4003,3984,4800,1000,1260,0,0,0,""
1283937,DATA,76.7,0.0,4115,4093,6002,1000,1260,0,0,0,""
1284437,DATA,76.5,0.0,4161,4134,7804,1000,1260,0,0,0,""
1284937,DATA,76.2,0.0,4063,4097,6602,1000,1260,0,0,0,""
1285437,DATA,75.8,0.0,4030,4045,4202,1000,1260,0,0,0,""
1285937,DATA,75.5,0.0,4279,4177,7203,1000,1260,0,0,0,""
1286437,DATA,75.2,0.0,4187,4250,6604,1000,1260,0,0,0,""
1286937,DATA,75.0,0.0,4336,4299,4803,1000,1260,0,0,0,""
1287437,DATA,75.0,0.0,4006,4053,7802,1000,1260,0,0,0,""
1287937,DATA,74.7,0.0,4301,4197,8403,1000,1260,0,0,0,""
1288437,DATA,74.2,0.0,4052,4119,6003,1000,1260,0,0,0,""
1288937,DATA,74.0,-2.1,4382,4343,6602,1000,1260,0,0,0,""
1289437,DATA,73.7,-2.1,4083,4151,5402,1000,1260,0,0,0,""
1289937,DATA,73.7,0.0,4180,4147,6602,1000,1260,0,0,0,""
1290437,DATA,73.5,0.0,4432,4366,7804,1000,1260,0,0,0,""
1290937,DATA,73.3,0.0,4056,4159,4801,1000,1260,0,0,0,""
1291437,DATA,73.0,0.0,4250,4275,7803,1000,1260,0,0,0,""
1291937,DATA,73.0,0.0,3940,4000,5403,1000,1260,0,0,0,""
1292437,DATA,72.7,0.0,3934,3925,6002,1000,1260,0,0,0,""
1292937,DATA,72.2,0.0,4251,4272,5401,1000,1260,0,0,0,""
1293437,DATA,72.0,-2.1,3992,4034,5402,1000,1260,0,0,0,""
1293937,DATA,71.7,0.0,3987,3993,5403,1000,1260,0,0,0,""
1294437,DATA,71.7,0.0,4241,4197,5403,1000,1260,0,0,0,""
1294937,DATA,71.5,0.0,4012,4056,9003,1000,1260,0,0,0,""
1295437,DATA,71.2,0.0,3933,3943,4202,1000,1260,0,0,0,""
1295937,DATA,71.0,-2.1,3974,3971,5402,1000,1260,0,0,0,""
1296437,DATA,70.8,-2.1,4041,4074,6603,1000,1260,0,0,0,""
1296937,DATA,70.8,0.0,4233,4222,6601,1000,1260,0,0,0,""
1297437,DATA,70.5,0.0,4164,4180,5402,1000,1260,0,0,0,""
1297937,DATA,70.2,0.0,4151,4146,4803,1000,1260,0,0,0,""
1298437,DATA,70.0,0.0,4151,4156,6003,1000,1260,0,0,0,""
1298937,DATA,69.7,0.0,4101,4108,7804,1000,1260,0,0,0,""
1299437,DATA,69.5,0.0,4127,4114,4202,1000,1260,0,0,0,""
1299937,DATA,69.2,-2.1,4357,4319,7203,1000,1260,0,0,0,""
1300437,DATA,69.0,-2.1,4282,4291,9004,1000,1260,0,0,0,""
1300937,DATA,69.0,0.0,4356,4343,5402,1000,1260,0,0,0,""
1301437,DATA,68.7,0.0,4172,4207,5402,1000,1260,0,0,0,""
1301937,DATA,68.3,-2.1,4364,4302,6002,1000,1260,0,0,0,""
1302437,DATA,68.3,0.0,4236,4260,7203,1000,1260,0,0,0,""
1302937,DATA,68.0,-2.1,4245,4239,7203,1000,1260,0,0,0,""
1303437,DATA,68.0,0.0,4209,4227,6002,1000,1260,0,0,0,""
1303937,DATA,67.7,0.0,4060,4090,4201,1000,1260,0,0,0,""
1304437,DATA,67.5,0.0,3995,4005,6603,1000,1260,0,0,0,""
1304937,DATA,67.2,0.0,4033,4025,4801,1000,1260,0,0,0,""
1305437,DATA,67.0,0.0,4091,4082,3601,1000,1260,0,0,0,""
1305937,DATA,66.7,-2.1,4162,4179,4801,1000,1260,0,0,0,""
1306437,DATA,66.7,0.0,4042,4063,6002,1000,1260,0,0,0,""
1306937,DATA,66.5,0.0,4093,4076,7204,1000,1260,0,0,0,""
1307437,DATA,66.2,-2.1,4191,4171,6002,1000,1260,0,0,0,""
1307937,DATA,66.2,0.0,4150,4165,6602,1000,1260,0,0,0,""
1308437,DATA,66.0,0.0,4073,4088,6603,1000,1260,0,0,0,""
1308937,DATA,65.8,0.0,4096,4089,3601,1000,1260,0,0,0,""
1309437,DATA,65.5,-2.1,4090,4103,7203,1000,1260,0,0,0,""
1309937,DATA,65.2,0.0,4001,4018,3602,1000,1260,0,0,0,""
1310437,DATA,65.2,0.0,4024,4012,4803,1000,1260,0,0,0,""
1310937,DATA,65.2,0.0,4222,4196,6002,1000,1260,0,0,0,""
1311437,DATA,65.0,0.0,4215,4214,9004,1000,1260,0,0,0,""
1311937,DATA,64.7,0.0,4150,4170,5402,1000,1260,0,0,0,""
1312437,DATA,64.5,0.0,4061,4078,7205,1000,1260,0,0,0,""
1312937,DATA,64.2,0.0,4257,4230,6602,1000,1260,0,0,0,""
1313437,DATA,64.2,0.0,4155,4175,6002,1000,1260,0,0,0,""
1313937,DATA,64.2,0.0,4160,4154,5403,1000,1260,0,0,0,""
1314437,DATA,64.0,0.0,4122,4134,4802,1000,1260,0,0,0,""
1314937,DATA,63.7,0.0,4088,4089,4802,1000,1260,0,0,0,""
1315437,DATA,63.5,-2.1,4284,4210,7203,1000,1260,0,0,0,""
1315937,DATA,63.5,0.0,4180,4201,4802,1000,1260,0,0,0,""
1316437,DATA,63.3,0.0,4321,4224,7202,1000,1260,0,0,0,""
1316937,DATA,63.0,-2.1,4302,4326,4801,1000,1260,0,0,0,""
1317437,DATA,63.0,0.0,4194,4222,6002,1000,1260,0,0,0,""
1317937,DATA,62.7,0.0,4229,4222,6602,1000,1260,0,0,0,""
1318437,DATA,62.5,0.0,4184,4198,4201,1000,1260,0,0,0,""
1318937,DATA,62.5,0.0,4187,4185,4201,1000,1260,0,0,0,""
1319437,DATA,62.2,0.0,4225,4215,4803,1000,1260,0,0,0,""
1319937,DATA,62.0,-2.1,4197,4211,4802,1000,1260,0,0,0,""
1320437,DATA,62.0,-2.0,4159,4168,7202,1000,1260,0,0,0,""
1320937,DATA,61.7,-2.1,4124,4139,5402,1000,1260,0,0,0,""
1321437,DATA,61.7,0.0,4078,4091,4802,1000,1260,0,0,0,""
1321937,DATA,61.5,0.0,4128,4113,5403,1000,1260,0,0,0,""
1322437,DATA,61.2,0.0,4196,4183,6003,1000,1260,0,0,0,""
1322937,DATA,61.2,0.0,4208,4211,4201,1000,1260,0,0,0,""
1323437,DATA,61.0,0.0,4145,4160,6004,1000,1260,0,0,0,""
1323937,DATA,61.0,0.0,4072,4095,3563,1000,1260,0,0,0,""
1324437,DATA,60.8,0.0,4046,4042,6533,1000,1260,0,0,0,""
1324937,DATA,60.8,2.1,4142,4120,4750,1000,1260,0,0,0,""
1325437,DATA,60.5,0.0,4182,4177,4157,1000,1260,0,0,0,""
1325937,DATA,60.2,-2.1,4145,4148,4751,1000,1260,0,0,0,""
1326437,DATA,60.2,0.0,4076,4094,4751,1000,1260,0,0,0,""
1326937,DATA,60.0,-2.1,4098,4093,4156,1000,1260,0,0,0,""
1327437,DATA,60.0,2.1,4048,4058,6532,1000,1260,0,0,0,""
1327937,DATA,59.7,0.0,4038,4041,5939,1000,1260,0,0,0,""
1328437,DATA,59.7,0.0,4093,4074,4750,1000,1260,0,0,0,""
1328937,DATA,59.5,0.0,4139,4133,5345,1000,1260,0,0,0,""
1329437,DATA,59.5,0.0,4109,4105,7126,1000,1260,0,0,0,""
1329937,DATA,59.2,-2.1,4064,4073,5938,1000,1260,0,0,0,""
1330437,DATA,59.2,2.1,4054,4059,5344,1000,1260,0,0,0,""
1330937,DATA,59.0,0.0,4067,4063,6532,1000,1260,0,0,0,""
1331437,DATA,58.7,-2.1,4135,4124,5344,1000,1260,0,0,0,""
1331937,DATA,58.7,0.0,4154,4144,10689,1000,1260,0,0,0,""
1332437,DATA,58.7,0.0,4159,4169,4751,1000,1260,0,0,0,""
1332937,DATA,58.5,0.0,4121,4125,4750,1000,1260,0,0,0,""
1333437,DATA,58.3,-2.1,4144,4139,4750,1000,1260,0,0,0,""
1333937,DATA,58.3,0.0,4173,4166,6532,1000,1260,0,0,0,""
1334437,DATA,58.3,0.0,4209,4185,7126,1000,1260,0,0,0,""
1334937,DATA,58.0,0.0,4294,4304,6532,1000,1260,0,0,0,""
1335437,DATA,58.0,0.0,4250,4256,4751,1000,1260,0,0,0,""
1335937,DATA,57.7,0.0,4172,4196,4157,1000,1260,0,0,0,""
1336437,DATA,57.7,0.0,4148,4152,9502,1000,1260,0,0,0,""
1336937,DATA,57.5,0.0,4187,4181,5343,1000,1260,0,0,0,""
1337437,DATA,57.2,-2.1,4185,4191,5938,1000,1260,0,0,0,""
1337937,DATA,57.2,0.0,4120,4133,8314,1000,1260,0,0,0,""
1338437,DATA,57.2,0.0,4146,4144,5938,1000,1260,0,0,0,""
1338937,DATA,57.0,0.0,4358,4326,5346,1000,1260,0,0,0,""
1339437,DATA,56.7,-2.1,4233,4252,5343,1000,1260,0,0,0,""
1339555,EVENT,56.7,0.0,4230,4242,5402,1000,1260,0,0,0,"STARTER OFF"
1339937,DATA,57.0,2.1,3836,4034,1500,1000,1135,0,0,0,""
1340457,DATA,56.5,0.0,1798,2131,1500,1000,1020,0,0,0,""
1340957,DATA,57.0,0.0,1504,1578,1200,1000,1000,0,0,0,""
1341457,DATA,57.2,2.1,1230,1286,1200,1000,1000,0,0,0,""
1341957,DATA,57.2,0.0,1119,1144,1200,1000,1000,0,0,0,""
1342457,DATA,57.2,0.0,1048,1065,1200,1000,1000,0,0,0,""
1342957,DATA,57.5,2.1,975,988,1200,1000,1000,0,0,0,""
1343457,DATA,57.5,0.0,917,929,600,1000,1000,0,0,0,""
1343957,DATA,57.5,0.0,860,871,600,1000,1000,0,0,0,""
1344457,DATA,57.5,0.0,807,817,600,1000,1000,0,0,0,""
1344957,DATA,57.5,0.0,755,765,600,1000,1000,0,0,0,""
1345457,DATA,57.5,0.0,706,715,600,1000,1000,0,0,0,""
1345957,DATA,57.7,2.0,655,665,600,1000,1000,0,0,0,""
1346457,DATA,57.5,0.0,611,619,600,1000,1000,0,0,0,""
1346957,DATA,57.5,0.0,566,575,600,1000,1000,0,0,0,""
1347457,DATA,57.7,2.1,524,532,600,1000,1000,0,0,0,""
1347957,DATA,57.7,0.0, 0, 0,600,1000,1000,0,0,0,""
1348457,DATA,57.7,0.0, 0, 0,600,1000,1000,0,0,0,""
1348957,DATA,57.7,0.0, 0, 0,600,1000,1000,0,0,0,""
1349457,DATA,57.7,0.0, 0, 0,600,1000,1000,0,0,0,""
1349957,DATA,57.7,0.0, 0, 0, 0,1000,1000,0,0,0,""
1350457,DATA,57.7,0.0, 0, 0, 0,1000,1000,0,0,0,""
1350957,DATA,58.0,0.0, 0, 0, 0,1000,1000,0,0,0,""
1351457,DATA,58.0,0.0, 0, 0, 0,1000,1000,0,0,0,""
1351957,DATA,58.0,0.0, 0, 0,600,1000,1000,0,0,0,""
1352457,DATA,58.0,0.0, 0, 0, 0,1000,1000,0,0,0,""
1352957,DATA,58.0,0.0, 0, 0, 0,1000,1000,0,0,0,""
1353457,DATA,58.0,0.0, 0, 0, 0,1000,1000,0,0,0,""
1353957,DATA,58.0,0.0, 0, 0, 0,1000,1000,0,0,0,""
1354457,DATA,58.0,0.0, 0, 0, 0,1000,1000,0,0,0,""
1354957,DATA,58.0,0.0, 0, 0, 0,1000,1000,0,0,0,""
1355457,DATA,58.3,0.0, 0, 0, 0,1000,1000,0,0,0,""
1355957,DATA,58.3,0.0,180,185, 0,1000,1000,0,0,0,""
1356457,DATA,58.3,0.0, 0, 0, 0,1000,1000,0,0,0,""
1356957,DATA,58.3,0.0, 0, 0, 0,1000,1000,0,0,0,""
1357457,DATA,58.3,0.0, 0, 0, 0,1000,1000,0,0,0,""
1357957,DATA,58.3,0.0, 0, 0, 0,1000,1000,0,0,0,""
1358457,DATA,58.3,2.1, 0, 0, 0,1000,1000,0,0,0,""
1358957,DATA,58.3,0.0, 0, 0, 0,1000,1000,0,0,0,""
1359457,DATA,58.3,2.1, 0, 0, 0,1000,1000,0,0,0,""
1359957,DATA,58.3,0.0, 0, 0, 0,1000,1000,0,0,0,""
1360457,DATA,58.3,0.0, 0, 0, 0,1000,1000,0,0,0,""
1360957,DATA,58.3,0.0, 0, 0, 0,1000,1000,0,0,0,""
1361457,DATA,58.3,0.0, 0, 0, 0,1000,1000,0,0,0,""
1361957,DATA,58.3,0.0, 0, 0, 0,1000,1000,0,0,0,""
1362457,DATA,58.3,0.0, 0, 0, 0,1000,1000,0,0,0,""
1362957,DATA,58.3,0.0, 0, 0, 0,1000,1000,0,0,0,""
1363457,DATA,58.3,0.0, 0, 0, 0,1000,1000,0,0,0,""
1363957,DATA,58.0,-2.0, 0, 0, 0,1000,1000,0,0,0,""
1364457,DATA,58.3,0.0, 0, 0, 0,1000,1000,0,0,0,""
1364957,DATA,58.3,2.1, 0, 0, 0,1000,1000,0,0,0,""
1365457,DATA,58.0,-2.1, 0, 0, 0,1000,1000,0,0,0,""
1365957,DATA,58.0,0.0, 0, 0, 0,1000,1000,0,0,0,""
1366457,DATA,58.0,0.0, 0, 0, 0,1000,1000,0,0,0,""
1366957,DATA,58.0,0.0, 0, 0, 0,1000,1000,0,0,0,""
1367457,DATA,58.0,0.0, 0, 0, 0,1000,1000,0,0,0,""
1367957,DATA,58.0,0.0, 0, 0, 0,1000,1000,0,0,0,""
1368457,DATA,58.0,0.0, 0, 0, 0,1000,1000,0,0,0,""
1368957,DATA,58.0,0.0, 0, 0, 0,1000,1000,0,0,0,""
1369457,DATA,58.0,0.0, 0, 0, 0,1000,1000,0,0,0,""
1369957,DATA,58.0,0.0, 0, 0, 0,1000,1000,0,0,0,""
1370457,DATA,58.0,0.0, 0, 0,1188,1000,1000,0,0,0,""
1370957,DATA,58.0,0.0, 0, 0, 0,1000,1000,0,0,0,""
1371457,DATA,58.0,0.0, 0, 0, 0,1000,1000,0,0,0,""
1371957,DATA,57.7,-2.1, 0, 0, 0,1000,1000,0,0,0,""
1372457,DATA,57.7,-2.1, 0, 0,28500,1000,1000,0,0,0,""
1372957,DATA,57.7,0.0, 0, 0, 0,1000,1000,0,0,0,""
1373457,DATA,57.7,0.0, 0, 0, 0,1000,1000,0,0,0,""
1373957,DATA,57.7,0.0, 0, 0,594,1000,1000,0,0,0,""
1374457,DATA,57.7,0.0, 0, 0,594,1000,1000,0,0,0,""
1374958,DATA,57.7,0.0, 0, 0,594,1000,1000,0,0,0,""
1375459,DATA,57.7,0.0, 0, 0,594,1000,1000,0,0,0,""
1375960,DATA,57.5,-2.0, 0, 0,594,1000,1000,0,0,0,""
1376461,DATA,57.5,0.0, 0, 0,594,1000,1000,0,0,0,""
1376962,DATA,57.5,0.0, 0, 0,594,1000,1000,0,0,0,""
1377463,DATA,57.5,-2.1, 0, 0,594,1000,1000,0,0,0,""
1377964,DATA,57.5,0.0, 0, 0,594,1000,1000,0,0,0,""
1378465,DATA,57.5,0.0, 0, 0,594,1000,1000,0,0,0,""
1378966,DATA,57.5,0.0, 0, 0,594,1000,1000,0,0,0,""
1379467,DATA,57.7,0.0, 0, 0,594,1000,1000,0,0,0,""
1379968,DATA,57.5,0.0, 0, 0,594,1000,1000,0,0,0,""
1380469,DATA,57.5,0.0, 0, 0,594,1000,1000,0,0,0,""
1380970,DATA,57.5,0.0, 0, 0,594,1000,1000,0,0,0,""
1381471,DATA,57.5,0.0, 0, 0,594,1000,1000,0,0,0,""
1381972,DATA,57.5,0.0, 0, 0,594,1000,1000,0,0,0,""
1382473,DATA,57.5,0.0, 0, 0,594,1000,1000,0,0,0,""
1382974,DATA,57.5,0.0, 0, 0,594,1000,1000,0,0,0,""
1383475,DATA,57.5,0.0, 0, 0,594,1000,1000,0,0,0,""
1383976,DATA,57.5,0.0, 0, 0,594,1000,1000,0,0,0,""
1384477,DATA,57.5,0.0, 0, 0,594,1000,1000,0,0,0,""
1384978,DATA,57.5,0.0, 0, 0,594,1000,1000,0,0,0,""
1385479,DATA,57.5,0.0, 0, 0,594,1000,1000,0,0,0,""
1385980,DATA,57.5,0.0, 0, 0,594,1000,1000,0,0,0,""
1386481,DATA,57.5,0.0, 0, 0,594,1000,1000,0,0,0,""
1386982,DATA,57.5,0.0, 0, 0,594,1000,1000,0,0,0,""
1387483,DATA,57.5,0.0, 0, 0,594,1000,1000,0,0,0,""
1387984,DATA,57.5,0.0, 0, 0,594,1000,1000,0,0,0,""
1388485,DATA,57.2,-2.1, 0, 0,594,1000,1000,0,0,0,""
1388986,DATA,57.2,-2.1, 0, 0,594,1000,1000,0,0,0,""
1389487,DATA,57.2,0.0, 0, 0,594,1000,1000,0,0,0,""
1389988,DATA,57.2,0.0, 0, 0,594,1000,1000,0,0,0,""
1390489,DATA,57.2,0.0, 0, 0,594,1000,1000,0,0,0,""
1390990,DATA,57.2,0.0, 0, 0,594,1000,1000,0,0,0,""
1391491,DATA,57.2,0.0, 0, 0,594,1000,1000,0,0,0,""
1391992,DATA,57.2,2.1, 0, 0,594,1000,1000,0,0,0,""
1392493,DATA,57.2,2.1, 0, 0,594,1000,1000,0,0,0,""
1392994,DATA,57.0,-2.1, 0, 0,594,1000,1000,0,0,0,""
1393495,DATA,57.0,0.0, 0, 0,594,1000,1000,0,0,0,""
1393996,DATA,57.0,0.0, 0, 0,594,1000,1000,0,0,0,""
1394497,DATA,57.0,0.0, 0, 0,594,1000,1000,0,0,0,""
1394998,DATA,57.2,0.0, 0, 0,594,1000,1000,0,0,0,""
1395499,DATA,57.0,0.0, 0, 0,594,1000,1000,0,0,0,""
1396000,DATA,57.0,0.0, 0, 0,594,1000,1000,0,0,0,""
1396501,DATA,57.0,0.0, 0, 0,594,1000,1000,0,0,0,""
1397002,DATA,57.0,0.0, 0, 0,594,1000,1000,0,0,0,""
1397503,DATA,57.0,0.0, 0, 0,594,1000,1000,0,0,0,""
1398004,DATA,57.0,0.0, 0, 0,594,1000,1000,0,0,0,""
1398505,DATA,57.0,0.0, 0, 0,594,1000,1000,0,0,0,""
1399006,DATA,57.0,0.0, 0, 0,594,1000,1000,0,0,0,""
1399507,DATA,56.7,0.0, 0, 0,594,1000,1000,0,0,0,""
1400008,DATA,56.7,0.0, 0, 0,594,1000,1000,0,0,0,""
1400509,DATA,56.7,0.0, 0, 0,594,1000,1000,0,0,0,""
1401010,DATA,56.7,0.0, 0, 0,594,1000,1000,0,0,0,""
1401511,DATA,56.7,0.0, 0, 0,594,1000,1000,0,0,0,""
1402012,DATA,56.7,0.0, 0, 0,594,1000,1000,0,0,0,""
1402513,DATA,56.5,-2.1, 0, 0,594,1000,1000,0,0,0,""
1403014,DATA,56.7,2.0, 0, 0,594,1000,1000,0,0,0,""
1403515,DATA,56.5,-2.1, 0, 0,594,1000,1000,0,0,0,""
1404016,DATA,56.5,-2.1, 0, 0,594,1000,1000,0,0,0,""
1404517,DATA,56.5,0.0, 0, 0,594,1000,1000,0,0,0,""
1405018,DATA,56.5,0.0, 0, 0,594,1000,1000,0,0,0,""
1405519,DATA,56.5,0.0, 0, 0,594,1000,1000,0,0,0,""
1406020,DATA,56.5,0.0, 0, 0,594,1000,1000,0,0,0,""
1406521,DATA,56.5,0.0, 0, 0,594,1000,1000,0,0,0,""
1407022,DATA,56.5,0.0, 0, 0,594,1000,1000,0,0,0,""
1407523,DATA,56.5,0.0, 0, 0,594,1000,1000,0,0,0,""
1408024,DATA,56.5,0.0, 0, 0,594,1000,1000,0,0,0,""
1408525,DATA,56.5,0.0, 0, 0,594,1000,1000,0,0,0,""
1409026,DATA,56.2,-2.0, 0, 0,594,1000,1000,0,0,0,""
1409527,DATA,56.5,0.0, 0, 0,594,1000,1000,0,0,0,""
1410028,DATA,56.5,0.0, 0, 0,594,1000,1000,0,0,0,""
1410529,DATA,56.5,2.1, 0, 0,594,1000,1000,0,0,0,""
1411030,DATA,56.2,-2.1, 0, 0,594,1000,1000,0,0,0,""
1411531,DATA,56.5,2.1, 0, 0,594,1000,1000,0,0,0,""
1412032,DATA,56.2,-2.0, 0, 0,594,1000,1000,0,0,0,""
1412533,DATA,56.2,0.0, 0, 0,594,1000,1000,0,0,0,""
1413034,DATA,56.2,0.0, 0, 0,594,1000,1000,0,0,0,""
1413535,DATA,56.2,0.0, 0, 0,594,1000,1000,0,0,0,""
1414036,DATA,56.2,0.0, 0, 0,594,1000,1000,0,0,0,""
1414537,DATA,56.2,0.0, 0, 0,594,1000,1000,0,0,0,""
1415038,DATA,56.2,0.0, 0, 0,594,1000,1000,0,0,0,""
1415539,DATA,56.2,0.0, 0, 0,594,1000,1000,0,0,0,""
1416040,DATA,56.0,-2.1, 0, 0,594,1000,1000,0,0,0,""
1416541,DATA,56.0,-2.1, 0, 0,594,1000,1000,0,0,0,""
1417042,DATA,56.0,-2.1, 0, 0,594,1000,1000,0,0,0,""
1417543,DATA,56.0,0.0, 0, 0,594,1000,1000,0,0,0,""
1418044,DATA,56.0,0.0, 0, 0,594,1000,1000,0,0,0,""
1418545,DATA,56.0,0.0, 0, 0,594,1000,1000,0,0,0,""
1419046,DATA,56.0,0.0, 0, 0,594,1000,1000,0,0,0,""
1419547,DATA,56.0,0.0, 0, 0,594,1000,1000,0,0,0,""
1420048,DATA,56.0,0.0, 0, 0,594,1000,1000,0,0,0,""
1420549,DATA,56.0,0.0, 0, 0,594,1000,1000,0,0,0,""
1421050,DATA,56.0,0.0, 0, 0,594,1000,1000,0,0,0,""
1421551,DATA,56.0,0.0, 0, 0,594,1000,1000,0,0,0,""
1422052,DATA,56.0,2.1, 0, 0,594,1000,1000,0,0,0,""
1422553,DATA,56.0,0.0, 0, 0,594,1000,1000,0,0,0,""
1423054,DATA,55.8,-2.1, 0, 0,594,1000,1000,0,0,0,""
1423555,DATA,55.8,0.0, 0, 0,594,1000,1000,0,0,0,""
1424056,DATA,55.8,-2.0, 0, 0,594,1000,1000,0,0,0,""
1424557,DATA,56.0,2.1, 0, 0,594,1000,1000,0,0,0,""
1425058,DATA,56.0,2.1, 0, 0,594,1000,1000,0,0,0,""
1425559,DATA,55.8,0.0, 0, 0,594,1000,1000,0,0,0,""
1426060,DATA,55.8,0.0, 0, 0,594,1000,1000,0,0,0,""
1426561,DATA,55.8,0.0, 0, 0,594,1000,1000,0,0,0,""
1427062,DATA,55.8,0.0, 0, 0,594,1000,1000,0,0,0,""
1427563,DATA,55.8,0.0, 0, 0,594,1000,1000,0,0,0,""
1428064,DATA,55.8,0.0, 0, 0,594,1000,1000,0,0,0,""
1428565,DATA,55.8,0.0, 0, 0,594,1000,1000,0,0,0,""
1429066,DATA,55.8,0.0, 0, 0,594,1000,1000,0,0,0,""
1429567,DATA,55.8,0.0, 0, 0,594,1000,1000,0,0,0,""
1430068,DATA,55.8,0.0, 0, 0,594,1000,1000,0,0,0,""
1430569,DATA,55.8,0.0, 0, 0,594,1000,1000,0,0,0,""
1431070,DATA,55.8,0.0, 0, 0,594,1000,1000,0,0,0,""
1431571,DATA,55.8,2.1, 0, 0,594,1000,1000,0,0,0,""
1432072,DATA,55.5,-2.1, 0, 0,594,1000,1000,0,0,0,""
1432573,DATA,55.8,2.1, 0, 0,594,1000,1000,0,0,0,""
1433074,DATA,55.5,0.0, 0, 0,594,1000,1000,0,0,0,""
1433575,DATA,55.5,0.0, 0, 0,594,1000,1000,0,0,0,""
1434076,DATA,55.5,0.0, 0, 0,594,1000,1000,0,0,0,""
1434577,DATA,55.5,0.0, 0, 0,594,1000,1000,0,0,0,""
1435078,DATA,55.5,0.0, 0, 0,594,1000,1000,0,0,0,""
1435579,DATA,55.5,0.0, 0, 0,594,1000,1000,0,0,0,""
1436080,DATA,55.5,0.0, 0, 0,594,1000,1000,0,0,0,""
1436581,DATA,55.5,0.0, 0, 0,594,1000,1000,0,0,0,""
1437082,DATA,55.2,-2.1, 0, 0,594,1000,1000,0,0,0,""
1437583,DATA,55.2,0.0, 0, 0,594,1000,1000,0,0,0,""
1438084,DATA,55.2,-2.1, 0, 0,594,1000,1000,0,0,0,""
1438585,DATA,55.5,2.1, 0, 0,594,1000,1000,0,0,0,""
1439086,DATA,55.5,0.0, 0, 0,594,1000,1000,0,0,0,""
1439587,DATA,55.5,2.1, 0, 0,594,1000,1000,0,0,0,""
1440088,DATA,55.2,-2.1, 0, 0,594,1000,1000,0,0,0,""
1440589,DATA,55.2,0.0, 0, 0,594,1000,1000,0,0,0,""
1441090,DATA,55.2,0.0, 0, 0,594,1000,1000,0,0,0,""
1441591,DATA,55.2,0.0, 0, 0,594,1000,1000,0,0,0,""
1442092,DATA,55.2,0.0, 0, 0,594,1000,1000,0,0,0,""
1442593,DATA,55.2,0.0, 0, 0,594,1000,1000,0,0,0,""
1443094,DATA,55.2,2.1, 0, 0,594,1000,1000,0,0,0,""
1443595,DATA,55.2,0.0, 0, 0,594,1000,1000,0,0,0,""
1444096,DATA,55.0,0.0, 0, 0,594,1000,1000,0,0,0,""
1444597,DATA,55.0,0.0, 0, 0,594,1000,1000,0,0,0,""
1445098,DATA,55.0,0.0, 0, 0,594,1000,1000,0,0,0,""
1445599,DATA,55.0,0.0, 0, 0,594,1000,1000,0,0,0,""
1446100,DATA,55.0,0.0, 0, 0,594,1000,1000,0,0,0,""
1446601,DATA,55.0,0.0, 0, 0,594,1000,1000,0,0,0,""
1447102,DATA,55.0,0.0, 0, 0,594,1000,1000,0,0,0,""
1447603,DATA,55.0,0.0, 0, 0,594,1000,1000,0,0,0,""
1448104,DATA,55.0,0.0, 0, 0,594,1000,1000,0,0,0,""
1448605,DATA,55.0,0.0, 0, 0,594,1000,1000,0,0,0,""
1449106,DATA,55.0,0.0, 0, 0,594,1000,1000,0,0,0,""
1449607,DATA,54.7,-2.1, 0, 0,594,1000,1000,0,0,0,""
1450108,DATA,55.0,0.0, 0, 0,594,1000,1000,0,0,0,""
1450609,DATA,54.7,0.0, 0, 0,594,1000,1000,0,0,0,""
1451110,DATA,54.7,0.0, 0, 0,594,1000,1000,0,0,0,""
1451611,DATA,54.7,0.0, 0, 0,594,1000,1000,0,0,0,""
1452112,DATA,54.7,0.0, 0, 0,594,1000,1000,0,0,0,""
1452613,DATA,54.7,0.0, 0, 0,594,1000,1000,0,0,0,""
1453114,DATA,54.7,0.0, 0, 0,594,1000,1000,0,0,0,""
1453615,DATA,54.7,0.0, 0, 0,594,1000,1000,0,0,0,""
1454116,DATA,54.7,0.0, 0, 0,594,1000,1000,0,0,0,""
1454617,DATA,54.7,0.0, 0, 0,594,1000,1000,0,0,0,""
1455118,DATA,54.7,0.0, 0, 0,594,1000,1000,0,0,0,""
1455619,DATA,54.5,-2.1, 0, 0,594,1000,1000,0,0,0,""
1456120,DATA,54.7,0.0, 0, 0,594,1000,1000,0,0,0,""
1456621,DATA,54.5,0.0, 0, 0,594,1000,1000,0,0,0,""
1457122,DATA,54.5,0.0, 0, 0,594,1000,1000,0,0,0,""
1457623,DATA,54.5,0.0, 0, 0,594,1000,1000,0,0,0,""
1458124,DATA,54.5,0.0, 0, 0,594,1000,1000,0,0,0,""
1458625,DATA,54.5,-2.1, 0, 0,594,1000,1000,0,0,0,""
1459126,DATA,54.5,0.0, 0, 0,594,1000,1000,0,0,0,""
1459627,DATA,54.5,0.0, 0, 0,594,1000,1000,0,0,0,""
1460128,DATA,54.5,0.0, 0, 0,594,1000,1000,0,0,0,""
1460629,DATA,54.5,0.0, 0, 0,594,1000,1000,0,0,0,""
1461130,DATA,54.5,0.0, 0, 0,594,1000,1000,0,0,0,""
1461631,DATA,54.5,0.0, 0, 0,594,1000,1000,0,0,0,""
1462132,DATA,54.5,0.0, 0, 0,594,1000,1000,0,0,0,""
1462633,DATA,54.5,0.0, 0, 0,594,1000,1000,0,0,0,""
1463134,DATA,54.5,0.0, 0, 0,594,1000,1000,0,0,0,""
1463635,DATA,54.5,0.0, 0, 0,594,1000,1000,0,0,0,""
1464136,DATA,54.5,0.0, 0, 0,594,1000,1000,0,0,0,""
1464637,DATA,54.5,0.0, 0, 0,594,1000,1000,0,0,0,""
1465138,DATA,54.5,0.0, 0, 0,594,1000,1000,0,0,0,""
1465639,DATA,54.5,0.0, 0, 0,594,1000,1000,0,0,0,""
1466140,DATA,54.2,0.0, 0, 0,594,1000,1000,0,0,0,""
1466641,DATA,54.2,0.0, 0, 0,594,1000,1000,0,0,0,""
1467142,DATA,54.2,0.0, 0, 0,594,1000,1000,0,0,0,""
1467643,DATA,54.2,0.0, 0, 0,594,1000,1000,0,0,0,""
1468144,DATA,54.2,0.0, 0, 0,594,1000,1000,0,0,0,""
1468645,DATA,54.2,0.0, 0, 0,594,1000,1000,0,0,0,""
1469146,DATA,54.2,0.0, 0, 0,594,1000,1000,0,0,0,""
1469647,DATA,54.2,0.0, 0, 0,594,1000,1000,0,0,0,""
1470148,DATA,54.2,0.0, 0, 0,594,1000,1000,0,0,0,""
1470649,DATA,54.2,0.0, 0, 0,594,1000,1000,0,0,0,""
1471150,DATA,54.2,0.0, 0, 0,594,1000,1000,0,0,0,""
1471651,DATA,54.2,0.0, 0, 0,594,1000,1000,0,0,0,""
1472152,DATA,54.2,0.0, 0, 0,594,1000,1000,0,0,0,""
1472653,DATA,54.0,-2.1, 0, 0,594,1000,1000,0,0,0,""
1473154,DATA,54.0,-2.1, 0, 0,594,1000,1000,0,0,0,""
1473655,DATA,54.2,2.1, 0, 0,594,1000,1000,0,0,0,""
1474156,DATA,54.0,-2.1, 0, 0,594,1000,1000,0,0,0,""
1474657,DATA,54.0,0.0, 0, 0,594,1000,1000,0,0,0,""
1475158,DATA,54.0,0.0, 0, 0,594,1000,1000,0,0,0,""
1475659,DATA,54.0,0.0, 0, 0,594,1000,1000,0,0,0,""
1476160,DATA,54.0,0.0, 0, 0,594,1000,1000,0,0,0,""
1476661,DATA,54.0,0.0, 0, 0,594,1000,1000,0,0,0,""
1477162,DATA,54.0,0.0, 0, 0,594,1000,1000,0,0,0,""
1477663,DATA,54.0,0.0, 0, 0,594,1000,1000,0,0,0,""
1478164,DATA,54.0,0.0, 0, 0,594,1000,1000,0,0,0,""
1478665,DATA,54.0,0.0, 0, 0,594,1000,1000,0,0,0,""
1479166,DATA,54.0,0.0, 0, 0,594,1000,1000,0,0,0,""
1479667,DATA,54.0,0.0, 0, 0,594,1000,1000,0,0,0,""
1480168,DATA,54.0,0.0, 0, 0,594,1000,1000,0,0,0,""
1480669,DATA,54.0,0.0, 0, 0,594,1000,1000,0,0,0,""
1481170,DATA,53.7,-2.0, 0, 0,594,1000,1000,0,0,0,""
1481671,DATA,54.0,0.0, 0, 0,594,1000,1000,0,0,0,""
1482172,DATA,54.0,2.1, 0, 0,594,1000,1000,0,0,0,""
1482673,DATA,53.7,0.0, 0, 0,594,1000,1000,0,0,0,""
1483174,DATA,53.7,0.0, 0, 0,594,1000,1000,0,0,0,""
1483675,DATA,53.7,0.0, 0, 0,594,1000,1000,0,0,0,""
1484176,DATA,53.7,0.0, 0, 0,594,1000,1000,0,0,0,""
1484677,DATA,53.7,0.0, 0, 0,594,1000,1000,0,0,0,""
1485178,DATA,53.7,0.0, 0, 0,594,1000,1000,0,0,0,""
1485679,DATA,53.7,0.0, 0, 0,594,1000,1000,0,0,0,""
1486180,DATA,53.7,0.0, 0, 0,594,1000,1000,0,0,0,""
1486681,DATA,53.7,0.0, 0, 0,594,1000,1000,0,0,0,""
1487182,DATA,53.7,0.0, 0, 0,594,1000,1000,0,0,0,""
1487683,DATA,53.7,0.0, 0, 0,594,1000,1000,0,0,0,""
1488184,DATA,53.7,0.0, 0, 0,594,1000,1000,0,0,0,""
1488685,DATA,53.7,0.0, 0, 0,594,1000,1000,0,0,0,""
1489186,DATA,53.7,0.0, 0, 0,594,1000,1000,0,0,0,""
1489687,DATA,53.7,2.1, 0, 0,594,1000,1000,0,0,0,""
1490188,DATA,53.7,0.0, 0, 0,594,1000,1000,0,0,0,""
1490689,DATA,53.7,2.1, 0, 0,594,1000,1000,0,0,0,""
1491190,DATA,53.5,0.0, 0, 0,594,1000,1000,0,0,0,""
1491691,DATA,53.5,0.0, 0, 0,594,1000,1000,0,0,0,""
1492192,DATA,53.5,0.0, 0, 0,594,1000,1000,0,0,0,""
1492693,DATA,53.5,0.0, 0, 0,594,1000,1000,0,0,0,""
1493194,DATA,53.5,0.0, 0, 0,594,1000,1000,0,0,0,""
1493695,DATA,53.5,0.0, 0, 0,594,1000,1000,0,0,0,""
1494196,DATA,53.5,0.0, 0, 0,594,1000,1000,0,0,0,""
1494697,DATA,53.5,0.0, 0, 0,594,1000,1000,0,0,0,""
1495198,DATA,53.5,0.0, 0, 0,594,1000,1000,0,0,0,""
1495699,DATA,53.5,0.0, 0, 0,594,1000,1000,0,0,0,""
1496200,DATA,53.5,2.0, 0, 0,594,1000,1000,0,0,0,""
1496701,DATA,53.5,0.0, 0, 0,594,1000,1000,0,0,0,""
1497202,DATA,53.5,0.0, 0, 0,594,1000,1000,0,0,0,""
1497703,DATA,53.3,-2.1, 0, 0,594,1000,1000,0,0,0,""
1498204,DATA,53.5,2.1, 0, 0,594,1000,1000,0,0,0,""
1498705,DATA,53.3,0.0, 0, 0,594,1000,1000,0,0,0,""
1499206,DATA,53.5,2.0, 0, 0,594,1000,1000,0,0,0,""
1499707,DATA,53.3,0.0, 0, 0,594,1000,1000,0,0,0,""
1500208,DATA,53.3,0.0, 0, 0,594,1000,1000,0,0,0,""
1500709,DATA,53.3,0.0, 0, 0,594,1000,1000,0,0,0,""
1501210,DATA,53.3,0.0, 0, 0,594,1000,1000,0,0,0,""
1501711,DATA,53.3,0.0, 0, 0,594,1000,1000,0,0,0,""
1502212,DATA,53.3,0.0, 0, 0,594,1000,1000,0,0,0,""
1502713,DATA,53.3,0.0, 0, 0,594,1000,1000,0,0,0,""
1503214,DATA,53.3,0.0, 0, 0,594,1000,1000,0,0,0,""
1503715,DATA,53.3,0.0, 0, 0,594,1000,1000,0,0,0,""
1504216,DATA,53.3,0.0, 0, 0,594,1000,1000,0,0,0,""
1504717,DATA,53.3,0.0, 0, 0,594,1000,1000,0,0,0,""
1505218,DATA,53.0,0.0, 0, 0,594,1000,1000,0,0,0,""
1505719,DATA,53.0,0.0, 0, 0,594,1000,1000,0,0,0,""
1506220,DATA,53.3,2.1, 0, 0,594,1000,1000,0,0,0,""
1506721,DATA,53.0,0.0, 0, 0,594,1000,1000,0,0,0,""
1507222,DATA,53.3,2.1, 0, 0,594,1000,1000,0,0,0,""
1507723,DATA,53.0,0.0, 0, 0,594,1000,1000,0,0,0,""
1508224,DATA,53.3,0.0, 0, 0,594,1000,1000,0,0,0,""
1508725,DATA,53.3,2.1, 0, 0,594,1000,1000,0,0,0,""
1509226,DATA,53.0,0.0, 0, 0,594,1000,1000,0,0,0,""
1509727,DATA,53.0,0.0, 0, 0,594,1000,1000,0,0,0,""
1510228,DATA,53.0,0.0, 0, 0,594,1000,1000,0,0,0,""
1510729,DATA,53.0,0.0, 0, 0,594,1000,1000,0,0,0,""
1511230,DATA,53.0,0.0, 0, 0,594,1000,1000,0,0,0,""
1511731,DATA,53.0,0.0, 0, 0,594,1000,1000,0,0,0,""
1512232,DATA,53.0,0.0, 0, 0,594,1000,1000,0,0,0,""
1512733,DATA,53.0,0.0, 0, 0,594,1000,1000,0,0,0,""
1513234,DATA,53.0,0.0, 0, 0,594,1000,1000,0,0,0,""
1513735,DATA,53.0,0.0, 0, 0,594,1000,1000,0,0,0,""
1514236,DATA,53.0,0.0, 0, 0,594,1000,1000,0,0,0,""
1514737,DATA,52.7,-2.1, 0, 0,594,1000,1000,0,0,0,""
1515238,DATA,53.0,2.1, 0, 0,594,1000,1000,0,0,0,""
1515739,DATA,53.0,0.0, 0, 0,594,1000,1000,0,0,0,""
1516240,DATA,53.0,0.0, 0, 0,594,1000,1000,0,0,0,""
1516741,DATA,52.7,-2.1, 0, 0,594,1000,1000,0,0,0,""
1517242,DATA,53.0,2.0, 0, 0,594,1000,1000,0,0,0,""
1517743,DATA,53.0,0.0, 0, 0,594,1000,1000,0,0,0,""
1518244,DATA,52.7,0.0, 0, 0,594,1000,1000,0,0,0,""
1518745,DATA,52.7,-2.1, 0, 0,594,1000,1000,0,0,0,""
1519246,DATA,53.0,2.1, 0, 0,594,1000,1000,0,0,0,""
1519747,DATA,52.7,0.0, 0, 0,594,1000,1000,0,0,0,""
1520248,DATA,52.7,0.0, 0, 0,594,1000,1000,0,0,0,""
1520749,DATA,52.7,0.0, 0, 0,594,1000,1000,0,0,0,""
1521250,DATA,52.7,0.0, 0, 0,594,1000,1000,0,0,0,""
1521751,DATA,52.7,0.0, 0, 0,594,1000,1000,0,0,0,""
1522252,DATA,52.7,0.0, 0, 0,594,1000,1000,0,0,0,""
1522753,DATA,52.7,0.0, 0, 0,594,1000,1000,0,0,0,""
1523254,DATA,52.7,0.0, 0, 0,594,1000,1000,0,0,0,""
1523755,DATA,52.7,0.0, 0, 0,594,1000,1000,0,0,0,""
1524256,DATA,52.7,0.0, 0, 0,594,1000,1000,0,0,0,""
1524757,DATA,52.7,0.0, 0, 0,594,1000,1000,0,0,0,""
1525258,DATA,52.5,-2.1, 0, 0,594,1000,1000,0,0,0,""
1525759,DATA,52.7,0.0, 0, 0,594,1000,1000,0,0,0,""
1526260,DATA,52.7,0.0, 0, 0,594,1000,1000,0,0,0,""
1526761,DATA,52.7,0.0, 0, 0,594,1000,1000,0,0,0,""
1527262,DATA,52.7,0.0, 0, 0,594,1000,1000,0,0,0,""
1527763,DATA,52.7,0.0, 0, 0,594,1000,1000,0,0,0,""
1528264,DATA,52.7,0.0, 0, 0,594,1000,1000,0,0,0,""
1528765,DATA,52.5,0.0, 0, 0,594,1000,1000,0,0,0,""
1529266,DATA,52.5,0.0, 0, 0,594,1000,1000,0,0,0,""
1529767,DATA,52.5,0.0, 0, 0,594,1000,1000,0,0,0,""
1530268,DATA,52.5,0.0, 0, 0,594,1000,1000,0,0,0,""
1530769,DATA,52.5,0.0, 0, 0,594,1000,1000,0,0,0,""
1531270,DATA,52.5,0.0, 0, 0,594,1000,1000,0,0,0,""
1531771,DATA,52.5,0.0, 0, 0,594,1000,1000,0,0,0,""
1532272,DATA,52.5,0.0, 0, 0,594,1000,1000,0,0,0,""
1532773,DATA,52.5,0.0, 0, 0,594,1000,1000,0,0,0,""
1533274,DATA,52.5,0.0, 0, 0,594,1000,1000,0,0,0,""
1533775,DATA,52.5,0.0, 0, 0,594,1000,1000,0,0,0,""
1534276,DATA,52.5,0.0, 0, 0,594,1000,1000,0,0,0,""
1534777,DATA,52.5,0.0, 0, 0,594,1000,1000,0,0,0,""
1535278,DATA,52.5,0.0, 0, 0,594,1000,1000,0,0,0,""
1535779,DATA,52.5,2.1, 0, 0,594,1000,1000,0,0,0,""
1536280,DATA,52.5,2.1, 0, 0,594,1000,1000,0,0,0,""
1536781,DATA,52.5,2.1, 0, 0,594,1000,1000,0,0,0,""
1537282,DATA,52.2,-2.1, 0, 0,594,1000,1000,0,0,0,""
1537783,DATA,52.5,0.0, 0, 0,594,1000,1000,0,0,0,""
1538284,DATA,52.2,0.0, 0, 0,594,1000,1000,0,0,0,""
1538785,DATA,52.2,-2.1, 0, 0,594,1000,1000,0,0,0,""
1539286,DATA,52.2,0.0, 0, 0,594,1000,1000,0,0,0,""
1539787,DATA,52.2,0.0, 0, 0,594,1000,1000,0,0,0,""
1540288,DATA,52.2,0.0, 0, 0,594,1000,1000,0,0,0,""
1540789,DATA,52.2,0.0, 0, 0,594,1000,1000,0,0,0,""
1541290,DATA,52.2,0.0, 0, 0,594,1000,1000,0,0,0,""
1541791,DATA,52.2,0.0, 0, 0,594,1000,1000,0,0,0,""
1542292,DATA,52.2,0.0, 0, 0,594,1000,1000,0,0,0,""
1542793,DATA,52.2,0.0, 0, 0,594,1000,1000,0,0,0,""
1543294,DATA,52.2,0.0, 0, 0,594,1000,1000,0,0,0,""
1543795,DATA,52.2,0.0, 0, 0,594,1000,1000,0,0,0,""
1544296,DATA,52.2,0.0, 0, 0,594,1000,1000,0,0,0,""
1544797,DATA,52.2,0.0, 0, 0,594,1000,1000,0,0,0,""
1545298,DATA,52.2,0.0, 0, 0,594,1000,1000,0,0,0,""
1545799,DATA,52.2,2.1, 0, 0,594,1000,1000,0,0,0,""
1546300,DATA,52.2,0.0, 0, 0,594,1000,1000,0,0,0,""
1546801,DATA,52.0,0.0, 0, 0,594,1000,1000,0,0,0,""
1547302,DATA,52.0,0.0, 0, 0,594,1000,1000,0,0,0,""
1547803,DATA,52.0,0.0, 0, 0,594,1000,1000,0,0,0,""
1548304,DATA,52.0,0.0, 0, 0,594,1000,1000,0,0,0,""
1548805,DATA,52.0,0.0, 0, 0,594,1000,1000,0,0,0,""
1549306,DATA,52.0,0.0, 0, 0,594,1000,1000,0,0,0,""
1549807,DATA,52.0,0.0, 0, 0,594,1000,1000,0,0,0,""
1550308,DATA,52.0,0.0, 0, 0,594,1000,1000,0,0,0,""
1550809,DATA,52.0,0.0, 0, 0,594,1000,1000,0,0,0,""
1551310,DATA,51.7,-2.1, 0, 0,594,1000,1000,0,0,0,""
1551811,DATA,52.0,0.0, 0, 0,594,1000,1000,0,0,0,""
1552312,DATA,52.0,0.0, 0, 0,594,1000,1000,0,0,0,""
1552813,DATA,52.0,0.0, 0, 0,594,1000,1000,0,0,0,""
1553314,DATA,52.0,0.0, 0, 0,594,1000,1000,0,0,0,""
1553815,DATA,51.7,0.0, 0, 0,594,1000,1000,0,0,0,""
1554316,DATA,51.7,0.0, 0, 0,594,1000,1000,0,0,0,""
1554817,DATA,51.7,0.0, 0, 0,594,1000,1000,0,0,0,""
1555318,DATA,51.7,0.0, 0, 0,594,1000,1000,0,0,0,""
1555819,DATA,51.7,0.0, 0, 0,594,1000,1000,0,0,0,""
1556320,DATA,51.7,0.0, 0, 0,594,1000,1000,0,0,0,""
1556821,DATA,51.7,0.0, 0, 0,594,1000,1000,0,0,0,""
1557322,DATA,51.7,0.0, 0, 0,594,1000,1000,0,0,0,""
1557823,DATA,51.7,0.0, 0, 0,594,1000,1000,0,0,0,""
1558324,DATA,51.7,0.0, 0, 0,594,1000,1000,0,0,0,""
1558825,DATA,51.7,0.0, 0, 0,594,1000,1000,0,0,0,""
1559326,DATA,51.7,0.0, 0, 0,594,1000,1000,0,0,0,""
1559827,DATA,51.7,2.1, 0, 0,594,1000,1000,0,0,0,""
1560328,DATA,51.7,2.1, 0, 0,594,1000,1000,0,0,0,""
1560829,DATA,51.7,2.1, 0, 0,594,1000,1000,0,0,0,""
1561330,DATA,51.5,0.0, 0, 0,594,1000,1000,0,0,0,""
1561831,DATA,51.5,0.0, 0, 0,594,1000,1000,0,0,0,""
1562332,DATA,51.5,0.0, 0, 0,594,1000,1000,0,0,0,""
1562833,DATA,51.5,0.0, 0, 0,594,1000,1000,0,0,0,""
1563334,DATA,51.5,0.0, 0, 0,594,1000,1000,0,0,0,""
1563835,DATA,51.5,0.0, 0, 0,594,1000,1000,0,0,0,""
1564336,DATA,51.5,0.0, 0, 0,594,1000,1000,0,0,0,""
1564837,DATA,51.5,0.0, 0, 0,594,1000,1000,0,0,0,""
1565338,DATA,51.5,0.0, 0, 0,594,1000,1000,0,0,0,""
1565839,DATA,51.5,0.0, 0, 0,594,1000,1000,0,0,0,""
1566340,DATA,51.5,0.0, 0, 0,594,1000,1000,0,0,0,""
1566841,DATA,51.5,0.0, 0, 0,594,1000,1000,0,0,0,""
1567342,DATA,51.5,0.0, 0, 0,594,1000,1000,0,0,0,""
1567843,DATA,51.5,0.0, 0, 0,594,1000,1000,0,0,0,""
1568344,DATA,51.5,2.0, 0, 0,594,1000,1000,0,0,0,""
1568845,DATA,51.2,-2.1, 0, 0,594,1000,1000,0,0,0,""
1569346,DATA,51.2,0.0, 0, 0,594,1000,1000,0,0,0,""
1569847,DATA,51.5,0.0, 0, 0,594,1000,1000,0,0,0,""
1570348,DATA,51.2,-2.1, 0, 0,594,1000,1000,0,0,0,""
1570849,DATA,51.2,-2.1, 0, 0,594,1000,1000,0,0,0,""
1571350,DATA,51.2,0.0, 0, 0,594,1000,1000,0,0,0,""
1571851,DATA,51.2,0.0, 0, 0,594,1000,1000,0,0,0,""
1572352,DATA,51.2,0.0, 0, 0,594,1000,1000,0,0,0,""
1572853,DATA,51.2,0.0, 0, 0,594,1000,1000,0,0,0,""
1573354,DATA,51.2,0.0, 0, 0,594,1000,1000,0,0,0,""
1573855,DATA,51.2,0.0, 0, 0,594,1000,1000,0,0,0,""
1574356,DATA,51.2,0.0, 0, 0,594,1000,1000,0,0,0,""
1574857,DATA,51.2,0.0, 0, 0,594,1000,1000,0,0,0,""
1575358,DATA,51.2,0.0, 0, 0,594,1000,1000,0,0,0,""
1575859,DATA,51.2,0.0, 0, 0,594,1000,1000,0,0,0,""
1576360,DATA,51.0,-2.1, 0, 0,594,1000,1000,0,0,0,""
1576861,DATA,51.2,2.1, 0, 0,594,1000,1000,0,0,0,""
1577362,DATA,51.0,0.0, 0, 0,594,1000,1000,0,0,0,""
1577863,DATA,51.0,0.0, 0, 0,594,1000,1000,0,0,0,""
1578364,DATA,51.2,2.1, 0, 0,594,1000,1000,0,0,0,""
1578865,DATA,51.0,0.0, 0, 0,594,1000,1000,0,0,0,""
1579366,DATA,51.2,2.1, 0, 0,594,1000,1000,0,0,0,""
1579867,DATA,51.0,0.0, 0, 0,594,1000,1000,0,0,0,""
1580368,DATA,51.0,0.0, 0, 0,594,1000,1000,0,0,0,""
1580869,DATA,51.0,0.0, 0, 0,594,1000,1000,0,0,0,""
1581370,DATA,51.0,0.0, 0, 0,594,1000,1000,0,0,0,""
1581871,DATA,51.0,0.0, 0, 0,594,1000,1000,0,0,0,""
1582372,DATA,51.0,0.0, 0, 0,594,1000,1000,0,0,0,""
1582873,DATA,51.0,0.0, 0, 0,594,1000,1000,0,0,0,""
1583374,DATA,51.0,0.0, 0, 0,594,1000,1000,0,0,0,""
1583875,DATA,51.0,0.0, 0, 0,594,1000,1000,0,0,0,""
1584376,DATA,51.0,0.0, 0, 0,594,1000,1000,0,0,0,""
1584877,DATA,51.0,0.0, 0, 0,594,1000,1000,0,0,0,""
1585378,DATA,51.0,0.0, 0, 0,594,1000,1000,0,0,0,""
1585879,DATA,51.0,0.0, 0, 0,594,1000,1000,0,0,0,""
1586380,DATA,51.0,0.0, 0, 0,594,1000,1000,0,0,0,""
1586881,DATA,51.0,0.0, 0, 0,594,1000,1000,0,0,0,""
1587382,DATA,51.0,0.0, 0, 0,594,1000,1000,0,0,0,""
1587883,DATA,51.0,0.0, 0, 0,594,1000,1000,0,0,0,""
1588384,DATA,51.0,0.0, 0, 0,594,1000,1000,0,0,0,""
1588885,DATA,51.0,0.0, 0, 0,594,1000,1000,0,0,0,""
1589386,DATA,51.0,0.0, 0, 0,594,1000,1000,0,0,0,""
1589887,DATA,51.0,0.0, 0, 0,594,1000,1000,0,0,0,""
1590388,DATA,51.0,0.0, 0, 0,594,1000,1000,0,0,0,""
1590889,DATA,51.0,0.0, 0, 0,594,1000,1000,0,0,0,""
1591390,DATA,51.0,0.0, 0, 0,594,1000,1000,0,0,0,""
1591891,DATA,51.0,2.1, 0, 0,594,1000,1000,0,0,0,""
1592392,DATA,51.0,0.0, 0, 0,594,1000,1000,0,0,0,""
1592893,DATA,51.0,0.0, 0, 0,594,1000,1000,0,0,0,""
1593394,DATA,51.0,0.0, 0, 0,594,1000,1000,0,0,0,""
1593895,DATA,51.0,0.0, 0, 0,594,1000,1000,0,0,0,""
1594396,DATA,50.8,-2.1, 0, 0,594,1000,1000,0,0,0,""
1594897,DATA,50.8,0.0, 0, 0,594,1000,1000,0,0,0,""
1595398,DATA,50.8,0.0, 0, 0,594,1000,1000,0,0,0,""
1595899,DATA,50.8,0.0, 0, 0,594,1000,1000,0,0,0,""
1596400,DATA,50.8,0.0, 0, 0,594,1000,1000,0,0,0,""
1596901,DATA,50.8,0.0, 0, 0,594,1000,1000,0,0,0,""
1597402,DATA,50.8,0.0, 0, 0,594,1000,1000,0,0,0,""
1597903,DATA,50.8,0.0, 0, 0,594,1000,1000,0,0,0,""
1598404,DATA,50.8,0.0, 0, 0,594,1000,1000,0,0,0,""
1598905,DATA,50.8,0.0, 0, 0,594,1000,1000,0,0,0,""
1599406,DATA,50.5,-2.1, 0, 0,594,1000,1000,0,0,0,""
1599907,DATA,50.8,0.0, 0, 0,594,1000,1000,0,0,0,""
1600408,DATA,50.5,0.0, 0, 0,594,1000,1000,0,0,0,""
1600909,DATA,50.5,-2.1, 0, 0,594,1000,1000,0,0,0,""
1601410,DATA,50.5,-2.0, 0, 0,594,1000,1000,0,0,0,""
1601911,DATA,50.5,-2.1, 0, 0,594,1000,1000,0,0,0,""
1602412,DATA,50.8,0.0, 0, 0,594,1000,1000,0,0,0,""
1602913,DATA,50.5,-2.1, 0, 0,594,1000,1000,0,0,0,""
1603414,DATA,50.5,0.0, 0, 0,594,1000,1000,0,0,0,""
1603915,DATA,50.8,2.1, 0, 0,594,1000,1000,0,0,0,""
1604416,DATA,50.5,-2.0, 0, 0,594,1000,1000,0,0,0,""
1604917,DATA,50.8,2.1, 0, 0,594,1000,1000,0,0,0,""
1605418,DATA,50.5,0.0, 0, 0,594,1000,1000,0,0,0,""
1605919,DATA,50.5,0.0, 0, 0,594,1000,1000,0,0,0,""
1606420,DATA,50.5,0.0, 0, 0,594,1000,1000,0,0,0,""
1606921,DATA,50.5,0.0, 0, 0,594,1000,1000,0,0,0,""
1607422,DATA,50.5,0.0, 0, 0,594,1000,1000,0,0,0,""
1607923,DATA,50.5,0.0, 0, 0,594,1000,1000,0,0,0,""
1608424,DATA,50.5,0.0, 0, 0,594,1000,1000,0,0,0,""
1608925,DATA,50.5,0.0, 0, 0,594,1000,1000,0,0,0,""
1609426,DATA,50.5,0.0, 0, 0,594,1000,1000,0,0,0,""
1609927,DATA,50.5,0.0, 0, 0,594,1000,1000,0,0,0,""
1610428,DATA,50.5,0.0, 0, 0,594,1000,1000,0,0,0,""
1610929,DATA,50.5,0.0, 0, 0,594,1000,1000,0,0,0,""
1611430,DATA,50.5,0.0, 0, 0,594,1000,1000,0,0,0,""
1611931,DATA,50.5,0.0, 0, 0,594,1000,1000,0,0,0,""
1612432,DATA,50.5,0.0, 0, 0,594,1000,1000,0,0,0,""
1612933,DATA,50.5,0.0, 0, 0,594,1000,1000,0,0,0,""
1613434,DATA,50.5,0.0, 0, 0,594,1000,1000,0,0,0,""
1613935,DATA,50.5,0.0, 0, 0,594,1000,1000,0,0,0,""
1614436,DATA,50.5,0.0, 0, 0,594,1000,1000,0,0,0,""
1614937,DATA,50.5,0.0, 0, 0,594,1000,1000,0,0,0,""
1615438,DATA,50.5,0.0, 0, 0,594,1000,1000,0,0,0,""
1615939,DATA,50.5,0.0, 0, 0,594,1000,1000,0,0,0,""
1616440,DATA,50.5,0.0, 0, 0,594,1000,1000,0,0,0,""
1616941,DATA,50.5,0.0, 0, 0,594,1000,1000,0,0,0,""
1617442,DATA,50.5,0.0, 0, 0,594,1000,1000,0,0,0,""
1617943,DATA,50.5,0.0, 0, 0,594,1000,1000,0,0,0,""
1618444,DATA,50.5,2.1, 0, 0,594,1000,1000,0,0,0,""
1618945,DATA,50.2,-2.1, 0, 0,594,1000,1000,0,0,0,""
1619446,DATA,50.5,2.0, 0, 0,594,1000,1000,0,0,0,""
1619947,DATA,50.2,-2.1, 0, 0,594,1000,1000,0,0,0,""
1620448,DATA,50.5,0.0, 0, 0,594,1000,1000,0,0,0,""
1620949,DATA,50.2,0.0, 0, 0,594,1000,1000,0,0,0,""
1621450,DATA,50.5,0.0, 0, 0,594,1000,1000,0,0,0,""
1621951,DATA,50.5,2.1, 0, 0,594,1000,1000,0,0,0,""
1622452,DATA,50.2,0.0, 0, 0,594,1000,1000,0,0,0,""
1622953,DATA,50.5,0.0, 0, 0,594,1000,1000,0,0,0,""
1623454,DATA,50.5,0.0, 0, 0,594,1000,1000,0,0,0,""
1623955,DATA,50.2,-2.1, 0, 0,594,1000,1000,0,0,0,""
1624456,DATA,50.2,0.0, 0, 0,594,1000,1000,0,0,0,""
1624957,DATA,50.2,0.0, 0, 0,594,1000,1000,0,0,0,""
1625458,DATA,50.2,0.0, 0, 0,594,1000,1000,0,0,0,""
1625959,DATA,50.2,-2.1, 0, 0,594,1000,1000,0,0,0,""
1626460,DATA,50.2,0.0, 0, 0,594,1000,1000,0,0,0,""
1626961,DATA,50.2,0.0, 0, 0,594,1000,1000,0,0,0,""
1627462,DATA,50.2,0.0, 0, 0,594,1000,1000,0,0,0,""
1627963,DATA,50.2,0.0, 0, 0,594,1000,1000,0,0,0,""
1628464,DATA,50.2,0.0, 0, 0,594,1000,1000,0,0,0,""
1628965,DATA,50.2,0.0, 0, 0,594,1000,1000,0,0,0,""
1629466,DATA,50.2,0.0, 0, 0,594,1000,1000,0,0,0,""
1629967,DATA,50.2,0.0, 0, 0,594,1000,1000,0,0,0,""
1630468,DATA,50.2,0.0, 0, 0,594,1000,1000,0,0,0,""
1630969,DATA,50.2,0.0, 0, 0,594,1000,1000,0,0,0,""
1631470,DATA,50.2,0.0, 0, 0,594,1000,1000,0,0,0,""
1631971,DATA,50.2,0.0, 0, 0,594,1000,1000,0,0,0,""
1632472,DATA,50.2,0.0, 0, 0,594,1000,1000,0,0,0,""
1632973,DATA,50.2,0.0, 0, 0,594,1000,1000,0,0,0,""
1633474,DATA,50.2,0.0, 0, 0,594,1000,1000,0,0,0,""
1633975,DATA,50.2,0.0, 0, 0,594,1000,1000,0,0,0,""
1634476,DATA,50.2,0.0, 0, 0,594,1000,1000,0,0,0,""
1634977,DATA,50.2,0.0, 0, 0,594,1000,1000,0,0,0,""
1635478,DATA,50.2,0.0, 0, 0,594,1000,1000,0,0,0,""
1635979,DATA,50.2,2.1, 0, 0,594,1000,1000,0,0,0,""
1636480,DATA,50.2,0.0, 0, 0,594,1000,1000,0,0,0,""
1636981,DATA,50.2,0.0, 0, 0,594,1000,1000,0,0,0,""
1637482,DATA,50.2,0.0, 0, 0,594,1000,1000,0,0,0,""
1637983,DATA,50.0,0.0, 0, 0,594,1000,1000,0,0,0,""
1638484,DATA,50.2,2.1, 0, 0,594,1000,1000,0,0,0,""
1638985,DATA,50.2,0.0, 0, 0,594,1000,1000,0,0,0,""
1639486,DATA,50.2,0.0, 0, 0,594,1000,1000,0,0,0,""
1639987,DATA,50.2,0.0, 0, 0,594,1000,1000,0,0,0,""
1640488,DATA,50.0,0.0, 0, 0,594,1000,1000,0,0,0,""
1640989,DATA,50.0,0.0, 0, 0,594,1000,1000,0,0,0,""
1641490,DATA,50.0,0.0, 0, 0,594,1000,1000,0,0,0,""
1641991,DATA,50.0,0.0, 0, 0,594,1000,1000,0,0,0,""
1642492,DATA,50.0,0.0, 0, 0,594,1000,1000,0,0,0,""
1642993,DATA,50.0,0.0, 0, 0,594,1000,1000,0,0,0,""
1643494,DATA,50.0,0.0, 0, 0,594,1000,1000,0,0,0,""
1643995,DATA,50.0,0.0, 0, 0,594,1000,1000,0,0,0,""
1644496,DATA,50.0,0.0, 0, 0,594,1000,1000,0,0,0,""
1644997,DATA,50.0,0.0, 0, 0,594,1000,1000,0,0,0,""
1645498,DATA,50.0,0.0, 0, 0,594,1000,1000,0,0,0,""
1645999,DATA,50.0,0.0, 0, 0,594,1000,1000,0,0,0,""
1646500,DATA,50.0,0.0, 0, 0,594,1000,1000,0,0,0,""
1647001,DATA,50.0,0.0, 0, 0,594,1000,1000,0,0,0,""
1647502,DATA,50.0,0.0, 0, 0,594,1000,1000,0,0,0,""
1648003,DATA,50.0,0.0, 0, 0,594,1000,1000,0,0,0,""
1648504,DATA,50.0,0.0, 0, 0,594,1000,1000,0,0,0,""
1649005,DATA,50.0,0.0, 0, 0,594,1000,1000,0,0,0,""
1649506,DATA,50.0,0.0, 0, 0,594,1000,1000,0,0,0,""
1650007,DATA,49.7,-2.1, 0, 0,594,1000,1000,0,0,0,""
1650508,DATA,50.0,0.0, 0, 0,594,1000,1000,0,0,0,""
1651009,DATA,50.0,0.0, 0, 0,594,1000,1000,0,0,0,""
1651510,DATA,50.0,0.0, 0, 0,594,1000,1000,0,0,0,""
1652011,DATA,50.0,0.0, 0, 0,594,1000,1000,0,0,0,""
1652512,DATA,50.0,0.0, 0, 0,594,1000,1000,0,0,0,""
1653013,DATA,50.0,2.1, 0, 0,594,1000,1000,0,0,0,""
1653514,DATA,49.7,-2.1, 0, 0,594,1000,1000,0,0,0,""
1654015,DATA,50.0,2.1, 0, 0,594,1000,1000,0,0,0,""
1654516,DATA,49.7,-2.1, 0, 0,594,1000,1000,0,0,0,""
1655017,DATA,49.7,0.0, 0, 0,594,1000,1000,0,0,0,""
1655518,DATA,49.7,0.0, 0, 0,594,1000,1000,0,0,0,""
1656019,DATA,49.7,0.0, 0, 0,594,1000,1000,0,0,0,""
1656520,DATA,49.7,0.0, 0, 0,594,1000,1000,0,0,0,""
1657021,DATA,49.7,0.0, 0, 0,594,1000,1000,0,0,0,""
1657522,DATA,49.7,0.0, 0, 0,594,1000,1000,0,0,0,""
1658023,DATA,49.7,0.0, 0, 0,594,1000,1000,0,0,0,""
1658524,DATA,49.7,0.0, 0, 0,594,1000,1000,0,0,0,""
1659025,DATA,49.7,0.0, 0, 0,594,1000,1000,0,0,0,""
1659526,DATA,49.7,0.0, 0, 0,594,1000,1000,0,0,0,""
1660027,DATA,49.7,0.0, 0, 0,594,1000,1000,0,0,0,""
1660528,DATA,49.7,0.0, 0, 0,594,1000,1000,0,0,0,""
1661029,DATA,49.7,0.0, 0, 0,594,1000,1000,0,0,0,""
1661530,DATA,49.7,0.0, 0, 0,594,1000,1000,0,0,0,""
1662031,DATA,49.7,0.0, 0, 0,594,1000,1000,0,0,0,""
1662532,DATA,49.7,0.0, 0, 0,594,1000,1000,0,0,0,""
1663033,DATA,49.7,0.0, 0, 0,594,1000,1000,0,0,0,""
1663534,DATA,49.7,2.1, 0, 0,594,1000,1000,0,0,0,""
1664035,DATA,49.7,0.0, 0, 0,594,1000,1000,0,0,0,""
1664536,DATA,49.7,0.0, 0, 0,594,1000,1000,0,0,0,""
1665037,DATA,49.5,0.0, 0, 0,594,1000,1000,0,0,0,""
1665538,DATA,49.7,2.1, 0, 0,594,1000,1000,0,0,0,""
1666039,DATA,49.7,2.1, 0, 0,594,1000,1000,0,0,0,""
1666540,DATA,49.5,0.0, 0, 0,594,1000,1000,0,0,0,""
1667041,DATA,49.5,0.0, 0, 0,594,1000,1000,0,0,0,""
1667542,DATA,49.5,0.0, 0, 0,594,1000,1000,0,0,0,""
1668043,DATA,49.5,0.0, 0, 0,594,1000,1000,0,0,0,""
1668544,DATA,49.7,2.1, 0, 0,594,1000,1000,0,0,0,""
1669045,DATA,49.5,0.0, 0, 0,594,1000,1000,0,0,0,""
1669546,DATA,49.5,0.0, 0, 0,594,1000,1000,0,0,0,""
1670047,DATA,49.5,0.0, 0, 0,594,1000,1000,0,0,0,""
1670548,DATA,49.5,0.0, 0, 0,594,1000,1000,0,0,0,""
1671049,DATA,49.5,0.0, 0, 0,594,1000,1000,0,0,0,""
1671550,DATA,49.5,0.0, 0, 0,594,1000,1000,0,0,0,""
1672051,DATA,49.5,0.0, 0, 0,594,1000,1000,0,0,0,""
1672552,DATA,49.5,0.0, 0, 0,594,1000,1000,0,0,0,""
1673053,DATA,49.5,0.0, 0, 0,594,1000,1000,0,0,0,""
1673554,DATA,49.5,0.0, 0, 0,594,1000,1000,0,0,0,""
1674055,DATA,49.5,0.0, 0, 0,594,1000,1000,0,0,0,""
1674556,DATA,49.5,0.0, 0, 0,594,1000,1000,0,0,0,""
1675057,DATA,49.5,0.0, 0, 0,594,1000,1000,0,0,0,""
1675558,DATA,49.5,0.0, 0, 0,594,1000,1000,0,0,0,""
1676059,DATA,49.5,0.0, 0, 0,594,1000,1000,0,0,0,""
1676560,DATA,49.2,-2.0, 0, 0,594,1000,1000,0,0,0,""
1677061,DATA,49.2,-2.1, 0, 0,594,1000,1000,0,0,0,""
1677562,DATA,49.2,0.0, 0, 0,594,1000,1000,0,0,0,""
1678063,DATA,49.2,0.0, 0, 0,594,1000,1000,0,0,0,""
1678564,DATA,49.5,0.0, 0, 0,594,1000,1000,0,0,0,""
1679065,DATA,49.2,-2.1, 0, 0,594,1000,1000,0,0,0,""
1679566,DATA,49.5,2.0, 0, 0,594,1000,1000,0,0,0,""
1680067,DATA,49.2,0.0, 0, 0,594,1000,1000,0,0,0,""
1680568,DATA,49.2,0.0, 0, 0,594,1000,1000,0,0,0,""
1681069,DATA,49.2,0.0, 0, 0,594,1000,1000,0,0,0,""
1681570,DATA,49.2,0.0, 0, 0,594,1000,1000,0,0,0,""
1682071,DATA,49.2,0.0, 0, 0,594,1000,1000,0,0,0,""
1682572,DATA,49.2,0.0, 0, 0,594,1000,1000,0,0,0,""
1683073,DATA,49.2,0.0, 0, 0,594,1000,1000,0,0,0,""
1683574,DATA,49.2,0.0, 0, 0,594,1000,1000,0,0,0,""
1684075,DATA,49.2,0.0, 0, 0,594,1000,1000,0,0,0,""
1684576,DATA,49.2,0.0, 0, 0,594,1000,1000,0,0,0,""
1685077,DATA,49.2,0.0, 0, 0,594,1000,1000,0,0,0,""
1685578,DATA,49.2,0.0, 0, 0,594,1000,1000,0,0,0,""
1686079,DATA,49.2,0.0, 0, 0,594,1000,1000,0,0,0,""
1686580,DATA,49.2,0.0, 0, 0,594,1000,1000,0,0,0,""
1687081,DATA,49.2,0.0, 0, 0,594,1000,1000,0,0,0,""
1687582,DATA,49.2,0.0, 0, 0,594,1000,1000,0,0,0,""
1688083,DATA,49.2,0.0, 0, 0,594,1000,1000,0,0,0,""
1688584,DATA,49.2,0.0, 0, 0,594,1000,1000,0,0,0,""
1689085,DATA,49.2,0.0, 0, 0,594,1000,1000,0,0,0,""
1689586,DATA,49.0,-2.1, 0, 0,594,1000,1000,0,0,0,""
1690087,DATA,49.0,-2.1, 0, 0,594,1000,1000,0,0,0,""
1690588,DATA,49.0,0.0, 0, 0,594,1000,1000,0,0,0,""
1691089,DATA,49.0,0.0, 0, 0,594,1000,1000,0,0,0,""
1691590,DATA,49.0,-2.0, 0, 0,594,1000,1000,0,0,0,""
1692091,DATA,49.2,2.1, 0, 0,594,1000,1000,0,0,0,""
1692592,DATA,49.0,0.0, 0, 0,594,1000,1000,0,0,0,""
1693093,DATA,49.0,0.0, 0, 0,594,1000,1000,0,0,0,""
1693594,DATA,49.0,0.0, 0, 0,594,1000,1000,0,0,0,""
1694095,DATA,49.0,0.0, 0, 0,594,1000,1000,0,0,0,""
1694596,DATA,49.0,-2.0, 0, 0,594,1000,1000,0,0,0,""
1695097,DATA,49.2,2.1, 0, 0,594,1000,1000,0,0,0,""
1695598,DATA,49.0,-2.1, 0, 0,594,1000,1000,0,0,0,""
1696099,DATA,49.0,0.0, 0, 0,594,1000,1000,0,0,0,""
1696600,DATA,49.0,0.0, 0, 0,594,1000,1000,0,0,0,""
1697101,DATA,49.2,0.0, 0, 0,594,1000,1000,0,0,0,""
1697602,DATA,49.0,-2.0, 0, 0,594,1000,1000,0,0,0,""
1698103,DATA,49.0,0.0, 0, 0,594,1000,1000,0,0,0,""
1698604,DATA,49.2,2.1, 0, 0,594,1000,1000,0,0,0,""
1699105,DATA,49.0,0.0, 0, 0,594,1000,1000,0,0,0,""
1699606,DATA,49.0,0.0, 0, 0,594,1000,1000,0,0,0,""
1700107,DATA,49.0,0.0, 0, 0,594,1000,1000,0,0,0,""
1700608,DATA,49.0,0.0, 0, 0,594,1000,1000,0,0,0,""
1701109,DATA,49.0,0.0, 0, 0,594,1000,1000,0,0,0,""
1701610,DATA,49.0,0.0, 0, 0,594,1000,1000,0,0,0,""
1702111,DATA,49.0,0.0, 0, 0,594,1000,1000,0,0,0,""
1702612,DATA,49.0,0.0, 0, 0,594,1000,1000,0,0,0,""
1703113,DATA,49.0,0.0, 0, 0,594,1000,1000,0,0,0,""
1703614,DATA,49.0,0.0, 0, 0,594,1000,1000,0,0,0,""
1704115,DATA,49.0,0.0, 0, 0,594,1000,1000,0,0,0,""
1704616,DATA,49.0,0.0, 0, 0,594,1000,1000,0,0,0,""
1705117,DATA,49.0,0.0, 0, 0,594,1000,1000,0,0,0,""
1705618,DATA,49.0,2.1, 0, 0,594,1000,1000,0,0,0,""
1706119,DATA,48.7,-2.1, 0, 0,594,1000,1000,0,0,0,""
1706620,DATA,49.0,2.0, 0, 0,594,1000,1000,0,0,0,""
1707121,DATA,48.7,-2.1, 0, 0,594,1000,1000,0,0,0,""
1707622,DATA,49.0,0.0, 0, 0,594,1000,1000,0,0,0,""
1708123,DATA,49.0,2.1, 0, 0,594,1000,1000,0,0,0,""
1708624,DATA,48.7,0.0, 0, 0,594,1000,1000,0,0,0,""
1709125,DATA,48.7,0.0, 0, 0,594,1000,1000,0,0,0,""
1709626,DATA,48.7,0.0, 0, 0,594,1000,1000,0,0,0,""
1710127,DATA,48.7,0.0, 0, 0,594,1000,1000,0,0,0,""
1710628,DATA,48.7,0.0, 0, 0,594,1000,1000,0,0,0,""
1711129,DATA,48.7,0.0, 0, 0,594,1000,1000,0,0,0,""
1711630,DATA,48.7,0.0, 0, 0,594,1000,1000,0,0,0,""
1712131,DATA,48.7,0.0, 0, 0,594,1000,1000,0,0,0,""
1712632,DATA,48.7,0.0, 0, 0,594,1000,1000,0,0,0,""
1713133,DATA,48.7,0.0, 0, 0,594,1000,1000,0,0,0,""
1713634,DATA,48.7,0.0, 0, 0,594,1000,1000,0,0,0,""
1714135,DATA,48.7,0.0, 0, 0,594,1000,1000,0,0,0,""
1714636,DATA,48.7,0.0, 0, 0,594,1000,1000,0,0,0,""
1715137,DATA,48.7,0.0, 0, 0,594,1000,1000,0,0,0,""
1715638,DATA,48.7,0.0, 0, 0,594,1000,1000,0,0,0,""
1716139,DATA,48.7,0.0, 0, 0,594,1000,1000,0,0,0,""
1716640,DATA,48.7,0.0, 0, 0,594,1000,1000,0,0,0,""
1717141,DATA,48.7,0.0, 0, 0,594,1000,1000,0,0,0,""
1717642,DATA,48.7,0.0, 0, 0,594,1000,1000,0,0,0,""
1718143,DATA,48.7,0.0, 0, 0,594,1000,1000,0,0,0,""
1718644,DATA,48.7,0.0, 0, 0,594,1000,1000,0,0,0,""
1719145,DATA,48.7,0.0, 0, 0,594,1000,1000,0,0,0,""
1719646,DATA,48.7,0.0, 0, 0,594,1000,1000,0,0,0,""
1720147,DATA,48.7,0.0, 0, 0,594,1000,1000,0,0,0,""
1720648,DATA,48.7,0.0, 0, 0,594,1000,1000,0,0,0,""
1721149,DATA,48.7,0.0, 0, 0,594,1000,1000,0,0,0,""
1721650,DATA,48.7,0.0, 0, 0,594,1000,1000,0,0,0,""
1722151,DATA,48.7,0.0, 0, 0,594,1000,1000,0,0,0,""
1722652,DATA,48.5,-2.1, 0, 0,594,1000,1000,0,0,0,""
1723153,DATA,48.7,0.0, 0, 0,594,1000,1000,0,0,0,""
1723654,DATA,48.7,0.0, 0, 0,594,1000,1000,0,0,0,""
1724155,DATA,48.5,0.0, 0, 0,594,1000,1000,0,0,0,""
1724656,DATA,48.5,0.0, 0, 0,594,1000,1000,0,0,0,""
1725157,DATA,48.5,-2.1, 0, 0,594,1000,1000,0,0,0,""
1725658,DATA,48.5,-2.1, 0, 0,594,1000,1000,0,0,0,""
1726159,DATA,48.5,0.0, 0, 0,594,1000,1000,0,0,0,""
1726660,DATA,48.7,0.0, 0, 0,594,1000,1000,0,0,0,""
1727161,DATA,48.5,0.0, 0, 0,594,1000,1000,0,0,0,""
1727662,DATA,48.5,0.0, 0, 0,594,1000,1000,0,0,0,""
1728163,DATA,48.5,0.0, 0, 0,594,1000,1000,0,0,0,""
1728664,DATA,48.7,2.1, 0, 0,594,1000,1000,0,0,0,""
1729165,DATA,48.7,0.0, 0, 0,594,1000,1000,0,0,0,""
1729666,DATA,48.5,0.0, 0, 0,594,1000,1000,0,0,0,""
1730167,DATA,48.5,0.0, 0, 0,594,1000,1000,0,0,0,""
1730668,DATA,48.5,0.0, 0, 0,594,1000,1000,0,0,0,""
1731169,DATA,48.5,0.0, 0, 0,594,1000,1000,0,0,0,""
1731670,DATA,48.5,0.0, 0, 0,594,1000,1000,0,0,0,""
1732171,DATA,48.5,0.0, 0, 0,594,1000,1000,0,0,0,""
1732672,DATA,48.5,0.0, 0, 0,594,1000,1000,0,0,0,""
1733173,DATA,48.5,0.0, 0, 0,594,1000,1000,0,0,0,""
1733674,DATA,48.5,0.0, 0, 0,594,1000,1000,0,0,0,""
1734175,DATA,48.5,0.0, 0, 0,594,1000,1000,0,0,0,""
1734676,DATA,48.5,0.0, 0, 0,594,1000,1000,0,0,0,""
1735177,DATA,48.5,0.0, 0, 0,594,1000,1000,0,0,0,""
1735678,DATA,48.5,0.0, 0, 0,594,1000,1000,0,0,0,""
1736179,DATA,48.5,0.0, 0, 0,594,1000,1000,0,0,0,""
1736680,DATA,48.5,0.0, 0, 0,594,1000,1000,0,0,0,""
1737181,DATA,48.5,0.0, 0, 0,594,1000,1000,0,0,0,""
1737682,DATA,48.5,0.0, 0, 0,594,1000,1000,0,0,0,""
1738183,DATA,48.5,0.0, 0, 0,594,1000,1000,0,0,0,""
1738684,DATA,48.5,0.0, 0, 0,594,1000,1000,0,0,0,""
1739185,DATA,48.5,0.0, 0, 0,594,1000,1000,0,0,0,""
1739686,DATA,48.5,0.0, 0, 0,594,1000,1000,0,0,0,""
1740187,DATA,48.5,0.0, 0, 0,594,1000,1000,0,0,0,""
1740688,DATA,48.5,0.0, 0, 0,594,1000,1000,0,0,0,""
1741189,DATA,48.5,0.0, 0, 0,594,1000,1000,0,0,0,""
1741690,DATA,48.5,0.0, 0, 0,594,1000,1000,0,0,0,""
1742191,DATA,48.5,0.0, 0, 0,594,1000,1000,0,0,0,""
1742692,DATA,48.5,0.0, 0, 0,594,1000,1000,0,0,0,""
1743193,DATA,48.5,0.0, 0, 0,594,1000,1000,0,0,0,""
1743694,DATA,48.5,0.0, 0, 0,594,1000,1000,0,0,0,""
1744195,DATA,48.5,0.0, 0, 0,594,1000,1000,0,0,0,""
1744696,DATA,48.5,0.0, 0, 0,594,1000,1000,0,0,0,""
1745197,DATA,48.5,0.0, 0, 0,594,1000,1000,0,0,0,""
1745698,DATA,48.5,0.0, 0, 0,594,1000,1000,0,0,0,""
1746199,DATA,48.5,2.1, 0, 0,594,1000,1000,0,0,0,""
1746700,DATA,48.3,0.0, 0, 0,594,1000,1000,0,0,0,""
1747201,DATA,48.5,0.0, 0, 0,594,1000,1000,0,0,0,""
1747702,DATA,48.3,0.0, 0, 0,594,1000,1000,0,0,0,""
1748203,DATA,48.5,0.0, 0, 0,594,1000,1000,0,0,0,""
1748704,DATA,48.3,-2.0, 0, 0,594,1000,1000,0,0,0,""
1749205,DATA,48.3,0.0, 0, 0,594,1000,1000,0,0,0,""
1749706,DATA,48.5,2.1, 0, 0,594,1000,1000,0,0,0,""
1750207,DATA,48.3,0.0, 0, 0,594,1000,1000,0,0,0,""
1750708,DATA,48.3,0.0, 0, 0,594,1000,1000,0,0,0,""
1751209,DATA,48.3,0.0, 0, 0,594,1000,1000,0,0,0,""
1751710,DATA,48.3,0.0, 0, 0,594,1000,1000,0,0,0,""
1752211,DATA,48.3,0.0, 0, 0,594,1000,1000,0,0,0,""
1752712,DATA,48.3,0.0, 0, 0,594,1000,1000,0,0,0,""
1753213,DATA,48.3,0.0, 0, 0,594,1000,1000,0,0,0,""
1753714,DATA,48.3,0.0, 0, 0,594,1000,1000,0,0,0,""
1754215,DATA,48.3,0.0, 0, 0,594,1000,1000,0,0,0,""
1754716,DATA,48.3,0.0, 0, 0,594,1000,1000,0,0,0,""
1755217,DATA,48.3,0.0, 0, 0,594,1000,1000,0,0,0,""
1755718,DATA,48.3,0.0, 0, 0,594,1000,1000,0,0,0,""
1756219,DATA,48.3,0.0, 0, 0,594,1000,1000,0,0,0,""
1756720,DATA,48.3,0.0, 0, 0,594,1000,1000,0,0,0,""
1757221,DATA,48.3,0.0, 0, 0,594,1000,1000,0,0,0,""
1757722,DATA,48.3,0.0, 0, 0,594,1000,1000,0,0,0,""
1758223,DATA,48.3,0.0, 0, 0,594,1000,1000,0,0,0,""
1758724,DATA,48.3,0.0, 0, 0,594,1000,1000,0,0,0,""
1759225,DATA,48.3,0.0, 0, 0,594,1000,1000,0,0,0,""
1759726,DATA,48.3,0.0, 0, 0,594,1000,1000,0,0,0,""
1760227,DATA,48.3,0.0, 0, 0,594,1000,1000,0,0,0,""
1760728,DATA,48.3,0.0, 0, 0,594,1000,1000,0,0,0,""
1761229,DATA,48.3,2.1, 0, 0,594,1000,1000,0,0,0,""
1761730,DATA,48.0,-2.1, 0, 0,594,1000,1000,0,0,0,""
1762231,DATA,48.0,-2.1, 0, 0,594,1000,1000,0,0,0,""
1762732,DATA,48.3,2.1, 0, 0,594,1000,1000,0,0,0,""
1763233,DATA,48.0,0.0, 0, 0,594,1000,1000,0,0,0,""
1763734,DATA,48.3,2.0, 0, 0,594,1000,1000,0,0,0,""
1764235,DATA,48.3,0.0, 0, 0,594,1000,1000,0,0,0,""
1764736,DATA,48.3,0.0, 0, 0,594,1000,1000,0,0,0,""
1765237,DATA,48.3,2.1, 0, 0,594,1000,1000,0,0,0,""
1765738,DATA,48.3,2.1, 0, 0,594,1000,1000,0,0,0,""
1766239,DATA,48.0,0.0, 0, 0,594,1000,1000,0,0,0,""
1766740,DATA,48.0,0.0, 0, 0,594,1000,1000,0,0,0,""
1767241,DATA,48.0,0.0, 0, 0,594,1000,1000,0,0,0,""
1767742,DATA,48.0,0.0, 0, 0,594,1000,1000,0,0,0,""
1768243,DATA,48.0,-2.1, 0, 0,594,1000,1000,0,0,0,""
1768744,DATA,48.0,0.0, 0, 0,594,1000,1000,0,0,0,""
1769245,DATA,48.0,0.0, 0, 0,594,1000,1000,0,0,0,""
1769746,DATA,48.0,0.0, 0, 0,594,1000,1000,0,0,0,""
1770247,DATA,48.0,0.0, 0, 0,594,1000,1000,0,0,0,""
1770748,DATA,48.0,0.0, 0, 0,594,1000,1000,0,0,0,""
1771249,DATA,48.0,0.0, 0, 0,594,1000,1000,0,0,0,""
1771750,DATA,48.0,0.0, 0, 0,594,1000,1000,0,0,0,""
1772251,DATA,48.0,0.0, 0, 0,594,1000,1000,0,0,0,""
1772752,DATA,48.0,0.0, 0, 0,594,1000,1000,0,0,0,""
1773253,DATA,48.0,0.0, 0, 0,594,1000,1000,0,0,0,""
1773754,DATA,48.0,0.0, 0, 0,594,1000,1000,0,0,0,""
1774255,DATA,48.0,0.0, 0, 0,594,1000,1000,0,0,0,""
1774756,DATA,47.7,0.0, 0, 0,594,1000,1000,0,0,0,""
1775257,DATA,47.7,-2.1, 0, 0,594,1000,1000,0,0,0,""
1775758,DATA,48.0,2.0, 0, 0,594,1000,1000,0,0,0,""
1776259,DATA,47.7,0.0, 0, 0,594,1000,1000,0,0,0,""
1776760,DATA,47.7,-2.1, 0, 0,594,1000,1000,0,0,0,""
1777261,DATA,47.7,0.0, 0, 0,594,1000,1000,0,0,0,""
1777762,DATA,47.7,0.0, 0, 0,594,1000,1000,0,0,0,""
1778263,DATA,47.7,0.0, 0, 0,594,1000,1000,0,0,0,""
1778764,DATA,47.7,0.0, 0, 0,594,1000,1000,0,0,0,""
1779265,DATA,47.7,0.0, 0, 0,594,1000,1000,0,0,0,""
1779766,DATA,47.7,0.0, 0, 0,594,1000,1000,0,0,0,""
1780267,DATA,47.7,0.0, 0, 0,594,1000,1000,0,0,0,""
1780768,DATA,47.7,0.0, 0, 0,594,1000,1000,0,0,0,""
1781269,DATA,47.7,0.0, 0, 0,594,1000,1000,0,0,0,""
1781770,DATA,47.7,0.0, 0, 0,594,1000,1000,0,0,0,""
1782271,DATA,47.7,0.0, 0, 0,594,1000,1000,0,0,0,""
1782772,DATA,47.7,0.0, 0, 0,594,1000,1000,0,0,0,""
1783273,DATA,47.7,0.0, 0, 0,594,1000,1000,0,0,0,""
1783774,DATA,47.7,0.0, 0, 0,594,1000,1000,0,0,0,""
1784275,DATA,47.7,0.0, 0, 0,594,1000,1000,0,0,0,""
1784776,DATA,47.7,0.0, 0, 0,594,1000,1000,0,0,0,""
1785277,DATA,47.7,0.0, 0, 0,594,1000,1000,0,0,0,""
1785778,DATA,47.7,0.0, 0, 0,594,1000,1000,0,0,0,""
1786279,DATA,47.7,0.0, 0, 0,594,1000,1000,0,0,0,""
1786780,DATA,47.7,0.0, 0, 0,594,1000,1000,0,0,0,""
1787281,DATA,47.7,0.0, 0, 0,594,1000,1000,0,0,0,""
1787782,DATA,47.7,0.0, 0, 0,594,1000,1000,0,0,0,""
1788283,DATA,47.7,0.0, 0, 0,594,1000,1000,0,0,0,""
1788784,DATA,47.7,0.0, 0, 0,594,1000,1000,0,0,0,""
1789285,DATA,47.7,0.0, 0, 0,594,1000,1000,0,0,0,""
1789786,DATA,47.7,0.0, 0, 0,594,1000,1000,0,0,0,""
1790287,DATA,47.7,0.0, 0, 0,594,1000,1000,0,0,0,""
1790788,DATA,47.7,0.0, 0, 0,594,1000,1000,0,0,0,""
1791289,DATA,47.7,2.1, 0, 0,594,1000,1000,0,0,0,""
1791790,DATA,47.5,-2.1, 0, 0,594,1000,1000,0,0,0,""
1792291,DATA,47.7,2.1, 0, 0,594,1000,1000,0,0,0,""
1792792,DATA,47.5,-2.1, 0, 0,594,1000,1000,0,0,0,""
1793293,DATA,47.5,0.0, 0, 0,594,1000,1000,0,0,0,""
1793794,DATA,47.5,0.0, 0, 0,594,1000,1000,0,0,0,""
1794295,DATA,47.5,0.0, 0, 0,594,1000,1000,0,0,0,""
1794796,DATA,47.5,0.0, 0, 0,594,1000,1000,0,0,0,""
1795297,DATA,47.5,0.0, 0, 0,594,1000,1000,0,0,0,""
1795798,DATA,47.5,0.0, 0, 0,594,1000,1000,0,0,0,""
1796299,DATA,47.5,0.0, 0, 0,594,1000,1000,0,0,0,""
1796800,DATA,47.5,0.0, 0, 0,594,1000,1000,0,0,0,""
1797301,DATA,47.5,0.0, 0, 0,594,1000,1000,0,0,0,""
1797802,DATA,47.5,0.0, 0, 0,594,1000,1000,0,0,0,""
1798303,DATA,47.5,0.0, 0, 0,594,1000,1000,0,0,0,""
1798804,DATA,47.5,0.0, 0, 0,594,1000,1000,0,0,0,""
1799305,DATA,47.5,0.0, 0, 0,594,1000,1000,0,0,0,""
1799806,DATA,47.5,0.0, 0, 0,594,1000,1000,0,0,0,""
1800307,DATA,47.5,0.0, 0, 0,594,1000,1000,0,0,0,""
1800808,DATA,47.5,0.0, 0, 0,594,1000,1000,0,0,0,""
1801309,DATA,47.5,0.0, 0, 0,594,1000,1000,0,0,0,""
1801810,DATA,47.5,0.0, 0, 0,594,1000,1000,0,0,0,""
1802311,DATA,47.5,0.0, 0, 0,594,1000,1000,0,0,0,""
1802812,DATA,47.5,0.0, 0, 0,594,1000,1000,0,0,0,""
1803313,DATA,47.2,-2.1, 0, 0,594,1000,1000,0,0,0,""
1803814,DATA,47.5,2.1, 0, 0,594,1000,1000,0,0,0,""
1804315,DATA,47.5,2.1, 0, 0,594,1000,1000,0,0,0,""
1804816,DATA,47.2,0.0, 0, 0,594,1000,1000,0,0,0,""
1805317,DATA,47.2,-2.1, 0, 0,594,1000,1000,0,0,0,""
1805818,DATA,47.2,0.0, 0, 0,594,1000,1000,0,0,0,""
1806319,DATA,47.2,-2.1, 0, 0,594,1000,1000,0,0,0,""
1806820,DATA,47.2,0.0, 0, 0,594,1000,1000,0,0,0,""
1807321,DATA,47.2,0.0, 0, 0,594,1000,1000,0,0,0,""
1807822,DATA,47.2,0.0, 0, 0,594,1000,1000,0,0,0,""
1808323,DATA,47.2,0.0, 0, 0,594,1000,1000,0,0,0,""
1808824,DATA,47.2,0.0, 0, 0,594,1000,1000,0,0,0,""
1809325,DATA,47.2,0.0, 0, 0,594,1000,1000,0,0,0,""
1809826,DATA,47.2,0.0, 0, 0,594,1000,1000,0,0,0,""
1810327,DATA,47.2,0.0, 0, 0,594,1000,1000,0,0,0,""
1810828,DATA,47.2,0.0, 0, 0,594,1000,1000,0,0,0,""
1811329,DATA,47.2,0.0, 0, 0,594,1000,1000,0,0,0,""
1811830,DATA,47.2,0.0, 0, 0,594,1000,1000,0,0,0,""
1812331,DATA,47.2,0.0, 0, 0,594,1000,1000,0,0,0,""
1812832,DATA,47.2,2.1, 0, 0,594,1000,1000,0,0,0,""
1813333,DATA,47.0,0.0, 0, 0,594,1000,1000,0,0,0,""
1813834,DATA,47.0,0.0, 0, 0,594,1000,1000,0,0,0,""
1814335,DATA,47.0,0.0, 0, 0,594,1000,1000,0,0,0,""
1814836,DATA,47.0,0.0, 0, 0,594,1000,1000,0,0,0,""
1815337,DATA,47.0,0.0, 0, 0,594,1000,1000,0,0,0,""
1815838,DATA,47.0,0.0, 0, 0,594,1000,1000,0,0,0,""
1816339,DATA,47.0,0.0, 0, 0,594,1000,1000,0,0,0,""
1816840,DATA,47.0,0.0, 0, 0,594,1000,1000,0,0,0,""
1817341,DATA,47.0,0.0, 0, 0,594,1000,1000,0,0,0,""
1817842,DATA,47.0,0.0, 0, 0,594,1000,1000,0,0,0,""
1818343,DATA,47.0,0.0, 0, 0,594,1000,1000,0,0,0,""
1818844,DATA,47.0,0.0, 0, 0,594,1000,1000,0,0,0,""
1819345,DATA,47.0,0.0, 0, 0,594,1000,1000,0,0,0,""
1819846,DATA,47.0,0.0, 0, 0,594,1000,1000,0,0,0,""
1820347,DATA,47.0,0.0, 0, 0,594,1000,1000,0,0,0,""
1820848,DATA,47.0,0.0, 0, 0,594,1000,1000,0,0,0,""
1821349,DATA,47.0,0.0, 0, 0,594,1000,1000,0,0,0,""
1821850,DATA,47.0,0.0, 0, 0,594,1000,1000,0,0,0,""
1822351,DATA,47.0,0.0, 0, 0,594,1000,1000,0,0,0,""
1822852,DATA,47.0,0.0, 0, 0,594,1000,1000,0,0,0,""
1823353,DATA,47.0,0.0, 0, 0,594,1000,1000,0,0,0,""
1823854,DATA,47.0,0.0, 0, 0,594,1000,1000,0,0,0,""
1824355,DATA,47.0,0.0, 0, 0,594,1000,1000,0,0,0,""
1824856,DATA,47.0,0.0, 0, 0,594,1000,1000,0,0,0,""
1825357,DATA,47.0,0.0, 0, 0,594,1000,1000,0,0,0,""
1825858,DATA,47.0,0.0, 0, 0,594,1000,1000,0,0,0,""
1826359,DATA,46.7,-2.1, 0, 0,594,1000,1000,0,0,0,""
1826860,DATA,46.7,0.0, 0, 0,594,1000,1000,0,0,0,""
1827361,DATA,46.7,0.0, 0, 0,594,1000,1000,0,0,0,""
1827862,DATA,46.7,0.0, 0, 0,594,1000,1000,0,0,0,""
1828363,DATA,46.7,0.0, 0, 0,594,1000,1000,0,0,0,""
1828864,DATA,46.7,0.0, 0, 0,594,1000,1000,0,0,0,""
1829365,DATA,46.7,0.0, 0, 0,594,1000,1000,0,0,0,""
1829866,DATA,46.7,0.0, 0, 0,594,1000,1000,0,0,0,""
1830367,DATA,46.7,0.0, 0, 0,594,1000,1000,0,0,0,""
1830868,DATA,46.7,0.0, 0, 0,594,1000,1000,0,0,0,""
1831369,DATA,46.7,0.0, 0, 0,594,1000,1000,0,0,0,""
1831870,DATA,46.7,0.0, 0, 0,594,1000,1000,0,0,0,""
1832371,DATA,46.7,0.0, 0, 0,594,1000,1000,0,0,0,""
1832872,DATA,46.7,0.0, 0, 0,594,1000,1000,0,0,0,""
1833373,DATA,46.7,0.0, 0, 0,594,1000,1000,0,0,0,""
1833874,DATA,46.7,0.0, 0, 0,594,1000,1000,0,0,0,""
1834375,DATA,46.7,0.0, 0, 0,594,1000,1000,0,0,0,""
1834876,DATA,46.7,0.0, 0, 0,594,1000,1000,0,0,0,""
1835377,DATA,46.7,0.0, 0, 0,594,1000,1000,0,0,0,""
1835878,DATA,46.7,0.0, 0, 0,594,1000,1000,0,0,0,""
1836379,DATA,46.7,0.0, 0, 0,594,1000,1000,0,0,0,""
1836880,DATA,46.7,0.0, 0, 0,594,1000,1000,0,0,0,""
1837381,DATA,46.7,0.0, 0, 0,594,1000,1000,0,0,0,""
1837882,DATA,46.7,0.0, 0, 0,594,1000,1000,0,0,0,""
1838383,DATA,46.7,0.0, 0, 0,594,1000,1000,0,0,0,""
1838884,DATA,46.7,0.0, 0, 0,594,1000,1000,0,0,0,""
1839385,DATA,46.7,0.0, 0, 0,594,1000,1000,0,0,0,""
1839886,DATA,46.7,0.0, 0, 0,594,1000,1000,0,0,0,""
1840387,DATA,46.7,0.0, 0, 0,594,1000,1000,0,0,0,""
1840888,DATA,46.7,0.0, 0, 0,594,1000,1000,0,0,0,""
1841389,DATA,46.7,0.0, 0, 0,594,1000,1000,0,0,0,""
1841890,DATA,46.7,0.0, 0, 0,594,1000,1000,0,0,0,""
1842391,DATA,46.7,0.0, 0, 0,594,1000,1000,0,0,0,""
1842892,DATA,46.7,0.0, 0, 0,594,1000,1000,0,0,0,""
1843393,DATA,46.7,0.0, 0, 0,594,1000,1000,0,0,0,""
1843894,DATA,46.5,-2.1, 0, 0,594,1000,1000,0,0,0,""
1844395,DATA,46.7,2.1, 0, 0,594,1000,1000,0,0,0,""
1844896,DATA,46.5,0.0, 0, 0,594,1000,1000,0,0,0,""
1845397,DATA,46.5,0.0, 0, 0,594,1000,1000,0,0,0,""
1845898,DATA,46.5,0.0, 0, 0,594,1000,1000,0,0,0,""
1846399,DATA,46.5,0.0, 0, 0,594,1000,1000,0,0,0,""
1846900,DATA,46.5,0.0, 0, 0,594,1000,1000,0,0,0,""
1847401,DATA,46.5,0.0, 0, 0,594,1000,1000,0,0,0,""
1847902,DATA,46.5,0.0, 0, 0,594,1000,1000,0,0,0,""
1848403,DATA,46.5,0.0, 0, 0,594,1000,1000,0,0,0,""
1848904,DATA,46.5,0.0, 0, 0,594,1000,1000,0,0,0,""
1849405,DATA,46.5,0.0, 0, 0,594,1000,1000,0,0,0,""
1849906,DATA,46.5,0.0, 0, 0,594,1000,1000,0,0,0,""
1850407,DATA,46.5,0.0, 0, 0,594,1000,1000,0,0,0,""
1850908,DATA,46.7,2.0, 0, 0,594,1000,1000,0,0,0,""
1851409,DATA,46.5,0.0, 0, 0,594,1000,1000,0,0,0,""
1851910,DATA,46.5,0.0, 0, 0,594,1000,1000,0,0,0,""
1852411,DATA,46.5,0.0, 0, 0,594,1000,1000,0,0,0,""
1852912,DATA,46.5,0.0, 0, 0,594,1000,1000,0,0,0,""
1853413,DATA,46.5,0.0, 0, 0,594,1000,1000,0,0,0,""
1853914,DATA,46.5,0.0, 0, 0,594,1000,1000,0,0,0,""
1854415,DATA,46.5,0.0, 0, 0,594,1000,1000,0,0,0,""
1854916,DATA,46.5,0.0, 0, 0,594,1000,1000,0,0,0,""
1855417,DATA,46.5,0.0, 0, 0,594,1000,1000,0,0,0,""
1855918,DATA,46.5,0.0, 0, 0,594,1000,1000,0,0,0,""
1856419,DATA,46.7,2.1, 0, 0,594,1000,1000,0,0,0,""
1856920,DATA,46.5,0.0, 0, 0,594,1000,1000,0,0,0,""
1857421,DATA,46.5,0.0, 0, 0,594,1000,1000,0,0,0,""
1857922,DATA,46.5,0.0, 0, 0,594,1000,1000,0,0,0,""
1858423,DATA,46.5,0.0, 0, 0,594,1000,1000,0,0,0,""
1858924,DATA,46.5,0.0, 0, 0,594,1000,1000,0,0,0,""
1859425,DATA,46.5,0.0, 0, 0,594,1000,1000,0,0,0,""
1859926,DATA,46.5,0.0, 0, 0,594,1000,1000,0,0,0,""
1860427,DATA,46.5,0.0, 0, 0,594,1000,1000,0,0,0,""
1860928,DATA,46.5,0.0, 0, 0,594,1000,1000,0,0,0,""
1861429,DATA,46.5,0.0, 0, 0,594,1000,1000,0,0,0,""
1861930,DATA,46.5,0.0, 0, 0,594,1000,1000,0,0,0,""
1862431,DATA,46.5,0.0, 0, 0,594,1000,1000,0,0,0,""
1862932,DATA,46.5,0.0, 0, 0,594,1000,1000,0,0,0,""
1863433,DATA,46.5,0.0, 0, 0,594,1000,1000,0,0,0,""
1863934,DATA,46.5,0.0, 0, 0,594,1000,1000,0,0,0,""
1864435,DATA,46.5,0.0, 0, 0,594,1000,1000,0,0,0,""
1864936,DATA,46.5,0.0, 0, 0,594,1000,1000,0,0,0,""
1865437,DATA,46.5,0.0, 0, 0,594,1000,1000,0,0,0,""
1865938,DATA,46.5,0.0, 0, 0,594,1000,1000,0,0,0,""
1866439,DATA,46.5,0.0, 0, 0,594,1000,1000,0,0,0,""
1866940,DATA,46.5,0.0, 0, 0,594,1000,1000,0,0,0,""
1867441,DATA,46.5,0.0, 0, 0,594,1000,1000,0,0,0,""
1867942,DATA,46.5,0.0, 0, 0,594,1000,1000,0,0,0,""
1868443,DATA,46.5,0.0, 0, 0,594,1000,1000,0,0,0,""
1868944,DATA,46.5,0.0, 0, 0,594,1000,1000,0,0,0,""
1869445,DATA,46.5,0.0, 0, 0,594,1000,1000,0,0,0,""
1869946,DATA,46.5,0.0, 0, 0,594,1000,1000,0,0,0,""
1870447,DATA,46.5,0.0, 0, 0,594,1000,1000,0,0,0,""
1870948,DATA,46.5,2.1, 0, 0,594,1000,1000,0,0,0,""
1871449,DATA,46.5,0.0, 0, 0,594,1000,1000,0,0,0,""
1871950,DATA,46.5,0.0, 0, 0,594,1000,1000,0,0,0,""
1872451,DATA,46.5,0.0, 0, 0,594,1000,1000,0,0,0,""
1872952,DATA,46.5,0.0, 0, 0,594,1000,1000,0,0,0,""
1873453,DATA,46.5,0.0, 0, 0,594,1000,1000,0,0,0,""
1873954,DATA,46.2,-2.1, 0, 0,594,1000,1000,0,0,0,""
