ms,type,egtC,dEgtCps,rpm,fRpm,rRpm,pumpUs,starterUs,ign,valve1,valve2,event
3896,EVENT,,, 0, 0, 0,1000,1000,0,0,0,"BOOT SD_LOG_READY"
7937,EVENT,,, 0, 0, 0,1000,1000,0,0,0,"EV:A05_ALL_OFF"
8032,EVENT,,, 0, 0, 0,1000,1000,0,0,0,"CONFIG_LOADED"
8147,DATA,37.5,0.0, 0, 0, 0,1000,1000,0,0,0,""
8647,DATA,37.5,0.0, 0, 0, 0,1000,1000,0,0,0,""
9147,DATA,37.5,0.0, 0, 0, 0,1000,1000,0,0,0,""
9647,DATA,37.5,0.0, 0, 0, 0,1000,1000,0,0,0,""
10147,DATA,37.5,0.0, 0, 0, 0,1000,1000,0,0,0,""
10364,EVENT,37.5,0.0, 0, 0, 0,1000,1000,0,0,0,"STARTER 1200"
10677,DATA,37.5,0.0, 0, 0,500,1000,1080,0,0,0,""
11197,DATA,36.7,4.2,758,553, 0,1000,1176,0,0,0,""
11697,DATA,37.2,2.1,1081,771,5400,1000,1200,0,0,0,""
12197,DATA,37.2,2.1,1081,913,10800,1000,1200,0,0,0,""
12697,DATA,37.2,2.1,1287,1050,12599,1000,1200,0,0,0,""
13197,DATA,36.7,-2.1,1600,1255,11407,1000,1200,0,0,0,""
13697,DATA,37.0,0.0,1890,1518,12599,1000,1200,0,0,0,""
14197,DATA,37.0,0.0,1952,1704,8999,1000,1200,0,0,0,""
14697,DATA,37.0,0.0,1963,1839,7201,1000,1200,0,0,0,""
14970,EVENT,37.0,0.0,1809,1844,9606,1000,1200,0,0,0,"STARTER 1220"
15217,DATA,36.7,-2.1,1767,1828,5355,1000,1207,0,0,0,""
15717,DATA,37.0,0.0,1647,1763,9000,1000,1217,0,0,0,""
16217,DATA,37.0,2.1,1779,1742,6000,1000,1220,0,0,0,""
16717,DATA,37.0,0.0,1866,1786,13801,1000,1220,0,0,0,""
17217,DATA,36.5,-6.2,1992,1861,12601,1000,1220,0,0,0,""
17688,EVENT,37.0,0.0,2208,1977,7200,1000,1220,0,0,0,"STARTER 1240"
17717,DATA,37.0,0.0,2208,1977,7200,1000,1221,0,0,0,""
18217,DATA,37.0,0.0,2261,2104,6054,1000,1233,0,0,0,""
18717,DATA,37.0,0.0,2174,2102,21598,1000,1240,0,0,0,""
19217,DATA,37.0,0.0,2374,2206,5401,1000,1240,0,0,0,""
19717,DATA,37.0,-2.1,2478,2314,8400,1000,1240,0,0,0,""
20169,EVENT,37.0,0.0,2766,2463,9600,1000,1240,0,0,0,"STARTER 1260"
20217,DATA,37.0,0.0,2766,2463,9600,1000,1242,0,0,0,""
20717,DATA,37.0,0.0,2716,2598,8474,1000,1254,0,0,0,""
21217,DATA,36.7,-2.1,2623,2624,8399,1000,1260,0,0,0,""
21717,DATA,37.0,0.0,3254,2776,12599,1000,1260,0,0,0,""
22217,DATA,36.7,0.0,3572,3110,4200,1000,1260,0,0,0,""
22717,DATA,37.0,2.1,3323,3246,4200,1000,1260,0,0,0,""
23217,DATA,36.7,-2.1,3169,3245,9000,1000,1260,0,0,0,""
23246,EVENT,36.7,-2.1,3169,3245,9000,1000,1260,0,0,0,"STARTER 1280"
23717,DATA,36.7,0.0,3019,3162,4238,1000,1272,0,0,0,""
24217,DATA,36.7,0.0,2939,3063,7199,1000,1280,0,0,0,""
24717,DATA,36.7,-2.1,3182,3079,3600,1000,1280,0,0,0,""
25217,DATA,36.5,-2.1,3064,3098,3600,1000,1280,0,0,0,""
25717,DATA,36.7,0.0,2918,3042,10199,1000,1280,0,0,0,""
25823,EVENT,36.5,-2.1,2868,3021,4200,1000,1280,0,0,0,"STARTER 1300"
26237,DATA,36.7,0.0,2758,2943,1500,1000,1291,0,0,0,""
26737,DATA,36.7,0.0,2733,2851,3000,1000,1299,0,0,0,""
27237,DATA,36.7,0.0,2687,2780,5400,1000,1300,0,0,0,""
27737,DATA,36.7,0.0,2676,2730,8400,1000,1300,0,0,0,""
27936,EVENT,36.7,0.0,2695,2721,9600,1000,1300,0,1,0,"VALVE1 ON"
28237,DATA,36.7,0.0,2722,2721,8400,1000,1300,0,1,0,""
28737,DATA,36.7,2.1,2988,2791,5401,1000,1300,0,1,0,""
29237,DATA,36.5,-2.1,2971,2890,9599,1000,1300,0,1,0,""
29263,EVENT,36.5,0.0,2971,2890,9599,1000,1300,0,1,1,"VALVE2 ON"
29737,DATA,36.7,0.0,3053,2937,10199,1000,1300,0,1,1,""
30237,DATA,36.5,-2.1,3111,3005,10199,1000,1300,0,1,1,""
30737,DATA,36.5,-2.1,3024,3037,6000,1000,1300,0,1,1,""
31237,DATA,36.2,-4.2,2843,2974,13201,1000,1300,0,1,1,""
31434,EVENT,36.5,0.0,2824,2940,4200,1000,1300,1,1,1,"IGN ON"
31737,DATA,36.0,0.0,2799,2900,5999,1000,1300,1,1,1,""
32237,DATA,36.2,0.0,2929,2865,11400,1000,1300,1,1,1,""
32656,EVENT,36.5,2.1,3161,2951,8400,1000,1300,1,1,1,"PUMP 1045"
32737,DATA,36.2,-2.1,3174,2977,13797,1000,1300,1,1,1,""
33257,DATA,36.5,0.0,3399,3151,1999,1014,1300,1,1,1,""
33777,DATA,36.0,-4.2,3261,3215,1500,1036,1300,1,1,1,""
34152,EVENT,36.5,0.0,3164,3208,1500,1045,1300,1,1,1,"PUMP 1041"
34277,DATA,36.2,-2.1,3119,3190,4201,1045,1300,1,1,1,""
34768,EVENT,36.5,0.0,3031,3132,9600,1044,1300,1,1,1,"PUMP 1046"
34777,DATA,36.5,0.0,3031,3132,9600,1044,1300,1,1,1,""
35277,DATA,36.2,4.2,3078,3103,12600,1045,1300,1,1,1,""
35777,DATA,36.2,-2.1,3396,3182,11400,1045,1300,1,1,1,""
36277,DATA,36.2,0.0,3416,3308,8400,1046,1300,1,1,1,""
36777,DATA,36.2,-2.1,3198,3267,9001,1046,1300,1,1,1,""
37277,DATA,36.2,0.0,3365,3273,3000,1046,1300,1,1,1,""
37777,DATA,36.5,2.1,3238,3273,3000,1046,1300,1,1,1,""
38277,DATA,36.2,0.0,3243,3257,3000,1046,1300,1,1,1,""
38777,DATA,36.2,0.0,3110,3222,4200,1046,1300,1,1,1,""
39277,DATA,36.5,0.0,3134,3172,9000,1046,1300,1,1,1,""
39777,DATA,36.5,0.0,2976,3127,6600,1046,1300,1,1,1,""
39835,EVENT,36.5,0.0,2976,3127,6600,1046,1300,1,1,1,"PUMP 1051"
40277,DATA,36.5,0.0,2922,3029,10199,1047,1300,1,1,1,""
40777,DATA,36.7,2.1,3231,3081,4200,1049,1300,1,1,1,""
41277,DATA,36.7,2.1,3199,3149,5400,1051,1300,1,1,1,""
41777,DATA,36.7,0.0,3129,3138,5999,1051,1300,1,1,1,""
42277,DATA,36.7,0.0,2940,3065,6600,1051,1300,1,1,1,""
42777,DATA,36.7,0.0,2778,2966,5400,1051,1300,1,1,1,""
43277,DATA,37.0,0.0,2705,2843,11999,1051,1300,1,1,1,""
43777,DATA,37.0,0.0,2922,2851,9600,1051,1300,1,1,1,""
44277,DATA,37.2,0.0,2865,2867,9599,1051,1300,1,1,1,""
44777,DATA,37.5,0.0,2973,2902,15001,1051,1300,1,1,1,""
45277,DATA,37.5,0.0,3129,2996,16802,1051,1300,1,1,1,""
45777,DATA,37.7,0.0,3356,3118,11400,1051,1300,1,1,1,""
46277,DATA,37.7,0.0,3601,3311,6000,1051,1300,1,1,1,""
46777,DATA,38.0,0.0,3574,3411,10200,1051,1300,1,1,1,""
47277,DATA,38.2,0.0,3756,3538,16802,1051,1300,1,1,1,""
47321,EVENT,38.2,0.0,3756,3538,16802,1051,1300,1,1,1,"STARTER 1320"
47777,DATA,38.0,-2.1,3781,3676,9521,1051,1312,1,1,1,""
48277,DATA,38.5,0.0,3225,3547,17399,1051,1320,1,1,1,""
48777,DATA,38.7,2.1,3071,3330,3000,1051,1320,1,1,1,""
49277,DATA,38.7,-2.1,3146,3231,4200,1051,1320,1,1,1,""
49777,DATA,39.2,0.0,2996,3147,3600,1051,1320,1,1,1,""
50105,EVENT,39.2,0.0,2823,3060,6000,1051,1320,1,1,1,"STARTER 1340"
50277,DATA,39.2,0.0,2778,3026,7140,1051,1325,1,1,1,""
50777,DATA,39.7,0.0,2883,2934,4801,1051,1336,1,1,1,""
51277,DATA,40.0,2.1,2943,2938,3600,1051,1340,1,1,1,""
51777,DATA,40.0,-2.1,2972,2945,9001,1051,1340,1,1,1,""
52277,DATA,40.5,2.1,3046,2996,5400,1051,1340,1,1,1,""
52777,DATA,41.0,2.1,2936,2974,4200,1051,1340,1,1,1,""
53008,EVENT,40.8,-2.1,2987,2972,8400,1051,1340,0,1,1,"IGN OFF"
53277,DATA,41.2,0.0,3120,3012,5399,1051,1340,0,1,1,""
53777,DATA,41.5,2.1,2991,3031,5400,1051,1340,0,1,1,""
54277,DATA,41.7,0.0,2825,2956,4200,1051,1340,0,1,1,""
54777,DATA,42.2,2.1,2896,2906,4800,1051,1340,0,1,1,""
55073,EVENT,42.5,2.1,2894,2904,6600,1051,1340,0,1,1,"STARTER 1360"
55277,DATA,42.7,2.1,2951,2912,4469,1051,1346,0,1,1,""
55777,DATA,43.0,0.0,2998,2947,6600,1051,1356,0,1,1,""
56277,DATA,43.3,0.0,3029,2970,4200,1051,1360,0,1,1,""
56777,DATA,43.5,0.0,3122,3017,5400,1051,1360,0,1,1,""
57277,DATA,43.7,0.0,3195,3105,6600,1051,1360,0,1,1,""
57777,DATA,44.5,2.1,3110,3124,8399,1051,1360,0,1,1,""
58277,DATA,44.7,2.1,3002,3094,3000,1051,1360,0,1,1,""
58777,DATA,45.0,0.0,3127,3057,6000,1051,1360,0,1,1,""
59000,EVENT,45.2,0.0,3290,3101,4200,1051,1360,1,1,1,"IGN ON"
59277,DATA,45.0,0.0,3328,3177,5400,1051,1360,1,1,1,""
59777,DATA,45.5,0.0,3405,3276,3600,1051,1360,1,1,1,""
60277,DATA,46.0,0.0,3170,3272,5400,1051,1360,1,1,1,""
60653,EVENT,46.2,0.0,3311,3254,5400,1051,1360,0,1,1,"IGN OFF"
60777,DATA,46.5,2.1,3329,3263,4199,1051,1360,0,1,1,""
61277,DATA,46.7,0.0,3182,3259,4200,1051,1360,0,1,1,""
61777,DATA,47.5,2.1,3162,3182,7800,1051,1360,0,1,1,""
62277,DATA,47.7,0.0,3314,3223,8999,1051,1360,0,1,1,""
62477,EVENT,48.0,0.0,3513,3276,6532,1051,1360,0,1,1,"STARTER 1380"
62797,DATA,48.3,1.8,3821,3427,6000,1051,1369,0,1,1,""
63297,DATA,48.5,0.0,3565,3535,12601,1051,1378,0,1,1,""
63797,DATA,49.0,2.1,3569,3537,11399,1051,1380,0,1,1,""
64280,EVENT,49.5,2.1,3698,3594,9600,1051,1380,1,1,1,"IGN ON"
64297,DATA,49.5,2.1,3698,3594,9600,1051,1380,1,1,1,""
64797,DATA,49.5,2.1,3952,3727,9601,1051,1380,1,1,1,""
65297,DATA,49.7,0.0,3907,3823,14400,1051,1380,1,1,1,""
65797,DATA,50.5,2.1,4099,3918,11399,1051,1380,1,1,1,""
66136,EVENT,50.8,2.1,3928,3954,19201,1051,1380,0,1,1,"IGN OFF"
66297,DATA,51.0,2.1,3836,3940,15000,1051,1380,0,1,1,""
66797,DATA,51.5,0.0,3659,3809,13800,1051,1380,0,1,1,""
67297,DATA,52.0,2.1,3781,3771,20399,1051,1380,0,1,1,""
67797,DATA,52.2,0.0,4158,3890,7800,1051,1380,0,1,1,""
68297,DATA,52.7,2.1,4106,4049,15600,1051,1380,0,1,1,""
68797,DATA,53.0,0.0,4326,4126,10799,1051,1380,0,1,1,""
69297,DATA,53.5,2.1,4547,4303,14398,1051,1380,0,1,1,""
69797,DATA,54.0,2.1,4575,4462,10199,1051,1380,0,1,1,""
70297,DATA,54.2,0.0,4295,4411,7200,1051,1380,0,1,1,""
70797,DATA,54.7,0.0,4426,4405,8400,1051,1380,0,1,1,""
71297,DATA,54.5,-6.2,4106,4325,11400,1051,1380,0,1,1,""
71797,DATA,55.5,0.0,3959,4148,14400,1051,1380,0,1,1,""
72297,DATA,56.0,0.0,4388,4207,16801,1051,1380,0,1,1,""
72797,DATA,56.5,2.1,4372,4265,16200,1051,1380,0,1,1,""
73297,DATA,56.7,0.0,4754,4418,18599,1051,1380,0,1,1,""
73797,DATA,57.2,0.0,4220,4434,13800,1051,1380,0,1,1,""
74297,DATA,57.7,2.1,4128,4260,11400,1051,1380,0,1,1,""
74797,DATA,58.0,0.0,4696,4376,10200,1051,1380,0,1,1,""
75053,EVENT,58.3,2.1,4749,4496,8483,1051,1380,1,1,1,"IGN ON"
75297,DATA,58.0,0.0,4543,4519,8401,1051,1380,1,1,1,""
75797,DATA,58.5,0.0,4113,4392,7201,1051,1380,1,1,1,""
76297,DATA,59.2,2.1,3929,4179,7799,1051,1380,1,1,1,""
76797,DATA,59.7,2.1,3683,3998,14400,1051,1380,1,1,1,""
77297,DATA,60.0,0.0,3653,3834,12599,1051,1380,1,1,1,""
77797,DATA,60.5,0.0,3464,3691,10200,1051,1380,1,1,1,""
78278,EVENT,60.8,0.0,3759,3647,12000,1051,1380,1,1,1,"STARTER 1400"
78297,DATA,60.8,0.0,3759,3647,12000,1051,1381,1,1,1,""
78797,DATA,61.2,0.0,4077,3841,14523,1051,1393,1,1,1,""
79297,DATA,61.5,-2.1,3711,3835,7800,1051,1400,1,1,1,""
79797,DATA,62.2,0.0,4079,3870,6600,1051,1400,1,1,1,""
80297,DATA,63.0,2.1,4052,3970,11400,1051,1400,1,1,1,""
80797,DATA,63.3,0.0,3895,3969,2400,1051,1400,1,1,1,""
81297,DATA,63.7,0.0,3743,3884,3000,1051,1400,1,1,1,""
81797,DATA,64.2,2.1,3672,3794,7800,1051,1400,1,1,1,""
82297,DATA,64.7,2.1,3860,3802,5400,1051,1400,1,1,1,""
82797,DATA,65.0,0.0,3773,3804,3000,1051,1400,1,1,1,""
83297,DATA,65.8,4.2,3771,3776,8399,1051,1400,1,1,1,""
83797,DATA,66.0,0.0,3846,3805,2400,1051,1400,1,1,1,""
83931,EVENT,66.2,2.1,3838,3809,53998,1051,1400,0,1,1,"IGN OFF"
84297,DATA,66.5,-2.1,3803,3811,4800,1051,1400,0,1,1,""
84797,DATA,67.0,2.1,3777,3799,3000,1051,1400,0,1,1,""
85297,DATA,67.5,2.1,3760,3784,3600,1051,1400,0,1,1,""
85797,DATA,67.7,0.0,3768,3770,109209,1051,1400,0,1,1,""
86297,DATA,68.5,2.1,3634,3759,115217,1051,1400,0,1,1,""
86797,DATA,69.0,2.1,3533,3643,3000,1051,1400,0,1,1,""
87297,DATA,69.5,2.1,3652,3629,141614,1051,1400,0,1,1,""
87797,DATA,69.7,2.1,3836,3715,4800,1051,1400,0,1,1,""
88297,DATA,70.0,2.1,3818,3768,2400,1051,1400,0,1,1,""
88797,DATA,70.8,2.1,3801,3786,15599,1051,1400,0,1,1,""
89297,DATA,71.0,0.0,3794,3791,4200,1051,1400,0,1,1,""
89797,DATA,71.7,2.1,3791,3791,3000,1051,1400,0,1,1,""
90297,DATA,72.0,0.0,3790,3791,6600,1051,1400,0,1,1,""
90797,DATA,72.5,0.0,3790,3790,7200,1051,1400,0,1,1,""
91297,DATA,73.0,2.1,3815,3797,3000,1051,1400,0,1,1,""
91359,EVENT,73.0,0.0,3814,3799,1800,1051,1400,0,1,1,"STARTER 1420"
91797,DATA,73.3,0.0,3801,3802,4236,1051,1412,0,1,1,""
92297,DATA,73.7,0.0,3790,3798,4200,1051,1419,0,1,1,""
92797,DATA,74.2,2.1,3786,3793,600,1051,1420,0,1,1,""
93297,DATA,74.7,2.1,3784,3789,3600,1051,1420,0,1,1,""
93797,DATA,75.0,0.0,3890,3807,74996,1051,1420,0,1,1,""
94297,DATA,75.2,0.0,3971,3891,4800,1051,1420,0,1,1,""
94797,DATA,75.8,2.1,3878,3899,6000,1051,1420,0,1,1,""
95297,DATA,76.0,0.0,3823,3871,91801,1051,1420,0,1,1,""
95379,EVENT,76.2,2.1,3797,3862,4199,1051,1420,0,1,1,"STARTER 1440"
95797,DATA,76.2,0.0,3735,3825,2500,1051,1431,0,1,1,""
96297,DATA,76.7,0.0,3742,3783,6599,1051,1439,0,1,1,""
96797,DATA,77.2,2.1,3756,3768,600,1051,1440,0,1,1,""
97297,DATA,77.5,2.1,3763,3764,1800,1051,1440,0,1,1,""
97797,DATA,77.5,-2.1,3764,3764,4800,1051,1440,0,1,1,""
98297,DATA,78.3,2.1,3765,3765,3600,1051,1440,0,1,1,""
98797,DATA,78.5,0.0,3766,3765,12000,1051,1440,0,1,1,""
99297,DATA,78.7,0.0,3766,3765,6001,1051,1440,0,1,1,""
99797,DATA,79.2,2.1,3832,3773,8400,1051,1440,0,1,1,""
100297,DATA,79.5,0.0,3970,3873,3600,1051,1440,0,1,1,""
100797,DATA,79.7,0.0,3963,3902,7200,1051,1440,0,1,1,""
101148,EVENT,80.0,0.0,3890,3908,6000,1051,1440,0,1,1,"STARTER 1460"
101317,DATA,80.0,0.0,3858,3902,6545,1051,1445,0,1,1,""
101817,DATA,80.2,0.0,3855,3872,5999,1051,1456,0,1,1,""
102317,DATA,80.8,2.1,3861,3871,7200,1051,1460,0,1,1,""
102817,DATA,81.0,0.0,4234,3977,8400,1051,1460,0,1,1,""
103317,DATA,81.5,2.1,4020,4033,6000,1051,1460,0,1,1,""
103817,DATA,81.7,2.1,3972,3989,4200,1051,1460,0,1,1,""
104317,DATA,82.0,2.1,3846,3949,7200,1051,1460,0,1,1,""
104817,DATA,82.3,0.0,3748,3872,4800,1051,1460,0,1,1,""
105317,DATA,82.5,0.0,3719,3806,7200,1051,1460,0,1,1,""
105683,EVENT,82.7,2.1,3731,3775,7200,1051,1460,0,1,1,"STARTER 1480"
105817,DATA,82.7,0.0,3725,3769,8400,1051,1464,0,1,1,""
106317,DATA,83.0,0.0,3692,3738,6600,1051,1475,0,1,1,""
106817,DATA,83.5,2.1,3673,3710,10800,1051,1480,0,1,1,""
107317,DATA,83.7,2.1,3656,3687,9001,1051,1480,0,1,1,""
107817,DATA,84.0,2.1,3823,3734,15601,1051,1480,0,1,1,""
108317,DATA,84.2,0.0,3908,3815,13800,1051,1480,0,1,1,""
108322,EVENT,84.2,0.0,3908,3815,13800,1051,1480,1,1,1,"IGN ON"
108817,DATA,84.2,2.1,4286,4000,7200,1051,1480,1,1,1,""
109317,DATA,84.5,0.0,4399,4192,8400,1051,1480,1,1,1,""
109817,DATA,84.8,0.0,4155,4216,10200,1051,1480,1,1,1,""
110317,DATA,85.0,0.0,4056,4128,8395,1051,1480,1,1,1,""
110796,EVENT,85.2,0.0,4270,4176,7800,1051,1480,0,1,1,"IGN OFF"
110817,DATA,85.2,0.0,4220,4181,6595,1051,1480,0,1,1,""
111317,DATA,85.2,-2.1,4337,4205,9000,1051,1480,0,1,1,""
111817,DATA,86.0,0.0,4796,4414,7201,1051,1480,0,1,1,""
112317,DATA,86.2,2.1,4427,4501,7199,1051,1480,0,1,1,""
112817,DATA,86.5,0.0,4122,4352,4800,1051,1480,0,1,1,""
113317,DATA,86.7,0.0,4088,4231,10794,1051,1480,0,1,1,""
113817,DATA,87.0,0.0,4429,4269,9600,1051,1480,0,1,1,""
114317,DATA,87.3,0.0,4622,4407,8999,1051,1480,0,1,1,""
114817,DATA,87.5,0.0,4640,4520,6600,1051,1480,0,1,1,""
115317,DATA,87.7,0.0,4485,4527,6600,1051,1480,0,1,1,""
115817,DATA,88.0,0.0,4396,4478,3600,1051,1480,0,1,1,""
116317,DATA,88.5,0.0,4358,4426,4800,1051,1480,0,1,1,""
116817,DATA,88.7,2.1,4169,4322,4800,1051,1480,0,1,1,""
116961,EVENT,88.7,0.0,4172,4304,4199,1051,1480,1,1,1,"IGN ON"
117317,DATA,88.5,0.0,4100,4243,4200,1051,1480,1,1,1,""
117817,DATA,89.0,0.0,4077,4168,5400,1051,1480,1,1,1,""
118317,DATA,89.2,0.0,4094,4130,6600,1051,1480,1,1,1,""
118530,EVENT,89.5,0.0,4118,4126,3000,1051,1480,0,1,1,"IGN OFF"
118817,DATA,89.8,2.1,4149,4130,3600,1051,1480,0,1,1,""
119317,DATA,90.0,0.0,4178,4149,4200,1051,1480,0,1,1,""
119817,DATA,90.5,2.1,4151,4159,5400,1051,1480,0,1,1,""
120317,DATA,90.5,0.0,4109,4139,7200,1051,1480,0,1,1,""
120817,DATA,90.8,0.0,3921,4077,5400,1051,1480,0,1,1,""
121317,DATA,91.0,0.0,3813,3968,6000,1051,1480,0,1,1,""
121817,DATA,91.2,0.0,3836,3893,4200,1051,1480,0,1,1,""
122317,DATA,91.7,2.1,3915,3892,3600,1051,1480,0,1,1,""
122817,DATA,91.7,0.0,3952,3915,7200,1051,1480,0,1,1,""
123313,EVENT,92.0,0.0,3894,3912,8999,1051,1480,0,1,1,"STARTER 1500"
123317,DATA,92.0,0.0,3894,3912,8999,1051,1480,0,1,1,""
123817,DATA,92.3,0.0,3910,3911,4843,1051,1493,0,1,1,""
124317,DATA,92.5,0.0,3932,3917,7200,1051,1500,0,1,1,""
124817,DATA,92.7,0.0,3877,3911,6000,1051,1500,0,1,1,""
125317,DATA,93.0,0.0,3813,3875,5400,1051,1500,0,1,1,""
125345,EVENT,93.0,0.0,3802,3866,6000,1051,1500,0,1,1,"PUMP 1056"
125817,DATA,93.3,0.0,3838,3849,7800,1052,1500,0,1,1,""
126317,DATA,93.5,0.0,3915,3892,5400,1055,1500,0,1,1,""
126817,DATA,93.7,0.0,3772,3857,3600,1056,1500,0,1,1,""
127288,EVENT,93.7,-2.1,3730,3792,4800,1056,1500,1,1,1,"IGN ON"
127317,DATA,93.7,-2.1,3730,3792,4800,1056,1500,1,1,1,""
127817,DATA,94.0,0.0,3768,3785,4801,1056,1500,1,1,1,""
128317,DATA,94.2,0.0,3747,3771,4800,1056,1500,1,1,1,""
128817,DATA,94.8,2.1,3701,3745,4200,1056,1500,1,1,1,""
128993,EVENT,94.8,0.0,3683,3732,4200,1056,1500,1,1,1,"PUMP 1061"
129317,DATA,95.0,0.0,3663,3712,5400,1057,1500,1,1,1,""
129817,DATA,95.2,0.0,3638,3682,4800,1059,1500,1,1,1,""
130317,DATA,95.5,0.0,3670,3672,3000,1061,1500,1,1,1,""
130817,DATA,95.8,0.0,3652,3666,5400,1061,1500,1,1,1,""
131317,DATA,96.0,0.0,3640,3655,4800,1061,1500,1,1,1,""
131817,DATA,96.5,0.0,3634,3646,1800,1061,1500,1,1,1,""
132317,DATA,96.7,0.0,3632,3640,3000,1061,1500,1,1,1,""
132817,DATA,97.3,2.1,3629,3636,3600,1061,1500,1,1,1,""
133317,DATA,97.5,2.1,3781,3667,4800,1061,1500,1,1,1,""
133614,EVENT,97.5,0.0,3783,3706,2400,1061,1500,1,1,1,"PUMP 1066"
133817,DATA,97.5,0.0,3756,3719,5400,1061,1500,1,1,1,""
134317,DATA,98.0,2.1,3699,3717,1800,1063,1500,1,1,1,""
134817,DATA,98.3,2.1,3672,3700,3600,1065,1500,1,1,1,""
135317,DATA,98.5,0.0,3661,3683,4200,1066,1500,1,1,1,""
135817,DATA,99.0,0.0,3657,3671,4800,1066,1500,1,1,1,""
136317,DATA,99.2,0.0,3656,3664,4200,1066,1500,1,1,1,""
136817,DATA,99.8,0.0,3650,3659,3000,1066,1500,1,1,1,""
137317,DATA,100.0,0.0,3645,3653,3600,1066,1500,1,1,1,""
137817,DATA,100.2,0.0,3643,3648,3600,1066,1500,1,1,1,""
138010,EVENT,100.5,0.0,3642,3647,7200,1066,1500,0,1,1,"IGN OFF"
138317,DATA,100.8,0.0,3676,3652,7200,1066,1500,0,1,1,""
138817,DATA,101.2,2.1,3659,3661,6001,1066,1500,0,1,1,""
139317,DATA,101.0,-4.2,3641,3654,6000,1066,1500,0,1,1,""
139664,EVENT,101.8,0.0,3632,3647,7200,1066,1500,0,1,1,"PUMP 1071"
139817,DATA,101.8,0.0,3656,3648,8999,1066,1500,0,1,1,""
140317,DATA,102.0,0.0,4215,3818,9600,1068,1500,0,1,1,""
140817,DATA,102.5,0.0,4368,4080,9001,1070,1500,0,1,1,""
141317,DATA,103.0,2.1,4675,4305,9001,1071,1500,0,1,1,""
141817,DATA,103.5,2.1,4987,4560,9599,1071,1500,0,1,1,""
142317,DATA,103.8,0.0,4660,4683,10800,1071,1500,0,1,1,""
142817,DATA,104.2,2.1,4343,4566,12600,1071,1500,0,1,1,""
143317,DATA,104.5,0.0,4530,4541,9000,1071,1500,0,1,1,""
143817,DATA,104.8,0.0,4418,4483,13800,1071,1500,0,1,1,""
144317,DATA,105.2,0.0,4700,4552,7800,1071,1500,0,1,1,""
144817,DATA,105.8,0.0,4816,4680,12000,1071,1500,0,1,1,""
144980,EVENT,105.8,0.0,4716,4694,11402,1071,1500,0,1,1,"STARTER 1520"
145337,DATA,105.8,-2.1,4898,4733,5999,1071,1510,0,1,1,""
145837,DATA,106.5,0.0,4695,4759,6600,1071,1518,0,1,1,""
146337,DATA,107.0,0.0,4451,4660,10800,1071,1520,0,1,1,""
146837,DATA,107.5,2.1,4269,4489,7200,1071,1520,0,1,1,""
147337,DATA,108.0,2.1,4294,4394,10201,1071,1520,0,1,1,""
147837,DATA,108.2,0.0,4265,4347,7800,1071,1520,0,1,1,""
148337,DATA,108.8,0.0,4304,4329,14400,1071,1520,0,1,1,""
148755,EVENT,109.2,2.1,4446,4357,7800,1071,1520,1,1,1,"IGN ON"
148837,DATA,109.2,0.0,4486,4372,7798,1071,1520,1,1,1,""
149337,DATA,109.5,2.1,4788,4535,9601,1071,1520,1,1,1,""
149837,DATA,110.0,0.0,4562,4572,10801,1071,1520,1,1,1,""
150337,DATA,110.5,0.0,4818,4649,9601,1071,1520,1,1,1,""
150837,DATA,111.2,0.0,4675,4704,6601,1071,1520,1,1,1,""
151337,DATA,111.7,2.1,4389,4603,5400,1071,1520,1,1,1,""
151837,DATA,112.2,2.1,4447,4496,9600,1071,1520,1,1,1,""
151851,EVENT,112.2,2.1,4447,4496,9600,1071,1520,0,1,1,"IGN OFF"
152337,DATA,113.0,2.1,4797,4588,8400,1071,1520,0,1,1,""
152837,DATA,113.5,2.1,5014,4794,7800,1071,1520,0,1,1,""
153337,DATA,114.0,2.1,4643,4754,12600,1071,1520,0,1,1,""
153670,EVENT,114.5,2.1,4731,4734,16798,1071,1520,0,1,1,"STARTER 1540"
153837,DATA,114.7,2.1,4747,4735,8925,1071,1525,0,1,1,""
154337,DATA,115.0,0.0,4494,4674,10201,1071,1536,0,1,1,""
154837,DATA,115.7,2.1,4262,4514,9000,1071,1540,0,1,1,""
155337,DATA,116.0,-2.1,4058,4326,9600,1071,1540,0,1,1,""
155837,DATA,117.0,2.1,4136,4227,12000,1071,1540,0,1,1,""
156337,DATA,117.5,2.1,4214,4205,14399,1071,1540,0,1,1,""
156665,EVENT,117.7,0.0,4262,4219,14399,1071,1540,0,1,1,"STARTER 1560"
156837,DATA,118.0,2.1,4285,4233,7139,1071,1545,0,1,1,""
157337,DATA,118.5,0.0,4312,4261,15602,1071,1556,0,1,1,""
157837,DATA,119.0,0.0,4451,4328,10801,1071,1560,0,1,1,""
158337,DATA,119.7,2.1,4421,4371,10907,1071,1560,0,1,1,""
158837,DATA,120.3,2.1,4291,4361,18785,1071,1560,0,1,1,""
159337,DATA,120.7,0.0,4989,4462,15754,1071,1560,0,1,1,""
159442,EVENT,121.0,2.1,5175,4616,10200,1071,1560,0,1,1,"STARTER 1580"
159837,DATA,121.5,2.1,4941,4751,4998,1071,1571,0,1,1,""
160337,DATA,122.2,2.1,4454,4686,8400,1071,1579,0,1,1,""
160837,DATA,122.7,2.1,4216,4494,13200,1071,1580,0,1,1,""
161337,DATA,123.5,2.1,4127,4333,4800,1071,1580,0,1,1,""
161837,DATA,124.0,2.1,4092,4224,5400,1071,1580,0,1,1,""
162337,DATA,124.5,0.0,4156,4181,3000,1071,1580,0,1,1,""
162837,DATA,125.2,2.1,4117,4156,4800,1071,1580,0,1,1,""
163257,EVENT,125.8,0.0,4102,4136,6600,1071,1580,0,1,1,"STARTER 1600"
163337,DATA,125.8,0.0,4099,4132,5344,1071,1583,0,1,1,""
163837,DATA,126.5,0.0,4093,4114,5999,1071,1594,0,1,1,""
164337,DATA,127.2,2.1,4106,4105,4200,1071,1600,0,1,1,""
164837,DATA,127.5,0.0,4222,4142,4800,1071,1600,0,1,1,""
165337,DATA,128.5,2.1,4076,4135,4800,1071,1600,0,1,1,""
165837,DATA,129.3,2.1,4060,4098,6001,1071,1600,0,1,1,""
166337,DATA,129.8,4.2,4073,4086,13799,1071,1600,0,1,1,""
166837,DATA,130.5,2.1,4229,4110,9000,1071,1600,0,1,1,""
167337,DATA,131.0,2.1,4419,4228,12599,1071,1600,0,1,1,""
167837,DATA,131.8,2.1,4390,4327,10792,1071,1600,0,1,1,""
168337,DATA,132.3,2.1,4701,4451,7271,1071,1600,0,1,1,""
168837,DATA,133.0,2.1,4523,4517,6059,1071,1600,0,1,1,""
169337,DATA,133.8,2.1,4391,4476,5453,1071,1600,0,1,1,""
169725,EVENT,134.3,2.1,4341,4428,3530,1071,1600,0,1,1,"STARTER 1620"
169857,DATA,134.3,0.0,4334,4416,5453,1071,1604,0,1,1,""
170357,DATA,135.0,0.0,4312,4370,5400,1071,1615,0,1,1,""
170857,DATA,135.5,0.0,4304,4340,4200,1071,1620,0,1,1,""
171357,DATA,136.3,0.0,4301,4322,3000,1071,1620,0,1,1,""
171857,DATA,137.0,2.1,4299,4311,2400,1071,1620,0,1,1,""
172357,DATA,138.0,2.1,4299,4306,27001,1071,1620,0,1,1,""
172857,DATA,138.5,0.0,4299,4302,21000,1071,1620,0,1,1,""
173357,DATA,139.3,0.0,4299,4301,3600,1071,1620,0,1,1,""
173857,DATA,140.3,4.2,4299,4300,6000,1071,1620,0,1,1,""
174158,EVENT,140.8,2.1,4299,4299,4200,1071,1620,1,1,1,"IGN ON"
174357,DATA,140.5,-2.1,4299,4299,97211,1071,1620,1,1,1,""
174857,DATA,141.5,4.2,4299,4299,6000,1071,1620,1,1,1,""
175357,DATA,142.5,2.1,4432,4325,13202,1071,1620,1,1,1,""
175857,DATA,143.3,2.1,4294,4359,117619,1071,1620,1,1,1,""
175926,EVENT,143.3,2.1,4294,4359,117619,1071,1620,0,1,1,"IGN OFF"
176357,DATA,144.0,0.0,4321,4336,3000,1071,1620,0,1,1,""
176857,DATA,145.0,4.2,4371,4345,130214,1071,1620,0,1,1,""
177357,DATA,145.5,0.0,3375,4144,72601,1071,1620,0,1,1,""
177857,DATA,146.5,2.1,2620,3483,23999,1071,1620,0,1,1,""
178357,DATA,147.3,2.1,3487,3347,122413,1071,1620,0,1,1,""
178857,DATA,148.3,0.0,3664,3414,2400,1071,1620,0,1,1,""
179357,DATA,149.3,2.1,4080,3670,3000,1071,1620,0,1,1,""
179857,DATA,150.0,0.0,4269,3927,6600,1071,1620,0,1,1,""
180357,DATA,150.8,2.1,4343,4114,74401,1071,1620,0,1,1,""
180857,DATA,151.7,2.1,4460,4262,4200,1071,1620,0,1,1,""
181357,DATA,152.5,2.1,4439,4350,5400,1071,1620,0,1,1,""
181857,DATA,153.8,4.2,4423,4386,3600,1071,1620,0,1,1,""
182301,EVENT,154.5,0.0,4416,4399,1800,1000,1620,0,0,0,"PUMP OFF"
182357,DATA,154.8,2.1,4415,4401,4200,1000,1620,0,0,0,""
182857,DATA,155.8,2.1,4413,4407,3600,1000,1620,0,0,0,""
183357,DATA,156.8,0.0,4412,4409,3600,1000,1620,0,0,0,""
183857,DATA,157.8,2.1,4411,4410,58199,1000,1620,0,0,0,""
184357,DATA,158.5,0.0,4411,4411,5401,1000,1620,0,0,0,""
184857,DATA,160.0,0.0,4309,4380,4800,1000,1620,0,0,0,""
185357,DATA,161.3,2.1,4304,4344,3000,1000,1620,0,0,0,""
185857,DATA,162.5,2.1,4244,4309,2400,1000,1620,0,0,0,""
186357,DATA,163.8,4.2,4263,4283,4800,1000,1620,0,0,0,""
186857,DATA,164.8,2.1,4279,4280,19200,1000,1620,0,0,0,""
187357,DATA,166.0,2.1,4280,4280,4800,1000,1620,0,0,0,""
187428,EVENT,166.0,0.0,4280,4280,4800,1000,1620,0,0,0,"STARTER 1600"
187730,EVENT,166.8,1.8,4277,4279,2974,1000,1612,0,0,0,"STARTER 1580"
187877,DATA,167.0,2.1,4273,4278,2974,1000,1606,0,0,0,""
187958,EVENT,167.3,2.1,4273,4278,2974,1000,1603,0,0,0,"STARTER 1560"
188397,DATA,168.0,2.1,4222,4265,2000,1000,1580,0,0,0,""
188917,DATA,169.0,2.1,4158,4230,1500,1000,1562,0,0,0,""
188998,EVENT,169.3,2.1,4147,4220,1494,1000,1560,0,0,0,"STARTER 1540"
189437,DATA,169.5,0.0,4116,4182,1666,1000,1549,0,0,0,""
189937,DATA,170.8,2.1,4211,4178,3000,1000,1541,0,0,0,""
190437,DATA,171.3,0.0,4284,4218,4800,1000,1540,0,0,0,""
190937,DATA,171.8,0.0,4316,4260,4200,1000,1540,0,0,0,""
191437,DATA,172.5,2.1,4328,4290,17400,1000,1540,0,0,0,""
191937,DATA,173.0,0.0,4333,4310,3600,1000,1540,0,0,0,""
192437,DATA,173.8,2.1,4334,4321,4800,1000,1540,0,0,0,""
192937,DATA,174.3,0.0,4335,4328,4800,1000,1540,0,0,0,""
193307,EVENT,174.5,0.0,4279,4323,4200,1000,1540,0,0,0,"STARTER 1520"
193437,DATA,174.5,0.0,4250,4314,3599,1000,1536,0,0,0,""
193937,DATA,175.0,2.1,4254,4281,4800,1000,1525,0,0,0,""
194437,DATA,175.5,2.1,4284,4278,6000,1000,1520,0,0,0,""
194937,DATA,175.8,0.0,4208,4272,6600,1000,1520,0,0,0,""
195437,DATA,176.0,2.1,4136,4203,1800,1000,1520,0,0,0,""
195937,DATA,176.5,2.1,4195,4190,6000,1000,1520,0,0,0,""
196437,DATA,177.0,2.1,4133,4170,5400,1000,1520,0,0,0,""
196937,DATA,177.5,0.0,4174,4165,5400,1000,1520,0,0,0,""
197437,DATA,177.5,-2.1,4102,4137,5400,1000,1520,0,0,0,""
197937,DATA,178.3,0.0,4082,4116,4200,1000,1520,0,0,0,""
198437,DATA,178.5,0.0,3961,4076,4800,1000,1520,0,0,0,""
198937,DATA,178.8,0.0,4155,4050,7200,1000,1520,0,0,0,""
199437,DATA,179.0,2.1,4337,4174,8400,1000,1520,0,0,0,""
199937,DATA,179.3,2.1,4645,4348,3000,1000,1520,0,0,0,""
200437,DATA,179.3,0.0,4868,4556,5399,1000,1520,0,0,0,""
200937,DATA,179.5,0.0,4751,4671,5400,1000,1520,0,0,0,""
201437,DATA,179.8,2.0,5033,4791,10200,1000,1520,0,0,0,""
201937,DATA,179.8,0.0,5267,4968,10800,1000,1520,0,0,0,""
202437,DATA,180.0,0.0,5491,5181,11400,1000,1520,0,0,0,""
202937,DATA,180.5,2.1,5279,5275,8400,1000,1520,0,0,0,""
203437,DATA,181.0,2.1,5249,5256,9600,1000,1520,0,0,0,""
203937,DATA,181.7,2.1,5303,5266,8400,1000,1520,0,0,0,""
204437,DATA,183.8,2.0,5644,5398,13800,1000,1520,0,0,0,""
204937,DATA,185.0,2.1,5854,5578,10800,1000,1520,0,0,0,""
205437,DATA,185.5,0.0,5621,5658,10201,1000,1520,0,0,0,""
205937,DATA,185.5,4.2,5951,5719,12600,1000,1520,0,0,0,""
206437,DATA,185.8,0.0,6152,5913,10800,1000,1520,0,0,0,""
206937,DATA,186.0,0.0,5859,5957,7199,1000,1520,0,0,0,""
207437,DATA,186.3,0.0,5548,5787,14400,1000,1520,0,0,0,""
207937,DATA,186.5,0.0,5528,5638,16201,1000,1520,0,0,0,""
208437,DATA,187.3,2.1,5946,5710,16800,1000,1520,0,0,0,""
208937,DATA,187.5,0.0,6139,5887,12600,1000,1520,0,0,0,""
209437,DATA,187.8,0.0,6402,6089,11400,1000,1520,0,0,0,""
209937,DATA,188.0,2.1,6594,6301,15599,1000,1520,0,0,0,""
210437,DATA,188.3,2.0,6715,6474,13800,1000,1520,0,0,0,""
210937,DATA,188.5,2.1,6489,6558,8999,1000,1520,0,0,0,""
211437,DATA,188.0,0.0,5866,6344,13800,1000,1520,0,0,0,""
211937,DATA,189.0,2.1,5728,6075,6000,1000,1520,0,0,0,""
212437,DATA,189.0,2.1,5508,5843,4800,1000,1520,0,0,0,""
212937,DATA,188.8,-2.1,5323,5629,6600,1000,1520,0,0,0,""
213437,DATA,188.8,0.0,5093,5412,8400,1000,1520,0,0,0,""
213937,DATA,188.8,0.0,4960,5234,8400,1000,1520,0,0,0,""
214437,DATA,188.8,0.0,4714,5020,10200,1000,1520,0,0,0,""
214937,DATA,188.8,0.0,4645,4856,3600,1000,1520,0,0,0,""
215437,DATA,188.5,0.0,4517,4705,24600,1000,1520,0,0,0,""
215937,DATA,188.5,0.0,5015,4760,16801,1000,1520,0,0,0,""
216437,DATA,188.5,0.0,4894,4875,11401,1000,1520,0,0,0,""
216937,DATA,188.5,2.1,5003,4921,11399,1000,1520,0,0,0,""
217437,DATA,188.3,0.0,4639,4866,9000,1000,1520,0,0,0,""
217937,DATA,188.3,0.0,4431,4683,4800,1000,1520,0,0,0,""
218437,DATA,188.3,0.0,4286,4513,9599,1000,1520,0,0,0,""
218937,DATA,188.3,0.0,4252,4370,1800,1000,1520,0,0,0,""
219437,DATA,188.0,0.0,4424,4374,5400,1000,1520,0,0,0,""
219625,EVENT,188.0,0.0,4439,4388,2400,1000,1520,0,0,0,"STARTER 1540"
219957,DATA,188.0,0.0,4424,4401,1500,1000,1529,0,0,0,""
220457,DATA,188.0,0.0,4392,4402,4800,1000,1538,0,0,0,""
220693,EVENT,187.8,0.0,4384,4398,3000,1000,1540,0,0,0,"STARTER 1560"
220977,DATA,187.8,0.0,4378,4394,3972,1000,1548,0,0,0,""
221477,DATA,188.0,2.1,4271,4359,6001,1000,1557,0,0,0,""
221977,DATA,188.3,2.1,4165,4282,5997,1000,1560,0,0,0,""
222477,DATA,188.5,0.0,4086,4203,4200,1000,1560,0,0,0,""
222977,DATA,188.8,0.0,4040,4133,4200,1000,1560,0,0,0,""
223477,DATA,189.0,0.0,4044,4090,4800,1000,1560,0,0,0,""
223977,DATA,189.2,0.0,4052,4071,9599,1000,1560,0,0,0,""
224477,DATA,189.5,0.0,4119,4070,7204,1000,1560,0,0,0,""
224977,DATA,189.8,2.1,4634,4261,8400,1000,1560,0,0,0,""
225477,DATA,189.8,0.0,4785,4474,7199,1000,1560,0,0,0,""
225977,DATA,189.8,0.0,4565,4560,4200,1000,1560,0,0,0,""
226477,DATA,189.8,0.0,4426,4514,4800,1000,1560,0,0,0,""
226977,DATA,189.8,0.0,4384,4458,4800,1000,1560,0,0,0,""
227477,DATA,190.0,2.0,4369,4418,6004,1000,1560,0,0,0,""
227977,DATA,189.8,0.0,4361,4393,7799,1000,1560,0,0,0,""
228477,DATA,189.8,0.0,4349,4374,7200,1000,1560,0,0,0,""
228977,DATA,189.8,0.0,4349,4361,5399,1000,1560,0,0,0,""
229477,DATA,189.5,0.0,4313,4346,6000,1000,1560,0,0,0,""
229837,EVENT,189.8,0.0,4392,4341,9000,1000,1560,0,0,0,"STARTER OFF"
229997,DATA,189.8,0.0,4430,4351,4062,1000,1453,0,0,0,""
230517,DATA,190.0,0.0,3875,4268,500,1000,1130,0,0,0,""
230998,EVENT,190.5,8.3,2600,3674, 0,1000,1000,0,0,0,"STARTER 1200"
231037,DATA,190.5,8.3,2600,3674, 0,1000,1002,0,0,0,""
231557,DATA,189.5,-2.1,2025,3080,500,1000,1133,0,0,0,""
232057,DATA,190.3,0.0,1770,2479,3000,1000,1200,0,0,0,""
232301,EVENT,190.3,0.0,1785,2321,6600,1000,1200,0,0,0,"STARTER 1216"
232458,EVENT,190.3,0.0,1899,2217,5402,1000,1204,0,0,0,"STARTER 1236"
232557,DATA,190.3,0.0,1899,2217,5402,1000,1208,0,0,0,""
232638,EVENT,190.3,0.0,2001,2191,2967,1000,1211,0,0,0,"STARTER 1256"
232798,EVENT,190.3,0.0,2031,2172,1505,1000,1220,0,0,0,"STARTER 1276"
232998,EVENT,190.3,2.1,1973,2131,1012,1000,1234,0,0,0,"STARTER 1296"
233077,DATA,190.3,2.1,1921,2106,1364,1000,1239,0,0,0,""
233597,DATA,190.0,0.0,2055,2046,1500,1000,1278,0,0,0,""
234097,DATA,189.8,-2.1,2455,2180,1211,1000,1296,0,0,0,""
234597,DATA,189.8,0.0,2619,2372,6600,1000,1296,0,0,0,""
235097,DATA,189.8,0.0,2734,2501,73194,1000,1296,0,0,0,""
235138,EVENT,189.8,0.0,2734,2501,73194,1000,1296,0,0,0,"STARTER OFF"
235538,EVENT,189.2,2.1,2871,2622,1500,1000,1148,0,0,0,"STARTER OFF"
235617,DATA,189.5,1.9,2759,2639,1817,1000,1119,0,0,0,""
236137,DATA,188.8,3.8,2211,2539, 0,1000,1004,0,0,0,""
236490,EVENT,189.5,0.0,1847,2304, 0,1000,1000,0,0,0,"STARTER 1200"
236637,DATA,189.5,0.0,1787,2242, 0,1000,1035,0,0,0,""
237157,DATA,188.3,0.0,1516,1997,1500,1000,1151,0,0,0,""
237657,DATA,188.8,2.1,1351,1674,6054,1000,1200,0,0,0,""
238157,DATA,188.8,2.1,1790,1664,7201,1000,1200,0,0,0,""
238657,DATA,188.5,0.0,2068,1835,5400,1000,1200,0,0,0,""
239157,DATA,188.3,0.0,2166,1979,9000,1000,1200,0,0,0,""
239657,DATA,188.0,0.0,2399,2136,9600,1000,1200,0,0,0,""
240157,DATA,188.0,0.0,2364,2269,5400,1000,1200,0,0,0,""
240657,DATA,188.0,2.1,2270,2291,9600,1000,1200,0,0,0,""
241157,DATA,187.8,0.0,2419,2311,2400,1000,1200,0,0,0,""
241657,DATA,187.8,2.1,2547,2400,3600,1000,1200,0,0,0,""
242157,DATA,187.5,0.0,2398,2413,5400,1000,1200,0,0,0,""
242657,DATA,187.3,0.0,2265,2376,6000,1000,1200,0,0,0,""
243157,DATA,186.5,-6.2,2348,2339,2400,1000,1200,0,0,0,""
243657,DATA,187.0,0.0,2316,2337,1200,1000,1200,0,0,0,""
244157,DATA,186.8,-2.1,2155,2304,182409,1000,1200,0,0,0,""
244657,DATA,186.5,0.0,1134,1860,131412,1000,1200,0,0,0,""
245157,DATA,186.3,-2.1,866,1364,129604,1000,1200,0,0,0,""
245518,EVENT,186.3,0.0,1144,1254,88200,1000,1200,0,0,0,"STARTER OFF"
245677,DATA,186.3,0.0,1154,1242,120119,1000,1162,0,0,0,""
246197,DATA,185.3,-4.2,1943,1499, 0,1000,1047,0,0,0,""
246697,DATA,186.0,0.0,1797,1642, 0,1000,1000,0,0,0,""
247041,EVENT,186.0,0.0,1557,1652, 0,1000,1000,0,0,0,"STARTER 1020"
247181,EVENT,186.0,0.0,1393,1621, 0,1000,1004,0,0,0,"STARTER 1040"
247197,DATA,186.0,0.0,1393,1621, 0,1000,1005,0,0,0,""
247358,EVENT,185.8,-2.1,1218,1573, 0,1000,1012,0,0,0,"STARTER 1060"
247478,EVENT,185.8,0.0,1047,1510, 0,1000,1018,0,0,0,"STARTER 1080"
247598,EVENT,185.8,0.0,891,1435, 0,1000,1026,0,0,0,"STARTER 1100"
247717,DATA,184.5,-10.4,751,1353, 0,1000,1036,0,0,0,""
247731,EVENT,184.5,-10.4,751,1353, 0,1000,1036,0,0,0,"STARTER 1120"
247878,EVENT,184.3,-1.9,619,1189,1695,1000,1050,0,0,0,"STARTER 1140"
247998,EVENT,184.5,1.7,669,1126,1000,1000,1062,0,0,0,"STARTER 1160"
248237,DATA,184.3,0.0,790,1046,1500,1000,1089,0,0,0,""
248251,EVENT,184.3,0.0,790,1046,1500,1000,1089,0,0,0,"STARTER 1200"
248358,EVENT,184.5,1.9,810,1018,1500,1000,1101,0,0,0,"STARTER 1220"
248518,EVENT,184.3,-1.7,865,999,1500,1000,1124,0,0,0,"STARTER 1240"
248638,EVENT,184.3,0.0,934,992,1500,1000,1139,0,0,0,"STARTER 1260"
248757,DATA,184.5,2.1,1006,993,1500,1000,1155,0,0,0,""
248771,EVENT,184.5,2.1,1006,993,1500,1000,1155,0,0,0,"STARTER 1280"
248878,EVENT,184.5,0.0,1076,1003,11001,1000,1169,0,0,0,"STARTER 1300"
248998,EVENT,184.5,0.0,1140,1020,3500,1000,1186,0,0,0,"STARTER 1320"
249118,EVENT,184.8,2.1,1196,1041,3000,1000,1203,0,0,0,"STARTER 1340"
249277,DATA,184.8,0.0,1308,1073,1500,1000,1229,0,0,0,""
249291,EVENT,184.8,0.0,1308,1073,1500,1000,1229,0,0,0,"STARTER 1360"
249398,EVENT,184.8,0.0,1439,1117,1793,1000,1243,0,0,0,"STARTER 1380"
249518,EVENT,184.8,0.0,1571,1171,1116,1000,1261,0,0,0,"STARTER 1400"
249718,EVENT,184.8,0.0,1865,1312,1518,1000,1296,0,0,0,"STARTER 1420"
249797,DATA,184.8,0.0,2002,1395,2000,1000,1304,0,0,0,""
250317,DATA,184.5,2.1,2630,1795,1500,1000,1383,0,0,0,""
250817,DATA,184.3,0.0,3231,2300,1500,1000,1420,0,0,0,""
251317,DATA,184.0,0.0,3611,2947,5400,1000,1420,0,0,0,""
251817,DATA,184.0,2.1,3698,3292,3000,1000,1420,0,0,0,""
252317,DATA,183.8,0.0,3743,3498,6000,1000,1420,0,0,0,""
252817,DATA,183.8,0.0,3764,3621,4200,1000,1420,0,0,0,""
253317,DATA,183.5,0.0,3772,3692,3000,1000,1420,0,0,0,""
253817,DATA,183.5,0.0,3776,3731,3602,1000,1420,0,0,0,""
254317,DATA,183.3,0.0,3777,3752,4200,1000,1420,0,0,0,""
254817,DATA,183.0,-2.1,3777,3762,4800,1000,1420,0,0,0,""
255317,DATA,183.0,0.0,3777,3770,34201,1000,1420,0,0,0,""
255817,DATA,183.0,0.0,3754,3769,1800,1000,1420,0,0,0,""
256317,DATA,183.0,0.0,3749,3758,4200,1000,1420,0,0,0,""
256817,DATA,183.0,2.1,3752,3755,75597,1000,1420,0,0,0,""
257317,DATA,182.8,0.0,3793,3776,83391,1000,1420,0,0,0,""
257817,DATA,182.5,0.0,3979,3822,114617,1000,1420,0,0,0,""
258317,DATA,182.5,0.0,3389,3682,3000,1000,1420,0,0,0,""
258817,DATA,182.3,0.0,3001,3518,74992,1000,1420,0,0,0,""
259317,DATA,182.3,0.0,1527,2639,111004,1000,1420,0,0,0,""
259817,DATA,182.0,0.0,2765,2458,70194,1000,1420,0,0,0,""
260112,EVENT,182.0,0.0,3261,2617,20401,1000,1420,0,0,0,"STARTER 1440"
260255,EVENT,182.0,0.0,3594,2818,81003,1000,1424,0,0,0,"STARTER 1460"
260317,DATA,182.0,0.0,3594,2818,81003,1000,1426,0,0,0,""
260438,EVENT,181.7,-1.6,3743,2929,8292,1000,1432,0,0,0,"STARTER 1480"
260558,EVENT,181.7,0.0,3831,3037,1487,1000,1438,0,0,0,"STARTER 1500"
260718,EVENT,181.7,0.0,3911,3231,1518,1000,1450,0,0,0,"STARTER 1520"
260837,DATA,181.5,-2.1,3928,3315,1500,1000,1459,0,0,0,""
260890,EVENT,181.5,-2.1,3928,3315,1500,1000,1463,0,0,0,"STARTER 1540"
261357,DATA,181.5,0.0,3981,3572,1500,1000,1507,0,0,0,""
261877,DATA,181.3,0.0,4137,3778,1500,1000,1538,0,0,0,""
262377,DATA,181.0,0.0,4254,3987,8999,1000,1540,0,0,0,""
262877,DATA,180.8,-2.1,4194,4111,7200,1000,1540,0,0,0,""
263377,DATA,180.5,-2.1,4011,4100,4200,1000,1540,0,0,0,""
263877,DATA,180.5,0.0,4038,4059,4199,1000,1540,0,0,0,""
264377,DATA,180.3,0.0,4102,4070,6000,1000,1540,0,0,0,""
264877,DATA,180.0,-2.1,4131,4095,6000,1000,1540,0,0,0,""
265377,DATA,179.8,-2.1,4142,4116,5400,1000,1540,0,0,0,""
265877,DATA,179.8,0.0,4146,4130,42598,1000,1540,0,0,0,""
266377,DATA,179.3,-2.1,4146,4138,4200,1000,1540,0,0,0,""
266877,DATA,179.3,0.0,3945,4079,4200,1000,1540,0,0,0,""
267377,DATA,179.0,0.0,3955,4018,2400,1000,1540,0,0,0,""
267877,DATA,178.8,0.0,3915,3971,4800,1000,1540,0,0,0,""
268377,DATA,178.5,0.0,3967,3961,4800,1000,1540,0,0,0,""
268877,DATA,178.5,0.0,3984,3971,4800,1000,1540,0,0,0,""
269377,DATA,178.3,0.0,3953,3970,6000,1000,1540,0,0,0,""
269877,DATA,178.0,0.0,3913,3950,4800,1000,1540,0,0,0,""
270377,DATA,177.8,0.0,3859,3920,4800,1000,1540,0,0,0,""
270877,DATA,177.5,0.0,3829,3881,6600,1000,1540,0,0,0,""
271377,DATA,177.3,-2.1,3766,3834,7801,1000,1540,0,0,0,""
271877,DATA,177.0,-2.1,3906,3827,8399,1000,1540,0,0,0,""
272377,DATA,176.7,0.0,3899,3876,7200,1000,1540,0,0,0,""
272877,DATA,176.5,2.1,3872,3874,3000,1000,1540,0,0,0,""
273377,DATA,176.3,0.0,3887,3878,4200,1000,1540,0,0,0,""
273877,DATA,176.0,0.0,3895,3885,6000,1000,1540,0,0,0,""
274377,DATA,175.8,-2.1,3893,3890,7201,1000,1540,0,0,0,""
274877,DATA,175.5,0.0,3940,3895,5401,1000,1540,0,0,0,""
275377,DATA,175.3,0.0,3915,3912,6000,1000,1540,0,0,0,""
275877,DATA,175.0,0.0,3872,3892,4800,1000,1540,0,0,0,""
276377,DATA,174.8,-2.1,3859,3874,2400,1000,1540,0,0,0,""
276877,DATA,174.5,0.0,3889,3877,7200,1000,1540,0,0,0,""
277377,DATA,174.3,0.0,3916,3889,6001,1000,1540,0,0,0,""
277877,DATA,174.0,0.0,3948,3916,4200,1000,1540,0,0,0,""
278377,DATA,173.5,-2.1,3970,3937,6600,1000,1540,0,0,0,""
278877,DATA,173.3,-2.1,3989,3959,2400,1000,1540,0,0,0,""
279377,DATA,173.0,0.0,3996,3976,6000,1000,1540,0,0,0,""
279877,DATA,172.8,0.0,4000,3986,5400,1000,1540,0,0,0,""
280377,DATA,172.3,-2.1,3965,3989,6599,1000,1540,0,0,0,""
280877,DATA,172.3,0.0,3964,3973,5400,1000,1540,0,0,0,""
281377,DATA,171.8,0.0,3913,3950,4801,1000,1540,0,0,0,""
281877,DATA,171.5,0.0,3927,3927,6600,1000,1540,0,0,0,""
282377,DATA,171.0,-2.1,4017,3968,6000,1000,1540,0,0,0,""
282877,DATA,170.8,0.0,3923,3959,6601,1000,1540,0,0,0,""
283377,DATA,170.3,-2.1,3919,3940,3600,1000,1540,0,0,0,""
283877,DATA,170.0,0.0,3984,3939,7801,1000,1540,0,0,0,""
284377,DATA,169.8,0.0,4135,4003,7200,1000,1540,0,0,0,""
284877,DATA,169.5,0.0,4049,4039,3000,1000,1540,0,0,0,""
285377,DATA,169.0,0.0,3890,3993,5399,1000,1540,0,0,0,""
285877,DATA,168.5,0.0,3902,3946,8400,1000,1540,0,0,0,""
286377,DATA,168.0,-2.1,3886,3926,3000,1000,1540,0,0,0,""
286877,DATA,167.8,-2.1,3952,3929,4800,1000,1540,0,0,0,""
287377,DATA,167.3,-2.1,4006,3953,5399,1000,1540,0,0,0,""
287877,DATA,167.0,0.0,3902,3938,6600,1000,1540,0,0,0,""
288377,DATA,166.5,0.0,3887,3916,3000,1000,1540,0,0,0,""
288877,DATA,166.0,-2.1,4071,3949,6000,1000,1540,0,0,0,""
289377,DATA,165.8,0.0,4083,4017,11400,1000,1540,0,0,0,""
289877,DATA,165.3,-2.1,4032,4032,9600,1000,1540,0,0,0,""
290377,DATA,164.8,0.0,3905,3987,9000,1000,1540,0,0,0,""
290877,DATA,164.5,0.0,4044,3979,5400,1000,1540,0,0,0,""
291377,DATA,164.0,0.0,4023,3998,9001,1000,1540,0,0,0,""
291877,DATA,163.5,0.0,4152,4045,7800,1000,1540,0,0,0,""
292377,DATA,163.0,-2.1,4364,4176,1200,1000,1540,0,0,0,""
292877,DATA,162.8,0.0,4325,4236,6600,1000,1540,0,0,0,""
293377,DATA,162.3,-2.1,4294,4273,5400,1000,1540,0,0,0,""
293877,DATA,162.0,0.0,4082,4203,6600,1000,1540,0,0,0,""
294041,EVENT,161.8,0.0,4090,4177,4115,1000,1540,0,0,0,"STARTER 1560"
294377,DATA,161.5,0.0,4107,4153,4499,1000,1549,0,0,0,""
294877,DATA,161.0,0.0,4192,4157,7801,1000,1558,0,0,0,""
295377,DATA,160.5,-2.1,4247,4192,7800,1000,1560,0,0,0,""
295877,DATA,160.3,-2.1,4374,4224,7800,1000,1560,0,0,0,""
296012,EVENT,160.3,0.0,4492,4256,4800,1000,1560,0,0,0,"STARTER 1540"
296377,DATA,159.8,0.0,4410,4334,3500,1000,1550,0,0,0,""
296877,DATA,159.5,0.0,4269,4325,5400,1000,1542,0,0,0,""
297377,DATA,159.0,0.0,4157,4268,4200,1000,1540,0,0,0,""
297877,DATA,158.5,0.0,4086,4188,5400,1000,1540,0,0,0,""
298377,DATA,158.0,0.0,4067,4134,12599,1000,1540,0,0,0,""
298877,DATA,157.5,-2.1,4076,4105,4799,1000,1540,0,0,0,""
299377,DATA,157.3,0.0,4038,4081,53401,1000,1540,0,0,0,""
299877,DATA,156.8,-2.1,4065,4070,13800,1000,1540,0,0,0,""
300377,DATA,156.3,-2.1,4052,4064,2400,1000,1540,0,0,0,""
300877,DATA,156.0,0.0,4041,4055,4800,1000,1540,0,0,0,""
301377,DATA,155.5,0.0,4036,4047,4800,1000,1540,0,0,0,""
301877,DATA,155.0,-2.1,4034,4041,6000,1000,1540,0,0,0,""
302377,DATA,154.5,0.0,4033,4037,5999,1000,1540,0,0,0,""
302877,DATA,154.0,0.0,4033,4035,4800,1000,1540,0,0,0,""
303377,DATA,153.5,-2.1,4032,4034,4800,1000,1540,0,0,0,""
303877,DATA,153.0,-2.1,4020,4029,30000,1000,1540,0,0,0,""
304377,DATA,152.8,0.0,4013,4022,71404,1000,1540,0,0,0,""
304877,DATA,152.0,0.0,3976,4013,4799,1000,1540,0,0,0,""
305377,DATA,151.5,0.0,3938,3980,5999,1000,1540,0,0,0,""
305877,DATA,151.0,-2.1,3941,3961,2400,1000,1540,0,0,0,""
306377,DATA,150.8,0.0,3945,3953,7800,1000,1540,0,0,0,""
306877,DATA,150.3,-2.1,3850,3917,2400,1000,1540,0,0,0,""
307377,DATA,150.0,0.0,3878,3893,1800,1000,1540,0,0,0,""
307877,DATA,149.3,-2.1,3903,3894,4800,1000,1540,0,0,0,""
308377,DATA,148.8,-2.1,3862,3892,7199,1000,1540,0,0,0,""
308877,DATA,148.3,-2.1,3812,3854,19800,1000,1540,0,0,0,""
309377,DATA,147.8,-2.1,3788,3825,12599,1000,1540,0,0,0,""
309877,DATA,147.5,0.0,3866,3823,12000,1000,1540,0,0,0,""
310377,DATA,147.0,-2.1,3973,3885,9600,1000,1540,0,0,0,""
310877,DATA,146.5,0.0,3959,3922,6600,1000,1540,0,0,0,""
311377,DATA,146.0,0.0,3948,3936,8400,1000,1540,0,0,0,""
311877,DATA,145.5,-2.1,3944,3940,10800,1000,1540,0,0,0,""
312377,DATA,145.3,0.0,3942,3941,11401,1000,1540,0,0,0,""
312877,DATA,144.8,0.0,3941,3941,3000,1000,1540,0,0,0,""
313377,DATA,144.3,-2.1,3941,3941,10201,1000,1540,0,0,0,""
313877,DATA,143.8,-2.1,3941,3941,7199,1000,1540,0,0,0,""
314377,DATA,143.3,0.0,3941,3941,4800,1000,1540,0,0,0,""
314877,DATA,142.8,0.0,3941,3941,7799,1000,1540,0,0,0,""
315377,DATA,142.3,0.0,3941,3941,10199,1000,1540,0,0,0,""
315877,DATA,142.0,0.0,3941,3941,16201,1000,1540,0,0,0,""
316377,DATA,141.5,0.0,3941,3941,10199,1000,1540,0,0,0,""
316877,DATA,141.0,-2.1,3902,3929,7200,1000,1540,0,0,0,""
317377,DATA,140.8,0.0,3919,3920,14401,1000,1540,0,0,0,""
317877,DATA,140.3,0.0,4062,3966,16199,1000,1540,0,0,0,""
318377,DATA,139.8,0.0,4017,3991,12000,1000,1540,0,0,0,""
318877,DATA,139.3,0.0,3985,3985,8401,1000,1540,0,0,0,""
319377,DATA,139.0,0.0,3980,3977,10799,1000,1540,0,0,0,""
319877,DATA,138.5,-2.1,4021,3992,11401,1000,1540,0,0,0,""
320377,DATA,138.0,-2.1,4041,4012,12001,1000,1540,0,0,0,""
320877,DATA,137.5,0.0,4049,4028,6600,1000,1540,0,0,0,""
321377,DATA,137.0,-2.1,4081,4042,11399,1000,1540,0,0,0,""
321877,DATA,136.8,0.0,4158,4085,13800,1000,1540,0,0,0,""
322377,DATA,136.3,0.0,4263,4150,13801,1000,1540,0,0,0,""
322877,DATA,135.8,-2.1,4502,4287,16800,1000,1540,0,0,0,""
323377,DATA,135.3,-2.1,4366,4357,12601,1000,1540,0,0,0,""
323877,DATA,134.8,-2.1,4089,4273,12000,1000,1540,0,0,0,""
324377,DATA,134.3,0.0,4052,4175,14399,1000,1540,0,0,0,""
324877,DATA,133.8,-2.1,4131,4139,19797,1000,1540,0,0,0,""
325377,DATA,133.3,-2.1,4021,4095,10799,1000,1540,0,0,0,""
325877,DATA,133.0,0.0,4028,4066,8401,1000,1540,0,0,0,""
326377,DATA,132.5,-2.1,3941,4007,6600,1000,1540,0,0,0,""
326877,DATA,132.0,0.0,3920,3974,7199,1000,1540,0,0,0,""
327377,DATA,131.3,-2.1,3860,3936,10200,1000,1540,0,0,0,""
327877,DATA,130.8,-2.1,3789,3875,10200,1000,1540,0,0,0,""
328377,DATA,130.3,-2.1,3752,3825,3600,1000,1540,0,0,0,""
328877,DATA,130.0,0.0,3714,3779,4800,1000,1540,0,0,0,""
329377,DATA,129.5,-2.1,3671,3735,5400,1000,1540,0,0,0,""
329877,DATA,129.0,0.0,3627,3691,3600,1000,1540,0,0,0,""
330377,DATA,128.5,0.0,3504,3623,6600,1000,1540,0,0,0,""
330877,DATA,128.0,0.0,3451,3548,5400,1000,1540,0,0,0,""
331377,DATA,127.5,0.0,3435,3497,7799,1000,1540,0,0,0,""
331877,DATA,127.0,-2.1,3451,3471,10201,1000,1540,0,0,0,""
332377,DATA,126.5,-2.1,3471,3468,8401,1000,1540,0,0,0,""
332877,DATA,126.2,0.0,3481,3473,5400,1000,1540,0,0,0,""
333377,DATA,125.5,-2.1,3508,3485,3600,1000,1540,0,0,0,""
333877,DATA,125.0,0.0,3534,3504,10201,1000,1540,0,0,0,""
334377,DATA,124.2,-2.1,3573,3530,7201,1000,1540,0,0,0,""
334877,DATA,124.0,0.0,3618,3564,11401,1000,1540,0,0,0,""
335377,DATA,123.5,0.0,3642,3598,6000,1000,1540,0,0,0,""
335877,DATA,123.0,-2.1,3664,3625,8999,1000,1540,0,0,0,""
336377,DATA,122.5,0.0,3722,3658,10801,1000,1540,0,0,0,""
336877,DATA,121.7,-2.1,3782,3705,7800,1000,1540,0,0,0,""
337377,DATA,121.5,-2.1,3771,3738,3600,1000,1540,0,0,0,""
337877,DATA,121.0,-2.1,3784,3757,8400,1000,1540,0,0,0,""
338377,DATA,120.5,-2.1,3823,3780,12000,1000,1540,0,0,0,""
338877,DATA,120.3,0.0,3851,3810,9000,1000,1540,0,0,0,""
339377,DATA,119.5,-2.1,3878,3838,7800,1000,1540,0,0,0,""
339877,DATA,119.0,0.0,3941,3874,12600,1000,1540,0,0,0,""
340377,DATA,118.5,0.0,3970,3912,13800,1000,1540,0,0,0,""
340877,DATA,118.0,-2.1,4015,3950,9600,1000,1540,0,0,0,""
341377,DATA,117.7,0.0,3983,3972,13800,1000,1540,0,0,0,""
341877,DATA,117.3,-2.1,4120,4003,9600,1000,1540,0,0,0,""
342377,DATA,117.0,0.0,4112,4066,13201,1000,1540,0,0,0,""
342877,DATA,116.5,0.0,4122,4085,13800,1000,1540,0,0,0,""
343377,DATA,116.0,0.0,4179,4123,13800,1000,1540,0,0,0,""
343877,DATA,115.5,0.0,4245,4162,5400,1000,1540,0,0,0,""
344377,DATA,115.0,0.0,4374,4241,11401,1000,1540,0,0,0,""
344877,DATA,114.7,-2.1,4341,4288,15001,1000,1540,0,0,0,""
345377,DATA,114.3,-2.1,4383,4347,4800,1000,1540,0,0,0,""
345877,DATA,113.7,-2.1,4304,4335,10200,1000,1540,0,0,0,""
346377,DATA,113.5,0.0,4422,4354,7801,1000,1540,0,0,0,""
346877,DATA,113.0,0.0,4413,4401,16799,1000,1540,0,0,0,""
347377,DATA,112.5,0.0,4238,4337,19200,1000,1540,0,0,0,""
347877,DATA,112.0,-2.1,4354,4330,21000,1000,1540,0,0,0,""
348377,DATA,111.7,0.0,4422,4353,13799,1000,1540,0,0,0,""
348877,DATA,111.2,0.0,4357,4383,19800,1000,1540,0,0,0,""
349377,DATA,110.7,0.0,4374,4377,10800,1000,1540,0,0,0,""
349877,DATA,110.2,-2.1,4195,4319,13200,1000,1540,0,0,0,""
350377,DATA,110.0,-2.1,4099,4228,3600,1000,1540,0,0,0,""
350877,DATA,109.5,-2.1,4111,4165,16200,1000,1540,0,0,0,""
351377,DATA,109.2,-2.1,4238,4180,11401,1000,1540,0,0,0,""
351877,DATA,108.8,-2.1,4164,4187,4200,1000,1540,0,0,0,""
352377,DATA,108.2,0.0,4106,4156,10201,1000,1540,0,0,0,""
352877,DATA,108.0,0.0,4086,4125,10801,1000,1540,0,0,0,""
353377,DATA,107.5,0.0,4097,4109,5400,1000,1540,0,0,0,""
353877,DATA,107.2,0.0,4116,4110,6600,1000,1540,0,0,0,""
354377,DATA,106.8,-2.1,4110,4112,9000,1000,1540,0,0,0,""
354877,DATA,106.5,0.0,4107,4110,6000,1000,1540,0,0,0,""
355377,DATA,106.0,0.0,4119,4112,13199,1000,1540,0,0,0,""
355877,DATA,105.5,-2.1,4299,4161,10800,1000,1540,0,0,0,""
356377,DATA,105.2,0.0,4416,4275,17399,1000,1540,0,0,0,""
356877,DATA,104.8,-2.1,4396,4342,11999,1000,1540,0,0,0,""
357377,DATA,104.2,-2.1,4092,4269,10200,1000,1540,0,0,0,""
357877,DATA,104.0,-2.1,4031,4161,10199,1000,1540,0,0,0,""
358377,DATA,103.8,0.0,4154,4133,15599,1000,1540,0,0,0,""
358877,DATA,103.2,0.0,4214,4167,15601,1000,1540,0,0,0,""
359377,DATA,103.0,-2.1,4224,4191,20997,1000,1540,0,0,0,""
359877,DATA,102.5,-2.1,4243,4213,12601,1000,1540,0,0,0,""
360377,DATA,102.0,0.0,4236,4224,17399,1000,1540,0,0,0,""
360877,DATA,101.8,-2.1,4207,4223,14401,1000,1540,0,0,0,""
361377,DATA,101.5,0.0,4277,4243,15001,1000,1540,0,0,0,""
361877,DATA,101.0,0.0,4269,4256,11399,1000,1540,0,0,0,""
362377,DATA,100.8,0.0,4299,4271,12000,1000,1540,0,0,0,""
362877,DATA,100.5,0.0,4434,4329,6000,1000,1540,0,0,0,""
363377,DATA,100.0,0.0,4400,4376,10799,1000,1540,0,0,0,""
363877,DATA,99.8,0.0,4226,4329,10799,1000,1540,0,0,0,""
364377,DATA,99.2,-2.1,4194,4265,18000,1000,1540,0,0,0,""
364877,DATA,98.7,-2.1,4383,4280,18599,1000,1540,0,0,0,""
365377,DATA,98.5,0.0,4616,4393,16199,1000,1540,0,0,0,""
365877,DATA,98.3,0.0,4591,4490,16798,1000,1540,0,0,0,""
366377,DATA,98.0,2.1,4593,4552,17400,1000,1540,0,0,0,""
366877,DATA,97.5,-2.1,4633,4572,10801,1000,1540,0,0,0,""
367377,DATA,97.3,0.0,4595,4588,18598,1000,1540,0,0,0,""
367877,DATA,97.0,0.0,4533,4574,11400,1000,1540,0,0,0,""
368377,DATA,96.5,2.1,4668,4577,22200,1000,1540,0,0,0,""
368877,DATA,96.0,-2.1,4983,4717,15000,1000,1540,0,0,0,""
369377,DATA,95.8,0.0,4829,4805,11399,1000,1540,0,0,0,""
369877,DATA,95.5,0.0,4622,4750,11401,1000,1540,0,0,0,""
370377,DATA,95.0,-2.1,4511,4652,10801,1000,1540,0,0,0,""
370877,DATA,94.8,0.0,4477,4573,8399,1000,1540,0,0,0,""
371377,DATA,94.2,0.0,4474,4526,8400,1000,1540,0,0,0,""
371877,DATA,94.0,0.0,4474,4500,9000,1000,1540,0,0,0,""
372377,DATA,93.5,-2.1,4493,4494,9600,1000,1540,0,0,0,""
372877,DATA,93.3,-2.1,4537,4503,11399,1000,1540,0,0,0,""
373377,DATA,93.0,-2.1,4653,4546,9601,1000,1540,0,0,0,""
373877,DATA,92.7,0.0,4679,4610,13800,1000,1540,0,0,0,""
374377,DATA,92.3,-2.1,4827,4674,15000,1000,1540,0,0,0,""
374877,DATA,91.7,0.0,4770,4733,11400,1000,1540,0,0,0,""
375377,DATA,91.7,2.1,4684,4720,15000,1000,1540,0,0,0,""
375877,DATA,91.2,0.0,4654,4695,10801,1000,1540,0,0,0,""
376377,DATA,91.0,0.0,4632,4669,7801,1000,1540,0,0,0,""
376877,DATA,90.8,0.0,4627,4649,7800,1000,1540,0,0,0,""
377377,DATA,90.5,0.0,4634,4640,7199,1000,1540,0,0,0,""
377877,DATA,90.0,0.0,4645,4641,9601,1000,1540,0,0,0,""
378377,DATA,89.8,0.0,4662,4648,12000,1000,1540,0,0,0,""
378877,DATA,89.5,0.0,4670,4660,10799,1000,1540,0,0,0,""
379377,DATA,89.0,-2.1,4662,4661,12600,1000,1540,0,0,0,""
379877,DATA,88.7,0.0,4715,4677,8400,1000,1540,0,0,0,""
380377,DATA,88.5,0.0,4706,4693,12000,1000,1540,0,0,0,""
380877,DATA,88.0,0.0,4682,4692,10200,1000,1540,0,0,0,""
381377,DATA,87.7,0.0,4682,4689,9001,1000,1540,0,0,0,""
381877,DATA,87.5,0.0,4875,4723,11401,1000,1540,0,0,0,""
382377,DATA,87.3,0.0,5055,4873,11400,1000,1540,0,0,0,""
382387,EVENT,87.3,0.0,5055,4873,11400,1000,1540,0,0,0,"STARTER 1520"
382877,DATA,86.7,-2.1,4892,4909,6501,1000,1527,0,0,0,""
383377,DATA,86.5,-2.1,4617,4799,18600,1000,1520,0,0,0,""
383408,EVENT,86.5,-2.1,4617,4799,18600,1000,1520,0,0,0,"STARTER 1500"
383877,DATA,86.2,-2.1,4727,4773,3500,1000,1508,0,0,0,""
384210,EVENT,86.2,0.0,4545,4702,15001,1000,1502,0,0,0,"STARTER 1480"
384377,DATA,86.2,0.0,4478,4675,15599,1000,1497,0,0,0,""
384877,DATA,85.8,0.0,4231,4508,2224,1000,1485,0,0,0,""
385110,EVENT,85.5,-2.1,4148,4431,19202,1000,1481,0,0,0,"STARTER 1460"
385397,DATA,85.5,0.0,4077,4355,9497,1000,1473,0,0,0,""
385868,EVENT,85.2,0.0,3986,4192,9001,1000,1463,0,0,0,"STARTER 1440"
385897,DATA,85.2,0.0,3986,4192,9001,1000,1462,0,0,0,""
386397,DATA,85.0,0.0,3961,4102,1500,1000,1448,0,0,0,""
386897,DATA,84.5,-2.1,3927,4025,13201,1000,1440,0,0,0,""
387397,DATA,84.2,-2.1,4299,4086,10199,1000,1440,0,0,0,""
387897,DATA,84.0,0.0,4514,4260,9601,1000,1440,0,0,0,""
388397,DATA,83.7,0.0,4746,4450,16200,1000,1440,0,0,0,""
388897,DATA,83.5,0.0,5130,4708,13799,1000,1440,0,0,0,""
389098,EVENT,83.3,-2.1,5187,4817,12600,1000,1440,0,0,0,"STARTER 1420"
389417,DATA,83.3,0.0,4990,4903,7732,1000,1431,0,0,0,""
389917,DATA,83.0,0.0,4463,4776,22799,1000,1422,0,0,0,""
389981,EVENT,83.0,0.0,4396,4731,20999,1000,1421,0,0,0,"STARTER 1400"
390437,DATA,82.7,0.0,4340,4607,1818,1000,1409,0,0,0,""
390937,DATA,82.5,0.0,4349,4486,10200,1000,1400,0,0,0,""
391437,DATA,82.0,-2.1,4472,4433,9000,1000,1400,0,0,0,""
391937,DATA,82.0,0.0,4386,4440,5999,1000,1400,0,0,0,""
392437,DATA,81.7,0.0,4050,4305,2400,1000,1400,0,0,0,""
392937,DATA,81.2,-2.1,4057,4181,6600,1000,1400,0,0,0,""
393437,DATA,81.0,-2.1,4026,4122,8400,1000,1400,0,0,0,""
393937,DATA,81.0,0.0,4047,4086,7200,1000,1400,0,0,0,""
394437,DATA,80.8,0.0,4002,4049,7800,1000,1400,0,0,0,""
394937,DATA,80.5,0.0,3919,4011,5400,1000,1400,0,0,0,""
395437,DATA,80.2,-2.1,3851,3931,7201,1000,1400,0,0,0,""
395937,DATA,80.0,0.0,3908,3909,6001,1000,1400,0,0,0,""
396437,DATA,79.7,0.0,3942,3935,6000,1000,1400,0,0,0,""
396937,DATA,79.5,-2.0,3927,3927,4200,1000,1400,0,0,0,""
397437,DATA,79.2,0.0,4095,3960,4200,1000,1400,0,0,0,""
397937,DATA,79.2,0.0,4168,4039,4801,1000,1400,0,0,0,""
398437,DATA,79.0,0.0,3093,3818,157803,1000,1400,0,0,0,""
398937,DATA,78.7,0.0,2809,3298,3000,1000,1400,0,0,0,""
399437,DATA,78.5,0.0,3447,3269,4799,1000,1400,0,0,0,""
399937,DATA,78.3,-2.0,3796,3470,5401,1000,1400,0,0,0,""
400437,DATA,78.0,0.0,3938,3672,6000,1000,1400,0,0,0,""
400937,DATA,78.0,0.0,3974,3814,5400,1000,1400,0,0,0,""
401437,DATA,77.7,2.1,3919,3871,4801,1000,1400,0,0,0,""
401937,DATA,77.5,0.0,3859,3874,7199,1000,1400,0,0,0,""
402437,DATA,77.2,0.0,3864,3864,4200,1000,1400,0,0,0,""
402937,DATA,77.0,-2.0,3897,3875,5400,1000,1400,0,0,0,""
403437,DATA,77.0,2.1,3809,3856,6000,1000,1400,0,0,0,""
403937,DATA,76.5,2.1,3801,3828,6000,1000,1400,0,0,0,""
404437,DATA,76.5,0.0,3812,3820,7798,1000,1400,0,0,0,""
404937,DATA,76.2,0.0,3866,3818,5938,1000,1400,0,0,0,""
405937,DATA,75.2,-2.0,4241,4070,8825,1000,1400,0,0,0,""
406437,DATA,75.5,-2.1,4019,4088,5878,1000,1400,0,0,0,""
406937,DATA,75.2,0.0,4021,4037,1783,1000,1400,0,0,0,""
407437,DATA,75.0,-2.1,4056,4049,3530,1000,1400,0,0,0,""
407937,DATA,74.7,0.0,3980,4033,4703,1000,1400,0,0,0,""
408437,DATA,74.7,0.0,3966,3985,4156,1000,1400,0,0,0,""
408937,DATA,74.5,0.0,3986,3988,5344,1000,1400,0,0,0,""
409437,DATA,74.2,0.0,3969,3977,6533,1000,1400,0,0,0,""
409937,DATA,74.0,-2.1,3928,3963,6531,1000,1400,0,0,0,""
410437,DATA,73.7,0.0,3923,3943,48091,1000,1400,0,0,0,""
410937,DATA,73.5,-2.1,3965,3952,4160,1000,1400,0,0,0,""
411437,DATA,73.3,-2.1,3946,3952,8236,1000,1400,0,0,0,""
411937,DATA,73.3,0.0,3966,3950,1765,1000,1400,0,0,0,""
412437,DATA,73.0,0.0,3976,3964,3530,1000,1400,0,0,0,""
412937,DATA,72.7,-2.1,3999,3972,101697,1000,1400,0,0,0,""
413437,DATA,72.5,0.0,3990,3984,4156,1000,1400,0,0,0,""
413937,DATA,72.2,-2.1,3983,3980,4753,1000,1400,0,0,0,""
414437,DATA,72.2,0.0,4006,3985,35297,1000,1400,0,0,0,""
414937,DATA,72.0,0.0,3555,3843,4118,1000,1400,0,0,0,""
415437,DATA,71.7,-2.1,3836,3772,65830,1000,1400,0,0,0,""
415937,DATA,71.7,0.0,2784,3422,5942,1000,1400,0,0,0,""
416437,DATA,71.5,0.0,3355,3285,32357,1000,1400,0,0,0,""
416937,DATA,71.2,0.0,3206,3380,121804,1000,1400,0,0,0,""
417437,DATA,71.0,0.0,1497,2752,38827,1000,1400,0,0,0,""
417937,DATA,70.8,-2.0,2605,2447,51746,1000,1400,0,0,0,""
418437,DATA,70.8,0.0,2729,2579,60602,1000,1400,0,0,0,""
418937,DATA,70.5,-2.1,2233,2430,23517,1000,1400,0,0,0,""
419437,DATA,70.2,0.0,1791,2303,177072,1000,1400,0,0,0,""
419937,DATA,70.2,0.0,1170,1804,110606,1000,1400,0,0,0,""
420437,DATA,70.0,0.0,617,1338,179282,1000,1400,0,0,0,""
420937,DATA,70.0,2.0,250,875,178761,1000,1400,0,0,0,""
421437,DATA,69.7,0.0,532,646,82542,1000,1400,0,0,0,""
421937,DATA,69.5,0.0,308,529,154387,1000,1400,0,0,0,""
422437,DATA,69.2,0.0,127,364,122917,1000,1400,0,0,0,""
422937,DATA,69.2,0.0, 0, 0,160345,1000,1400,0,0,0,""
423437,DATA,69.0,0.0, 0, 0,49290,1000,1400,0,0,0,""
423937,DATA,68.7,0.0,4919,4954,79015,1000,1400,0,0,0,""
424437,DATA,68.5,-2.1,2655,4265,128723,1000,1400,0,0,0,""
424937,DATA,68.5,0.0,1081,2979,127145,1000,1400,0,0,0,""
425437,DATA,68.3,2.1,412,1856,180496,1000,1400,0,0,0,""
425937,DATA,68.0,0.0,154,1086,156143,1000,1400,0,0,0,""
426437,DATA,68.0,2.1,335,646,16032,1000,1400,0,0,0,""
426937,DATA,67.7,0.0,1090,779,41594,1000,1400,0,0,0,""
427437,DATA,67.5,0.0,755,854,87611,1000,1400,0,0,0,""
427937,DATA,67.2,-2.1,768,826,179326,1000,1400,0,0,0,""
428437,DATA,67.2,0.0,364,670,122976,1000,1400,0,0,0,""
428937,DATA,67.0,-2.1,144,452,178750,1000,1400,0,0,0,""
429437,DATA,67.0,0.0,739,387,36815,1000,1400,0,0,0,""
429937,DATA,66.7,0.0,2752,1193,3562,1000,1400,0,0,0,""
430437,DATA,66.5,-2.1,3619,2310,177480,1000,1400,0,0,0,""
430937,DATA,66.5,2.1,1837,2380,131920,1000,1400,0,0,0,""
431437,DATA,66.2,0.0,738,1755,162829,1000,1400,0,0,0,""
431937,DATA,66.0,-2.1,280,1120,177510,1000,1400,0,0,0,""
432437,DATA,66.0,0.0,105,663,155079,1000,1400,0,0,0,""
432937,DATA,65.8,0.0, 0, 0,179354,1000,1400,0,0,0,""
433437,DATA,65.8,0.0, 0, 0,131242,1000,1400,0,0,0,""
433937,DATA,65.5,0.0, 0, 0,179360,1000,1400,0,0,0,""
434437,DATA,65.5,2.1, 0, 0,180537,1000,1400,0,0,0,""
434937,DATA,65.2,0.0, 0, 0,175781,1000,1400,0,0,0,""
435437,DATA,65.0,0.0, 0, 0,179931,1000,1400,0,0,0,""
435937,DATA,65.0,0.0, 0, 0,179324,1000,1400,0,0,0,""
436437,DATA,64.7,0.0, 0, 0,174574,1000,1400,0,0,0,""
436937,DATA,64.5,-2.1, 0, 0,156191,1000,1400,0,0,0,""
437437,DATA,64.5,0.0, 0, 0,179943,1000,1400,0,0,0,""
437937,DATA,64.2,0.0, 0, 0,178745,1000,1400,0,0,0,""
438437,DATA,64.2,0.0, 0, 0,181122,1000,1400,0,0,0,""
438937,DATA,64.2,0.0, 0, 0,178769,1000,1400,0,0,0,""
439437,DATA,64.0,0.0, 0, 0,155570,1000,1400,0,0,0,""
439937,DATA,64.0,0.0, 0, 0,122941,1000,1400,0,0,0,""
440437,DATA,63.7,0.0,3289,4197,180005,1000,1400,0,0,0,""
440937,DATA,63.5,-2.1,1433,3161,179299,1000,1400,0,0,0,""
441437,DATA,63.5,0.0,556,2048,138441,1000,1400,0,0,0,""
441937,DATA,63.3,0.0,209,1225,102300,1000,1400,0,0,0,""
442437,DATA,63.3,0.0,78,701,169247,1000,1400,0,0,0,""
442496,EVENT,63.3,0.0,78,701,169247,1000,1400,0,0,0,"STARTER OFF"
442957,DATA,63.0,-2.1,608,567,2000,1000,1173,0,0,0,""
443477,DATA,62.7,-2.1,938,685,1500,1000,1013,0,0,0,""
443977,DATA,63.0,-2.1,1206,907,181198,1000,1000,0,0,0,""
444477,DATA,63.0,0.0,627,872,183007,1000,1000,0,0,0,""
444977,DATA,63.0,2.1,253,631,181782,1000,1000,0,0,0,""
445477,DATA,62.7,0.0, 0, 0,182413,1000,1000,0,0,0,""
445977,DATA,62.7,0.0, 0, 0,180596,1000,1000,0,0,0,""
446477,DATA,62.7,0.0, 0, 0,182422,1000,1000,0,0,0,""
446977,DATA,62.7,0.0, 0, 0,181204,1000,1000,0,0,0,""
447477,DATA,62.7,0.0, 0, 0,183004,1000,1000,0,0,0,""
447977,DATA,62.7,0.0, 0, 0,181204,1000,1000,0,0,0,""
448477,DATA,62.7,0.0, 0, 0,182995,1000,1000,0,0,0,""
448977,DATA,62.7,0.0, 0, 0,181205,1000,1000,0,0,0,""
449477,DATA,62.7,0.0, 0, 0,183002,1000,1000,0,0,0,""
449977,DATA,63.0,2.1, 0, 0,178796,1000,1000,0,0,0,""
450477,DATA,63.0,0.0, 0, 0,109193,1000,1000,0,0,0,""
450977,DATA,63.0,0.0, 0, 0,181773,1000,1000,0,0,0,""
451477,DATA,63.0,0.0, 0, 0,182993,1000,1000,0,0,0,""
451977,DATA,63.0,0.0, 0, 0,181184,1000,1000,0,0,0,""
452477,DATA,63.0,0.0, 0, 0,182413,1000,1000,0,0,0,""
452977,DATA,63.3,0.0, 0, 0,181782,1000,1000,0,0,0,""
453477,DATA,63.3,0.0, 0, 0,182396,1000,1000,0,0,0,""
453977,DATA,63.3,0.0, 0, 0,180605,1000,1000,0,0,0,""
454477,DATA,63.5,2.1, 0, 0,182991,1000,1000,0,0,0,""
454977,DATA,63.3,0.0, 0, 0,181186,1000,1000,0,0,0,""
455477,DATA,63.5,0.0, 0, 0,182404,1000,1000,0,0,0,""
455977,DATA,63.5,0.0, 0, 0,180622,1000,1000,0,0,0,""
456477,DATA,63.5,0.0, 0, 0,182387,1000,1000,0,0,0,""
456977,DATA,63.5,0.0, 0, 0,181202,1000,1000,0,0,0,""
457477,DATA,63.5,0.0, 0, 0,182991,1000,1000,0,0,0,""
457977,DATA,63.5,0.0, 0, 0,180600,1000,1000,0,0,0,""
458477,DATA,63.5,0.0, 0, 0,183005,1000,1000,0,0,0,""
458977,DATA,63.5,0.0, 0, 0,181207,1000,1000,0,0,0,""
459477,DATA,63.5,0.0, 0, 0,162611,1000,1000,0,0,0,""
459977,DATA,63.5,0.0, 0, 0,61198,1000,1000,0,0,0,""
460477,DATA,63.5,0.0, 0, 0,182400,1000,1000,0,0,0,""
460977,DATA,63.5,0.0, 0, 0,166793,1000,1000,0,0,0,""
461477,DATA,63.5,0.0, 0, 0, 0,1000,1000,0,0,0,""
461977,DATA,63.5,0.0, 0, 0, 0,1000,1000,0,0,0,""
462477,DATA,63.5,0.0, 0, 0, 0,1000,1000,0,0,0,""
462977,DATA,63.5,0.0, 0, 0,600,1000,1000,0,0,0,""
463477,DATA,63.5,0.0, 0, 0,1800,1000,1000,0,0,0,""
463977,DATA,63.3,-2.1, 0, 0,3000,1000,1000,0,0,0,""
464477,DATA,63.3,0.0, 0, 0,6000,1000,1000,0,0,0,""
464977,DATA,63.3,0.0, 0, 0,3000,1000,1000,0,0,0,""
465477,DATA,63.3,0.0, 0, 0,4200,1000,1000,0,0,0,""
465977,DATA,63.3,0.0, 0, 0,1800,1000,1000,0,0,0,""
466477,DATA,63.3,0.0, 0, 0,2400,1000,1000,0,0,0,""
466977,DATA,63.3,2.1, 0, 0,4800,1000,1000,0,0,0,""
467477,DATA,63.0,0.0, 0, 0, 0,1000,1000,0,0,0,""
467977,DATA,63.0,-2.1, 0, 0,180611,1000,1000,0,0,0,""
468477,DATA,63.0,0.0, 0, 0,161397,1000,1000,0,0,0,""
468977,DATA,63.0,0.0, 0, 0,181787,1000,1000,0,0,0,""
469477,DATA,63.0,0.0, 0, 0,182995,1000,1000,0,0,0,""
469977,DATA,63.0,0.0, 0, 0,181784,1000,1000,0,0,0,""
470477,DATA,62.7,0.0, 0, 0, 0,1000,1000,0,0,0,""
470977,DATA,62.7,0.0, 0, 0, 0,1000,1000,0,0,0,""
471477,DATA,62.7,0.0, 0, 0,6599,1000,1000,0,0,0,""
471977,DATA,62.7,0.0, 0, 0,6600,1000,1000,0,0,0,""
472477,DATA,62.7,0.0, 0, 0, 0,1000,1000,0,0,0,""
472977,DATA,62.7,0.0, 0, 0,8400,1000,1000,0,0,0,""
473477,DATA,62.7,0.0, 0, 0,4800,1000,1000,0,0,0,""
473977,DATA,62.5,0.0, 0, 0,7200,1000,1000,0,0,0,""
474477,DATA,62.5,0.0, 0, 0, 0,1000,1000,0,0,0,""
474977,DATA,62.5,0.0, 0, 0,180604,1000,1000,0,0,0,""
475477,DATA,62.5,0.0, 0, 0,182395,1000,1000,0,0,0,""
475977,DATA,62.5,0.0, 0, 0,181196,1000,1000,0,0,0,""
476477,DATA,62.2,0.0, 0, 0,182420,1000,1000,0,0,0,""
476977,DATA,62.2,0.0, 0, 0,132001,1000,1000,0,0,0,""
477477,DATA,62.2,0.0, 0, 0,1200,1000,1000,0,0,0,""
477977,DATA,62.2,0.0, 0, 0, 0,1000,1000,0,0,0,""
478477,DATA,62.2,0.0, 0, 0,2400,1000,1000,0,0,0,""
478977,DATA,62.0,0.0, 0, 0,1200,1000,1000,0,0,0,""
479477,DATA,62.0,0.0, 0, 0,2400,1000,1000,0,0,0,""
479977,DATA,62.0,0.0, 0, 0,3000,1000,1000,0,0,0,""
480477,DATA,62.0,0.0, 0, 0, 0,1000,1000,0,0,0,""
480977,DATA,62.0,0.0, 0, 0,2400,1000,1000,0,0,0,""
481477,DATA,62.0,0.0, 0, 0, 0,1000,1000,0,0,0,""
481977,DATA,62.0,0.0, 0, 0, 0,1000,1000,0,0,0,""
482477,DATA,61.7,0.0, 0, 0,1200,1000,1000,0,0,0,""
482977,DATA,61.7,0.0, 0, 0,11999,1000,1000,0,0,0,""
483477,DATA,61.7,0.0, 0, 0,25798,1000,1000,0,0,0,""
483977,DATA,61.7,0.0, 0, 0,21601,1000,1000,0,0,0,""
484477,DATA,61.7,0.0, 0, 0,13198,1000,1000,0,0,0,""
484977,DATA,61.5,-2.1, 0, 0,12001,1000,1000,0,0,0,""
485477,DATA,61.5,0.0, 0, 0,1200,1000,1000,0,0,0,""
485977,DATA,61.5,0.0, 0, 0, 0,1000,1000,0,0,0,""
486477,DATA,61.5,0.0, 0, 0, 0,1000,1000,0,0,0,""
486977,DATA,61.5,0.0, 0, 0,32398,1000,1000,0,0,0,""
487477,DATA,61.5,0.0, 0, 0,44400,1000,1000,0,0,0,""
487977,DATA,61.2,0.0, 0, 0,20401,1000,1000,0,0,0,""
488477,DATA,61.2,0.0, 0, 0,600,1000,1000,0,0,0,""
488977,DATA,61.2,0.0, 0, 0,28800,1000,1000,0,0,0,""
489477,DATA,61.2,0.0, 0, 0,34800,1000,1000,0,0,0,""
489977,DATA,61.2,0.0, 0, 0,32399,1000,1000,0,0,0,""
490477,DATA,61.2,0.0, 0, 0,52198,1000,1000,0,0,0,""
490977,DATA,61.2,0.0, 0, 0,7800,1000,1000,0,0,0,""
491477,DATA,61.0,0.0, 0, 0,37199,1000,1000,0,0,0,""
491977,DATA,61.0,0.0, 0, 0,19802,1000,1000,0,0,0,""
492477,DATA,61.0,0.0, 0, 0,28800,1000,1000,0,0,0,""
492977,DATA,61.0,0.0, 0, 0,4200,1000,1000,0,0,0,""
493477,DATA,61.0,0.0, 0, 0,14399,1000,1000,0,0,0,""
493977,DATA,61.0,2.1, 0, 0,3000,1000,1000,0,0,0,""
494477,DATA,60.5,-2.1, 0, 0,12001,1000,1000,0,0,0,""
494977,DATA,60.5,-2.1, 0, 0,12600,1000,1000,0,0,0,""
495477,DATA,60.8,0.0, 0, 0,13200,1000,1000,0,0,0,""
495977,DATA,60.5,0.0, 0, 0,10201,1000,1000,0,0,0,""
496477,DATA,60.5,0.0, 0, 0,11401,1000,1000,0,0,0,""
496977,DATA,60.5,2.1, 0, 0,3000,1000,1000,0,0,0,""
497477,DATA,60.5,2.1, 0, 0,8401,1000,1000,0,0,0,""
497977,DATA,60.5,0.0, 0, 0,9000,1000,1000,0,0,0,""
498477,DATA,60.5,0.0, 0, 0,6000,1000,1000,0,0,0,""
498977,DATA,60.5,0.0, 0, 0,14400,1000,1000,0,0,0,""
499477,DATA,60.5,2.1, 0, 0,6599,1000,1000,0,0,0,""
499977,DATA,60.2,0.0, 0, 0,4800,1000,1000,0,0,0,""
500477,DATA,60.2,0.0, 0, 0,9600,1000,1000,0,0,0,""
500977,DATA,60.2,0.0, 0, 0,5399,1000,1000,0,0,0,""
501477,DATA,60.2,0.0, 0, 0,1800,1000,1000,0,0,0,""
501977,DATA,60.2,0.0, 0, 0,1200,1000,1000,0,0,0,""
502477,DATA,60.2,0.0, 0, 0,3600,1000,1000,0,0,0,""
502977,DATA,60.0,-2.1, 0, 0,7800,1000,1000,0,0,0,""
503477,DATA,60.0,-2.1, 0, 0,12601,1000,1000,0,0,0,""
503977,DATA,60.0,0.0, 0, 0,20399,1000,1000,0,0,0,""
504477,DATA,60.0,0.0, 0, 0,10200,1000,1000,0,0,0,""
504977,DATA,60.0,0.0, 0, 0,4200,1000,1000,0,0,0,""
505477,DATA,60.0,0.0, 0, 0,39605,1000,1000,0,0,0,""
505977,DATA,60.0,0.0, 0, 0,9599,1000,1000,0,0,0,""
506477,DATA,59.7,0.0, 0, 0,7800,1000,1000,0,0,0,""
506977,DATA,59.7,0.0, 0, 0,6600,1000,1000,0,0,0,""
507477,DATA,59.7,0.0, 0, 0,12598,1000,1000,0,0,0,""
507977,DATA,59.7,0.0, 0, 0,11401,1000,1000,0,0,0,""
508477,DATA,59.7,0.0, 0, 0,8999,1000,1000,0,0,0,""
508977,DATA,59.7,0.0, 0, 0,7200,1000,1000,0,0,0,""
509477,DATA,59.7,2.1, 0, 0,10801,1000,1000,0,0,0,""
509977,DATA,59.7,2.1, 0, 0,10200,1000,1000,0,0,0,""
510477,DATA,59.7,0.0, 0, 0,11998,1000,1000,0,0,0,""
510977,DATA,59.5,0.0, 0, 0,10199,1000,1000,0,0,0,""
511477,DATA,59.5,0.0, 0, 0,19800,1000,1000,0,0,0,""
511977,DATA,59.5,0.0, 0, 0,1200,1000,1000,0,0,0,""
512477,DATA,59.5,0.0, 0, 0,6600,1000,1000,0,0,0,""
512977,DATA,59.5,2.1, 0, 0,4800,1000,1000,0,0,0,""
513477,DATA,59.2,0.0, 0, 0,6000,1000,1000,0,0,0,""
513977,DATA,59.2,0.0, 0, 0,12000,1000,1000,0,0,0,""
514477,DATA,59.2,0.0, 0, 0,6000,1000,1000,0,0,0,""
514977,DATA,59.0,-2.1, 0, 0,9000,1000,1000,0,0,0,""
515477,DATA,59.0,0.0, 0, 0,6000,1000,1000,0,0,0,""
515977,DATA,59.0,0.0, 0, 0,8401,1000,1000,0,0,0,""
516477,DATA,59.0,0.0, 0, 0,11999,1000,1000,0,0,0,""
516977,DATA,59.0,0.0, 0, 0,4200,1000,1000,0,0,0,""
517477,DATA,59.0,0.0, 0, 0,4200,1000,1000,0,0,0,""
517977,DATA,59.0,0.0, 0, 0,4200,1000,1000,0,0,0,""
518477,DATA,59.0,0.0, 0, 0,1200,1000,1000,0,0,0,""
518977,DATA,59.0,0.0, 0, 0,3600,1000,1000,0,0,0,""
519477,DATA,59.0,0.0, 0, 0,4200,1000,1000,0,0,0,""
519977,DATA,58.7,-2.1, 0, 0,1200,1000,1000,0,0,0,""
520477,DATA,58.7,0.0, 0, 0,7800,1000,1000,0,0,0,""
520977,DATA,58.7,0.0, 0, 0,7200,1000,1000,0,0,0,""
521477,DATA,58.7,0.0, 0, 0,10200,1000,1000,0,0,0,""
521977,DATA,58.5,-2.1, 0, 0,4200,1000,1000,0,0,0,""
522477,DATA,58.7,0.0, 0, 0,6000,1000,1000,0,0,0,""
522977,DATA,58.5,0.0, 0, 0,3600,1000,1000,0,0,0,""
523477,DATA,58.7,2.1, 0, 0,6000,1000,1000,0,0,0,""
523977,DATA,58.5,0.0, 0, 0,7801,1000,1000,0,0,0,""
524477,DATA,58.5,0.0, 0, 0,10200,1000,1000,0,0,0,""
524977,DATA,58.5,0.0, 0, 0,6000,1000,1000,0,0,0,""
525477,DATA,58.5,0.0, 0, 0,5400,1000,1000,0,0,0,""
525977,DATA,58.3,-2.1, 0, 0,9600,1000,1000,0,0,0,""
526477,DATA,58.5,2.1, 0, 0,5400,1000,1000,0,0,0,""
526977,DATA,58.3,-2.1, 0, 0,3000,1000,1000,0,0,0,""
527477,DATA,58.3,0.0, 0, 0,6000,1000,1000,0,0,0,""
528477,DATA,58.3,0.0, 0, 0,9000,1000,1000,0,0,0,""
528977,DATA,58.3,0.0, 0, 0,1800,1000,1000,0,0,0,""
529477,DATA,58.3,0.0, 0, 0,6000,1000,1000,0,0,0,""
529977,DATA,58.3,0.0, 0, 0,4800,1000,1000,0,0,0,""
530477,DATA,58.3,0.0, 0, 0,4800,1000,1000,0,0,0,""
530977,DATA,58.3,0.0, 0, 0,6000,1000,1000,0,0,0,""
531477,DATA,58.3,0.0, 0, 0,2400,1000,1000,0,0,0,""
531977,DATA,58.0,-2.1, 0, 0,3600,1000,1000,0,0,0,""
532477,DATA,58.0,0.0, 0, 0,3600,1000,1000,0,0,0,""
532977,DATA,58.0,0.0, 0, 0,3000,1000,1000,0,0,0,""
533477,DATA,58.0,0.0, 0, 0,7800,1000,1000,0,0,0,""
533977,DATA,58.0,0.0, 0, 0,6000,1000,1000,0,0,0,""
534477,DATA,58.0,0.0, 0, 0,7200,1000,1000,0,0,0,""
534977,DATA,57.7,-2.1, 0, 0,3600,1000,1000,0,0,0,""
535477,DATA,57.7,0.0, 0, 0,7800,1000,1000,0,0,0,""
535977,DATA,57.7,0.0, 0, 0,7200,1000,1000,0,0,0,""
536477,DATA,57.7,0.0, 0, 0,8400,1000,1000,0,0,0,""
536977,DATA,57.7,0.0, 0, 0,6000,1000,1000,0,0,0,""
537477,DATA,57.7,0.0, 0, 0,7200,1000,1000,0,0,0,""
537977,DATA,57.7,0.0, 0, 0,4800,1000,1000,0,0,0,""
538477,DATA,57.7,0.0, 0, 0,4800,1000,1000,0,0,0,""
538977,DATA,57.7,0.0, 0, 0,4200,1000,1000,0,0,0,""
539477,DATA,57.7,0.0, 0, 0,1800,1000,1000,0,0,0,""
539977,DATA,57.5,0.0, 0, 0,2400,1000,1000,0,0,0,""
540477,DATA,57.5,0.0, 0, 0,1800,1000,1000,0,0,0,""
540977,DATA,57.5,0.0, 0, 0,3600,1000,1000,0,0,0,""
541477,DATA,57.5,0.0, 0, 0,10801,1000,1000,0,0,0,""
541977,DATA,57.5,0.0, 0, 0,10799,1000,1000,0,0,0,""
542477,DATA,57.5,0.0, 0, 0,8401,1000,1000,0,0,0,""
542977,DATA,57.5,0.0, 0, 0,7199,1000,1000,0,0,0,""
543477,DATA,57.5,0.0, 0, 0,4800,1000,1000,0,0,0,""
543977,DATA,57.2,0.0, 0, 0,1200,1000,1000,0,0,0,""
544477,DATA,57.2,0.0, 0, 0,7200,1000,1000,0,0,0,""
544977,DATA,57.2,0.0, 0, 0,3000,1000,1000,0,0,0,""
545477,DATA,57.2,0.0, 0, 0,9600,1000,1000,0,0,0,""
545977,DATA,57.2,0.0, 0, 0,7199,1000,1000,0,0,0,""
546477,DATA,57.2,0.0, 0, 0,7200,1000,1000,0,0,0,""
546977,DATA,57.2,0.0, 0, 0,1200,1000,1000,0,0,0,""
547477,DATA,57.0,-2.1, 0, 0,7199,1000,1000,0,0,0,""
547977,DATA,57.2,2.1, 0, 0,1800,1000,1000,0,0,0,""
548477,DATA,57.0,-2.1, 0, 0,4801,1000,1000,0,0,0,""
548977,DATA,57.0,0.0, 0, 0,6600,1000,1000,0,0,0,""
549477,DATA,57.0,0.0, 0, 0,6000,1000,1000,0,0,0,""
549977,DATA,57.0,0.0, 0, 0,6600,1000,1000,0,0,0,""
550477,DATA,57.0,0.0, 0, 0,5400,1000,1000,0,0,0,""
550977,DATA,57.0,0.0, 0, 0,7800,1000,1000,0,0,0,""
551477,DATA,57.0,2.1, 0, 0,7800,1000,1000,0,0,0,""
551977,DATA,57.0,0.0, 0, 0,10201,1000,1000,0,0,0,""
552477,DATA,56.7,0.0, 0, 0,4201,1000,1000,0,0,0,""
552977,DATA,56.7,0.0, 0, 0,4200,1000,1000,0,0,0,""
553477,DATA,56.7,0.0, 0, 0,10800,1000,1000,0,0,0,""
553977,DATA,56.7,0.0, 0, 0,3600,1000,1000,0,0,0,""
554477,DATA,56.7,0.0, 0, 0,2400,1000,1000,0,0,0,""
554977,DATA,56.7,0.0, 0, 0,1200,1000,1000,0,0,0,""
555477,DATA,56.7,0.0, 0, 0,7799,1000,1000,0,0,0,""
555977,DATA,56.7,2.1, 0, 0,6000,1000,1000,0,0,0,""
556477,DATA,56.7,2.1, 0, 0,8999,1000,1000,0,0,0,""
556977,DATA,56.7,0.0, 0, 0,3000,1000,1000,0,0,0,""
557477,DATA,56.5,-2.1, 0, 0,10199,1000,1000,0,0,0,""
557977,DATA,56.5,0.0, 0, 0,4800,1000,1000,0,0,0,""
558477,DATA,56.5,0.0, 0, 0,9600,1000,1000,0,0,0,""
558977,DATA,56.5,0.0, 0, 0,7800,1000,1000,0,0,0,""
559477,DATA,56.5,0.0, 0, 0,10801,1000,1000,0,0,0,""
559977,DATA,56.5,2.1, 0, 0,4799,1000,1000,0,0,0,""
560477,DATA,56.5,0.0, 0, 0,2400,1000,1000,0,0,0,""
560977,DATA,56.5,0.0, 0, 0,3600,1000,1000,0,0,0,""
561477,DATA,56.2,0.0, 0, 0,3000,1000,1000,0,0,0,""
561977,DATA,56.2,-2.1, 0, 0,12000,1000,1000,0,0,0,""
562477,DATA,56.2,0.0, 0, 0,6601,1000,1000,0,0,0,""
562977,DATA,56.2,0.0, 0, 0,1800,1000,1000,0,0,0,""
563477,DATA,56.2,0.0, 0, 0,4800,1000,1000,0,0,0,""
563977,DATA,56.2,0.0, 0, 0,4800,1000,1000,0,0,0,""
564477,DATA,56.2,0.0, 0, 0,4800,1000,1000,0,0,0,""
564977,DATA,56.2,0.0, 0, 0,4201,1000,1000,0,0,0,""
565477,DATA,56.2,0.0, 0, 0,9601,1000,1000,0,0,0,""
565977,DATA,56.2,2.1, 0, 0,10799,1000,1000,0,0,0,""
566477,DATA,56.2,0.0, 0, 0,2400,1000,1000,0,0,0,""
566977,DATA,56.2,0.0, 0, 0, 0,1000,1000,0,0,0,""
567477,DATA,56.2,0.0, 0, 0,21000,1000,1000,0,0,0,""
567977,DATA,56.0,-2.1, 0, 0,3600,1000,1000,0,0,0,""
568477,DATA,56.0,0.0, 0, 0,16201,1000,1000,0,0,0,""
568977,DATA,56.0,0.0, 0, 0,15001,1000,1000,0,0,0,""
569477,DATA,56.0,0.0, 0, 0,32402,1000,1000,0,0,0,""
569977,DATA,56.0,0.0, 0, 0,23399,1000,1000,0,0,0,""
570477,DATA,56.0,2.1, 0, 0,16199,1000,1000,0,0,0,""
570977,DATA,56.0,0.0, 0, 0,1800,1000,1000,0,0,0,""
571477,DATA,55.8,-2.1, 0, 0,11999,1000,1000,0,0,0,""
571977,DATA,55.8,0.0, 0, 0,7201,1000,1000,0,0,0,""
572477,DATA,56.0,2.1, 0, 0,6600,1000,1000,0,0,0,""
572977,DATA,55.8,-2.1, 0, 0,10800,1000,1000,0,0,0,""
573477,DATA,55.8,-2.1, 0, 0,20999,1000,1000,0,0,0,""
573977,DATA,55.8,-2.1, 0, 0,8999,1000,1000,0,0,0,""
574477,DATA,55.8,0.0, 0, 0,7799,1000,1000,0,0,0,""
574977,DATA,55.8,0.0, 0, 0,34200,1000,1000,0,0,0,""
575477,DATA,55.8,0.0, 0, 0,36599,1000,1000,0,0,0,""
575977,DATA,55.8,0.0, 0, 0,28200,1000,1000,0,0,0,""
576477,DATA,55.8,0.0, 0, 0,13200,1000,1000,0,0,0,""
576977,DATA,55.8,0.0, 0, 0,13801,1000,1000,0,0,0,""
577477,DATA,55.8,0.0, 0, 0,45000,1000,1000,0,0,0,""
577977,DATA,55.8,2.1, 0, 0,15598,1000,1000,0,0,0,""
578477,DATA,55.8,0.0, 0, 0,16799,1000,1000,0,0,0,""
578977,DATA,55.8,0.0, 0, 0,27600,1000,1000,0,0,0,""
579477,DATA,55.5,0.0, 0, 0,8400,1000,1000,0,0,0,""
579977,DATA,55.5,-2.1, 0, 0,17401,1000,1000,0,0,0,""
580477,DATA,55.8,2.1, 0, 0,45000,1000,1000,0,0,0,""
580977,DATA,55.5,-2.1, 0, 0,31796,1000,1000,0,0,0,""
581477,DATA,55.5,0.0, 0, 0,22799,1000,1000,0,0,0,""
581977,DATA,55.5,0.0, 0, 0,22199,1000,1000,0,0,0,""
582477,DATA,55.5,0.0, 0, 0,22799,1000,1000,0,0,0,""
582977,DATA,55.5,0.0, 0, 0,30604,1000,1000,0,0,0,""
583477,DATA,55.5,0.0, 0, 0,7800,1000,1000,0,0,0,""
583977,DATA,55.5,0.0, 0, 0,14400,1000,1000,0,0,0,""
584477,DATA,55.5,0.0, 0, 0,31799,1000,1000,0,0,0,""
584977,DATA,55.5,0.0, 0, 0,32400,1000,1000,0,0,0,""
585477,DATA,55.5,0.0, 0, 0,6000,1000,1000,0,0,0,""
585977,DATA,55.5,0.0, 0, 0,7201,1000,1000,0,0,0,""
586477,DATA,55.2,-2.1, 0, 0,27002,1000,1000,0,0,0,""
586977,DATA,55.2,0.0, 0, 0,19801,1000,1000,0,0,0,""
587477,DATA,55.5,0.0, 0, 0,13801,1000,1000,0,0,0,""
587977,DATA,55.5,2.1, 0, 0,32999,1000,1000,0,0,0,""
588477,DATA,55.2,-2.1, 0, 0,36354,1000,1000,0,0,0,""
588977,DATA,55.2,-2.1, 0, 0,27264,1000,1000,0,0,0,""
589477,DATA,55.5,2.1, 0, 0,23029,1000,1000,0,0,0,""
589977,DATA,55.2,0.0, 0, 0,6666,1000,1000,0,0,0,""
590477,DATA,55.2,0.0, 0, 0,19996,1000,1000,0,0,0,""
590977,DATA,55.2,0.0, 0, 0,17573,1000,1000,0,0,0,""
591477,DATA,55.2,0.0, 0, 0,25451,1000,1000,0,0,0,""
591977,DATA,55.2,0.0, 0, 0,27271,1000,1000,0,0,0,""
592477,DATA,55.2,0.0, 0, 0,9696,1000,1000,0,0,0,""
592977,DATA,55.2,0.0, 0, 0,15148,1000,1000,0,0,0,""
593477,DATA,55.2,0.0, 0, 0,10302,1000,1000,0,0,0,""
593977,DATA,55.2,0.0, 0, 0,13331,1000,1000,0,0,0,""
594477,DATA,55.2,0.0, 0, 0,35747,1000,1000,0,0,0,""
594977,DATA,55.2,0.0, 0, 0,16360,1000,1000,0,0,0,""
595477,DATA,55.2,0.0, 0, 0,18179,1000,1000,0,0,0,""
595977,DATA,55.2,0.0, 0, 0,43022,1000,1000,0,0,0,""
596477,DATA,54.7,-2.1, 0, 0,4203,1000,1000,0,0,0,""
596977,DATA,54.5,-6.2, 0, 0,18784,1000,1000,0,0,0,""
597477,DATA,55.2,4.2, 0, 0,55840,1000,1000,0,0,0,""
597977,DATA,55.0,0.0, 0, 0,18011,1000,1000,0,0,0,""
598477,DATA,55.0,0.0, 0, 0,13209,1000,1000,0,0,0,""
598977,DATA,55.0,0.0, 0, 0,22421,1000,1000,0,0,0,""
599477,DATA,55.0,0.0, 0, 0,24615,1000,1000,0,0,0,""
599977,DATA,55.0,0.0, 0, 0,16360,1000,1000,0,0,0,""
600477,DATA,55.0,0.0, 0, 0,6060,1000,1000,0,0,0,""
600977,DATA,55.0,0.0, 0, 0,23025,1000,1000,0,0,0,""
601477,DATA,55.0,0.0, 0, 0, 0,1000,1000,0,0,0,""
601977,DATA,55.0,0.0, 0, 0, 0,1000,1000,0,0,0,""
602477,DATA,55.0,0.0, 0, 0,182999,1000,1000,0,0,0,""
602977,DATA,55.0,0.0, 0, 0,181776,1000,1000,0,0,0,""
603477,DATA,55.0,0.0, 0, 0,182376,1000,1000,0,0,0,""
603977,DATA,55.0,0.0, 0, 0,181772,1000,1000,0,0,0,""
604477,DATA,55.0,0.0, 0, 0,182991,1000,1000,0,0,0,""
604977,DATA,55.0,0.0, 0, 0,180746,1000,1000,0,0,0,""
605477,DATA,55.0,0.0, 0, 0,182980,1000,1000,0,0,0,""
605977,DATA,55.0,0.0, 0, 0,181332,1000,1000,0,0,0,""
606477,DATA,55.0,0.0, 0, 0,183010,1000,1000,0,0,0,""
606977,DATA,55.0,0.0, 0, 0,181792,1000,1000,0,0,0,""
607477,DATA,54.7,0.0, 0, 0,183136,1000,1000,0,0,0,""
607977,DATA,54.7,0.0, 0, 0,182382,1000,1000,0,0,0,""
608477,DATA,54.7,0.0, 0, 0,182397,1000,1000,0,0,0,""
608977,DATA,54.7,0.0, 0, 0,181913,1000,1000,0,0,0,""
609477,DATA,54.7,0.0, 0, 0,182391,1000,1000,0,0,0,""
609977,DATA,54.7,0.0, 0, 0,181361,1000,1000,0,0,0,""
610477,DATA,54.7,0.0, 0, 0,183003,1000,1000,0,0,0,""
610977,DATA,54.7,0.0, 0, 0,181924,1000,1000,0,0,0,""
611477,DATA,54.7,0.0, 0, 0,183023,1000,1000,0,0,0,""
611977,DATA,54.7,0.0, 0, 0,182550,1000,1000,0,0,0,""
612477,DATA,54.7,0.0, 0, 0,182533,1000,1000,0,0,0,""
612977,DATA,54.7,0.0, 0, 0,181933,1000,1000,0,0,0,""
613477,DATA,54.7,0.0, 0, 0,183154,1000,1000,0,0,0,""
613977,DATA,54.7,0.0, 0, 0,181334,1000,1000,0,0,0,""
614477,DATA,54.7,0.0, 0, 0,182990,1000,1000,0,0,0,""
614977,DATA,54.7,0.0, 0, 0,180734,1000,1000,0,0,0,""
615477,DATA,54.5,0.0, 0, 0,183154,1000,1000,0,0,0,""
615977,DATA,54.5,0.0, 0, 0,181323,1000,1000,0,0,0,""
616477,DATA,54.5,0.0, 0, 0,183003,1000,1000,0,0,0,""
616977,DATA,54.7,2.1, 0, 0,181902,1000,1000,0,0,0,""
617477,DATA,54.5,0.0, 0, 0,183132,1000,1000,0,0,0,""
617977,DATA,54.5,0.0, 0, 0,181340,1000,1000,0,0,0,""
618477,DATA,54.5,0.0, 0, 0,181936,1000,1000,0,0,0,""
618977,DATA,54.5,0.0, 0, 0,181183,1000,1000,0,0,0,""
619477,DATA,54.5,0.0, 0, 0,182384,1000,1000,0,0,0,""
619977,DATA,54.5,0.0, 0, 0,181802,1000,1000,0,0,0,""
620477,DATA,54.5,0.0, 0, 0,183004,1000,1000,0,0,0,""
620977,DATA,54.5,0.0, 0, 0,181781,1000,1000,0,0,0,""
621477,DATA,54.5,0.0, 0, 0,183605,1000,1000,0,0,0,""
621977,DATA,54.5,0.0, 0, 0,181325,1000,1000,0,0,0,""
622477,DATA,54.5,2.1, 0, 0,183117,1000,1000,0,0,0,""
622977,DATA,54.5,2.1, 0, 0,181352,1000,1000,0,0,0,""
623477,DATA,54.2,0.0, 0, 0,183607,1000,1000,0,0,0,""
623977,DATA,54.2,-2.1, 0, 0,181818,1000,1000,0,0,0,""
624477,DATA,54.2,-2.1, 0, 0,183137,1000,1000,0,0,0,""
624977,DATA,54.2,-2.1, 0, 0,181170,1000,1000,0,0,0,""
625477,DATA,54.5,2.1, 0, 0,183130,1000,1000,0,0,0,""
625977,DATA,54.5,0.0, 0, 0,181798,1000,1000,0,0,0,""
626477,DATA,54.2,0.0, 0, 0,183014,1000,1000,0,0,0,""
626977,DATA,54.2,0.0, 0, 0,181802,1000,1000,0,0,0,""
627477,DATA,54.5,0.0, 0, 0,183152,1000,1000,0,0,0,""
627977,DATA,54.2,0.0, 0, 0,180754,1000,1000,0,0,0,""
628477,DATA,54.2,0.0, 0, 0,183599,1000,1000,0,0,0,""
628977,DATA,54.2,0.0, 0, 0,181947,1000,1000,0,0,0,""
629477,DATA,54.2,0.0, 0, 0,182999,1000,1000,0,0,0,""
629977,DATA,54.0,-2.1, 0, 0,181352,1000,1000,0,0,0,""
630477,DATA,54.2,0.0, 0, 0,183158,1000,1000,0,0,0,""
630977,DATA,54.2,0.0, 0, 0,181189,1000,1000,0,0,0,""
631477,DATA,54.2,0.0, 0, 0,183132,1000,1000,0,0,0,""
631977,DATA,54.2,0.0, 0, 0,181924,1000,1000,0,0,0,""
632477,DATA,54.2,0.0, 0, 0,183016,1000,1000,0,0,0,""
632977,DATA,54.2,0.0, 0, 0,181340,1000,1000,0,0,0,""
633477,DATA,54.0,0.0, 0, 0,182524,1000,1000,0,0,0,""
633977,DATA,54.2,0.0, 0, 0,181321,1000,1000,0,0,0,""
634477,DATA,54.0,0.0, 0, 0,183130,1000,1000,0,0,0,""
634977,DATA,54.0,0.0, 0, 0,181946,1000,1000,0,0,0,""
635477,DATA,54.0,0.0, 0, 0,183738,1000,1000,0,0,0,""
635977,DATA,54.0,0.0, 0, 0,181794,1000,1000,0,0,0,""
636477,DATA,54.0,0.0, 0, 0,183006,1000,1000,0,0,0,""
636977,DATA,54.0,0.0, 0, 0,181947,1000,1000,0,0,0,""
637477,DATA,54.0,0.0, 0, 0,183618,1000,1000,0,0,0,""
637977,DATA,54.0,0.0, 0, 0,181792,1000,1000,0,0,0,""
638477,DATA,54.0,0.0, 0, 0,180030,1000,1000,0,0,0,""
638977,DATA,54.0,0.0, 0, 0,178846,1000,1000,0,0,0,""
639477,DATA,54.0,0.0, 0, 0,181203,1000,1000,0,0,0,""
639977,DATA,54.0,0.0, 0, 0,179449,1000,1000,0,0,0,""
640477,DATA,54.0,0.0, 0, 0,180599,1000,1000,0,0,0,""
640977,DATA,54.0,2.1, 0, 0,178834,1000,1000,0,0,0,""
641477,DATA,53.7,-2.1, 0, 0,181201,1000,1000,0,0,0,""
641977,DATA,53.7,0.0, 0, 0,179429,1000,1000,0,0,0,""
642477,DATA,53.7,0.0, 0, 0,181065,1000,1000,0,0,0,""
642977,DATA,53.7,0.0, 0, 0,178697,1000,1000,0,0,0,""
643477,DATA,53.7,0.0, 0, 0,180052,1000,1000,0,0,0,""
643977,DATA,53.7,0.0, 0, 0,179285,1000,1000,0,0,0,""
644477,DATA,53.7,0.0, 0, 0,179863,1000,1000,0,0,0,""
644977,DATA,53.7,0.0, 0, 0,178692,1000,1000,0,0,0,""
645477,DATA,53.7,0.0, 0, 0,180036,1000,1000,0,0,0,""
645977,DATA,53.7,0.0, 0, 0,178850,1000,1000,0,0,0,""
646477,DATA,53.7,0.0, 0, 0,181074,1000,1000,0,0,0,""
646977,DATA,53.7,2.1, 0, 0,179441,1000,1000,0,0,0,""
647477,DATA,53.5,0.0, 0, 0,181027,1000,1000,0,0,0,""
647977,DATA,53.5,0.0, 0, 0,178822,1000,1000,0,0,0,""
648477,DATA,53.5,-2.0, 0, 0,180608,1000,1000,0,0,0,""
648977,DATA,53.5,0.0, 0, 0,178841,1000,1000,0,0,0,""
649477,DATA,53.5,0.0, 0, 0,180636,1000,1000,0,0,0,""
649977,DATA,53.5,0.0, 0, 0,178832,1000,1000,0,0,0,""
650477,DATA,53.5,0.0, 0, 0,180023,1000,1000,0,0,0,""
650977,DATA,53.5,0.0, 0, 0,178115,1000,1000,0,0,0,""
651477,DATA,53.5,0.0, 0, 0,180607,1000,1000,0,0,0,""
651977,DATA,53.5,0.0, 0, 0,178822,1000,1000,0,0,0,""
652477,DATA,53.5,0.0, 0, 0,180603,1000,1000,0,0,0,""
652977,DATA,53.5,0.0, 0, 0,180030,1000,1000,0,0,0,""
653477,DATA,53.5,0.0, 0, 0,181065,1000,1000,0,0,0,""
653977,DATA,53.5,0.0, 0, 0,178704,1000,1000,0,0,0,""
654477,DATA,53.5,0.0, 0, 0,180053,1000,1000,0,0,0,""
654977,DATA,53.5,0.0, 0, 0,178711,1000,1000,0,0,0,""
655477,DATA,53.5,0.0, 0, 0,181081,1000,1000,0,0,0,""
655977,DATA,53.5,0.0, 0, 0,178089,1000,1000,0,0,0,""
656477,DATA,53.3,-2.1, 0, 0,180039,1000,1000,0,0,0,""
656977,DATA,53.5,0.0, 0, 0,178262,1000,1000,0,0,0,""
657477,DATA,53.5,0.0, 0, 0,180456,1000,1000,0,0,0,""
657977,DATA,53.5,2.1, 0, 0,179415,1000,1000,0,0,0,""
658477,DATA,53.5,0.0, 0, 0,181200,1000,1000,0,0,0,""
658977,DATA,53.3,0.0, 0, 0,179290,1000,1000,0,0,0,""
659477,DATA,53.3,-2.1, 0, 0,180467,1000,1000,0,0,0,""
659977,DATA,53.3,0.0, 0, 0,179276,1000,1000,0,0,0,""
660477,DATA,53.3,0.0, 0, 0,180603,1000,1000,0,0,0,""
660977,DATA,53.0,-2.1, 0, 0,179266,1000,1000,0,0,0,""
661477,DATA,53.3,0.0, 0, 0,180023,1000,1000,0,0,0,""
661977,DATA,53.3,0.0, 0, 0,179449,1000,1000,0,0,0,""
662477,DATA,53.3,0.0, 0, 0,180477,1000,1000,0,0,0,""
662977,DATA,53.3,0.0, 0, 0,179445,1000,1000,0,0,0,""
663477,DATA,53.3,0.0, 0, 0,180039,1000,1000,0,0,0,""
663977,DATA,53.3,0.0, 0, 0,178841,1000,1000,0,0,0,""
664477,DATA,53.0,-2.1, 0, 0,180468,1000,1000,0,0,0,""
664977,DATA,53.0,-2.1, 0, 0,178686,1000,1000,0,0,0,""
665477,DATA,53.0,0.0, 0, 0,181068,1000,1000,0,0,0,""
665977,DATA,53.0,-2.1, 0, 0,178697,1000,1000,0,0,0,""
666477,DATA,53.0,0.0, 0, 0,180616,1000,1000,0,0,0,""
666977,DATA,53.0,0.0, 0, 0,179290,1000,1000,0,0,0,""
667477,DATA,53.0,2.1, 0, 0,180041,1000,1000,0,0,0,""
667977,DATA,53.0,0.0, 0, 0,178683,1000,1000,0,0,0,""
668477,DATA,53.0,0.0, 0, 0,181220,1000,1000,0,0,0,""
668977,DATA,53.0,0.0, 0, 0,178675,1000,1000,0,0,0,""
669477,DATA,53.0,0.0, 0, 0,180027,1000,1000,0,0,0,""
669977,DATA,53.0,0.0, 0, 0,179285,1000,1000,0,0,0,""
670477,DATA,53.0,0.0, 0, 0,180617,1000,1000,0,0,0,""
670977,DATA,53.0,0.0, 0, 0,178864,1000,1000,0,0,0,""
671477,DATA,53.0,0.0, 0, 0,181217,1000,1000,0,0,0,""
671977,DATA,52.7,-2.1, 0, 0,178855,1000,1000,0,0,0,""
672477,DATA,53.0,0.0, 0, 0,179892,1000,1000,0,0,0,""
672977,DATA,53.0,0.0, 0, 0,178702,1000,1000,0,0,0,""
673477,DATA,52.7,-2.1, 0, 0,180465,1000,1000,0,0,0,""
673977,DATA,53.0,0.0, 0, 0,178847,1000,1000,0,0,0,""
674477,DATA,53.0,2.1, 0, 0,181066,1000,1000,0,0,0,""
674977,DATA,53.0,0.0, 0, 0,179434,1000,1000,0,0,0,""
675477,DATA,53.0,0.0, 0, 0,180023,1000,1000,0,0,0,""
675977,DATA,53.0,0.0, 0, 0,178859,1000,1000,0,0,0,""
676977,DATA,52.7,-2.1, 0, 0,190521,1000,1000,0,0,0,""
677477,DATA,52.7,0.0, 0, 0,180018,1000,1000,0,0,0,""
677977,DATA,52.7,0.0, 0, 0,179278,1000,1000,0,0,0,""
678477,DATA,52.7,-2.0, 0, 0,180607,1000,1000,0,0,0,""
678977,DATA,52.7,0.0, 0, 0,180018,1000,1000,0,0,0,""
679477,DATA,52.7,0.0, 0, 0,180487,1000,1000,0,0,0,""
679977,DATA,52.7,0.0, 0, 0,179257,1000,1000,0,0,0,""
680477,DATA,52.7,0.0, 0, 0,179886,1000,1000,0,0,0,""
680977,DATA,52.7,0.0, 0, 0,178831,1000,1000,0,0,0,""
681477,DATA,52.7,0.0, 0, 0,180617,1000,1000,0,0,0,""
681977,DATA,52.7,0.0, 0, 0,178859,1000,1000,0,0,0,""
682477,DATA,52.7,0.0, 0, 0,181212,1000,1000,0,0,0,""
682977,DATA,52.7,0.0, 0, 0,179431,1000,1000,0,0,0,""
683477,DATA,52.7,0.0, 0, 0,180640,1000,1000,0,0,0,""
683977,DATA,52.7,0.0, 0, 0,179431,1000,1000,0,0,0,""
684477,DATA,52.7,0.0, 0, 0,180611,1000,1000,0,0,0,""
684977,DATA,52.7,0.0, 0, 0,178701,1000,1000,0,0,0,""
685477,DATA,52.5,-2.1, 0, 0,181063,1000,1000,0,0,0,""
685977,DATA,52.7,2.1, 0, 0,179282,1000,1000,0,0,0,""
686477,DATA,52.5,-2.1, 0, 0,180480,1000,1000,0,0,0,""
686977,DATA,52.7,2.1, 0, 0,178665,1000,1000,0,0,0,""
687477,DATA,52.5,0.0, 0, 0,181059,1000,1000,0,0,0,""
687978,DATA,52.7,2.1, 0, 0,179276,1000,1000,0,0,0,""
688479,DATA,52.5,0.0, 0, 0,180614,1000,1000,0,0,0,""
688980,DATA,52.5,0.0, 0, 0,179440,1000,1000,0,0,0,""
689481,DATA,52.5,-2.1, 0, 0,179896,1000,1000,0,0,0,""
689982,DATA,52.5,0.0, 0, 0,178838,1000,1000,0,0,0,""
690483,DATA,52.5,0.0, 0, 0,180470,1000,1000,0,0,0,""
690984,DATA,52.5,0.0, 0, 0,179283,1000,1000,0,0,0,""
691485,DATA,52.5,0.0, 0, 0,181038,1000,1000,0,0,0,""
691986,DATA,52.5,0.0, 0, 0,178840,1000,1000,0,0,0,""
692487,DATA,52.5,0.0, 0, 0,180608,1000,1000,0,0,0,""
692988,DATA,52.5,0.0, 0, 0,178836,1000,1000,0,0,0,""
693489,DATA,52.5,0.0, 0, 0,180487,1000,1000,0,0,0,""
693990,DATA,52.5,2.1, 0, 0,179292,1000,1000,0,0,0,""
694491,DATA,52.5,0.0, 0, 0,181070,1000,1000,0,0,0,""
694992,DATA,52.5,0.0, 0, 0,178810,1000,1000,0,0,0,""
695493,DATA,52.5,0.0, 0, 0,181070,1000,1000,0,0,0,""
695994,DATA,52.5,2.1, 0, 0,179266,1000,1000,0,0,0,""
696495,DATA,52.5,2.0, 0, 0,179913,1000,1000,0,0,0,""
696996,DATA,52.2,-2.1, 0, 0,178692,1000,1000,0,0,0,""
697497,DATA,52.2,0.0, 0, 0,180630,1000,1000,0,0,0,""
697998,DATA,52.2,0.0, 0, 0,179424,1000,1000,0,0,0,""
698499,DATA,52.2,0.0, 0, 0,180641,1000,1000,0,0,0,""
699000,DATA,52.2,0.0, 0, 0,178690,1000,1000,0,0,0,""
699501,DATA,52.2,0.0, 0, 0,181217,1000,1000,0,0,0,""
700002,DATA,52.2,0.0, 0, 0,179431,1000,1000,0,0,0,""
700503,DATA,52.2,0.0, 0, 0,181235,1000,1000,0,0,0,""
701004,DATA,52.2,0.0, 0, 0,178850,1000,1000,0,0,0,""
701505,DATA,52.2,0.0, 0, 0,180448,1000,1000,0,0,0,""
702006,DATA,52.2,0.0, 0, 0,178828,1000,1000,0,0,0,""
702507,DATA,52.2,0.0, 0, 0,180624,1000,1000,0,0,0,""
703008,DATA,52.2,0.0, 0, 0,178710,1000,1000,0,0,0,""
703509,DATA,52.2,0.0, 0, 0,181061,1000,1000,0,0,0,""
704010,DATA,52.0,-2.1, 0, 0,178693,1000,1000,0,0,0,""
704511,DATA,52.2,0.0, 0, 0,181233,1000,1000,0,0,0,""
705012,DATA,52.2,0.0, 0, 0,179415,1000,1000,0,0,0,""
705513,DATA,52.2,0.0, 0, 0,180492,1000,1000,0,0,0,""
706014,DATA,52.0,-2.1, 0, 0,178672,1000,1000,0,0,0,""
706515,DATA,52.2,0.0, 0, 0,181061,1000,1000,0,0,0,""
707016,DATA,52.0,0.0, 0, 0,180011,1000,1000,0,0,0,""
707517,DATA,52.0,-2.1, 0, 0,180477,1000,1000,0,0,0,""
708018,DATA,52.2,2.1, 0, 0,178821,1000,1000,0,0,0,""
708519,DATA,52.0,0.0, 0, 0,180602,1000,1000,0,0,0,""
709020,DATA,52.0,0.0, 0, 0,179429,1000,1000,0,0,0,""
709521,DATA,52.0,0.0, 0, 0,180491,1000,1000,0,0,0,""
710022,DATA,52.0,0.0, 0, 0,178838,1000,1000,0,0,0,""
710523,DATA,52.0,0.0, 0, 0,180613,1000,1000,0,0,0,""
711024,DATA,52.0,0.0, 0, 0,179887,1000,1000,0,0,0,""
711525,DATA,52.0,0.0, 0, 0,181054,1000,1000,0,0,0,""
712026,DATA,52.0,0.0, 0, 0,179447,1000,1000,0,0,0,""
712527,DATA,52.0,0.0, 0, 0,181068,1000,1000,0,0,0,""
713028,DATA,52.0,0.0, 0, 0,179282,1000,1000,0,0,0,""
713529,DATA,52.0,0.0, 0, 0,180451,1000,1000,0,0,0,""
714030,DATA,52.0,0.0, 0, 0,180039,1000,1000,0,0,0,""
714531,DATA,52.0,0.0, 0, 0,180618,1000,1000,0,0,0,""
715032,DATA,52.0,0.0, 0, 0,179278,1000,1000,0,0,0,""
715533,DATA,52.0,0.0, 0, 0,180508,1000,1000,0,0,0,""
716034,DATA,51.7,-2.1, 0, 0,179296,1000,1000,0,0,0,""
716535,DATA,52.0,0.0, 0, 0,180608,1000,1000,0,0,0,""
717036,DATA,51.7,-2.1, 0, 0,179290,1000,1000,0,0,0,""
717537,DATA,51.7,0.0, 0, 0,180487,1000,1000,0,0,0,""
718038,DATA,51.7,0.0, 0, 0,179438,1000,1000,0,0,0,""
718539,DATA,51.7,0.0, 0, 0,181214,1000,1000,0,0,0,""
719040,DATA,51.7,0.0, 0, 0,178706,1000,1000,0,0,0,""
719541,DATA,51.7,-2.1, 0, 0,181082,1000,1000,0,0,0,""
720042,DATA,51.7,0.0, 0, 0,179434,1000,1000,0,0,0,""
720543,DATA,51.7,0.0, 0, 0,181058,1000,1000,0,0,0,""
721044,DATA,51.7,0.0, 0, 0,179282,1000,1000,0,0,0,""
721545,DATA,51.7,0.0, 0, 0,179886,1000,1000,0,0,0,""
722046,DATA,51.7,0.0, 0, 0,178243,1000,1000,0,0,0,""
722547,DATA,51.7,0.0, 0, 0,180470,1000,1000,0,0,0,""
723048,DATA,51.7,0.0, 0, 0,179429,1000,1000,0,0,0,""
723549,DATA,51.7,0.0, 0, 0,180471,1000,1000,0,0,0,""
724050,DATA,51.5,-2.1, 0, 0,178692,1000,1000,0,0,0,""
724551,DATA,51.7,0.0, 0, 0,180473,1000,1000,0,0,0,""
725052,DATA,51.7,0.0, 0, 0,179267,1000,1000,0,0,0,""
725553,DATA,51.7,2.1, 0, 0,180476,1000,1000,0,0,0,""
726054,DATA,51.7,0.0, 0, 0,179266,1000,1000,0,0,0,""
726555,DATA,51.7,2.0, 0, 0,181222,1000,1000,0,0,0,""
727056,DATA,51.5,-2.1, 0, 0,179262,1000,1000,0,0,0,""
727557,DATA,51.7,2.1, 0, 0,181231,1000,1000,0,0,0,""
728058,DATA,51.5,-2.1, 0, 0,178694,1000,1000,0,0,0,""
728559,DATA,51.5,0.0, 0, 0,180490,1000,1000,0,0,0,""
729060,DATA,51.5,0.0, 0, 0,178842,1000,1000,0,0,0,""
729561,DATA,51.5,0.0, 0, 0,180631,1000,1000,0,0,0,""
730062,DATA,51.5,0.0, 0, 0,178850,1000,1000,0,0,0,""
730563,DATA,51.5,0.0, 0, 0,181216,1000,1000,0,0,0,""
731064,DATA,51.5,0.0, 0, 0,178704,1000,1000,0,0,0,""
731565,DATA,51.5,0.0, 0, 0,181202,1000,1000,0,0,0,""
732066,DATA,51.5,0.0, 0, 0,179287,1000,1000,0,0,0,""
732567,DATA,51.5,0.0, 0, 0,180610,1000,1000,0,0,0,""
733068,DATA,51.5,0.0, 0, 0,178841,1000,1000,0,0,0,""
733569,DATA,51.5,0.0, 0, 0,180473,1000,1000,0,0,0,""
734070,DATA,51.5,0.0, 0, 0,179422,1000,1000,0,0,0,""
734571,DATA,51.5,0.0, 0, 0,180625,1000,1000,0,0,0,""
735072,DATA,51.5,0.0, 0, 0,178675,1000,1000,0,0,0,""
735573,DATA,51.5,0.0, 0, 0,180478,1000,1000,0,0,0,""
736074,DATA,51.5,0.0, 0, 0,178686,1000,1000,0,0,0,""
736575,DATA,51.5,2.1, 0, 0,180489,1000,1000,0,0,0,""
737076,DATA,51.5,2.1, 0, 0,178677,1000,1000,0,0,0,""
737577,DATA,51.5,2.1, 0, 0,180639,1000,1000,0,0,0,""
738078,DATA,51.2,0.0, 0, 0,178848,1000,1000,0,0,0,""
738579,DATA,51.2,0.0, 0, 0,180470,1000,1000,0,0,0,""
739080,DATA,51.2,0.0, 0, 0,178842,1000,1000,0,0,0,""
739581,DATA,51.2,0.0, 0, 0,180636,1000,1000,0,0,0,""
740082,DATA,51.2,0.0, 0, 0,178841,1000,1000,0,0,0,""
740583,DATA,51.2,0.0, 0, 0,180633,1000,1000,0,0,0,""
741084,DATA,51.2,0.0, 0, 0,178696,1000,1000,0,0,0,""
741585,DATA,51.2,0.0, 0, 0,180644,1000,1000,0,0,0,""
742086,DATA,51.2,0.0, 0, 0,179306,1000,1000,0,0,0,""
742587,DATA,51.2,0.0, 0, 0,181061,1000,1000,0,0,0,""
743088,DATA,51.2,0.0, 0, 0,179275,1000,1000,0,0,0,""
743589,DATA,51.2,0.0, 0, 0,180012,1000,1000,0,0,0,""
744090,DATA,51.2,0.0, 0, 0,179438,1000,1000,0,0,0,""
744591,DATA,51.2,0.0, 0, 0,180477,1000,1000,0,0,0,""
745092,DATA,51.2,0.0, 0, 0,179303,1000,1000,0,0,0,""
745593,DATA,51.2,0.0, 0, 0,180020,1000,1000,0,0,0,""
746094,DATA,51.0,-2.1, 0, 0,178715,1000,1000,0,0,0,""
746595,DATA,51.2,0.0, 0, 0,180646,1000,1000,0,0,0,""
747096,DATA,51.2,0.0, 0, 0,179294,1000,1000,0,0,0,""
747597,DATA,51.2,0.0, 0, 0,179888,1000,1000,0,0,0,""
748098,DATA,51.0,0.0, 0, 0,179417,1000,1000,0,0,0,""
748599,DATA,51.2,2.1, 0, 0,180611,1000,1000,0,0,0,""
749100,DATA,51.0,0.0, 0, 0,178843,1000,1000,0,0,0,""
749601,DATA,51.2,0.0, 0, 0,180618,1000,1000,0,0,0,""
750102,DATA,51.0,0.0, 0, 0,180000,1000,1000,0,0,0,""
750603,DATA,51.0,0.0, 0, 0,181246,1000,1000,0,0,0,""
751104,DATA,51.0,0.0, 0, 0,179857,1000,1000,0,0,0,""
751605,DATA,51.0,0.0, 0, 0,181789,1000,1000,0,0,0,""
752106,DATA,51.0,0.0, 0, 0,179282,1000,1000,0,0,0,""
752607,DATA,51.0,0.0, 0, 0,181242,1000,1000,0,0,0,""
753108,DATA,51.0,0.0, 0, 0,179422,1000,1000,0,0,0,""
753609,DATA,51.0,0.0, 0, 0,181674,1000,1000,0,0,0,""
754110,DATA,51.0,0.0, 0, 0,179425,1000,1000,0,0,0,""
754611,DATA,51.0,0.0, 0, 0,181207,1000,1000,0,0,0,""
755112,DATA,51.0,0.0, 0, 0,179271,1000,1000,0,0,0,""
755613,DATA,51.0,0.0, 0, 0,181086,1000,1000,0,0,0,""
756114,DATA,51.0,0.0, 0, 0,179424,1000,1000,0,0,0,""
756615,DATA,51.0,0.0, 0, 0,180479,1000,1000,0,0,0,""
757116,DATA,51.0,0.0, 0, 0,180027,1000,1000,0,0,0,""
757617,DATA,51.0,2.1, 0, 0,181644,1000,1000,0,0,0,""
758118,DATA,50.8,0.0, 0, 0,179882,1000,1000,0,0,0,""
758619,DATA,50.8,-2.1, 0, 0,181048,1000,1000,0,0,0,""
759120,DATA,50.8,0.0, 0, 0,180000,1000,1000,0,0,0,""
759621,DATA,50.8,-2.0, 0, 0,181244,1000,1000,0,0,0,""
760122,DATA,50.8,0.0, 0, 0,180012,1000,1000,0,0,0,""
760623,DATA,51.0,2.1, 0, 0,181230,1000,1000,0,0,0,""
761124,DATA,51.0,2.1, 0, 0,179283,1000,1000,0,0,0,""
761625,DATA,50.8,0.0, 0, 0,181100,1000,1000,0,0,0,""
762126,DATA,50.8,0.0, 0, 0,180029,1000,1000,0,0,0,""
762627,DATA,50.8,0.0, 0, 0,181063,1000,1000,0,0,0,""
763128,DATA,50.8,0.0, 0, 0,180616,1000,1000,0,0,0,""
763629,DATA,50.8,0.0, 0, 0,181214,1000,1000,0,0,0,""
764130,DATA,50.8,0.0, 0, 0,180041,1000,1000,0,0,0,""
764631,DATA,50.8,0.0, 0, 0,181203,1000,1000,0,0,0,""
765132,DATA,50.8,0.0, 0, 0,179431,1000,1000,0,0,0,""
765633,DATA,50.8,0.0, 0, 0,181620,1000,1000,0,0,0,""
766134,DATA,50.8,0.0, 0, 0,179434,1000,1000,0,0,0,""
766635,DATA,50.8,0.0, 0, 0,181212,1000,1000,0,0,0,""
767136,DATA,50.8,0.0, 0, 0,179421,1000,1000,0,0,0,""
767637,DATA,50.8,0.0, 0, 0,181680,1000,1000,0,0,0,""
768138,DATA,50.8,0.0, 0, 0,179301,1000,1000,0,0,0,""
768639,DATA,50.8,0.0, 0, 0,181237,1000,1000,0,0,0,""
769140,DATA,50.8,0.0, 0, 0,180004,1000,1000,0,0,0,""
769641,DATA,50.8,0.0, 0, 0,180645,1000,1000,0,0,0,""
770142,DATA,50.8,0.0, 0, 0,179443,1000,1000,0,0,0,""
770643,DATA,50.8,0.0, 0, 0,181629,1000,1000,0,0,0,""
771144,DATA,50.8,0.0, 0, 0,178821,1000,1000,0,0,0,""
771645,DATA,50.8,2.0, 0, 0,180481,1000,1000,0,0,0,""
772146,DATA,50.8,0.0, 0, 0,180036,1000,1000,0,0,0,""
772647,DATA,50.8,0.0, 0, 0,181082,1000,1000,0,0,0,""
773148,DATA,50.8,0.0, 0, 0,180020,1000,1000,0,0,0,""
773649,DATA,50.5,-2.1, 0, 0,180493,1000,1000,0,0,0,""
774150,DATA,50.5,-2.1, 0, 0,179287,1000,1000,0,0,0,""
774651,DATA,50.5,-2.0, 0, 0,180483,1000,1000,0,0,0,""
775152,DATA,50.5,0.0, 0, 0,179280,1000,1000,0,0,0,""
775653,DATA,50.8,2.1, 0, 0,180599,1000,1000,0,0,0,""
776154,DATA,50.5,0.0, 0, 0,180023,1000,1000,0,0,0,""
776655,DATA,50.5,0.0, 0, 0,181636,1000,1000,0,0,0,""
777156,DATA,50.8,2.1, 0, 0,179449,1000,1000,0,0,0,""
777657,DATA,50.5,0.0, 0, 0,181221,1000,1000,0,0,0,""
778158,DATA,50.5,0.0, 0, 0,179431,1000,1000,0,0,0,""
778659,DATA,50.5,0.0, 0, 0,181228,1000,1000,0,0,0,""
779160,DATA,50.5,0.0, 0, 0,180032,1000,1000,0,0,0,""
779661,DATA,50.5,0.0, 0, 0,181783,1000,1000,0,0,0,""
780162,DATA,50.5,0.0, 0, 0,178848,1000,1000,0,0,0,""
780663,DATA,50.5,0.0, 0, 0,181180,1000,1000,0,0,0,""
781164,DATA,50.5,0.0, 0, 0,179429,1000,1000,0,0,0,""
781665,DATA,50.2,-2.1, 0, 0,181645,1000,1000,0,0,0,""
782166,DATA,50.5,0.0, 0, 0,180610,1000,1000,0,0,0,""
782667,DATA,50.2,-2.1, 0, 0,181685,1000,1000,0,0,0,""
783168,DATA,50.5,2.1, 0, 0,179852,1000,1000,0,0,0,""
783669,DATA,50.2,0.0, 0, 0,181084,1000,1000,0,0,0,""
784170,DATA,50.2,-2.1, 0, 0,179872,1000,1000,0,0,0,""
784671,DATA,50.5,0.0, 0, 0,181072,1000,1000,0,0,0,""
785172,DATA,50.2,0.0, 0, 0,180446,1000,1000,0,0,0,""
785673,DATA,50.5,2.1, 0, 0,181233,1000,1000,0,0,0,""
786174,DATA,50.2,0.0, 0, 0,179306,1000,1000,0,0,0,""
786675,DATA,50.2,0.0, 0, 0,180460,1000,1000,0,0,0,""
787176,DATA,50.2,0.0, 0, 0,179852,1000,1000,0,0,0,""
787677,DATA,50.2,0.0, 0, 0,182252,1000,1000,0,0,0,""
788178,DATA,50.5,2.1, 0, 0,179895,1000,1000,0,0,0,""
788679,DATA,50.2,0.0, 0, 0,181091,1000,1000,0,0,0,""
789180,DATA,50.2,0.0, 0, 0,179443,1000,1000,0,0,0,""
789681,DATA,50.2,0.0, 0, 0,181207,1000,1000,0,0,0,""
790182,DATA,50.2,0.0, 0, 0,180019,1000,1000,0,0,0,""
790683,DATA,50.2,0.0, 0, 0,181228,1000,1000,0,0,0,""
791184,DATA,50.2,0.0, 0, 0,180468,1000,1000,0,0,0,""
791685,DATA,50.2,0.0, 0, 0,180498,1000,1000,0,0,0,""
792186,DATA,50.2,0.0, 0, 0,179431,1000,1000,0,0,0,""
792687,DATA,50.0,-2.0, 0, 0,181054,1000,1000,0,0,0,""
793188,DATA,50.2,0.0, 0, 0,179466,1000,1000,0,0,0,""
793689,DATA,50.2,0.0, 0, 0,181779,1000,1000,0,0,0,""
794190,DATA,50.0,-2.1, 0, 0,180475,1000,1000,0,0,0,""
794691,DATA,50.2,2.1, 0, 0,181077,1000,1000,0,0,0,""
795192,DATA,50.0,-2.1, 0, 0,180442,1000,1000,0,0,0,""
795693,DATA,50.0,0.0, 0, 0,181224,1000,1000,0,0,0,""
796194,DATA,50.0,0.0, 0, 0,179847,1000,1000,0,0,0,""
796695,DATA,50.0,0.0, 0, 0,181070,1000,1000,0,0,0,""
797196,DATA,50.0,0.0, 0, 0,180455,1000,1000,0,0,0,""
797697,DATA,50.0,0.0, 0, 0,181229,1000,1000,0,0,0,""
798198,DATA,50.0,0.0, 0, 0,179892,1000,1000,0,0,0,""
798699,DATA,50.0,0.0, 0, 0,181231,1000,1000,0,0,0,""
799200,DATA,50.0,0.0, 0, 0,179278,1000,1000,0,0,0,""
799701,DATA,50.0,0.0, 0, 0,181206,1000,1000,0,0,0,""
800202,DATA,50.0,0.0, 0, 0,179264,1000,1000,0,0,0,""
800703,DATA,50.0,0.0, 0, 0,181825,1000,1000,0,0,0,""
801204,DATA,50.0,0.0, 0, 0,179290,1000,1000,0,0,0,""
801705,DATA,50.0,0.0, 0, 0,181667,1000,1000,0,0,0,""
802206,DATA,50.0,0.0, 0, 0,179866,1000,1000,0,0,0,""
802707,DATA,50.0,0.0, 0, 0,181228,1000,1000,0,0,0,""
803208,DATA,50.0,0.0, 0, 0,180034,1000,1000,0,0,0,""
803709,DATA,50.0,0.0, 0, 0,181212,1000,1000,0,0,0,""
804210,DATA,50.0,0.0, 0, 0,179436,1000,1000,0,0,0,""
804711,DATA,50.0,0.0, 0, 0,181214,1000,1000,0,0,0,""
805212,DATA,50.0,0.0, 0, 0,179443,1000,1000,0,0,0,""
805713,DATA,50.0,0.0, 0, 0,181667,1000,1000,0,0,0,""
806214,DATA,50.0,0.0, 0, 0,180004,1000,1000,0,0,0,""
806715,DATA,50.0,0.0, 0, 0,181075,1000,1000,0,0,0,""
807216,DATA,50.0,2.1, 0, 0,179852,1000,1000,0,0,0,""
807717,DATA,49.7,-2.0, 0, 0,181064,1000,1000,0,0,0,""
808218,DATA,50.0,0.0, 0, 0,179262,1000,1000,0,0,0,""
808719,DATA,50.0,0.0, 0, 0,180644,1000,1000,0,0,0,""
809220,DATA,50.0,2.1, 0, 0,179891,1000,1000,0,0,0,""
809721,DATA,49.7,0.0, 0, 0,180641,1000,1000,0,0,0,""
810222,DATA,49.7,0.0, 0, 0,180002,1000,1000,0,0,0,""
810723,DATA,49.7,0.0, 0, 0,181658,1000,1000,0,0,0,""
811224,DATA,49.7,0.0, 0, 0,180011,1000,1000,0,0,0,""
811725,DATA,49.7,0.0, 0, 0,181638,1000,1000,0,0,0,""
812226,DATA,49.7,0.0, 0, 0,179280,1000,1000,0,0,0,""
812727,DATA,49.7,0.0, 0, 0,181052,1000,1000,0,0,0,""
813228,DATA,49.7,0.0, 0, 0,103875,1000,1000,0,0,0,""
813729,DATA,49.7,0.0, 0, 0,181059,1000,1000,0,0,0,""
814230,DATA,49.2,0.0, 0, 0,180007,1000,1000,0,0,0,""
814731,DATA,49.7,2.1, 0, 0,181793,1000,1000,0,0,0,""
815232,DATA,49.7,0.0, 0, 0,178690,1000,1000,0,0,0,""
815733,DATA,49.5,0.0, 0, 0,181217,1000,1000,0,0,0,""
816234,DATA,49.2,-2.1, 0, 0,179861,1000,1000,0,0,0,""
816735,DATA,49.5,0.0, 0, 0,181231,1000,1000,0,0,0,""
817236,DATA,49.5,0.0, 0, 0,180016,1000,1000,0,0,0,""
817737,DATA,49.5,0.0, 0, 0,181233,1000,1000,0,0,0,""
818238,DATA,49.5,0.0, 0, 0,179880,1000,1000,0,0,0,""
818739,DATA,49.5,0.0, 0, 0,181229,1000,1000,0,0,0,""
819240,DATA,49.5,0.0, 0, 0,180032,1000,1000,0,0,0,""
819741,DATA,49.5,2.0, 0, 0,181061,1000,1000,0,0,0,""
820242,DATA,49.2,0.0, 0, 0,179431,1000,1000,0,0,0,""
820743,DATA,49.5,2.1, 0, 0,181620,1000,1000,0,0,0,""
821244,DATA,49.5,0.0, 0, 0,179895,1000,1000,0,0,0,""
821745,DATA,49.5,0.0, 0, 0,181231,1000,1000,0,0,0,""
822246,DATA,49.2,-2.1, 0, 0,180461,1000,1000,0,0,0,""
822747,DATA,49.5,0.0, 0, 0,181210,1000,1000,0,0,0,""
823248,DATA,49.5,0.0, 0, 0,180457,1000,1000,0,0,0,""
823749,DATA,49.5,0.0, 0, 0,181219,1000,1000,0,0,0,""
824250,DATA,49.5,0.0, 0, 0,179429,1000,1000,0,0,0,""
824751,DATA,49.5,0.0, 0, 0,181216,1000,1000,0,0,0,""
825252,DATA,49.2,-2.1, 0, 0,179290,1000,1000,0,0,0,""
825753,DATA,49.5,0.0, 0, 0,180621,1000,1000,0,0,0,""
826254,DATA,49.5,2.1, 0, 0,179282,1000,1000,0,0,0,""
826755,DATA,49.2,0.0, 0, 0,181229,1000,1000,0,0,0,""
827256,DATA,49.5,0.0, 0, 0,179433,1000,1000,0,0,0,""
827757,DATA,49.5,0.0, 0, 0,181223,1000,1000,0,0,0,""
828258,DATA,49.5,2.1, 0, 0,179294,1000,1000,0,0,0,""
828759,DATA,49.2,0.0, 0, 0,181237,1000,1000,0,0,0,""
829260,DATA,49.2,0.0, 0, 0,180004,1000,1000,0,0,0,""
829761,DATA,49.2,0.0, 0, 0,181775,1000,1000,0,0,0,""
830262,DATA,49.2,0.0, 0, 0,179269,1000,1000,0,0,0,""
830763,DATA,49.2,0.0, 0, 0,181231,1000,1000,0,0,0,""
831264,DATA,49.2,0.0, 0, 0,179454,1000,1000,0,0,0,""
831765,DATA,49.2,0.0, 0, 0,181208,1000,1000,0,0,0,""
832266,DATA,49.2,0.0, 0, 0,179275,1000,1000,0,0,0,""
832767,DATA,49.2,0.0, 0, 0,181088,1000,1000,0,0,0,""
833268,DATA,49.2,0.0, 0, 0,179271,1000,1000,0,0,0,""
833769,DATA,49.2,0.0, 0, 0,180646,1000,1000,0,0,0,""
834270,DATA,49.2,0.0, 0, 0,180602,1000,1000,0,0,0,""
834771,DATA,49.2,0.0, 0, 0,181190,1000,1000,0,0,0,""
835272,DATA,49.2,0.0, 0, 0,179884,1000,1000,0,0,0,""
835773,DATA,49.2,0.0, 0, 0,181194,1000,1000,0,0,0,""
836274,DATA,49.2,0.0, 0, 0,179859,1000,1000,0,0,0,""
836775,DATA,49.2,0.0, 0, 0,176471,1000,1000,0,0,0,""
837276,DATA,49.2,0.0, 0, 0, 0,1000,1000,0,0,0,""
837777,DATA,49.2,0.0, 0, 0, 0,1000,1000,0,0,0,""
838278,DATA,49.2,0.0, 0, 0, 0,1000,1000,0,0,0,""
838779,DATA,49.2,0.0, 0, 0,3563,1000,1000,0,0,0,""
839280,DATA,49.2,0.0, 0, 0, 0,1000,1000,0,0,0,""
839781,DATA,49.2,0.0, 0, 0,37636,1000,1000,0,0,0,""
840282,DATA,49.2,0.0, 0, 0,180442,1000,1000,0,0,0,""
840783,DATA,49.2,0.0, 0, 0,181663,1000,1000,0,0,0,""
841284,DATA,49.0,-2.1, 0, 0,104480,1000,1000,0,0,0,""
841785,DATA,49.2,0.0, 0, 0,181834,1000,1000,0,0,0,""
842286,DATA,49.2,2.1, 0, 0,180456,1000,1000,0,0,0,""
842787,DATA,49.0,-2.1, 0, 0,181651,1000,1000,0,0,0,""
843288,DATA,49.0,-2.1, 0, 0,179874,1000,1000,0,0,0,""
843789,DATA,49.2,0.0, 0, 0,122894,1000,1000,0,0,0,""
844290,DATA,49.0,-2.1, 0, 0,165613,1000,1000,0,0,0,""
844791,DATA,49.0,-2.1, 0, 0,594,1000,1000,0,0,0,""
845292,DATA,49.0,0.0, 0, 0,1188,1000,1000,0,0,0,""
845793,DATA,49.2,0.0, 0, 0,182979,1000,1000,0,0,0,""
846294,DATA,49.2,2.1, 0, 0, 0,1000,1000,0,0,0,""
846795,DATA,49.2,2.0, 0, 0, 0,1000,1000,0,0,0,""
847296,DATA,49.0,0.0, 0, 0,2971,1000,1000,0,0,0,""
847797,DATA,49.0,0.0, 0, 0, 0,1000,1000,0,0,0,""
848298,DATA,49.0,0.0, 0, 0,4157,1000,1000,0,0,0,""
848799,DATA,49.0,0.0, 0, 0,6537,1000,1000,0,0,0,""
849300,DATA,49.0,0.0, 0, 0,1177,1000,1000,0,0,0,""
849801,DATA,49.0,0.0, 0, 0,3530,1000,1000,0,0,0,""
850302,DATA,49.0,0.0, 0, 0,6472,1000,1000,0,0,0,""
850803,DATA,49.0,0.0, 0, 0,7061,1000,1000,0,0,0,""
851304,DATA,49.0,0.0, 0, 0,4119,1000,1000,0,0,0,""
851805,DATA,48.7,-2.1, 0, 0,7642,1000,1000,0,0,0,""
852306,DATA,48.7,-2.1, 0, 0,1781,1000,1000,0,0,0,""
852807,DATA,49.0,0.0, 0, 0,4753,1000,1000,0,0,0,""
853308,DATA,49.0,0.0, 0, 0,4118,1000,1000,0,0,0,""
853809,DATA,49.0,0.0, 0, 0,2942,1000,1000,0,0,0,""
854310,DATA,49.0,0.0, 0, 0,1177,1000,1000,0,0,0,""
854811,DATA,49.0,2.1, 0, 0, 0,1000,1000,0,0,0,""
855312,DATA,48.7,-2.1, 0, 0,181075,1000,1000,0,0,0,""
855813,DATA,49.0,0.0, 0, 0,182418,1000,1000,0,0,0,""
856314,DATA,48.7,0.0, 0, 0,181201,1000,1000,0,0,0,""
856815,DATA,48.7,0.0, 0, 0,182239,1000,1000,0,0,0,""
857316,DATA,49.0,2.1, 0, 0,179858,1000,1000,0,0,0,""
857817,DATA,49.0,0.0, 0, 0,181825,1000,1000,0,0,0,""
858318,DATA,48.7,0.0, 0, 0,177687,1000,1000,0,0,0,""
858819,DATA,48.7,-2.0, 0, 0,182995,1000,1000,0,0,0,""
859320,DATA,49.0,2.1, 0, 0,181058,1000,1000,0,0,0,""
859821,DATA,49.0,2.1, 0, 0,183005,1000,1000,0,0,0,""
860322,DATA,48.7,0.0, 0, 0,182233,1000,1000,0,0,0,""
860823,DATA,48.7,0.0, 0, 0,182391,1000,1000,0,0,0,""
861324,DATA,48.7,-2.1, 0, 0,181022,1000,1000,0,0,0,""
861825,DATA,48.7,0.0, 0, 0,183010,1000,1000,0,0,0,""
862326,DATA,48.7,0.0, 0, 0,181619,1000,1000,0,0,0,""
862827,DATA,48.7,0.0, 0, 0,182412,1000,1000,0,0,0,""
863328,DATA,48.7,0.0, 0, 0,181043,1000,1000,0,0,0,""
863829,DATA,48.7,0.0, 0, 0,182261,1000,1000,0,0,0,""
864330,DATA,48.7,0.0, 0, 0,181804,1000,1000,0,0,0,""
864831,DATA,48.7,0.0, 0, 0,170478,1000,1000,0,0,0,""
865332,DATA,48.7,0.0, 0, 0,1782,1000,1000,0,0,0,""
865833,DATA,48.7,0.0, 0, 0,77070,1000,1000,0,0,0,""
866334,DATA,48.7,2.1, 0, 0,40005,1000,1000,0,0,0,""
866835,DATA,48.7,0.0, 0, 0,18240,1000,1000,0,0,0,""
867336,DATA,48.7,0.0, 0, 0, 0,1000,1000,0,0,0,""
867837,DATA,48.7,0.0, 0, 0,36476,1000,1000,0,0,0,""
868338,DATA,48.7,2.1, 0, 0,178262,1000,1000,0,0,0,""
868839,DATA,48.5,-2.1, 0, 0,179282,1000,1000,0,0,0,""
869340,DATA,48.7,0.0, 0, 0,177501,1000,1000,0,0,0,""
869841,DATA,48.5,-2.1, 0, 0,179276,1000,1000,0,0,0,""
870342,DATA,48.5,-2.1, 0, 0,177474,1000,1000,0,0,0,""
870843,DATA,48.7,0.0, 0, 0,178837,1000,1000,0,0,0,""
871344,DATA,48.5,-2.1, 0, 0,178117,1000,1000,0,0,0,""
871845,DATA,48.7,0.0, 0, 0,178281,1000,1000,0,0,0,""
872346,DATA,48.5,0.0, 0, 0,177668,1000,1000,0,0,0,""
872847,DATA,48.5,0.0, 0, 0,179315,1000,1000,0,0,0,""
873348,DATA,48.7,0.0, 0, 0,178235,1000,1000,0,0,0,""
873849,DATA,48.7,2.0, 0, 0,179275,1000,1000,0,0,0,""
874350,DATA,48.5,0.0, 0, 0,177634,1000,1000,0,0,0,""
874851,DATA,48.5,0.0, 0, 0,180039,1000,1000,0,0,0,""
875352,DATA,48.5,0.0, 0, 0, 0,1000,1000,0,0,0,""
875853,DATA,48.5,0.0, 0, 0,1764,1000,1000,0,0,0,""
876354,DATA,48.5,0.0, 0, 0, 0,1000,1000,0,0,0,""
876855,DATA,48.5,0.0, 0, 0, 0,1000,1000,0,0,0,""
877356,DATA,48.5,0.0, 0, 0, 0,1000,1000,0,0,0,""
877857,DATA,48.5,0.0, 0, 0,178084,1000,1000,0,0,0,""
878358,DATA,48.5,0.0, 0, 0,158050,1000,1000,0,0,0,""
878859,DATA,48.5,0.0, 0, 0,177513,1000,1000,0,0,0,""
879360,DATA,48.5,0.0, 0, 0,176298,1000,1000,0,0,0,""
879861,DATA,48.5,0.0, 0, 0,128824,1000,1000,0,0,0,""
880362,DATA,48.5,0.0, 0, 0,176905,1000,1000,0,0,0,""
880863,DATA,48.5,0.0, 0, 0,177657,1000,1000,0,0,0,""
881364,DATA,48.5,0.0, 0, 0,175906,1000,1000,0,0,0,""
881865,DATA,48.5,0.0, 0, 0,177671,1000,1000,0,0,0,""
882366,DATA,48.5,0.0, 0, 0,177523,1000,1000,0,0,0,""
882867,DATA,48.5,0.0, 0, 0,180045,1000,1000,0,0,0,""
883368,DATA,48.5,0.0, 0, 0,176474,1000,1000,0,0,0,""
883869,DATA,48.5,0.0, 0, 0,177104,1000,1000,0,0,0,""
884370,DATA,48.5,0.0, 0, 0,176946,1000,1000,0,0,0,""
884871,DATA,48.5,0.0, 0, 0,178271,1000,1000,0,0,0,""
885372,DATA,48.5,0.0, 0, 0,176483,1000,1000,0,0,0,""
885873,DATA,48.5,0.0, 0, 0,177692,1000,1000,0,0,0,""
886374,DATA,48.5,0.0, 0, 0,176337,1000,1000,0,0,0,""
886875,DATA,48.3,-2.1, 0, 0,178126,1000,1000,0,0,0,""
887376,DATA,48.5,0.0, 0, 0,161611,1000,1000,0,0,0,""
887877,DATA,48.3,-2.1, 0, 0, 0,1000,1000,0,0,0,""
888378,DATA,48.3,-2.1, 0, 0, 0,1000,1000,0,0,0,""
888879,DATA,48.3,0.0, 0, 0, 0,1000,1000,0,0,0,""
889380,DATA,48.3,0.0, 0, 0,6536,1000,1000,0,0,0,""
889881,DATA,48.3,0.0, 0, 0, 0,1000,1000,0,0,0,""
890382,DATA,48.3,0.0, 0, 0,594,1000,1000,0,0,0,""
890883,DATA,48.5,0.0, 0, 0, 0,1000,1000,0,0,0,""
891384,DATA,48.3,-2.1, 0, 0,1188,1000,1000,0,0,0,""
891885,DATA,48.3,0.0, 0, 0,8319,1000,1000,0,0,0,""
892386,DATA,48.3,0.0, 0, 0, 0,1000,1000,0,0,0,""
892887,DATA,48.3,-2.1, 0, 0, 0,1000,1000,0,0,0,""
893388,DATA,48.3,0.0, 0, 0,177629,1000,1000,0,0,0,""
893889,DATA,48.3,0.0, 0, 0,178828,1000,1000,0,0,0,""
894390,DATA,48.3,0.0, 0, 0,23532,1000,1000,0,0,0,""
894891,DATA,48.3,0.0, 0, 0, 0,1000,1000,0,0,0,""
895392,DATA,48.3,0.0, 0, 0, 0,1000,1000,0,0,0,""
895893,DATA,48.3,0.0, 0, 0, 0,1000,1000,0,0,0,""
896394,DATA,48.3,0.0, 0, 0, 0,1000,1000,0,0,0,""
896895,DATA,48.3,0.0, 0, 0, 0,1000,1000,0,0,0,""
897396,DATA,48.3,0.0, 0, 0, 0,1000,1000,0,0,0,""
897897,DATA,48.3,0.0, 0, 0,2971,1000,1000,0,0,0,""
898398,DATA,48.3,0.0, 0, 0, 0,1000,1000,0,0,0,""
898899,DATA,48.3,0.0, 0, 0, 0,1000,1000,0,0,0,""
899400,DATA,48.3,0.0, 0, 0, 0,1000,1000,0,0,0,""
899901,DATA,48.3,0.0, 0, 0, 0,1000,1000,0,0,0,""
900402,DATA,48.3,0.0, 0, 0, 0,1000,1000,0,0,0,""
900903,DATA,48.3,0.0, 0, 0, 0,1000,1000,0,0,0,""
901404,DATA,48.3,0.0, 0, 0, 0,1000,1000,0,0,0,""
901905,DATA,48.0,-2.1, 0, 0, 0,1000,1000,0,0,0,""
902406,DATA,48.3,0.0, 0, 0, 0,1000,1000,0,0,0,""
902907,DATA,48.3,0.0, 0, 0,1188,1000,1000,0,0,0,""
903408,DATA,48.3,0.0, 0, 0, 0,1000,1000,0,0,0,""
903909,DATA,48.3,2.0, 0, 0, 0,1000,1000,0,0,0,""
904410,DATA,48.3,2.1, 0, 0, 0,1000,1000,0,0,0,""
904911,DATA,48.0,0.0, 0, 0,4117,1000,1000,0,0,0,""
905412,DATA,48.0,0.0, 0, 0, 0,1000,1000,0,0,0,""
905913,DATA,48.3,0.0, 0, 0, 0,1000,1000,0,0,0,""
906414,DATA,48.0,0.0, 0, 0, 0,1000,1000,0,0,0,""
906915,DATA,48.0,0.0, 0, 0, 0,1000,1000,0,0,0,""
907416,DATA,48.3,2.1, 0, 0, 0,1000,1000,0,0,0,""
907917,DATA,48.0,0.0, 0, 0, 0,1000,1000,0,0,0,""
908418,DATA,48.3,0.0, 0, 0, 0,1000,1000,0,0,0,""
908919,DATA,48.0,0.0, 0, 0, 0,1000,1000,0,0,0,""
909420,DATA,48.0,0.0, 0, 0, 0,1000,1000,0,0,0,""
909921,DATA,48.3,2.0, 0, 0,1783,1000,1000,0,0,0,""
910422,DATA,48.0,0.0, 0, 0,2942,1000,1000,0,0,0,""
910923,DATA,48.0,0.0, 0, 0,8237,1000,1000,0,0,0,""
911424,DATA,48.0,0.0, 0, 0, 0,1000,1000,0,0,0,""
911925,DATA,48.0,0.0, 0, 0, 0,1000,1000,0,0,0,""
912426,DATA,48.0,0.0, 0, 0, 0,1000,1000,0,0,0,""
912927,DATA,48.0,0.0, 0, 0,588,1000,1000,0,0,0,""
913428,DATA,48.0,0.0, 0, 0, 0,1000,1000,0,0,0,""
913929,DATA,48.0,0.0, 0, 0, 0,1000,1000,0,0,0,""
914931,DATA,48.0,0.0, 0, 0, 0,1000,1000,0,0,0,""
915432,DATA,48.0,0.0, 0, 0,594,1000,1000,0,0,0,""
915933,DATA,48.0,0.0, 0, 0,594,1000,1000,0,0,0,""
916434,DATA,48.0,0.0, 0, 0, 0,1000,1000,0,0,0,""
916935,DATA,48.0,0.0, 0, 0, 0,1000,1000,0,0,0,""
917436,DATA,48.0,0.0, 0, 0,594,1000,1000,0,0,0,""
917937,DATA,48.0,0.0, 0, 0, 0,1000,1000,0,0,0,""
918438,DATA,48.0,0.0, 0, 0, 0,1000,1000,0,0,0,""
918939,DATA,48.0,2.0, 0, 0, 0,1000,1000,0,0,0,""
919440,DATA,48.0,0.0, 0, 0, 0,1000,1000,0,0,0,""
919941,DATA,48.0,0.0, 0, 0, 0,1000,1000,0,0,0,""
920442,DATA,48.0,0.0, 0, 0, 0,1000,1000,0,0,0,""
920943,DATA,47.7,-2.1, 0, 0, 0,1000,1000,0,0,0,""
921444,DATA,47.7,0.0, 0, 0, 0,1000,1000,0,0,0,""
921945,DATA,48.0,0.0, 0, 0, 0,1000,1000,0,0,0,""
922446,DATA,48.0,0.0, 0, 0, 0,1000,1000,0,0,0,""
922947,DATA,48.0,2.1, 0, 0, 0,1000,1000,0,0,0,""
923448,DATA,48.0,2.1, 0, 0, 0,1000,1000,0,0,0,""
923949,DATA,48.0,2.1, 0, 0,588,1000,1000,0,0,0,""
924450,DATA,47.7,-2.1, 0, 0, 0,1000,1000,0,0,0,""
924951,DATA,47.7,-2.0, 0, 0, 0,1000,1000,0,0,0,""
925452,DATA,47.7,-2.1, 0, 0,594,1000,1000,0,0,0,""
925953,DATA,47.7,0.0, 0, 0,1188,1000,1000,0,0,0,""
926454,DATA,47.7,0.0, 0, 0, 0,1000,1000,0,0,0,""
926955,DATA,47.7,0.0, 0, 0,1783,1000,1000,0,0,0,""
927456,DATA,47.7,0.0, 0, 0, 0,1000,1000,0,0,0,""
927957,DATA,47.7,0.0, 0, 0, 0,1000,1000,0,0,0,""
928458,DATA,47.7,0.0, 0, 0,594,1000,1000,0,0,0,""
928959,DATA,47.7,0.0, 0, 0, 0,1000,1000,0,0,0,""
929460,DATA,47.7,0.0, 0, 0,1188,1000,1000,0,0,0,""
929961,DATA,47.7,0.0, 0, 0, 0,1000,1000,0,0,0,""
930462,DATA,47.7,0.0, 0, 0,588,1000,1000,0,0,0,""
930963,DATA,47.7,0.0, 0, 0, 0,1000,1000,0,0,0,""
931464,DATA,47.7,0.0, 0, 0,594,1000,1000,0,0,0,""
931965,DATA,47.7,0.0, 0, 0,4707,1000,1000,0,0,0,""
932466,DATA,47.7,0.0, 0, 0, 0,1000,1000,0,0,0,""
932967,DATA,47.7,0.0, 0, 0,11877,1000,1000,0,0,0,""
933468,DATA,47.7,0.0, 0, 0,40402,1000,1000,0,0,0,""
933969,DATA,47.7,0.0, 0, 0,5884,1000,1000,0,0,0,""
934470,DATA,47.7,0.0, 0, 0, 0,1000,1000,0,0,0,""
934971,DATA,47.7,0.0, 0, 0, 0,1000,1000,0,0,0,""
935472,DATA,47.7,0.0, 0, 0, 0,1000,1000,0,0,0,""
935973,DATA,47.5,-2.1, 0, 0, 0,1000,1000,0,0,0,""
936474,DATA,47.7,2.1, 0, 0,11884,1000,1000,0,0,0,""
936975,DATA,47.7,0.0, 0, 0, 0,1000,1000,0,0,0,""
937476,DATA,47.7,0.0, 0, 0,17222,1000,1000,0,0,0,""
937977,DATA,47.5,-2.1, 0, 0,2375,1000,1000,0,0,0,""
938478,DATA,47.7,0.0, 0, 0, 0,1000,1000,0,0,0,""
938979,DATA,47.7,2.1, 0, 0, 0,1000,1000,0,0,0,""
939480,DATA,47.5,0.0, 0, 0, 0,1000,1000,0,0,0,""
939981,DATA,47.5,-2.0, 0, 0, 0,1000,1000,0,0,0,""
940482,DATA,47.7,0.0, 0, 0, 0,1000,1000,0,0,0,""
940983,DATA,47.5,0.0, 0, 0, 0,1000,1000,0,0,0,""
941484,DATA,47.5,-2.1, 0, 0, 0,1000,1000,0,0,0,""
941985,DATA,47.5,0.0, 0, 0, 0,1000,1000,0,0,0,""
942486,DATA,47.5,0.0, 0, 0, 0,1000,1000,0,0,0,""
942987,DATA,47.5,0.0, 0, 0, 0,1000,1000,0,0,0,""
943488,DATA,47.5,0.0, 0, 0, 0,1000,1000,0,0,0,""
943989,DATA,47.5,0.0, 0, 0, 0,1000,1000,0,0,0,""
944490,DATA,47.5,0.0, 0, 0, 0,1000,1000,0,0,0,""
944991,DATA,47.5,0.0, 0, 0, 0,1000,1000,0,0,0,""
945492,DATA,47.5,0.0, 0, 0, 0,1000,1000,0,0,0,""
945993,DATA,47.5,0.0, 0, 0, 0,1000,1000,0,0,0,""
946494,DATA,47.5,0.0, 0, 0, 0,1000,1000,0,0,0,""
946995,DATA,47.5,0.0, 0, 0, 0,1000,1000,0,0,0,""
947496,DATA,47.2,-2.1, 0, 0, 0,1000,1000,0,0,0,""
947997,DATA,47.2,-2.1, 0, 0, 0,1000,1000,0,0,0,""
948498,DATA,47.5,0.0, 0, 0, 0,1000,1000,0,0,0,""
948999,DATA,47.5,0.0, 0, 0, 0,1000,1000,0,0,0,""
949500,DATA,47.5,0.0, 0, 0, 0,1000,1000,0,0,0,""
950001,DATA,47.2,-2.1, 0, 0, 0,1000,1000,0,0,0,""
950502,DATA,47.2,0.0, 0, 0, 0,1000,1000,0,0,0,""
951003,DATA,47.2,0.0, 0, 0, 0,1000,1000,0,0,0,""
951504,DATA,47.2,-2.1, 0, 0, 0,1000,1000,0,0,0,""
952005,DATA,47.5,2.0, 0, 0, 0,1000,1000,0,0,0,""
952506,DATA,47.2,0.0, 0, 0, 0,1000,1000,0,0,0,""
952755,EVENT,47.5,2.1, 0, 0, 0,1000,1000,0,0,0,"CONFIG_LOADED"
953007,DATA,47.2,0.0, 0, 0, 0,1000,1000,0,0,0,""
953508,DATA,47.2,0.0, 0, 0, 0,1000,1000,0,0,0,""
954009,DATA,47.2,0.0, 0, 0, 0,1000,1000,0,0,0,""
954510,DATA,47.2,0.0, 0, 0, 0,1000,1000,0,0,0,""
955011,DATA,47.0,-2.1, 0, 0, 0,1000,1000,0,0,0,""
955512,DATA,47.2,0.0, 0, 0, 0,1000,1000,0,0,0,""
956013,DATA,47.2,0.0, 0, 0, 0,1000,1000,0,0,0,""
956360,EVENT,47.2,0.0, 0, 0, 0,1000,1000,0,0,0,"STARTER 1200"
956517,DATA,47.2,0.0, 0, 0, 0,1000,1037,0,0,0,""
957037,DATA,46.5,6.2, 0, 0, 0,1000,1153,0,0,0,""
957537,DATA,46.5,-2.1,1404,1464,605,1000,1200,0,0,0,""
958037,DATA,46.7,0.0,1869,1574,600,1000,1200,0,0,0,""
958537,DATA,46.7,0.0,2186,1819,10201,1000,1200,0,0,0,""
959037,DATA,46.7,0.0,2321,2038,600,1000,1200,0,0,0,""
959537,DATA,46.7,0.0,2373,2190,600,1000,1200,0,0,0,""
959667,EVENT,46.7,0.0,2383,2233, 0,1000,1200,0,0,0,"STARTER OFF"
960057,DATA,46.7,2.1,2167,2236,500,1000,1102,0,0,0,""
960577,DATA,46.0,0.0,1706,2076,500,1000,1015,0,0,0,""
961077,DATA,47.0,-2.1,1511,1833, 0,1000,1000,0,0,0,""
961577,DATA,47.2,0.0,1448,1659,600,1000,1000,0,0,0,""
962077,DATA,47.2,0.0,1426,1552, 0,1000,1000,0,0,0,""
962484,EVENT,47.0,-2.1,1419,1499, 0,1000,1000,0,0,0,"STARTER 1200"
962597,DATA,47.0,0.0,1415,1489, 0,1000,1024,0,0,0,""
963117,DATA,46.0,0.0,1222,1415,1000,1000,1146,0,0,0,""
963617,DATA,46.7,2.1,1367,1351,605,1000,1200,0,0,0,""
964117,DATA,46.7,0.0,1813,1478, 0,1000,1200,0,0,0,""
964617,DATA,46.5,-2.1,2206,1808,600,1000,1200,0,0,0,""
964788,EVENT,46.7,2.1,2240,1860,1200,1000,1200,0,0,0,"STARTER OFF"
965137,DATA,46.5,-2.1,2080,1949,500,1000,1111,0,0,0,""
965657,DATA,46.0,0.0,1595,1869,500,1000,1020,0,0,0,""
966157,DATA,47.2,2.1,1375,1662, 0,1000,1000,0,0,0,""
966657,DATA,47.0,0.0,1310,1504, 0,1000,1000,0,0,0,""
967157,DATA,47.0,0.0,1288,1405, 0,1000,1000,0,0,0,""
967657,DATA,47.0,0.0,1280,1347, 0,1000,1000,0,0,0,""
968157,DATA,47.0,2.1,525,965,32401,1000,1000,0,0,0,""
968657,DATA,47.0,0.0,175,477, 0,1000,1000,0,0,0,""
969157,DATA,47.0,0.0, 0, 0, 0,1000,1000,0,0,0,""
969657,DATA,47.0,0.0, 0, 0, 0,1000,1000,0,0,0,""
970157,DATA,47.0,0.0, 0, 0,20400,1000,1000,0,0,0,""
970657,DATA,47.0,0.0, 0, 0,50397,1000,1000,0,0,0,""
971157,DATA,47.0,0.0, 0, 0, 0,1000,1000,0,0,0,""
971657,DATA,47.0,0.0, 0, 0, 0,1000,1000,0,0,0,""
972157,DATA,47.0,0.0, 0, 0,2400,1000,1000,0,0,0,""
972657,DATA,47.0,0.0, 0, 0,14400,1000,1000,0,0,0,""
973157,DATA,47.0,0.0, 0, 0,41396,1000,1000,0,0,0,""
973657,DATA,47.0,0.0, 0, 0, 0,1000,1000,0,0,0,""
974157,DATA,47.0,0.0, 0, 0,103790,1000,1000,0,0,0,""
974657,DATA,47.0,0.0, 0, 0, 0,1000,1000,0,0,0,""
975157,DATA,47.0,0.0, 0, 0,107408,1000,1000,0,0,0,""
975657,DATA,47.0,0.0, 0, 0, 0,1000,1000,0,0,0,""
976157,DATA,47.0,0.0, 0, 0,76808,1000,1000,0,0,0,""
976657,DATA,47.0,0.0, 0, 0,65405,1000,1000,0,0,0,""
977157,DATA,47.0,0.0, 0, 0,600,1000,1000,0,0,0,""
977657,DATA,47.0,0.0, 0, 0, 0,1000,1000,0,0,0,""
978157,DATA,47.0,0.0, 0, 0, 0,1000,1000,0,0,0,""
978657,DATA,47.0,2.1, 0, 0,16202,1000,1000,0,0,0,""
979157,DATA,46.7,-2.1, 0, 0,2400,1000,1000,0,0,0,""
979657,DATA,47.0,0.0, 0, 0, 0,1000,1000,0,0,0,""
980157,DATA,46.7,-2.1, 0, 0,7199,1000,1000,0,0,0,""
980657,DATA,46.7,0.0, 0, 0,1200,1000,1000,0,0,0,""
981157,DATA,47.0,2.1, 0, 0, 0,1000,1000,0,0,0,""
981657,DATA,46.7,0.0, 0, 0, 0,1000,1000,0,0,0,""
982157,DATA,46.7,0.0, 0, 0, 0,1000,1000,0,0,0,""
982657,DATA,46.7,0.0, 0, 0, 0,1000,1000,0,0,0,""
983157,DATA,46.7,0.0, 0, 0,46206,1000,1000,0,0,0,""
983657,DATA,46.7,0.0, 0, 0, 0,1000,1000,0,0,0,""
984157,DATA,46.7,0.0, 0, 0, 0,1000,1000,0,0,0,""
984657,DATA,46.7,0.0, 0, 0, 0,1000,1000,0,0,0,""
985157,DATA,46.7,0.0, 0, 0, 0,1000,1000,0,0,0,""
985657,DATA,46.7,0.0, 0, 0, 0,1000,1000,0,0,0,""
986157,DATA,46.7,0.0, 0, 0, 0,1000,1000,0,0,0,""
986657,DATA,46.7,0.0, 0, 0,1800,1000,1000,0,0,0,""
987657,DATA,46.7,0.0, 0, 0, 0,1000,1000,0,0,0,""
988157,DATA,46.7,0.0, 0, 0,51006,1000,1000,0,0,0,""
988657,DATA,46.7,0.0, 0, 0,1200,1000,1000,0,0,0,""
989157,DATA,46.7,0.0, 0, 0,600,1000,1000,0,0,0,""
989657,DATA,46.7,0.0, 0, 0, 0,1000,1000,0,0,0,""
990157,DATA,46.7,0.0, 0, 0,3600,1000,1000,0,0,0,""
990657,DATA,46.7,0.0, 0, 0, 0,1000,1000,0,0,0,""
991157,DATA,46.7,0.0, 0, 0,24000,1000,1000,0,0,0,""
991657,DATA,46.7,0.0, 0, 0, 0,1000,1000,0,0,0,""
992157,DATA,46.7,0.0, 0, 0,1200,1000,1000,0,0,0,""
992657,DATA,46.5,0.0, 0, 0, 0,1000,1000,0,0,0,""
993157,DATA,46.7,2.1, 0, 0, 0,1000,1000,0,0,0,""
993657,DATA,46.7,0.0, 0, 0, 0,1000,1000,0,0,0,""
994157,DATA,46.7,2.1, 0, 0,82802,1000,1000,0,0,0,""
994657,DATA,46.5,0.0, 0, 0,26403,1000,1000,0,0,0,""
995157,DATA,46.5,0.0, 0, 0, 0,1000,1000,0,0,0,""
995657,DATA,46.7,2.1, 0, 0, 0,1000,1000,0,0,0,""
996157,DATA,46.5,0.0, 0, 0, 0,1000,1000,0,0,0,""
996657,DATA,46.5,0.0, 0, 0,39001,1000,1000,0,0,0,""
997157,DATA,46.5,0.0, 0, 0,60004,1000,1000,0,0,0,""
997657,DATA,46.5,0.0, 0, 0,47403,1000,1000,0,0,0,""
998157,DATA,46.5,0.0, 0, 0,9600,1000,1000,0,0,0,""
998657,DATA,46.5,0.0, 0, 0, 0,1000,1000,0,0,0,""
999157,DATA,46.5,0.0, 0, 0, 0,1000,1000,0,0,0,""
999657,DATA,46.5,0.0, 0, 0, 0,1000,1000,0,0,0,""
1000157,DATA,46.5,0.0, 0, 0, 0,1000,1000,0,0,0,""
1000657,DATA,46.5,2.1, 0, 0, 0,1000,1000,0,0,0,""
1001157,DATA,46.5,0.0, 0, 0,62992,1000,1000,0,0,0,""
1001657,DATA,46.5,0.0, 0, 0, 0,1000,1000,0,0,0,""
1002157,DATA,46.5,0.0, 0, 0,100210,1000,1000,0,0,0,""
1002657,DATA,46.5,0.0, 0, 0,16799,1000,1000,0,0,0,""
1003157,DATA,46.5,0.0, 0, 0,14398,1000,1000,0,0,0,""
1003657,DATA,46.5,0.0, 0, 0, 0,1000,1000,0,0,0,""
1004157,DATA,46.5,0.0, 0, 0, 0,1000,1000,0,0,0,""
1004657,DATA,46.5,0.0, 0, 0, 0,1000,1000,0,0,0,""
1005157,DATA,46.5,0.0, 0, 0,16201,1000,1000,0,0,0,""
1005657,DATA,46.5,0.0, 0, 0, 0,1000,1000,0,0,0,""
1006157,DATA,46.5,0.0, 0, 0, 0,1000,1000,0,0,0,""
1006657,DATA,46.5,0.0, 0, 0, 0,1000,1000,0,0,0,""
1007157,DATA,46.5,0.0, 0, 0, 0,1000,1000,0,0,0,""
1007657,DATA,46.5,0.0, 0, 0, 0,1000,1000,0,0,0,""
1008157,DATA,46.5,0.0, 0, 0, 0,1000,1000,0,0,0,""
1008657,DATA,46.5,0.0, 0, 0, 0,1000,1000,0,0,0,""
1009157,DATA,46.5,0.0, 0, 0, 0,1000,1000,0,0,0,""
1009657,DATA,46.5,0.0, 0, 0, 0,1000,1000,0,0,0,""
1010157,DATA,46.5,2.1, 0, 0, 0,1000,1000,0,0,0,""
1010657,DATA,46.2,0.0, 0, 0, 0,1000,1000,0,0,0,""
1011157,DATA,46.2,-2.1, 0, 0, 0,1000,1000,0,0,0,""
1011657,DATA,46.2,-2.1, 0, 0, 0,1000,1000,0,0,0,""
1012157,DATA,46.2,-2.1, 0, 0, 0,1000,1000,0,0,0,""
1012657,DATA,46.5,2.1, 0, 0, 0,1000,1000,0,0,0,""
1013157,DATA,46.2,0.0, 0, 0, 0,1000,1000,0,0,0,""
1013657,DATA,46.2,0.0, 0, 0, 0,1000,1000,0,0,0,""
1014157,DATA,46.5,2.1, 0, 0, 0,1000,1000,0,0,0,""
1014657,DATA,46.2,0.0, 0, 0, 0,1000,1000,0,0,0,""
1015157,DATA,46.2,0.0, 0, 0, 0,1000,1000,0,0,0,""
1015657,DATA,46.2,0.0, 0, 0, 0,1000,1000,0,0,0,""
1016157,DATA,46.2,0.0, 0, 0, 0,1000,1000,0,0,0,""
1016657,DATA,46.2,0.0, 0, 0, 0,1000,1000,0,0,0,""
1017157,DATA,46.2,0.0, 0, 0, 0,1000,1000,0,0,0,""
1017657,DATA,46.2,0.0, 0, 0, 0,1000,1000,0,0,0,""
1018157,DATA,46.2,0.0, 0, 0, 0,1000,1000,0,0,0,""
1018657,DATA,46.2,0.0, 0, 0, 0,1000,1000,0,0,0,""
1019157,DATA,46.5,2.1, 0, 0,4200,1000,1000,0,0,0,""
1019657,DATA,46.2,0.0, 0, 0, 0,1000,1000,0,0,0,""
1020157,DATA,46.2,0.0, 0, 0, 0,1000,1000,0,0,0,""
1020657,DATA,46.2,0.0, 0, 0, 0,1000,1000,0,0,0,""
1021157,DATA,46.2,0.0, 0, 0, 0,1000,1000,0,0,0,""
1021657,DATA,46.2,0.0, 0, 0, 0,1000,1000,0,0,0,""
1022157,DATA,46.2,0.0, 0, 0, 0,1000,1000,0,0,0,""
1022657,DATA,46.2,0.0, 0, 0, 0,1000,1000,0,0,0,""
1023157,DATA,46.2,0.0, 0, 0, 0,1000,1000,0,0,0,""
1023657,DATA,46.2,0.0, 0, 0, 0,1000,1000,0,0,0,""
1024157,DATA,46.2,0.0, 0, 0, 0,1000,1000,0,0,0,""
1024657,DATA,46.0,-2.1, 0, 0, 0,1000,1000,0,0,0,""
1025157,DATA,46.2,0.0, 0, 0, 0,1000,1000,0,0,0,""
1025657,DATA,46.2,0.0, 0, 0,21601,1000,1000,0,0,0,""
1026157,DATA,46.2,2.1, 0, 0,27597,1000,1000,0,0,0,""
1026657,DATA,46.0,0.0, 0, 0, 0,1000,1000,0,0,0,""
1027157,DATA,46.2,2.1, 0, 0,128400,1000,1000,0,0,0,""
1027657,DATA,46.2,0.0, 0, 0, 0,1000,1000,0,0,0,""
1028157,DATA,46.2,2.1, 0, 0,28202,1000,1000,0,0,0,""
1028657,DATA,46.2,2.1, 0, 0,43795,1000,1000,0,0,0,""
1029157,DATA,46.0,0.0, 0, 0, 0,1000,1000,0,0,0,""
1029657,DATA,46.0,-2.1, 0, 0, 0,1000,1000,0,0,0,""
1030157,DATA,46.0,-2.1, 0, 0,600,1000,1000,0,0,0,""
1030657,DATA,46.0,0.0, 0, 0, 0,1000,1000,0,0,0,""
1031157,DATA,46.0,0.0, 0, 0, 0,1000,1000,0,0,0,""
1031657,DATA,46.0,0.0, 0, 0,600,1000,1000,0,0,0,""
1032157,DATA,46.0,0.0, 0, 0,600,1000,1000,0,0,0,""
1032657,DATA,46.0,0.0, 0, 0, 0,1000,1000,0,0,0,""
1033157,DATA,46.0,0.0, 0, 0, 0,1000,1000,0,0,0,""
1033657,DATA,46.0,0.0, 0, 0, 0,1000,1000,0,0,0,""
1034157,DATA,46.0,0.0, 0, 0, 0,1000,1000,0,0,0,""
1034657,DATA,46.0,0.0, 0, 0, 0,1000,1000,0,0,0,""
1035157,DATA,46.0,0.0, 0, 0, 0,1000,1000,0,0,0,""
1035657,DATA,46.0,0.0, 0, 0, 0,1000,1000,0,0,0,""
1036157,DATA,46.0,0.0, 0, 0, 0,1000,1000,0,0,0,""
1036657,DATA,46.0,0.0, 0, 0, 0,1000,1000,0,0,0,""
1037157,DATA,46.0,0.0, 0, 0, 0,1000,1000,0,0,0,""
1037657,DATA,46.0,0.0, 0, 0, 0,1000,1000,0,0,0,""
1038157,DATA,46.0,0.0, 0, 0, 0,1000,1000,0,0,0,""
1038657,DATA,46.0,0.0, 0, 0, 0,1000,1000,0,0,0,""
1039157,DATA,46.0,0.0, 0, 0, 0,1000,1000,0,0,0,""
1039657,DATA,46.0,0.0, 0, 0, 0,1000,1000,0,0,0,""
1040157,DATA,46.0,0.0, 0, 0, 0,1000,1000,0,0,0,""
1040657,DATA,46.0,0.0, 0, 0, 0,1000,1000,0,0,0,""
1041157,DATA,46.0,0.0, 0, 0, 0,1000,1000,0,0,0,""
1041657,DATA,46.0,0.0, 0, 0, 0,1000,1000,0,0,0,""
1042157,DATA,46.0,0.0, 0, 0, 0,1000,1000,0,0,0,""
1042657,DATA,46.0,0.0, 0, 0, 0,1000,1000,0,0,0,""
1043157,DATA,46.0,0.0, 0, 0, 0,1000,1000,0,0,0,""
1043657,DATA,46.0,0.0, 0, 0, 0,1000,1000,0,0,0,""
1044157,DATA,46.0,0.0, 0, 0, 0,1000,1000,0,0,0,""
1044657,DATA,46.0,0.0, 0, 0, 0,1000,1000,0,0,0,""
1045157,DATA,46.0,0.0, 0, 0, 0,1000,1000,0,0,0,""
1045657,DATA,46.0,0.0, 0, 0, 0,1000,1000,0,0,0,""
1046157,DATA,46.0,0.0, 0, 0, 0,1000,1000,0,0,0,""
1046657,DATA,46.0,0.0, 0, 0, 0,1000,1000,0,0,0,""
1047157,DATA,46.0,0.0, 0, 0, 0,1000,1000,0,0,0,""
1047657,DATA,46.0,0.0, 0, 0, 0,1000,1000,0,0,0,""
1048157,DATA,46.0,0.0, 0, 0, 0,1000,1000,0,0,0,""
1048657,DATA,46.0,0.0, 0, 0, 0,1000,1000,0,0,0,""
1049157,DATA,46.0,2.1, 0, 0, 0,1000,1000,0,0,0,""
1049657,DATA,45.8,-2.1, 0, 0, 0,1000,1000,0,0,0,""
1050157,DATA,45.8,-2.1, 0, 0, 0,1000,1000,0,0,0,""
1050657,DATA,46.0,0.0, 0, 0, 0,1000,1000,0,0,0,""
1051157,DATA,46.0,2.1, 0, 0,600,1000,1000,0,0,0,""
1051657,DATA,45.8,-2.1, 0, 0, 0,1000,1000,0,0,0,""
1052157,DATA,45.8,0.0, 0, 0, 0,1000,1000,0,0,0,""
1052657,DATA,45.8,-2.1, 0, 0,600,1000,1000,0,0,0,""
1053157,DATA,45.8,0.0, 0, 0, 0,1000,1000,0,0,0,""
1053657,DATA,45.8,0.0, 0, 0,600,1000,1000,0,0,0,""
1054157,DATA,45.8,0.0, 0, 0,600,1000,1000,0,0,0,""
1054657,DATA,45.8,0.0, 0, 0, 0,1000,1000,0,0,0,""
1055157,DATA,45.8,0.0, 0, 0, 0,1000,1000,0,0,0,""
1055657,DATA,45.8,0.0, 0, 0,600,1000,1000,0,0,0,""
1056157,DATA,45.8,0.0, 0, 0, 0,1000,1000,0,0,0,""
1056657,DATA,45.8,0.0, 0, 0, 0,1000,1000,0,0,0,""
1057157,DATA,45.8,0.0, 0, 0, 0,1000,1000,0,0,0,""
1057657,DATA,45.8,0.0, 0, 0, 0,1000,1000,0,0,0,""
1058157,DATA,45.8,0.0, 0, 0, 0,1000,1000,0,0,0,""
1058657,DATA,45.8,0.0, 0, 0, 0,1000,1000,0,0,0,""
1059157,DATA,45.8,0.0, 0, 0, 0,1000,1000,0,0,0,""
1059657,DATA,45.8,0.0, 0, 0, 0,1000,1000,0,0,0,""
1060157,DATA,45.8,0.0, 0, 0, 0,1000,1000,0,0,0,""
1060657,DATA,45.5,-2.1, 0, 0, 0,1000,1000,0,0,0,""
1061157,DATA,45.5,0.0, 0, 0, 0,1000,1000,0,0,0,""
1061657,DATA,45.5,-2.1, 0, 0, 0,1000,1000,0,0,0,""
1062157,DATA,45.5,0.0, 0, 0, 0,1000,1000,0,0,0,""
1062657,DATA,45.5,0.0, 0, 0, 0,1000,1000,0,0,0,""
1063157,DATA,45.5,0.0, 0, 0, 0,1000,1000,0,0,0,""
1063657,DATA,45.5,-2.1, 0, 0, 0,1000,1000,0,0,0,""
1064157,DATA,45.5,0.0, 0, 0, 0,1000,1000,0,0,0,""
1064657,DATA,45.5,0.0, 0, 0, 0,1000,1000,0,0,0,""
1065157,DATA,45.5,0.0, 0, 0, 0,1000,1000,0,0,0,""
1065657,DATA,45.5,0.0, 0, 0, 0,1000,1000,0,0,0,""
1066157,DATA,45.5,0.0, 0, 0, 0,1000,1000,0,0,0,""
1066657,DATA,45.8,2.1, 0, 0, 0,1000,1000,0,0,0,""
1067157,DATA,45.5,0.0, 0, 0, 0,1000,1000,0,0,0,""
1067657,DATA,45.5,0.0, 0, 0, 0,1000,1000,0,0,0,""
1068157,DATA,45.5,0.0, 0, 0, 0,1000,1000,0,0,0,""
1068657,DATA,45.5,0.0, 0, 0, 0,1000,1000,0,0,0,""
1069157,DATA,45.5,0.0, 0, 0, 0,1000,1000,0,0,0,""
1069657,DATA,45.5,0.0, 0, 0, 0,1000,1000,0,0,0,""
1070157,DATA,45.5,0.0, 0, 0, 0,1000,1000,0,0,0,""
1070657,DATA,45.5,0.0, 0, 0, 0,1000,1000,0,0,0,""
1071157,DATA,45.5,0.0, 0, 0, 0,1000,1000,0,0,0,""
1071657,DATA,45.5,0.0, 0, 0, 0,1000,1000,0,0,0,""
1072157,DATA,45.5,0.0, 0, 0, 0,1000,1000,0,0,0,""
1072657,DATA,45.5,0.0, 0, 0, 0,1000,1000,0,0,0,""
1073157,DATA,45.5,0.0, 0, 0, 0,1000,1000,0,0,0,""
1073657,DATA,45.5,0.0, 0, 0, 0,1000,1000,0,0,0,""
1074157,DATA,45.5,0.0, 0, 0, 0,1000,1000,0,0,0,""
1074657,DATA,45.5,0.0, 0, 0, 0,1000,1000,0,0,0,""
1075157,DATA,45.5,0.0, 0, 0, 0,1000,1000,0,0,0,""
1075657,DATA,45.5,0.0, 0, 0, 0,1000,1000,0,0,0,""
1076157,DATA,45.5,0.0, 0, 0, 0,1000,1000,0,0,0,""
1076657,DATA,45.5,0.0, 0, 0, 0,1000,1000,0,0,0,""
1077157,DATA,45.2,-2.1, 0, 0, 0,1000,1000,0,0,0,""
1077657,DATA,45.2,0.0, 0, 0, 0,1000,1000,0,0,0,""
1078157,DATA,45.5,0.0, 0, 0, 0,1000,1000,0,0,0,""
1078657,DATA,45.5,0.0, 0, 0, 0,1000,1000,0,0,0,""
1079157,DATA,45.5,0.0, 0, 0, 0,1000,1000,0,0,0,""
1079657,DATA,45.5,0.0, 0, 0, 0,1000,1000,0,0,0,""
1080157,DATA,45.5,0.0, 0, 0, 0,1000,1000,0,0,0,""
1080657,DATA,45.5,0.0, 0, 0, 0,1000,1000,0,0,0,""
1081157,DATA,45.5,2.1, 0, 0, 0,1000,1000,0,0,0,""
1081657,DATA,45.0,-4.2, 0, 0, 0,1000,1000,0,0,0,""
1082157,DATA,45.2,-2.1, 0, 0, 0,1000,1000,0,0,0,""
1082657,DATA,45.5,0.0, 0, 0, 0,1000,1000,0,0,0,""
1083157,DATA,45.2,0.0, 0, 0, 0,1000,1000,0,0,0,""
1083657,DATA,45.2,0.0, 0, 0, 0,1000,1000,0,0,0,""
1084157,DATA,45.5,2.1, 0, 0, 0,1000,1000,0,0,0,""
1084657,DATA,45.2,0.0, 0, 0, 0,1000,1000,0,0,0,""
1085157,DATA,45.2,-2.1, 0, 0, 0,1000,1000,0,0,0,""
1085657,DATA,45.2,0.0, 0, 0, 0,1000,1000,0,0,0,""
1086157,DATA,45.2,-2.1, 0, 0, 0,1000,1000,0,0,0,""
1086657,DATA,45.2,0.0, 0, 0, 0,1000,1000,0,0,0,""
1087157,DATA,45.2,-2.1, 0, 0, 0,1000,1000,0,0,0,""
1087657,DATA,45.2,0.0, 0, 0, 0,1000,1000,0,0,0,""
1088157,DATA,45.2,-2.1, 0, 0, 0,1000,1000,0,0,0,""
1088657,DATA,45.2,0.0, 0, 0, 0,1000,1000,0,0,0,""
1089157,DATA,45.2,0.0, 0, 0, 0,1000,1000,0,0,0,""
1089657,DATA,45.2,0.0, 0, 0, 0,1000,1000,0,0,0,""
1090157,DATA,45.2,0.0, 0, 0, 0,1000,1000,0,0,0,""
1090657,DATA,45.2,0.0, 0, 0, 0,1000,1000,0,0,0,""
1091157,DATA,45.2,0.0, 0, 0, 0,1000,1000,0,0,0,""
1091657,DATA,45.2,0.0, 0, 0, 0,1000,1000,0,0,0,""
1092157,DATA,45.2,0.0, 0, 0, 0,1000,1000,0,0,0,""
1092657,DATA,45.2,0.0, 0, 0, 0,1000,1000,0,0,0,""
1093157,DATA,45.2,0.0, 0, 0, 0,1000,1000,0,0,0,""
1093657,DATA,45.2,0.0, 0, 0, 0,1000,1000,0,0,0,""
1094157,DATA,45.2,0.0, 0, 0, 0,1000,1000,0,0,0,""
1094657,DATA,45.2,0.0, 0, 0, 0,1000,1000,0,0,0,""
1095157,DATA,45.2,0.0, 0, 0, 0,1000,1000,0,0,0,""
1095657,DATA,45.2,0.0, 0, 0, 0,1000,1000,0,0,0,""
1096157,DATA,45.2,0.0, 0, 0, 0,1000,1000,0,0,0,""
1096657,DATA,45.2,2.1, 0, 0, 0,1000,1000,0,0,0,""
1097157,DATA,45.2,0.0, 0, 0, 0,1000,1000,0,0,0,""
1097657,DATA,45.2,2.1, 0, 0, 0,1000,1000,0,0,0,""
1098157,DATA,45.2,0.0, 0, 0, 0,1000,1000,0,0,0,""
1098657,DATA,45.2,0.0, 0, 0, 0,1000,1000,0,0,0,""
1099157,DATA,45.2,0.0, 0, 0, 0,1000,1000,0,0,0,""
1099657,DATA,45.2,0.0, 0, 0, 0,1000,1000,0,0,0,""
1100157,DATA,45.2,0.0, 0, 0, 0,1000,1000,0,0,0,""
1100657,DATA,45.2,2.1, 0, 0, 0,1000,1000,0,0,0,""
1101157,DATA,45.2,0.0, 0, 0, 0,1000,1000,0,0,0,""
1101657,DATA,45.0,0.0, 0, 0, 0,1000,1000,0,0,0,""
1102157,DATA,45.2,2.1, 0, 0, 0,1000,1000,0,0,0,""
1102657,DATA,45.2,2.1, 0, 0, 0,1000,1000,0,0,0,""
1103157,DATA,45.0,-2.1, 0, 0, 0,1000,1000,0,0,0,""
1103657,DATA,45.0,0.0, 0, 0, 0,1000,1000,0,0,0,""
1104157,DATA,45.0,-2.1, 0, 0, 0,1000,1000,0,0,0,""
1104657,DATA,45.0,0.0, 0, 0, 0,1000,1000,0,0,0,""
1105157,DATA,45.0,-2.1, 0, 0, 0,1000,1000,0,0,0,""
1105657,DATA,45.0,0.0, 0, 0, 0,1000,1000,0,0,0,""
1106157,DATA,45.0,0.0, 0, 0, 0,1000,1000,0,0,0,""
1106657,DATA,45.0,0.0, 0, 0, 0,1000,1000,0,0,0,""
1107157,DATA,45.0,0.0, 0, 0, 0,1000,1000,0,0,0,""
1107657,DATA,45.0,0.0, 0, 0, 0,1000,1000,0,0,0,""
1108157,DATA,45.0,0.0, 0, 0, 0,1000,1000,0,0,0,""
1108657,DATA,45.0,0.0, 0, 0,600,1000,1000,0,0,0,""
1109157,DATA,45.0,0.0, 0, 0, 0,1000,1000,0,0,0,""
1109657,DATA,45.0,0.0, 0, 0, 0,1000,1000,0,0,0,""
1110157,DATA,45.0,0.0, 0, 0, 0,1000,1000,0,0,0,""
1110657,DATA,45.0,0.0, 0, 0, 0,1000,1000,0,0,0,""
1111157,DATA,44.7,-2.1, 0, 0,600,1000,1000,0,0,0,""
1111657,DATA,45.0,0.0, 0, 0, 0,1000,1000,0,0,0,""
1112157,DATA,44.7,-2.1, 0, 0, 0,1000,1000,0,0,0,""
1112657,DATA,45.0,0.0, 0, 0, 0,1000,1000,0,0,0,""
1113157,DATA,45.0,0.0, 0, 0, 0,1000,1000,0,0,0,""
1113657,DATA,45.0,0.0, 0, 0, 0,1000,1000,0,0,0,""
1114157,DATA,45.0,0.0, 0, 0, 0,1000,1000,0,0,0,""
1114657,DATA,45.0,0.0, 0, 0, 0,1000,1000,0,0,0,""
1115157,DATA,45.0,0.0, 0, 0,600,1000,1000,0,0,0,""
1115657,DATA,45.0,0.0, 0, 0, 0,1000,1000,0,0,0,""
1116157,DATA,45.0,0.0, 0, 0, 0,1000,1000,0,0,0,""
1116657,DATA,45.0,0.0, 0, 0, 0,1000,1000,0,0,0,""
1117157,DATA,45.0,2.1, 0, 0,600,1000,1000,0,0,0,""
1117657,DATA,45.0,0.0, 0, 0, 0,1000,1000,0,0,0,""
1118157,DATA,44.7,0.0, 0, 0, 0,1000,1000,0,0,0,""
1118657,DATA,44.7,-2.1, 0, 0, 0,1000,1000,0,0,0,""
1119157,DATA,44.7,0.0, 0, 0, 0,1000,1000,0,0,0,""
1119657,DATA,44.7,0.0, 0, 0, 0,1000,1000,0,0,0,""
1120157,DATA,44.7,0.0, 0, 0, 0,1000,1000,0,0,0,""
1120657,DATA,44.7,0.0, 0, 0, 0,1000,1000,0,0,0,""
1121157,DATA,44.7,0.0, 0, 0, 0,1000,1000,0,0,0,""
1121657,DATA,44.7,0.0, 0, 0, 0,1000,1000,0,0,0,""
1122157,DATA,44.7,0.0, 0, 0, 0,1000,1000,0,0,0,""
